id,projectId,findingCode,wcagCriterionId,quickFindingId,status,impact,responsibility,description,advice,evidence,notes,sortOrder,createdAt,updatedAt
6dcc2555-8ce4-47e1-a1a0-7d36c8cdf1b6,6b40737b-a874-4e09-8b16-d4de37a18487,B005,9b23fa6b-a0de-4779-b78a-2649f20d17e7,,resolved,,ontwikkelaar,"Op de mijn omgeving van gemeente Urk is een versie voor hoog contrast aanwezig. Deze is aan te zetten door middel van een zogenaamde ""contrast switch"".
Dit succescriterium is volledig getest in de modus voor hoog contrast. De versie voor hoog contrast wordt gezien als een alternatief voor de standaard versie.

Hierdoor kunnen er contrastproblemen zijn in de standaard versie. Deze zijn verder niet beoordeeld.","Voorzie ook de standaard versie van voldoende kleurcontrast in alle teksten. Dit bevordert de toegankelijkheid van de website voor bezoekers met een zichtbeperking.

Teksten met voldoende kleurcontrast lezen ook makkelijker voor alle lezers. Het lezen is hierdoor minder intensief, kost minder energie en het lezen wordt (onbewust) als prettiger ervaren. Hierdoor is de lezer eerder geneigd om over te gaan tot activatie.

De versie voor hoog contrast kan dan vervolgens ingezet worden voor een ""verhoogd contrast"", waarbij wordt voldaan aan succescriterium WCAG 1.4.6 Verhoogd contrast (niveau AAA).",,,0,Mon Feb 02 2026 11:40:49 GMT+0100 (Midden-Europese standaardtijd),Sat Mar 21 2026 11:08:35 GMT+0100 (Midden-Europese standaardtijd)
4b7532c6-7feb-4ffe-99b4-c8854c1c75ee,6b40737b-a874-4e09-8b16-d4de37a18487,B006,cd31b01e-f6f1-4e3a-bbbe-c83d8c570848,,resolved,,ontwikkelaar,"De links onder “Direct regelen” op de pagina Mijn belastingen leiden naar externe websites, zoals een DigiD-omgeving. Overweeg om gebruikers vooraf te informeren wat zij kunnen verwachten.","Overweeg om bij de links onder “Direct regelen” een korte toelichting toe te voegen, bijvoorbeeld in de linktekst of direct erachter, waaruit blijkt dat de gebruiker wordt doorgestuurd naar een DigiD-omgeving en dat de link opent in een nieuw venster. Dit helpt gebruikers om vooraf te begrijpen wat zij kunnen verwachten. Voorbeelden: Hond aan- of afmelden voor hondenbelasting (via DigiD, opent in nieuw venster) of: een extern-link-icoon met een zichtbare of programmatisch toegankelijke tekstuele toelichting, zoals “opent in nieuw venster”.","[{""filename"":""6.png"",""url"":""/uploads/findings/1770029090184-6.png"",""caption"":""Links onder de kop 'Direct regelen'"",""size"":17446,""type"":""image/png""}]",,0,Mon Feb 02 2026 11:43:35 GMT+0100 (Midden-Europese standaardtijd),Mon Feb 02 2026 11:44:50 GMT+0100 (Midden-Europese standaardtijd)
e063b61e-55ed-4045-aadc-207aa6ed3f94,6b40737b-a874-4e09-8b16-d4de37a18487,B007,d1d29352-2853-4671-bd37-d2b466ab1cd0,,open,serieus,ontwikkelaar,Het logo in de header bevat zichtbaar de tekst “gemeente Urk”. De toegankelijke naam van de link is echter “Logo Urk” waardoor de zichtbare tekst niet letterlijk voorkomt in de toegankelijke naam. Hierdoor kunnen gebruikers van spraakbediening het element op basis van het zichtbare label. niet activeren,"Pas de alt-tekst van het logo aan zodat deze al de zichtbare tekst bevat, bijvoorbeeld: alt=""gemeente Urk""",,,0,Mon Feb 02 2026 11:46:39 GMT+0100 (Midden-Europese standaardtijd),Mon Feb 02 2026 11:46:39 GMT+0100 (Midden-Europese standaardtijd)
8e1a4e46-98b0-4abd-b3b9-0ee4ef45576f,6b40737b-a874-4e09-8b16-d4de37a18487,B001,41d09e8c-c857-457c-a799-ffc0539e7722,,open,klein,ontwikkelaar,"Het logo op de Mijn-omgeving van de gemeente Urk heeft de alternatieve tekst: “Logo Urk”. Deze alternatieve tekst beschrijft niet volledig de tekst die visueel in het logo aanwezig is, namelijk “gemeente Urk”.",Pas de alternatieve tekst van het logo aan naar: “gemeente Urk”.,"[{""filename"":""logo-gemeente Urk.png"",""url"":""/uploads/findings/1770027604510-logo-gemeente_Urk.png"",""caption"":""logo-gemeente Urk"",""size"":27466,""type"":""image/png""}]",,0,Sun Feb 01 2026 21:15:25 GMT+0100 (Midden-Europese standaardtijd),Mon Feb 02 2026 11:20:04 GMT+0100 (Midden-Europese standaardtijd)
e0d8bd97-427b-4314-af31-5b8b818bc731,6b40737b-a874-4e09-8b16-d4de37a18487,B002,4cb21fff-b4e0-4bd5-a312-f472f8541396,,open,klein,ontwikkelaar,"De inleidende tekst en de daaropvolgende opsomming zijn niet correct gestructureerd in de HTML. De opsomming staat binnen een paragraaf-element, wat geen geldige HTML-structuur is. Daardoor is de relatie tussen de tekst en de opsomming niet duidelijk vastgelegd. Hierdoor kan hulptechnologie de structuur anders interpreteren dan bedoeld.","Zorg voor een geldige HTML-structuur door de inleidende tekst en de opsomming in afzonderlijke elementen te plaatsen, bijvoorbeeld een paragraaf element gevolgd door een ongeordende lijst.","[{""filename"":""DBdvvd4dzQOKpByplAb4ZgTCZ3hgNOEG67Xzb2lL.png"",""url"":""/uploads/findings/1770027732848-DBdvvd4dzQOKpByplAb4ZgTCZ3hgNOEG67Xzb2lL.png"",""caption"":""Code: opsomming binnen paragraaf element"",""size"":175161,""type"":""image/png""}]",,0,Sun Feb 01 2026 21:27:09 GMT+0100 (Midden-Europese standaardtijd),Mon Feb 02 2026 11:22:12 GMT+0100 (Midden-Europese standaardtijd)
c2014214-63ad-45d1-be47-4c38b81bc411,6b40737b-a874-4e09-8b16-d4de37a18487,B003,4cb21fff-b4e0-4bd5-a312-f472f8541396,,resolved,,ontwikkelaar,Voor het visueel benadrukken van tekst wordt het b-element gebruikt. Dit is toegestaan wanneer de vetgedrukte weergave geen inhoudelijke nadruk heeft. Vanuit best practice kan overwogen worden om deze opmaak via CSS toe te passen.,"Overweeg om vetgedrukte opmaak via CSS toe te passen in plaats van het b-element, zodat HTML primair wordt gebruikt voor semantiek en structuur.",,,1,Mon Feb 02 2026 11:26:21 GMT+0100 (Midden-Europese standaardtijd),Mon Feb 02 2026 11:26:21 GMT+0100 (Midden-Europese standaardtijd)
624f71fa-bd24-4f6e-8c17-d4f469094d81,acb5ef98-eb1b-432a-97ff-552b0a126fc3,B008,4cb21fff-b4e0-4bd5-a312-f472f8541396,,open,klein,redacteur,"De volledige ""Weetje""-zin staat in een em-element, en het woord ""Weetje:"" staat daarnaast ook in een strong-element. Em en strong zijn bedoeld voor een woord of zinsdeel, niet voor een hele zin. Door em om de hele zin te plaatsen verliest de nadruk zijn betekenis.","Beperk de nadrukopmaak tot het woord ""Weetje:"" en gebruik daarvoor em of strong, niet beide tegelijk.",,,5,Tue Mar 24 2026 15:39:22 GMT+0100 (Midden-Europese standaardtijd),Tue Mar 24 2026 15:39:22 GMT+0100 (Midden-Europese standaardtijd)
40c82290-5214-4e74-8ded-623ea2f3ee97,acb5ef98-eb1b-432a-97ff-552b0a126fc3,B005,967dd178-96c9-487f-aaf9-6508032abe65,,resolved,,,Op de pagina staat een kop met de tekst “Meer weten”. Deze kop beschrijft het onderwerp van de sectie niet.,Zorg dat de kop het onderwerp van de sectie duidelijk beschrijft. Gebruik bijvoorbeeld “Meer informatie over de identiteitskaart”.,,,0,Tue Mar 24 2026 13:02:20 GMT+0100 (Midden-Europese standaardtijd),Thu Apr 02 2026 11:41:48 GMT+0200 (Midden-Europese zomertijd)
7253b56c-02ca-4d51-81fb-cf63d2e6ee59,acb5ef98-eb1b-432a-97ff-552b0a126fc3,B003,4cb21fff-b4e0-4bd5-a312-f472f8541396,,open,klein,redacteur,Op de pagina is de waarschuwing “We verwachten dit jaar een groot aantal aanvragen.” en “Maak op tijd een afspraak” opgemaakt met de elementen strong en em. Deze elementen worden hier gebruikt voor visuele opmaak in plaats van voor inhoudelijke nadruk.,Gebruik de elementen strong en em alleen wanneer nadruk inhoudelijk van belang is. Verwijder de vet- en cursiefopmaak in deze gevallen en regel de visuele presentatie via CSS.,,,1,Tue Mar 24 2026 12:40:53 GMT+0100 (Midden-Europese standaardtijd),Fri Apr 03 2026 09:37:04 GMT+0200 (Midden-Europese zomertijd)
c2cd6b89-c15d-4dc7-b9d3-671a01486830,acb5ef98-eb1b-432a-97ff-552b0a126fc3,B001,4cb21fff-b4e0-4bd5-a312-f472f8541396,,open,klein,redacteur,"Op alle pagina's van de website staan in de footer drie koppen (""Gemeente IJsselstein"", ""Meer informatie"" en ""Volg ons op""). De tekst van deze koppen staat in een strong-element. Het strong-element markeert de tekst onbedoeld ook als benadrukt. Screenreadergebruikers horen de tekst daardoor onnodig als benadrukt aangekondigd.
Dit geldt ook voor de linktekst van de knoppen ""Contact en openingstijden"" en ""Meld u aan voor de nieuwsbrief""
Dit komt op meerdere pagina's voor
zoals: https://www.ijsselstein.nl/evenementenvergunning
https://www.ijsselstein.nl/hitteschild-2-tot-4
",Verwijder het strong-element uit de footerkoppen en knoppen. ,,,0,Tue Mar 24 2026 10:37:09 GMT+0100 (Midden-Europese standaardtijd),Thu Apr 02 2026 11:07:31 GMT+0200 (Midden-Europese zomertijd)
650efb4b-c014-41cd-b339-7ed44d49a9bb,acb5ef98-eb1b-432a-97ff-552b0a126fc3,B006,4cb21fff-b4e0-4bd5-a312-f472f8541396,,open,klein,redacteur,"In de footer staat onder de kop ""Meer informatie"" een groep van drie links (""Over deze site"", ""Hulp bij de website"", ""Webarchief""). Visueel is dit een lijst maar in de code staan ze in één alinea gescheiden door br-tags. De lijststructuur is daarmee niet programmatisch bepaalbaar.","Zet de drie links in de footer onder ""Meer informatie"" in een ongeordende lijst. ",,,3,Tue Mar 24 2026 15:13:09 GMT+0100 (Midden-Europese standaardtijd),Tue Mar 31 2026 12:41:56 GMT+0200 (Midden-Europese zomertijd)
b9e917aa-a87f-4389-b737-1974185807c2,acb5ef98-eb1b-432a-97ff-552b0a126fc3,B021,cd31b01e-f6f1-4e3a-bbbe-c83d8c570848,,open,matig,redacteur,In de sidebar staan twee links met de tekst “Voorbeeld veiligheidsplan” die naar verschillende bestanden verwijzen. Het bestandsformaat staat buiten de link en maakt geen deel uit van de linktekst. Hierdoor zijn de links niet van elkaar te onderscheiden.,"Zorg dat de links van elkaar te onderscheiden zijn door het bestandsformaat op te nemen in de linktekst, bijvoorbeeld “Voorbeeld veiligheidsplan (docx)” en “Voorbeeld veiligheidsplan (pdf)”.",,,4,Wed Mar 25 2026 21:15:11 GMT+0100 (Midden-Europese standaardtijd),Fri Apr 03 2026 09:40:15 GMT+0200 (Midden-Europese zomertijd)
e938422f-32ac-4a3f-8655-389fe641aaaa,3f70b18e-a30c-462c-87c1-1787f6756edb,B008,35d250a4-d5a2-4d75-9ebd-6fc4c6da9cbc,,open,klein,ontwerper,"Dit succescriterium is getoetst in de modus voor hoog contrast. In de infographic van het BEL-samenwerkingsmodel staat witte tekst (#FFFFFF) op een grijze achtergrond (#949494). De contrastverhouding is 2,85:1. Dit voldoet niet aan de WCAG-norm van minimaal 3:1 voor grote tekst (en 4,5:1 voor normale tekst).","Verhoog het contrast tussen de tekst en de achtergrond in de infographic tot minimaal 3:1 voor grote tekst (of 4,5:1 voor normale tekst), bijvoorbeeld door de achtergrondkleur donkerder te maken.",,,0,Fri Apr 24 2026 11:25:58 GMT+0200 (Midden-Europese zomertijd),Fri Apr 24 2026 11:25:58 GMT+0200 (Midden-Europese zomertijd)
8cde95c9-494e-4a9a-878f-935e954c3cfc,3f70b18e-a30c-462c-87c1-1787f6756edb,B013,35d250a4-d5a2-4d75-9ebd-6fc4c6da9cbc,,resolved,,,"Dit succescriterium is getoetst in de modus voor hoog contrast. In de infographic van het organogram staat witte tekst (#FFFFFF) op grijze knoppen met verschillende tinten. De contrastverhouding is niet op alle knoppen voldoende:

- Op de lichtgrijze knoppen (#C1C1C1) is de contrastverhouding 1,74:1.
- Op de middelgrijze knoppen (#7F7F7F en #828282) is de contrastverhouding 3,67:1 en 3,54:1.

Voor normale tekst is een contrastverhouding van minimaal 4,5:1 vereist en voor grote tekst minimaal 3:1. De lichtgrijze knoppen halen geen van beide normen.

Deze bevinding wordt niet afgekeurd, omdat de informatie uit de infographic ook in tekstvorm op dezelfde pagina staat. Gebruikers die de tekst in de infographic niet goed kunnen lezen hebben daarmee een alternatief.",Overweeg om het contrast in de infographic te verhogen tot minimaal 4.5:1 voor normale tekst (of 3:1 voor grote tekst).,,,1,Fri Apr 24 2026 11:25:58 GMT+0200 (Midden-Europese zomertijd),Fri Apr 24 2026 11:25:58 GMT+0200 (Midden-Europese zomertijd)
6d6dd082-039e-4c76-8fba-ccadbfc1b6fb,3f70b18e-a30c-462c-87c1-1787f6756edb,B016,1f36c6a9-6e39-462e-8051-67c0ac31e0b2,,open,matig,redacteur,"Op de pagina is het organogram van de BEL Combinatie een link naar een grotere versie van de afbeelding. De afbeelding heeft geen alt-tekst, waardoor de link geen toegankelijke naam heeft. Hulpsoftware, zoals een schermlezer, kan de link daardoor niet goed aankondigen. Dit issue valt ook onder succescriterium 2.4.4 (Linkdoel in context).","Geef de link een toegankelijke naam. Dat kan op twee manieren: geef de afbeelding een passend alt-attribuut (bijvoorbeeld alt=""Organogram van de BEL Combinatie, grotere weergave""), of voeg een aria-label toe aan het a-element.",,,0,Fri Apr 24 2026 11:25:58 GMT+0200 (Midden-Europese zomertijd),Fri Apr 24 2026 11:25:58 GMT+0200 (Midden-Europese zomertijd)
a0d4991b-f774-4e1a-b143-a56f41fdd941,3f70b18e-a30c-462c-87c1-1787f6756edb,B002,4cb21fff-b4e0-4bd5-a312-f472f8541396,,open,matig,ontwikkelaar,"Op meerdere plekken op de website staan groepen verwante items niet als echte lijst opgemaakt, maar als losse regels of losse paragrafen:

- In de footer van de homepage staan de contactgegevens (telefoon, e-mail, contactformulier, persvragen, telefoonnummer vanuit het buitenland) en de onderste navigatielinks “Over deze website”, “Toegankelijkheid”, “Sitemap” en “Privacyverklaring” als losse regels gescheiden door een regelafbreking (br-element).
- Op de pagina Privacyverklaring staan onder de h3-kop “Hoe kunt u gebruik maken van deze rechten?” drie items in één paragraaf, voorafgegaan door een bullet-teken (•) en gescheiden door regelafbrekingen (br-element).
- Op dezelfde pagina staan de drie knoppen “Gemeente Blaricum”, “Gemeente Eemnes” en “Gemeente Laren” die verwijzen naar de privacyverklaringen van de drie gemeenten, elk in een aparte paragraaf (p-element) in plaats van in één lijst.

Visueel zien deze items eruit als een opsomming, maar in de code zijn ze niet als lijst opgemaakt. Hierdoor weten gebruikers van hulpsoftware, zoals een schermlezer, niet dat de items bij elkaar horen en hoeveel items de groep bevat.","Maak van deze groepen een echte lijst (een ul-element met li-elementen per item). De visuele opmaak van de lijst, zoals het verbergen van bolletjes of de onderlinge afstand, regel je via CSS.",,,1,Fri Apr 24 2026 11:25:58 GMT+0200 (Midden-Europese zomertijd),Fri Apr 24 2026 11:25:58 GMT+0200 (Midden-Europese zomertijd)
760c7e21-ab26-4561-8cad-13ea5100b52c,dfc078cf-a6b5-4c92-b72e-15d5d1089804,B002,746bbe4a-dccb-4e47-8533-f973001a5986,,resolved,matig,redacteur,"Op deze pagina's staat in de introductietekst de zin ""Hieronder een overzicht van de huidige speellocaties."" Dit overzicht staat er echter niet. Na de introductietekst volgen direct de invulvelden van het formulier. Daardoor missen alle gebruikers informatie die bedoeld is om het formulier goed in te kunnen vullen. Hetzelfde probleem doet zich voor op de pagina ""Overzicht"" (stap 2), waar exact dezelfde introductietekst wordt gebruikt.
Dit wordt niet afgekeurd omdat de verwijzing ""hieronder"" voor geen enkele gebruiker werkt: het overzicht ontbreekt volledig. Er is daardoor geen sprake van een ongelijke toegankelijkheidssituatie op basis van zintuiglijke kenmerken.","Voeg het overzicht van de huidige speellocaties toe aan de pagina, direct na de introductietekst. Staat het overzicht elders, vervang de verwijzing dan door een link, bijvoorbeeld: ""Bekijk het overzicht van de huidige speellocaties.""",,,0,Mon Mar 09 2026 10:29:23 GMT+0100 (Midden-Europese standaardtijd),Wed Mar 18 2026 16:17:04 GMT+0100 (Midden-Europese standaardtijd)
a9ebcf9e-5233-45e9-84d7-3b95f0084d51,dfc078cf-a6b5-4c92-b72e-15d5d1089804,B004,73fc903b-3e33-460d-a942-d5bfb3a34254,,open,matig,redacteur,"Op deze pagina ontbreekt bij het veld ""Adres"" het autocomplete-attribuut. Hierdoor kan het doel van dit veld niet worden bepaald. Dit is een probleem voor mensen die afhankelijk zijn van autofill, zoals mensen met een motorische beperking of mensen die moeite hebben met typen.","Voeg bij het veld ""Adres"" het attribuut autocomplete=""street-address"" toe.",,,1,Mon Mar 09 2026 11:49:49 GMT+0100 (Midden-Europese standaardtijd),Tue Mar 10 2026 17:37:35 GMT+0100 (Midden-Europese standaardtijd)
4bd224eb-190e-4728-8a35-424f2ec0b7b5,dfc078cf-a6b5-4c92-b72e-15d5d1089804,B003,73fc903b-3e33-460d-a942-d5bfb3a34254,,open,matig,redacteur,"Op deze pagina's heeft het veld ""Voornaam"" de waarde autocomplete=""name"". Dit is de verkeerde waarde: name staat voor de volledige naam, dus vult de browser bij autofill zowel de voornaam als de achternaam in. Dit is een probleem voor mensen die afhankelijk zijn van autofill, zoals mensen met een motorische beperking of mensen die moeite hebben met typen.
","
Vervang bij het veld ""Voornaam"" het autocomplete attribuut ""name"" door ""given-name"".",,,0,Mon Mar 09 2026 10:38:44 GMT+0100 (Midden-Europese standaardtijd),Wed Mar 18 2026 16:17:23 GMT+0100 (Midden-Europese standaardtijd)
5e9c5f68-b35f-4922-bc5e-8e49b9bab5bb,dfc078cf-a6b5-4c92-b72e-15d5d1089804,B001,967dd178-96c9-487f-aaf9-6508032abe65,,open,klein,redacteur,Op deze pagina's is de staptitel (h2) niet beschrijvend voor de inhoud van de stap. De h2 herhaalt de naam van het  formulier terwijl de stap gaat over het invullen van persoonsgegevens en een reactie. Gebruikers die via koppen navigeren zoals mensen die een schermlezer gebruiken kunnen op basis van deze kop niet opmaken wat er in de stap van hen wordt verwacht.,"Vervang de h2 door een beschrijvende staptitel die aangeeft wat er in de stap wordt gevraagd. Bijvoorbeeld: ""Uw gegevens en reactie"". ",,,0,Mon Mar 09 2026 10:07:42 GMT+0100 (Midden-Europese standaardtijd),Wed Mar 18 2026 16:18:48 GMT+0100 (Midden-Europese standaardtijd)
e4684e65-bd0e-49b0-b5f7-8d8404046fd3,acb5ef98-eb1b-432a-97ff-552b0a126fc3,B007,4cb21fff-b4e0-4bd5-a312-f472f8541396,,resolved,,,"
In de footer staan onder de kop ""Gemeente IJsselstein"" het adres en het telefoonnummer samen in één alinea (<p>), gescheiden door een <br>-tag. Het zijn twee verschillende soorten informatie die elk een eigen alinea horen te hebben.",Splits het adres en het telefoonnummer in twee aparte alinea's ,,,4,Tue Mar 24 2026 15:21:21 GMT+0100 (Midden-Europese standaardtijd),Tue Mar 31 2026 11:55:52 GMT+0200 (Midden-Europese zomertijd)
5dbdcf62-9c76-4ce1-b178-0cf52ac761a9,acb5ef98-eb1b-432a-97ff-552b0a126fc3,B004,4cb21fff-b4e0-4bd5-a312-f472f8541396,,resolved,,redacteur,"Onder de kop ""Spoedaanvraag"" staat een lijst met één item. Een lijst hoort twee of meer items te bevatten. De tekst kan beter als alinea worden opgemaakt.

Dit geld ook voor de pagina sportparken en sporthallen on de de kop Vergaderruimte 1",Vervang de lijst onder de kop door een alinea,,,2,Tue Mar 24 2026 12:45:53 GMT+0100 (Midden-Europese standaardtijd),Fri Apr 03 2026 09:43:25 GMT+0200 (Midden-Europese zomertijd)
eb16bf66-fddf-4648-a5e4-1c71c925466e,3f70b18e-a30c-462c-87c1-1787f6756edb,B012,cd31b01e-f6f1-4e3a-bbbe-c83d8c570848,,open,matig,redacteur,"Op de pagina is het organogram van de BEL Combinatie een link naar een grotere versie van de afbeelding. De afbeelding heeft geen alt-tekst, waardoor de link geen toegankelijke naam heeft. Gebruikers van hulpsoftware, zoals een schermlezer, weten daardoor niet dat er een link is en waar die naar verwijst. Dit issue valt ook onder succescriterium 4.1.2 (Naam, rol, waarde).","Geef de link een toegankelijke naam die het linkdoel beschrijft. Dat kan op twee manieren: geef de afbeelding een passend alt-attribuut (bijvoorbeeld alt=""Organogram van de BEL Combinatie, grotere weergave""), of voeg een aria-label toe aan het a-element zelf.",,,1,Fri Apr 24 2026 11:25:58 GMT+0200 (Midden-Europese zomertijd),Fri Apr 24 2026 11:25:58 GMT+0200 (Midden-Europese zomertijd)
c3f8c8b5-304f-419f-873f-92bddde346d9,dfc078cf-a6b5-4c92-b72e-15d5d1089804,B008,73fc903b-3e33-460d-a942-d5bfb3a34254,,open,matig,,"Op deze pagina staat een formulier waarbij het veld ""Telefoonnummer aanvragers"" het telefoonnummer van de gebruiker zelf opvraagt. Dit veld heeft geen autocomplete-attribuut, waardoor de browser en hulpsoftware het doel van het veld niet programmatisch kunnen bepalen. Daardoor werkt automatisch invullen (autofill) niet voor dit veld. Dit is een probleem voor mensen met een cognitieve beperking, mensen met dyslexie en mensen met een motorische beperking, die juist baat hebben bij autofill om fouten te vermijden en minder te hoeven typen.","Voeg bij het veld telefoonnummer het attribuut autocomplete=""tel-national"" toe.",,,2,Tue Mar 10 2026 15:43:22 GMT+0100 (Midden-Europese standaardtijd),Tue Mar 10 2026 15:44:59 GMT+0100 (Midden-Europese standaardtijd)
620ab3e8-05e9-4446-90b9-15f1449e7b32,dfc078cf-a6b5-4c92-b72e-15d5d1089804,B009,953b6042-bb8c-4124-ae4b-a5b1669fe425,,open,matig,,"Op de pagina staat een tekstveld met het label ""Namen bruidspaar"". Het label geeft niet aan welke invoer wordt verwacht. Het is nu onduidelijk of de gebruiker de volledige namen van beide partners afzonderlijk moet invullen, de gecombineerde huwelijksnaam of een andere notatie. Zonder instructie moet de gebruiker gokken wat de gemeente bedoelt. Dit is een probleem voor mensen met een cognitieve beperking, maar ook voor alle andere gebruikers die niet vertrouwd zijn met dit soort formulieren.","Voeg een instructie toe direct onder het label die aangeeft welke invoer wordt verwacht en in welk formaat. Bijvoorbeeld: ""Vul de voor- en achternamen van beide partners in, gescheiden door 'en'",,,1,Tue Mar 10 2026 15:57:46 GMT+0100 (Midden-Europese standaardtijd),Tue Mar 10 2026 15:57:46 GMT+0100 (Midden-Europese standaardtijd)
6e84da21-0faa-4b02-80d1-395a64f6e8c9,dfc078cf-a6b5-4c92-b72e-15d5d1089804,B007,953b6042-bb8c-4124-ae4b-a5b1669fe425,,open,klein,redacteur,"Op de pagina staat een formulierveld met het label ""Postcode en woonplaats"". Dit label is gekoppeld aan één enkel tekstveld. Het veld verwacht twee afzonderlijke gegevens namelijk een postcode én een woonplaats. Er ontbreekt een instructie over het verwachte invoerformaat. Het is voor de gebruiker niet duidelijk hoe de gegevens gecombineerd moeten worden ingevoerd: alleen de postcode, alleen de woonplaats, of beide achter elkaar (en zo ja, in welke volgorde en met welk scheidingsteken). Er is geen placeholder of instructietekst aanwezig die dit verduidelijkt. Dit is een probleem voor mensen die hulpsoftware gebruiken en voor gebruikers die niet bekend zijn met het verwachte invoerformaat.","Maak twee afzonderlijke velden met elk een eigen label: ""Postcode"" en ""Woonplaats"". ",,,0,Tue Mar 10 2026 14:55:30 GMT+0100 (Midden-Europese standaardtijd),Tue Mar 10 2026 14:55:30 GMT+0100 (Midden-Europese standaardtijd)
54d4d48a-0f0f-4b8b-b9c1-02b02c67db30,dfc078cf-a6b5-4c92-b72e-15d5d1089804,B010,1f36c6a9-6e39-462e-8051-67c0ac31e0b2,,open,matig,,"Op de pagina is het veld ""Telefoonnummer aanvragers"" aangemaakt als een numeriek veld (type=""number""). Een screenreader kondigt het veld hierdoor aan als een optelbaar getal in plaats van een telefoonnummer. Dit is verwarrend voor gebruikers die afhankelijk zijn van een screenreader.","Vervang het numerieke veld door het telefoonnummerveld dat beschikbaar is in het formuliersysteem. Dat veld heeft type=""tel"" en bevat ook een instructie over het verwachte formaat.",,,0,Tue Mar 10 2026 16:11:48 GMT+0100 (Midden-Europese standaardtijd),Tue Mar 10 2026 16:11:48 GMT+0100 (Midden-Europese standaardtijd)
fbbf46a4-d346-4085-a5c0-4856da16cb9f,dfc078cf-a6b5-4c92-b72e-15d5d1089804,B006,9b23fa6b-a0de-4779-b78a-2649f20d17e7,,resolved,,,"Op pagina's met formulieren is een versie voor hoog contrast aanwezig. Deze is aan te zetten door middel van een zogenaamde ""contrast switch"".

Dit succescriterium is volledig getest in de modus voor hoog contrast. De versie voor hoog contrast wordt gezien als een alternatief voor de standaard versie.

Hierdoor kunnen er contrastproblemen zijn in de standaard versie. Deze zijn verder niet beoordeeld.","Voorzie ook de standaard versie van voldoende kleurcontrast voor alle grafische elementen. Dit bevordert de toegankelijkheid van de website voor bezoekers met een zichtbeperking.

De versie voor hoog contrast kan dan vervolgens ingezet worden voor een ""verhoogd contrast"".",,,0,Mon Mar 09 2026 14:10:59 GMT+0100 (Midden-Europese standaardtijd),Sat Mar 21 2026 11:08:35 GMT+0100 (Midden-Europese standaardtijd)
15a6330b-856e-40e1-ab4e-af1ae5fc008e,6b40737b-a874-4e09-8b16-d4de37a18487,B004,35d250a4-d5a2-4d75-9ebd-6fc4c6da9cbc,,resolved,,ontwikkelaar,"Op de mijn omgeving van Urk is een versie voor hoog contrast aanwezig. Deze is aan te zetten door middel van een zogenaamde ""contrast switch"".
Dit succescriterium is volledig getest in de modus voor hoog contrast. De versie voor hoog contrast wordt gezien als een alternatief voor de standaard versie.

Hierdoor kunnen er contrastproblemen zijn in de standaard versie. Deze zijn verder niet beoordeeld..","Voorzie ook de standaard versie van voldoende kleurcontrast in alle teksten. Dit bevordert de toegankelijkheid van de website voor bezoekers met een zichtbeperking.

Teksten met voldoende kleurcontrast lezen ook makkelijker voor alle lezers. Het lezen is hierdoor minder intensief, kost minder energie en het lezen wordt (onbewust) als prettiger ervaren. Hierdoor is de lezer eerder geneigd om over te gaan tot activatie.

De versie voor hoog contrast kan dan vervolgens ingezet worden voor een ""verhoogd contrast"", waarbij wordt voldaan aan succescriterium WCAG 1.4.6 Verhoogd contrast (niveau AAA).",,,0,Mon Feb 02 2026 11:33:46 GMT+0100 (Midden-Europese standaardtijd),Sat Mar 21 2026 11:08:35 GMT+0100 (Midden-Europese standaardtijd)
f63b5906-5591-4b16-8f4f-426564f90147,dfc078cf-a6b5-4c92-b72e-15d5d1089804,B005,35d250a4-d5a2-4d75-9ebd-6fc4c6da9cbc,,resolved,,,"Op pagina's met formulieren is een versie voor hoog contrast aanwezig. Deze is aan te zetten door middel van een zogenaamde ""contrast switch"". Dit succescriterium is volledig getest in de modus voor hoog contrast. De versie voor hoog contrast wordt gezien als een alternatief voor de standaard versie.

Hierdoor kunnen er contrastproblemen zijn in de standaard versie. Deze zijn verder niet beoordeeld.","We adviseren om ook de standaard versie te voorzien van voldoende kleurcontrast in alle teksten. Dit bevordert de toegankelijkheid van de website voor bezoekers met een zichtbeperking.

Teksten met voldoende kleurcontrast lezen ook makkelijker voor alle lezers. Het lezen is hierdoor minder intensief, kost minder energie en het lezen wordt (onbewust) als prettiger ervaren. Hierdoor is de lezer eerder geneigd om over te gaan tot activatie.

De versie voor hoog contrast kan dan vervolgens ingezet worden voor een ""verhoogd contrast"", waarbij wordt voldaan aan succescriterium WCAG 1.4.6 Verhoogd contrast (niveau AAA).",,,0,Mon Mar 09 2026 11:58:18 GMT+0100 (Midden-Europese standaardtijd),Sat Mar 21 2026 11:08:35 GMT+0100 (Midden-Europese standaardtijd)
4554ef2b-e723-4c88-ba93-813ac024e0be,acb5ef98-eb1b-432a-97ff-552b0a126fc3,B002,cd31b01e-f6f1-4e3a-bbbe-c83d8c570848,,open,klein,redacteur,Op alle pagina’s van de website staat in de footer het telefoonnummer “14 030” als link. De linktekst beschrijft het doel van de link niet.,Zorg dat de linktekst het doel van de link duidelijk beschrijft. Gebruik bijvoorbeeld “Bel 14 030” of “Telefoonnummer: 14 030”.,,,0,Tue Mar 24 2026 12:10:23 GMT+0100 (Midden-Europese standaardtijd),Thu Apr 02 2026 11:33:21 GMT+0200 (Midden-Europese zomertijd)
879b4a56-c6d0-4066-843e-543c15285a77,acb5ef98-eb1b-432a-97ff-552b0a126fc3,B009,41d09e8c-c857-457c-a799-ffc0539e7722,,open,matig,redacteur,"Op de pagina staat onder de kop ""Hondenuitlaatkaart"" een interactieve kaart. Online kaarten vallen onder de wettelijke uitzondering, maar die uitzondering geldt alleen voor de kaarttechniek, niet voor de informatie die via de kaart wordt aangeboden. De kaart toont twee soorten informatie: de losloopvelden en de routes tussen die velden. De losloopvelden zijn ook als tekst beschikbaar op de pagina, in de lijst onder ""Losloopgebieden in IJsselstein"". De routes zijn dat niet. De tekst vermeldt alleen dat deze routes bestaan en dat daarop aanlijn- en opruimplicht geldt, maar welke straten of paden de routes volgen is uitsluitend via de kaart te achterhalen. Daarmee is de kaart de enige manier om deze informatie te verkrijgen.","Voeg op de pagina een tekstuele beschrijving toe van de hondenuitlaatroutes, bijvoorbeeld als een lijst van straten of paden per route. Zo is de informatie ook beschikbaar voor gebruikers die de kaart niet kunnen gebruiken.",,,0,Tue Mar 24 2026 17:00:27 GMT+0100 (Midden-Europese standaardtijd),Tue Mar 24 2026 17:02:27 GMT+0100 (Midden-Europese standaardtijd)
d195bf41-f5ce-4fc6-9c63-7ac654dddf9d,acb5ef98-eb1b-432a-97ff-552b0a126fc3,B016,cf8f7d38-2002-4ede-aa09-a382fd4c22f5,,open,serieus,redacteur,"Op de pagina staan twee promotieafbeeldingen voor de IJsselstein-route en de IJsselveld-route. Deze afbeeldingen bevatten tekstuele informatie, zoals de routenaam, een beschrijving, app-functies en routeafstanden. Deze informatie is niet als tekst beschikbaar op de pagina.","Zorg dat de informatie uit de afbeeldingen ook als tekst op de pagina beschikbaar is, zodat deze door hulpsoftware gelezen en door gebruikers aangepast kan worden.
",,,0,Wed Mar 25 2026 10:45:49 GMT+0100 (Midden-Europese standaardtijd),Thu Apr 02 2026 11:29:19 GMT+0200 (Midden-Europese zomertijd)
8a8e0786-d896-4b80-9e1b-d90909414347,acb5ef98-eb1b-432a-97ff-552b0a126fc3,B013,41d09e8c-c857-457c-a799-ffc0539e7722,,open,klein,redacteur,De twee afbeeldingen van QR-FIT paaltjes zijn voorzien van een alt-tekst. De afbeeldingen zijn decoratief omdat ze geen informatie bevatten die niet al in de omringende tekst staat.,"Voorzie beide afbeeldingen van een leeg alt-tekst: alt="""".",,,1,Tue Mar 24 2026 21:35:59 GMT+0100 (Midden-Europese standaardtijd),Wed Mar 25 2026 09:27:02 GMT+0100 (Midden-Europese standaardtijd)
3cf4873f-30c4-4e60-a998-d45e4d152198,acb5ef98-eb1b-432a-97ff-552b0a126fc3,B014,41d09e8c-c857-457c-a799-ffc0539e7722,,open,serieus,redacteur,"De twee promotieafbeeldingen zijn aanklikbare links die de afbeelding vergroot openen. De alt-teksten beschrijven de afbeelding, niet het linkdoel. Voorleessoftware kondigt de links aan als ""QR-route IJsselstein"" en ""QR-route IJsselveld"", zonder dat duidelijk is wat er bij klikken gebeurt.","Pas de alt-tekst aan zodat het linkdoel duidelijk is, bijvoorbeeld alt=""Vergroot promotiekaart QR-FIT route IJsselstein"" en alt=""Vergroot promotiekaart QR-FIT route IJsselveld"".
",,,2,Wed Mar 25 2026 09:22:26 GMT+0100 (Midden-Europese standaardtijd),Wed Mar 25 2026 10:33:23 GMT+0100 (Midden-Europese standaardtijd)
5e914bc1-e8ce-4720-9a03-5607ecac9a75,acb5ef98-eb1b-432a-97ff-552b0a126fc3,B012,4cb21fff-b4e0-4bd5-a312-f472f8541396,,open,klein,redacteur,"Op de pagina staat onder de knop ""Openbaar oplaadpunt aanvragen"" een tekst die volledig in em is geplaatst. De cursief-opmaak is echter al geregeld via de CSS-klasse italic op de span-element. De em is dubbelop en kan worden weggelaten.",Verwijder de cursief-opmaak in het CMS. De tekst behoudt zijn uiterlijk via de italic-klasse.,,,7,Tue Mar 24 2026 17:50:56 GMT+0100 (Midden-Europese standaardtijd),Thu Apr 02 2026 11:03:45 GMT+0200 (Midden-Europese zomertijd)
41c6a696-f549-469f-96e9-8f9636175b80,acb5ef98-eb1b-432a-97ff-552b0a126fc3,B019,cd31b01e-f6f1-4e3a-bbbe-c83d8c570848,,open,matig,redacteur,Op de pagina staat een knop met de tekst “Aanmelden”. Deze linktekst beschrijft het doel van de link niet.,Zorg dat de linktekst het doel van de link duidelijk beschrijft. Gebruik bijvoorbeeld “Aanmelden voor de groene dakenactie”.,,,3,Wed Mar 25 2026 17:04:01 GMT+0100 (Midden-Europese standaardtijd),Thu Apr 02 2026 11:37:32 GMT+0200 (Midden-Europese zomertijd)
9bf50a9a-aeab-4466-9ea4-6d8fafd94a06,acb5ef98-eb1b-432a-97ff-552b0a126fc3,B018,d1d29352-2853-4671-bd37-d2b466ab1cd0,,open,matig,redacteur,"In het snelmenu staat een link met de zichtbare tekst “Melding doen”. De toegankelijke naam van deze link is echter “Melding, klacht of bezwaar”. De zichtbare tekst komt niet voor in de toegankelijke naam.","Zorg dat de zichtbare tekst onderdeel is van de toegankelijke naam. Pas bijvoorbeeld het aria-label aan naar “Melding doen, klacht of bezwaar” of verwijder het aria-label zodat de zichtbare tekst als toegankelijke naam wordt gebruikt.",,,0,Wed Mar 25 2026 15:58:19 GMT+0100 (Midden-Europese standaardtijd),Thu Apr 02 2026 11:43:00 GMT+0200 (Midden-Europese zomertijd)
e4e573b4-e27f-4062-90eb-6ff1524b4168,acb5ef98-eb1b-432a-97ff-552b0a126fc3,B010,a831e91c-9db5-42ed-98b0-859517e99564,,open,matig,redacteur,"Op alle pagina’s in het hoofdmenu staan twee links die naar dezelfde pagina verwijzen (/werken-bij-de-gemeente-ijsselstein), maar een verschillend label hebben: “Werken bij de Gemeente IJsselstein” en “Vacatures”.","Zorg dat links die naar dezelfde pagina verwijzen hetzelfde label hebben. Gebruik één consistente naam, bijvoorbeeld “Vacatures” of “Werken bij de gemeente”, en pas dit toe in beide menuonderdelen.",,,0,Tue Mar 24 2026 17:25:05 GMT+0100 (Midden-Europese standaardtijd),Thu Apr 02 2026 11:49:28 GMT+0200 (Midden-Europese zomertijd)
553913cb-d5cc-474b-95c1-74084d36d46a,acb5ef98-eb1b-432a-97ff-552b0a126fc3,B012,cd31b01e-f6f1-4e3a-bbbe-c83d8c570848,,resolved,,redacteur,"Op de pagina staat een link naar een pdf-document. De linktekst luidt ""Algemene Voorwaarden gemeentelijke sportaccommodaties in IJsselstein"". De aanduiding ""(pdf, 95 kB)"" staat wel in hetzelfde lijstitem maar buiten de link. In de context van de pagina is het daardoor duidelijk dat de link een pdf-document opent.  Wie via een linklijst navigeert ziet alleen de linktekst zonder die aanduiding. Dit is vooral van belang voor gebruikers van een schermlezer.",Neem de bestandsaanduiding op in de linktekst zelf.,,,1,Tue Mar 24 2026 18:27:43 GMT+0100 (Midden-Europese standaardtijd),Fri Apr 03 2026 09:44:13 GMT+0200 (Midden-Europese zomertijd)
35817b5e-3125-440e-95f5-9a752e4f2f57,acb5ef98-eb1b-432a-97ff-552b0a126fc3,B017,cd31b01e-f6f1-4e3a-bbbe-c83d8c570848,,open,matig,redacteur,Op de pagina staan twee afbeeldingen die als link zijn opgemaakt en verwijzen naar een grotere versie van de routekaart. De naam van de link wordt bepaald door de alt-tekst van de afbeelding (“QR-route IJsselstein” en “QR-route IJsselveld”). Hieruit blijkt niet dat de link naar een grotere versie leidt.,"Zorg dat het linkdoel duidelijk wordt uit de linktekst. Pas de alt-tekst van de afbeeldingen aan, bijvoorbeeld naar “QR-route IJsselstein, bekijk grotere versie” en “QR-route IJsselveld, bekijk grotere versie”.",,,2,Wed Mar 25 2026 12:49:45 GMT+0100 (Midden-Europese standaardtijd),Fri Apr 03 2026 09:45:14 GMT+0200 (Midden-Europese zomertijd)
d2a7b959-36f9-483c-9a6b-48704b9fea9c,acb5ef98-eb1b-432a-97ff-552b0a126fc3,B025,4cb21fff-b4e0-4bd5-a312-f472f8541396,,open,klein,redacteur,"Op de pagina staat een lege kop h2 direct na de tekst ""Postbus 26, 3400 AA IJsselstein"". De kop bevat geen tekst. Screenreaders kondigen deze kop aan zonder inhoud, wat verwarrend is voor gebruikers die via koppen navigeren.",Verwijder de lege h2 kop. ,,,10,Thu Mar 26 2026 16:35:41 GMT+0100 (Midden-Europese standaardtijd),Thu Mar 26 2026 16:35:41 GMT+0100 (Midden-Europese standaardtijd)
272b24e6-bd15-4bf8-ba0a-bd121c12a54f,acb5ef98-eb1b-432a-97ff-552b0a126fc3,B027,c5da9884-1520-4257-9c7c-cfdf3e78c7a6,,open,matig,redacteur,Het PDF-document heeft geen documenttitel. Hierdoor is de titel van het document niet programmatisch bepaald.,Voeg een documenttitel toe in de documenteigenschappen van de PDF en stel in dat deze wordt weergegeven in de titelbalk van het document. Bijvoorbeeld: “Organogram Gemeente IJsselstein”.,,,0,Thu Mar 26 2026 19:17:20 GMT+0100 (Midden-Europese standaardtijd),Thu Apr 02 2026 11:31:58 GMT+0200 (Midden-Europese zomertijd)
95c9c209-231b-4edd-a2e2-bb779ef428f3,acb5ef98-eb1b-432a-97ff-552b0a126fc3,B033,4cb21fff-b4e0-4bd5-a312-f472f8541396,,open,serieus,redacteur,"In het PDF-document staan bij de antwoordopties selectievakjes die alleen visueel worden weergegeven (bijvoorbeeld als vierkantjes of symbolen). De relatie dat deze elementen keuzemogelijkheden voorstellen, is niet programmatisch vastgelegd. Hierdoor is het voor gebruikers van hulpsoftware niet duidelijk dat het om opties gaat waaruit gekozen kan worden.","Zorg dat de betekenis van de selectievakjes programmatisch wordt overgebracht. Bijvoorbeeld door de vakjes te voorzien van een tekstueel equivalent (zoals “selectievakje”) en deze correct op te nemen in de structuur van het document, zodat hulpsoftware kan herkennen dat het om keuzemogelijkheden gaat.",,,16,Thu Apr 02 2026 10:51:29 GMT+0200 (Midden-Europese zomertijd),Fri Apr 03 2026 09:39:08 GMT+0200 (Midden-Europese zomertijd)
62e8504e-3562-472e-a495-38cde97002d4,0cfcaf8d-bd5d-4614-82ef-13de9c61ca62,B004,35d250a4-d5a2-4d75-9ebd-6fc4c6da9cbc,,resolved,,,"Op de website is een versie voor hoog contrast aanwezig. Deze is aan te zetten door middel van een zogenaamde ""contrast switch"".

Dit succescriterium is volledig getest in de modus voor hoog contrast. De versie voor hoog contrast wordt gezien als een alternatief voor de standaard versie.

Hierdoor kunnen er contrastproblemen zijn in de standaard versie. Deze zijn verder niet beoordeeld.","We adviseren om ook de standaard versie te voorzien van voldoende kleurcontrast in alle teksten. Dit bevordert de toegankelijkheid van de website voor bezoekers met een zichtbeperking.

Teksten met voldoende kleurcontrast lezen ook makkelijker voor alle lezers. Het lezen is hierdoor minder intensief, kost minder energie en het lezen wordt (onbewust) als prettiger ervaren. Hierdoor is de lezer eerder geneigd om over te gaan tot activatie.

De versie voor hoog contrast kan dan vervolgens ingezet worden voor een ""verhoogd contrast"", waarbij wordt voldaan aan succescriterium WCAG 1.4.6 Verhoogd contrast (niveau AAA).",,,0,Fri Apr 24 2026 12:28:30 GMT+0200 (Midden-Europese zomertijd),Fri Apr 24 2026 12:30:39 GMT+0200 (Midden-Europese zomertijd)
8813d468-e56c-4b79-8aff-177e8b1fa2d8,0cfcaf8d-bd5d-4614-82ef-13de9c61ca62,B005,9b23fa6b-a0de-4779-b78a-2649f20d17e7,,resolved,,,"Op de website is een versie voor hoog contrast aanwezig. Deze is aan te zetten door middel van een zogenaamde ""contrast switch"".

Dit succescriterium is volledig getest in de modus voor hoog contrast. De versie voor hoog contrast wordt gezien als een alternatief voor de standaard versie.

Hierdoor kunnen er contrastproblemen zijn met grafische elementen in de standaard versie. Deze zijn verder niet beoordeeld.","We adviseren om ook de standaard versie te voorzien van voldoende contrast voor grafische elementen, zoals iconen, knoppen en formuliervelden. Dit bevordert de toegankelijkheid van de website voor bezoekers met een zichtbeperking.

De versie voor hoog contrast kan dan vervolgens ingezet worden voor een ""verhoogd contrast"".",,,0,Fri Apr 24 2026 12:28:32 GMT+0200 (Midden-Europese zomertijd),Fri Apr 24 2026 12:32:07 GMT+0200 (Midden-Europese zomertijd)
f1cf5fe5-39ab-440e-bc05-3e6ff2190274,acb5ef98-eb1b-432a-97ff-552b0a126fc3,B033,9b23fa6b-a0de-4779-b78a-2649f20d17e7,,resolved,,,"Op de website is een versie voor hoog contrast aanwezig. Deze is aan te zetten door middel van een zogenaamde ""contrast switch"".

Dit succescriterium is volledig getest in de modus voor hoog contrast. De versie voor hoog contrast wordt gezien als een alternatief voor de standaard versie.

Hierdoor kunnen er contrastproblemen zijn met grafische elementen in de standaard versie. Deze zijn verder niet beoordeeld.","We adviseren om ook de standaard versie te voorzien van voldoende contrast voor grafische elementen, zoals iconen, knoppen en formuliervelden. Dit bevordert de toegankelijkheid van de website voor bezoekers met een zichtbeperking.

De versie voor hoog contrast kan dan vervolgens ingezet worden voor een ""verhoogd contrast"".",,,0,Wed Apr 01 2026 15:15:53 GMT+0200 (Midden-Europese zomertijd),Tue Apr 21 2026 18:45:03 GMT+0200 (Midden-Europese zomertijd)
e6d1b91b-44ea-4f23-bfe4-e7dc46050df1,acb5ef98-eb1b-432a-97ff-552b0a126fc3,B028,4cb21fff-b4e0-4bd5-a312-f472f8541396,,open,serieus,redacteur,"In het PDF-document is op pagina 1 het kader met de tekst “BELANGRIJK!” en bijbehorende opsomming opgemaakt als tabel, terwijl deze alleen voor vormgeving wordt gebruikt. Hulpsoftware kondigt dit daardoor onterecht aan als tabel.

Hetzelfde geldt voor de keuzeopties onder “3. Soort onderwijs”. Ook deze zijn opgemaakt als tabel zonder dat er sprake is van tabelgegevens. Hierdoor worden deze door hulpsoftware onjuist als tabel aangekondigd.",Gebruik geen tabellen voor opmaak. Vervang deze in het bronbestand door een lijst of platte tekst met een logische structuur en exporteer het document opnieuw als PDF.,,,12,Tue Mar 31 2026 09:43:45 GMT+0200 (Midden-Europese zomertijd),Thu Apr 02 2026 11:16:44 GMT+0200 (Midden-Europese zomertijd)
6d2c1c9c-091e-47c2-92c0-1c163db2fcaf,acb5ef98-eb1b-432a-97ff-552b0a126fc3,B015,35d250a4-d5a2-4d75-9ebd-6fc4c6da9cbc,,open,serieus,redacteur,"De pagina is gecontroleerd met de hoogcontrastmodus ingeschakeld. In de promotieafbeeldingen “SCAN JE FIT!” (IJsselstein en IJsselveld) staat tekst met onvoldoende contrast. De tekst “Download de gratis QR-FIT app:” en de kaartlabels “IJsselstein” en “IJsselveld” hebben een contrastverhouding van 3,1:1 (#949494 op wit), terwijl minimaal 4,5:1 vereist is.","Zorg dat de tekst in de promotieafbeeldingen voldoende contrast heeft. Gebruik bijvoorbeeld een donkerdere kleur, zoals #767676 of donkerder, zodat minimaal 4,5:1 wordt gehaald.",,,0,Wed Mar 25 2026 10:19:58 GMT+0100 (Midden-Europese standaardtijd),Thu Apr 02 2026 11:26:45 GMT+0200 (Midden-Europese zomertijd)
2f06b863-23fa-4277-a86d-97a66e813009,acb5ef98-eb1b-432a-97ff-552b0a126fc3,B022,41d09e8c-c857-457c-a799-ffc0539e7722,,open,matig,redacteur,"Op de pagina staat een infographic over de Economische Visie 2024-2030. De alt-tekst luidt: ""Economische Visie 2024-2030. Lees de uitgeschreven tekst op deze pagina."" Deze tekst verwijst naar de paginatekst als alternatief, maar de paginatekst dekt de inhoud van de infographic niet volledig. Zo ontbreken de slogan ""Sterk geworteld ondernemerschap met een wijde blik"" en de drie visuele clusters met de labels ""belanghebbenden"", ""ligging"" en ""ambitie"", inclusief de bijbehorende beschrijvingen. Gebruikers die de afbeelding niet kunnen zien, missen daarmee een deel van de inhoud.","Schrijf de volledige inhoud van de infographic uit als tekst op de pagina, inclusief de slogan, de drie clusters en de bijbehorende labels. Pas de alt-tekst aan zodat deze verwijst naar de plek op de pagina waar die beschrijving staat.",,,3,Wed Mar 25 2026 21:30:08 GMT+0100 (Midden-Europese standaardtijd),Fri Apr 03 2026 09:35:25 GMT+0200 (Midden-Europese zomertijd)
3dd8066a-96d5-4fdf-a7cf-a103c8c0caea,acb5ef98-eb1b-432a-97ff-552b0a126fc3,B032,4cb21fff-b4e0-4bd5-a312-f472f8541396,,open,matig,redacteur,"In het PDF-document wordt het organogram van de organisatiestructuur visueel weergegeven met behulp van positionering en verbindingslijnen. De hiërarchische relaties tussen de onderdelen worden alleen visueel overgebracht en zijn niet programmatisch vastgelegd. De verschillende onderdelen zijn opgemaakt als losse alinea’s (P-elementen), waardoor de onderlinge relaties niet bepaald kunnen worden.",Zorg dat de hiërarchische structuur van het organogram programmatisch wordt overgebracht. Dit kan bijvoorbeeld door een geneste lijststructuur of een tekstueel alternatief toe te voegen waarin de relaties tussen de onderdelen duidelijk worden beschreven.,,,15,Tue Mar 31 2026 11:50:16 GMT+0200 (Midden-Europese zomertijd),Thu Apr 02 2026 11:22:17 GMT+0200 (Midden-Europese zomertijd)
4879d36e-0d5d-48fa-9dab-313ef83516da,acb5ef98-eb1b-432a-97ff-552b0a126fc3,B026,41d09e8c-c857-457c-a799-ffc0539e7722,,open,klein,redacteur,"In het PDF-document staat het logo van Gemeente IJsselstein zonder tekstalternatief. Omdat de afbeelding niet getagd is, komt het logo niet voor in de tagstructuur en is het niet toegankelijk voor hulpsoftware.","Voorzie het logo in het bronbestand van een alternatieve tekst ""Gemeente IJsselstein"" en exporteer het document opnieuw als PDF.",,,6,Mon Mar 30 2026 18:39:36 GMT+0200 (Midden-Europese zomertijd),Fri Apr 03 2026 09:36:10 GMT+0200 (Midden-Europese zomertijd)
8c8e12af-6d73-47f2-b566-4a9dd1190faa,acb5ef98-eb1b-432a-97ff-552b0a126fc3,B029,4cb21fff-b4e0-4bd5-a312-f472f8541396,,open,serieus,redacteur,"In het PDF-document ontbreken koppen in de documentstructuur. De titel “Aanvraagformulier bekostiging leerlingenvervoer schooljaar 2025-2026” en de sectiekoppen, zoals “1. Gegevens leerling” en “2. Gegevens school”, zijn visueel als koppen opgemaakt, maar niet als koppen getagd. Hierdoor is de structuur van het document niet programmatisch bepaald.","Zorg dat alle koppen in het document correct worden opgemaakt met kopstijlen in de bronapplicatie en exporteer het document opnieuw als getagde PDF, zodat de koppen als H1, H2, H3, enzovoort in de structuur worden opgenomen.",,,13,Tue Mar 31 2026 09:55:18 GMT+0200 (Midden-Europese zomertijd),Fri Apr 03 2026 09:37:56 GMT+0200 (Midden-Europese zomertijd)
debb9bed-60fa-42c9-a4bf-c1c25118579d,40e99423-9ded-4123-b726-c0e467b79843,B002,967dd178-96c9-487f-aaf9-6508032abe65,,open,klein,redacteur,"Op de homepage staat een kop H2 met de tekst ""Of bent u op zoek naar..."". Deze kop beschrijft de inhoud van de sectie niet, maar stelt een vraag. Hierdoor is het voor gebruikers die via koppen navigeren niet duidelijk wat er in deze sectie staat.","Vervang de kop door een beschrijvende titel die aangeeft wat de sectie bevat, bijvoorbeeld ""Veelgevraagde onderwerpen"" of ""Populaire onderwerpen"".",,,0,Wed Apr 08 2026 12:09:59 GMT+0200 (Midden-Europese zomertijd),Wed Apr 08 2026 12:09:59 GMT+0200 (Midden-Europese zomertijd)
19545deb-7cd7-4073-a351-627b950ef3a9,40e99423-9ded-4123-b726-c0e467b79843,B004,4cb21fff-b4e0-4bd5-a312-f472f8541396,,open,matig,redacteur,"Op meerdere pagina’s klopt de koppenstructuur niet, waardoor de hiërarchie van de content niet goed wordt overgebracht aan hulpsoftware.

Op de pagina bekendmakingen en verordeningen volgt na de paginatitel (h1) direct een aantal koppen van niveau h3, zoals “Bekendmakingen”, “Verordeningen” en “Bekendmakingen in uw buurt of wijk”. Het niveau h2 ontbreekt, waardoor de structuur een stap overslaat.

Op de pagina duurzaam is de kop “Laren Duurzaam” opgemaakt als h2. De onderliggende berichten, zoals “Isolatieactie” en “Energieklus” zijn ook als h2 opgemaakt. Hierdoor is niet duidelijk dat deze onderdelen onder “Laren Duurzaam” vallen. 

Dit zorgt ervoor dat gebruikers van schermlezers de structuur van de pagina minder goed kunnen begrijpen en moeilijker kunnen navigeren.","Zorg voor een logische en opeenvolgende koppenstructuur zonder niveaus over te slaan. Gebruik op de pagina “Bekendmakingen en verordeningen” koppen van niveau h2 in plaats van h3. Laat op de pagina “Duurzaam” de kop “Laren Duurzaam” staan als h2 en geef de onderliggende berichten een lager kopniveau,",,,2,Wed Apr 08 2026 12:32:50 GMT+0200 (Midden-Europese zomertijd),Mon Apr 13 2026 12:19:14 GMT+0200 (Midden-Europese zomertijd)
941a8c1d-b295-46bc-bccb-3bb776a13ecc,40e99423-9ded-4123-b726-c0e467b79843,B011,967dd178-96c9-487f-aaf9-6508032abe65,,open,klein,redacteur,De Kop “Wees dit voor” op deze pagina beschrijft het onderwerp van de sectie niet duidelijk. Ook binnen de paginacontext blijft de betekenis onduidelijk. Hierdoor is voor gebruikers die via koppen navigeren niet duidelijk wat zij in deze sectie kunnen verwachten.,"Gebruik een beschrijvende koptekst die het onderwerp van de alinea weergeeft, zoals ""Regelmatig onderhoud voorkomt overlast"".",,,1,Thu Apr 09 2026 10:05:31 GMT+0200 (Midden-Europese zomertijd),Thu Apr 09 2026 10:05:31 GMT+0200 (Midden-Europese zomertijd)
3aff2c4d-1f85-4580-bc9f-f1144cb0c3fe,6b427de6-113e-496c-adba-0645686f1a1d,B002,967dd178-96c9-487f-aaf9-6508032abe65,,open,klein,redacteur,"Op de homepage staat een kop H2 met de tekst ""Of bent u op zoek naar..."". Deze kop beschrijft de inhoud van de sectie niet, maar stelt een vraag. Hierdoor is het voor gebruikers die via koppen navigeren niet duidelijk wat er in deze sectie staat.
","Vervang de kop door een beschrijvende titel die aangeeft wat de sectie bevat, bijvoorbeeld ""Veelgevraagde onderwerpen"" of ""Populaire onderwerpen"".",,,0,Sun Apr 12 2026 15:08:49 GMT+0200 (Midden-Europese zomertijd),Sun Apr 12 2026 15:09:51 GMT+0200 (Midden-Europese zomertijd)
1f08a390-6ab4-4e9b-a1b3-31337bc3613d,40e99423-9ded-4123-b726-c0e467b79843,B005,41d09e8c-c857-457c-a799-ffc0539e7722,,open,matig,redacteur,"Op meerdere pagina’s hebben afbeeldingen een onjuiste alternatieve tekst (alt-tekst).

Zo beschrijft de groepsfoto op de pagina van het college wat er visueel te zien is, maar niet wat de afbeelding voorstelt. Daarnaast beschrijven portretfoto’s alleen het uiterlijk van personen, zonder te benoemen wie er op de afbeelding staat. Dit komt ook voor op andere pagina’s, zoals bij de portretfoto van Robert van Rijn.

Hierdoor weten gebruikers van schermlezers niet dat het om een groepsfoto van het college gaat of welke persoon op een portretfoto wordt afgebeeld.","Geef afbeeldingen een duidelijke en functionele alternatieve tekst:

Beschrijf bij groepsfoto’s wat de afbeelding voorstelt (bijvoorbeeld: “Burgemeester en wethouders”).
Benoem bij portretfoto’s altijd de naam van de persoon (bijvoorbeeld: “Portretfoto van Robert van Rijn”).",,,0,Wed Apr 08 2026 13:36:38 GMT+0200 (Midden-Europese zomertijd),Sun Apr 12 2026 13:54:11 GMT+0200 (Midden-Europese zomertijd)
5e8ccdf6-dfeb-414d-a51a-5bd105594ea9,3f70b18e-a30c-462c-87c1-1787f6756edb,B020,746bbe4a-dccb-4e47-8533-f973001a5986,,open,klein,redacteur,"Op de pagina staat onder de afbeelding van het organogram de tekst “(Klik op de afbeelding voor een grotere weergave)”. De instructie zegt niet om welke afbeelding het gaat. Voor visuele gebruikers is dat geen probleem: zij zien direct boven de tekst de afbeelding van het organogram staan. Schermlezer-gebruikers krijgen de afbeelding niet te horen, omdat het alt-attribuut leeg is en de afbeelding dus wordt overgeslagen. Zij horen alleen de instructie en weten daardoor niet dat er een afbeelding op de pagina staat, laat staan welke afbeelding bedoeld wordt.",Schrijf de instructie zo dat duidelijk is welke afbeelding bedoeld wordt. Bijvoorbeeld: “Open de grotere weergave van het organogram.”,,,0,Fri Apr 24 2026 11:25:58 GMT+0200 (Midden-Europese zomertijd),Fri Apr 24 2026 11:25:58 GMT+0200 (Midden-Europese zomertijd)
ee03d1db-9165-4fc9-8cb4-52d89fc03a13,3f70b18e-a30c-462c-87c1-1787f6756edb,B010,41d09e8c-c857-457c-a799-ffc0539e7722,,open,matig,redacteur,"Op de pagina staat een infographic met het organogram van de BEL Combinatie. De afbeelding heeft een leeg alt-attribuut (alt=""""), waardoor de afbeelding voor hulpsoftware als decoratief wordt behandeld. Gebruikers van hulpsoftware, zoals een schermlezer, weten hierdoor niet dat er een organogram op de pagina staat. De inhoud van het organogram zelf staat al in tekstvorm op de pagina.","Geef de afbeelding een kort tekstalternatief in het alt-attribuut dat aangeeft wat voor afbeelding het is, bijvoorbeeld alt=""Infographic met het organogram van de BEL Combinatie"".",,,2,Fri Apr 24 2026 11:25:58 GMT+0200 (Midden-Europese zomertijd),Fri Apr 24 2026 11:25:58 GMT+0200 (Midden-Europese zomertijd)
0cdf06be-7799-4408-be0b-588ec3441237,40e99423-9ded-4123-b726-c0e467b79843,B020,967dd178-96c9-487f-aaf9-6508032abe65,,open,klein,redacteur,"Op de pagina is de kop ""Vragen?"" te generiek om het onderwerp van de sectie te beschrijven. De kop staat boven een alinea over specifieke contactinformatie voor vragen over de werkzaamheden aan de Eemnesserweg. Screenreadergebruikers die door koppen navigeren, kunnen op basis van ""Vragen?"" niet bepalen waar dit over gaat.","Maak de kop specifieker, bijvoorbeeld: ""Vragen over de werkzaamheden"".",,,2,Thu Apr 09 2026 16:19:06 GMT+0200 (Midden-Europese zomertijd),Thu Apr 09 2026 16:19:06 GMT+0200 (Midden-Europese zomertijd)
b2b30f3f-7842-4cc0-a492-4d68739577ce,3f70b18e-a30c-462c-87c1-1787f6756edb,B025,41d09e8c-c857-457c-a799-ffc0539e7722,,open,matig,redacteur,"Op pagina 16 onder “Vastgesteld” staat een screenshot van een vastgestelde agenda uit het bestuurlijk besluitvormingssysteem. De afbeelding heeft geen alt-tekst. Hierdoor is de informatie uit deze afbeelding niet toegankelijk voor gebruikers van hulpsoftware, zoals een schermlezer.","De afbeelding is een screenshot van informatie die beter in tekstvorm kan worden opgenomen. Overweeg om de afbeelding te verwijderen en de vaststellingsinformatie in tekstvorm op de pagina op te nemen. Als de afbeelding toch behouden moet blijven, geef deze dan een beschrijvende alt-tekst die de inhoud samenvat, bijvoorbeeld: alt=""Screenshot van de vastgestelde agenda met besluiten van AB, DB en Directie-MT over het privacybeleid"".",,,5,Fri Apr 24 2026 11:25:58 GMT+0200 (Midden-Europese zomertijd),Fri Apr 24 2026 11:25:58 GMT+0200 (Midden-Europese zomertijd)
00bb36fb-ec32-4336-bc29-79cb341c9c63,40e99423-9ded-4123-b726-c0e467b79843,B010,41d09e8c-c857-457c-a799-ffc0539e7722,,open,klein,redacteur,"Op de pagina staat een afbeelding met voorbeelden van goed en verkeerd gesnoeide heggen. De tekst die bij de afbeelding hoort (de alt-tekst) is precies hetzelfde als het bijschrift onder de afbeelding.
Hierdoor wordt dezelfde informatie twee keer voorgelezen aan gebruikers van hulpsoftware zoals een schermlezer.

Omdat het bijschrift de afbeelding al goed uitlegt, is een alt-tekst niet nodig. 
","Gebruik een lege alt-tekst (alt=""""), zodat de informatie niet dubbel wordt voorgelezen.",,,2,Thu Apr 09 2026 09:54:37 GMT+0200 (Midden-Europese zomertijd),Fri Apr 10 2026 09:33:55 GMT+0200 (Midden-Europese zomertijd)
e621535d-ca2f-42b4-b4d9-31f0ab48c3a9,40e99423-9ded-4123-b726-c0e467b79843,B015,41d09e8c-c857-457c-a799-ffc0539e7722,,open,matig,redacteur,"Op de pagina onder de kop 'Verticale boring met infiltratiefilter' staan twee downloadknoppen met de tekst ""Download de onderhoudsinstructies"". Beide knoppen tonen het formulier-icoon in plaats van het PDF-icoon. Daardoor is de toegankelijke naam van de knoppen ""Download de onderhoudsinstructies formulier"", terwijl het PDF-bestanden betreft. Blinde gebruikers die een screenreader gebruiken, krijgen een onjuiste aanduiding te horen.",Vervang het formulier-icoon door het PDF-icoon. De toegankelijke naam van de knop is dan correct.,,,4,Thu Apr 09 2026 11:39:31 GMT+0200 (Midden-Europese zomertijd),Mon Apr 13 2026 11:27:21 GMT+0200 (Midden-Europese zomertijd)
b21f8a5c-a009-4b40-9a41-aecfc19d0ef6,40e99423-9ded-4123-b726-c0e467b79843,B017,cd31b01e-f6f1-4e3a-bbbe-c83d8c570848,,open,serieus,redacteur,"Op de pagina onder de kop ""Verticale boring met infiltratiefilter"" en de kop ""Ontspanningsput""staan links met de tekst ""Bekijk de video"" die elk naar een andere YouTube-video verwijzen. De links zijn niet te onderscheiden op basis van de linktekst alleen. In een screenreader-linklijst verschijnen deze identieke vermeldingen zonder aanduiding welke video het betreft.","Maak de linkteksten onderscheidend door het onderwerp van elke video te benoemen, bijvoorbeeld ""Bekijk de video over de verticale boring"", ""Bekijk de video over het schoonmaken van de zandvangput"" en ""Bekijk de video over de ontspanningsput""",,,0,Thu Apr 09 2026 11:57:54 GMT+0200 (Midden-Europese zomertijd),Mon Apr 13 2026 11:32:10 GMT+0200 (Midden-Europese zomertijd)
29a8f795-2311-4b38-aef2-c1dfb8c55335,6b427de6-113e-496c-adba-0645686f1a1d,B003,4cb21fff-b4e0-4bd5-a312-f472f8541396,,open,klein,redacteur,"In het accordeon-onderdeel “Tips voor scheiden van gft-afval” zijn de tussenkoppen geplaatst in lijsten met slechts één item. Hierdoor klopt de structuur niet. Visueel zijn dit gewone tussenkoppen met tekst, maar in de code zijn ze als losse lijsten opgebouwd.","Verwijder de lijsten en plaats de koppen direct in de inhoud, met daaronder de bijbehorende tekst.

",,,1,Sun Apr 12 2026 15:24:17 GMT+0200 (Midden-Europese zomertijd),Mon Apr 13 2026 12:45:20 GMT+0200 (Midden-Europese zomertijd)
f8ccf229-30dc-43d1-ad86-bb18d5b3cd5c,40e99423-9ded-4123-b726-c0e467b79843,B022,967dd178-96c9-487f-aaf9-6508032abe65,,open,klein,redacteur,"De kop direct onder de paginatitel heeft geen tekst en beschrijft daarmee geen onderwerp of doel. Gebruikers die via koppen navigeren, stuiten op een lege kopregel.","Vul het titelveld van het openingstijden-component in het CMS in met een beschrijvende tekst, bijvoorbeeld ""Loket Burgerzaken"".",,,3,Thu Apr 09 2026 16:40:16 GMT+0200 (Midden-Europese zomertijd),Mon Apr 13 2026 18:49:38 GMT+0200 (Midden-Europese zomertijd)
68b4d7cb-ebcf-4563-8a08-38a9e8da0582,40e99423-9ded-4123-b726-c0e467b79843,B018,41d09e8c-c857-457c-a799-ffc0539e7722,,open,matig,redacteur,"Op de pagina staat een klikbare afbeelding van de kaart. De afbeelding fungeert als link naar een 404 pagina. De alt-tekst beschrijft de visuele inhoud van de kaart terwijl de alt-tekst het doel van de link moet beschrijven. 
Screenreadergebruikers horen een kaartbeschrijving, maar begrijpen niet waar de link naartoe leidt.","Herstel eerst de verbroken link. Pas dan de alt-tekst aan zodat het linkdoel duidelijk is, bijvoorbeeld: alt=""Voorlopig ontwerp Eemnesserweg-West ,klik voor grotere weergave"".",,,5,Thu Apr 09 2026 12:46:34 GMT+0200 (Midden-Europese zomertijd),Tue Apr 21 2026 16:00:05 GMT+0200 (Midden-Europese zomertijd)
bba402f1-d04a-4476-8d49-8932b6f6aa64,40e99423-9ded-4123-b726-c0e467b79843,B038,4cb21fff-b4e0-4bd5-a312-f472f8541396,,resolved,,,"Op de pagina staat een knop met de tekst ""Contactformulier invullen"". Een schermlezer leest deze knop voor als ""Contactformulier invullen formulier"". Het extra woord 'formulier' is visueel niet zichtbaar (op het scherm staat alleen een icoontje) maar komt wel mee als tekst via de onderliggende code.","Verwijder het icoontje uit de knop. De tekst ""Contactformulier invullen"" als CTA knop volstaat.",,,9,Thu Apr 09 2026 16:59:21 GMT+0200 (Midden-Europese zomertijd),Tue Apr 21 2026 18:20:04 GMT+0200 (Midden-Europese zomertijd)
cd8220eb-c010-4ee1-b950-41ec8f3f30d0,40e99423-9ded-4123-b726-c0e467b79843,B024,cd31b01e-f6f1-4e3a-bbbe-c83d8c570848,,open,matig,redacteur,"Op de pagina staat onder de kop ""telefoonnummer"" een link met als tekst ""14 035"".
Dit korte nummer staat los in een eigen alinea zonder omringende tekst. Het beschrijft niet het doel van de link. In een linklijst van een schermlezer horen blinde gebruikers alleen dit getal, zonder context over wat de link doet of waartoe hij leidt.","Pas de linktekst aan zodat het doel duidelijk is, bijvoorbeeld ""Bel 14 035"".",,,1,Thu Apr 09 2026 17:35:41 GMT+0200 (Midden-Europese zomertijd),Thu Apr 09 2026 17:35:41 GMT+0200 (Midden-Europese zomertijd)
3184ba06-8b58-494f-936b-0a0d7670add8,40e99423-9ded-4123-b726-c0e467b79843,B025,4cb21fff-b4e0-4bd5-a312-f472f8541396,,open,matig,redacteur,"Op de pagina staan onder de kop ""Bezoekadressen"" twee locaties: ""BEL Combinatie"" en ""Brinkhuis Laren"". De namen van de locaties staan als gewone tekst in een alinea zonder structuur die aangeeft dat het twee afzonderlijke locaties zijn.
Een schermlezer-gebruiker kan de twee locaties niet als afzonderlijke onderdelen herkennen of er direct naartoe navigeren.","Geef ""BEL Combinatie"" en ""Brinkhuis Laren"" elk een h3-kop, zodat de structuur duidelijk is en gebruikers er direct naartoe kunnen navigeren.",,,10,Thu Apr 09 2026 17:45:19 GMT+0200 (Midden-Europese zomertijd),Thu Apr 09 2026 17:45:19 GMT+0200 (Midden-Europese zomertijd)
52cd1a15-7da0-4f58-b1de-53849bf5c71a,40e99423-9ded-4123-b726-c0e467b79843,B028,967dd178-96c9-487f-aaf9-6508032abe65,,open,,,"De h1 en h2 op stap 1 van het formulier zijn nagenoeg identiek: de h1 luidt ""Contactformulier - Laren"" en de h2 luidt ""Contactformulier Laren"". De h2 beschrijft de inhoud van de stap niet, zij herhaalt alleen de formuliernaam.","Vervang de h2 door een beschrijvende staptitel die aangeeft wat er in deze stap wordt gevraagd. Bijvoorbeeld ""Over dit formulier"".",,,4,Thu Apr 09 2026 19:07:45 GMT+0200 (Midden-Europese zomertijd),Thu Apr 09 2026 19:07:45 GMT+0200 (Midden-Europese zomertijd)
75d0b372-3938-4045-8d48-6b79f2e6f6b8,40e99423-9ded-4123-b726-c0e467b79843,B029,41d09e8c-c857-457c-a799-ffc0539e7722,,open,klein,redacteur,In het PDF-document staat bovenin het logo van Gemeente Laren. Dit logo is niet als afbeelding getagd en wordt daarom genegeerd door schermlezers.,"Tag het logo op pagina 1 als afbeelding en geef het een tekstalternatief, bijvoorbeeld ""Logo Gemeente Laren"". Voorzie het tekstalternatief in het bronbestand en exporteer het document daarna opnieuw als PDF. Op de vervolgpagina's is het taggen van het logo niet nodig en zelfs niet gewenst, omdat dit daar de leesvolgorde kan onderbreken. Markeer het logo daar als artefact.",,,8,Thu Apr 09 2026 20:11:34 GMT+0200 (Midden-Europese zomertijd),Thu Apr 09 2026 20:11:34 GMT+0200 (Midden-Europese zomertijd)
2563f5e7-0671-46a9-8425-4f6a58f724ff,40e99423-9ded-4123-b726-c0e467b79843,B030,4cb21fff-b4e0-4bd5-a312-f472f8541396,,open,serieus,redacteur,"Het PDF-document bevat meerdere visuele koppen maar geen daarvan is als kop getagd. Het gaat om de documenttitel op pagina 1 en de sectiekoppen ""Deel A: Een idee voor uw wijk of buurt"" (pagina 1), ""Deel B: Bijdrage tbv AED-kosten"" (pagina 2) en ""Deel C: Ondertekening formulier"" (pagina 3). Al deze teksten zijn in de tagstructuur als gewone alinea (P) gemarkeerd. Mensen die blind zijn en een schermlezer gebruiken kunnen hierdoor niet navigeren via koppen en krijgen geen overzicht van de documentstructuur.","Pas de opmaakstijlen in het bronbestand aan zodat de koppen als kopstijl zijn opgemaakt (Kop 1, Kop 2, enzovoort). Exporteer het document daarna opnieuw als PDF.",,,12,Thu Apr 09 2026 20:18:35 GMT+0200 (Midden-Europese zomertijd),Thu Apr 09 2026 20:18:35 GMT+0200 (Midden-Europese zomertijd)
8cbd1492-f6b8-451e-a73b-d67b16a6b85f,40e99423-9ded-4123-b726-c0e467b79843,B031,4cb21fff-b4e0-4bd5-a312-f472f8541396,,open,matig,redacteur,In de drie tabellen in het document zijn de eerste cellen van de invulrijen als koptag (TH) gemarkeerd. Het gaat om lege invulcellen zonder kopfunctie. Schermlezers kondigen deze cellen aan als kop wat verwarrend is voor gebruikers.,Tag de invulcellen in de datarijen als gewone gegevenscellen (TD). Pas dit aan in het bronbestand en exporteer het document daarna opnieuw als PDF,,,13,Thu Apr 09 2026 20:24:38 GMT+0200 (Midden-Europese zomertijd),Thu Apr 09 2026 20:24:38 GMT+0200 (Midden-Europese zomertijd)
146ad07b-568d-4fc1-b440-1016e9aaab72,40e99423-9ded-4123-b726-c0e467b79843,B033,c5da9884-1520-4257-9c7c-cfdf3e78c7a6,,open,klein,redacteur,"Voor PDF-documenten geldt dat zij een goede titel in de bestandseigenschappen nodig hebben en dat deze documenttitel wordt getoond in plaats van de bestandsnaam.
Het PDF-document {URL} heeft wel een goede titel, maar deze wordt niet getoond in de titelbalk.","Zorg ervoor dat de titel in de bestandseigenschappen van de PDF correct is ingesteld. Het liefst doe je dit al in je bronbestand. Een alternatief is om de PDF te openen in een geschikte editor, zoals Adobe Acrobat Pro. Ga naar de eigenschappen van het document. Controleer of de titel correct is opgeslagen in de documentinformatie. Zorg dat ook deze titel wordt getoond in plaats van de bestandsnaam. Sla het document vervolgens opnieuw op om de wijzigingen te bevestigen.",,,0,Thu Apr 09 2026 21:00:25 GMT+0200 (Midden-Europese zomertijd),Thu Apr 09 2026 21:00:25 GMT+0200 (Midden-Europese zomertijd)
349e1f37-a866-4e2a-ab03-981fb53b025d,40e99423-9ded-4123-b726-c0e467b79843,B027,41d09e8c-c857-457c-a799-ffc0539e7722,,open,klein,redacteur,"Op de pagina staan twee impressiefoto’s van de toekomstige Eemnesserweg. De afbeeldingen hebben een alt-tekst die de visuele inhoud beschrijft, terwijl er al een bijschrift bij staat dat deze informatie geeft. Hierdoor hoort een schermlezergebruiker zowel de alt-tekst als het bijschrift, waardoor dezelfde informatie dubbel wordt aangeboden.","Pas de alt-teksten aan zodat ze alleen aangeven dat het om een impressie gaat, bijvoorbeeld: “Impressie 1 van de Eemnesserweg” en “Impressie 2 van de Eemnesserweg”. Zo is duidelijk dat het om twee verschillende afbeeldingen gaat, zonder dat de beschrijving wordt herhaald.",,,7,Thu Apr 09 2026 18:49:20 GMT+0200 (Midden-Europese zomertijd),Mon Apr 13 2026 11:57:32 GMT+0200 (Midden-Europese zomertijd)
04ef81f2-09e2-4466-a589-3e02f7033574,0cfcaf8d-bd5d-4614-82ef-13de9c61ca62,B010,4cb21fff-b4e0-4bd5-a312-f472f8541396,,open,matig,redacteur,"Op de pagina staat in de sectie Vacatures de tekst ""Programmamanager Regionale Transformatieprojecten"". Visueel ziet dit eruit als een subkop. In de code is het echter geen kop, maar een gewone tekstregel met de tekst extra benadrukt via een strong-element. Mensen die de website laten voorlezen krijgen deze tekst niet als kop voorgelezen. Daardoor kunnen zij de vacature niet snel terugvinden via de lijst met koppen op de pagina.","Maak van ""Programmamanager Regionale Transformatieprojecten"" een echte sub-kop (niveau 3), passend onder de hoofd-kop ""Vacatures"".",,,4,Fri Apr 24 2026 15:48:31 GMT+0200 (Midden-Europese zomertijd),Tue Apr 28 2026 09:54:25 GMT+0200 (Midden-Europese zomertijd)
edbfbc96-44e8-4701-b529-6d9dce1ac74e,40e99423-9ded-4123-b726-c0e467b79843,B014,41d09e8c-c857-457c-a799-ffc0539e7722,,open,serieus,redacteur,"Op de pagina is een interactieve kaart opgenomen die de strooiroutes van de gemeente Laren toont. Deze kaart is ingebonden via een iframe. Online kaarten en karteringsdiensten vallen onder een uitzondering voor de toegankelijkheidseisen, maar deze uitzondering geldt alleen voor de kaarttechniek, niet voor de informatie die via de kaart wordt aangeboden.

De informatie over de strooiroutes is momenteel alleen via de kaart beschikbaar. Op de pagina ontbreekt een tekstueel alternatief waarin deze informatie toegankelijk wordt aangeboden.

De kaart bevat een zoekfunctie, maar deze vormt geen aantoonbaar toegankelijk alternatief. Hierdoor is niet gegarandeerd dat de informatie voor alle gebruikers toegankelijk beschikbaar is.","Zorg dat de essentiële informatie uit de kaart (zoals welke straten onder welke strooiroute vallen) ook op een toegankelijke manier wordt aangeboden, bijvoorbeeld via een tekstueel overzicht, tabel of een aantoonbaar toegankelijke zoekfunctie.",,,3,Thu Apr 09 2026 11:16:36 GMT+0200 (Midden-Europese zomertijd),Fri Apr 10 2026 09:42:40 GMT+0200 (Midden-Europese zomertijd)
0c4ca852-a42e-4259-8635-092074791118,40e99423-9ded-4123-b726-c0e467b79843,B034,4cb21fff-b4e0-4bd5-a312-f472f8541396,,open,serieus,redacteur,"Het PDF-document bevat geen tags en heeft daardoor geen vastgelegde structuur. Hierdoor kunnen hulptechnologieën, zoals screenreaders, niet herkennen welke onderdelen koppen, lijsten of andere structurele elementen zijn. Ook worden afbeeldingen niet correct geïnterpreteerd.","Voorzie het document van de juiste tags, zodat de structuur en onderlinge relaties voor hulpsoftware herkenbaar worden. Zo kan bijvoorbeeld worden aangegeven welke onderdelen koppen zijn. In veel gevallen kan dit worden opgelost door het document opnieuw vanuit het bronbestand (bijvoorbeeld in Word of InDesign) naar PDF te exporteren, met de optie voor tags of labels ingeschakeld.

Omdat het document momenteel geen tags bevat, kunnen andere succescriteria, zoals 1.1.1 en 1.3.2, niet worden beoordeeld. Houd er rekening mee dat bij het toevoegen van tags nieuwe toegankelijkheidsproblemen zichtbaar kunnen worden.",,,15,Fri Apr 10 2026 09:48:25 GMT+0200 (Midden-Europese zomertijd),Fri Apr 10 2026 09:48:25 GMT+0200 (Midden-Europese zomertijd)
0392f902-0b8f-4d38-9944-020912c25a65,6b427de6-113e-496c-adba-0645686f1a1d,B001,4cb21fff-b4e0-4bd5-a312-f472f8541396,,open,,,"Op de homepage staat onder de kop “Of bent u op zoek naar...” een overzicht met twaalf links, zoals Nieuws, Gemeentelijke belastingen en Verhuizen. Visueel is dit een opsomming. Deze links staan echter in code niet als lijst opgemaakt. Daardoor kan hulpsoftware niet herkennen dat het om een lijst gaat. 

In te footer staan onder de kop “Volg de gemeente” twee links naar sociale media (Facebook en Instagram). Deze links zijn geplaatst in een p-element, terwijl ze visueel een opsomming vormen. Hierdoor is de lijststructuur niet programmatisch vastgelegd en kan hulpsoftware niet bepalen dat het om een lijst met meerdere items gaat.
","Plaats de links in een ongeordende lijst (ul) met lijstitems (li), zodat hulpsoftware kan herkennen dat het om een opsomming gaat en hoeveel items deze bevat.",,,0,Sun Apr 12 2026 14:39:07 GMT+0200 (Midden-Europese zomertijd),Mon Apr 13 2026 12:32:52 GMT+0200 (Midden-Europese zomertijd)
3dccb00f-aab8-4199-aa3c-b71669aa0cc7,40e99423-9ded-4123-b726-c0e467b79843,B036,35d250a4-d5a2-4d75-9ebd-6fc4c6da9cbc,,resolved,,,"Op de website is een versie voor hoog contrast aanwezig. Deze is aan te zetten door middel van een zogenaamde ""contrast switch"". Dit succescriterium is volledig getest in de modus voor hoog contrast. De versie voor hoog contrast wordt gezien als een alternatief voor de standaard versie. Hierdoor kunnen er contrastproblemen zijn in de standaard versie. Deze zijn verder niet beoordeeld.
","We adviseren om ook de standaard versie te voorzien van voldoende kleurcontrast in alle teksten. Dit bevordert de toegankelijkheid van de website voor bezoekers met een zichtbeperking. Teksten met voldoende kleurcontrast lezen ook makkelijker voor alle lezers. Het lezen is hierdoor minder intensief, kost minder energie en het lezen wordt (onbewust) als prettiger ervaren. Hierdoor is de lezer eerder geneigd om over te gaan tot activatie. De versie voor hoog contrast kan dan vervolgens ingezet worden voor een ""verhoogd contrast"", waarbij wordt voldaan aan succescriterium WCAG 1.4.6 Verhoogd contrast (niveau AAA).
",,,0,Fri Apr 10 2026 09:58:20 GMT+0200 (Midden-Europese zomertijd),Fri Apr 10 2026 09:58:20 GMT+0200 (Midden-Europese zomertijd)
20a6db3f-cf71-4fd0-8d29-611d7948e9aa,40e99423-9ded-4123-b726-c0e467b79843,B001,4cb21fff-b4e0-4bd5-a312-f472f8541396,,open,klein,redacteur,"Op de homepage staat onder de kop “Of bent u op zoek naar...” een overzicht met twaalf links, zoals Nieuws, Gemeentelijke belastingen en Verhuizen. Visueel is dit een opsomming. Deze links staan echter in code niet als lijst opgemaakt. Daardoor kan hulpsoftware niet herkennen dat het om een lijst gaat. 

In te footer staan onder de kop “Volg de gemeente” twee links naar sociale media (Facebook en Instagram). Deze links zijn geplaatst in een p-element, terwijl ze visueel een opsomming vormen. Hierdoor is de lijststructuur niet programmatisch vastgelegd en kan hulpsoftware niet bepalen dat het om een lijst met meerdere items gaat.",Plaats de links in een ongeordende lijst. ,,,0,Wed Apr 08 2026 12:01:27 GMT+0200 (Midden-Europese zomertijd),Sun Apr 12 2026 14:26:12 GMT+0200 (Midden-Europese zomertijd)
d6e8d710-eeb6-4bd8-b726-1151df46e6c7,0cfcaf8d-bd5d-4614-82ef-13de9c61ca62,B008,4cb21fff-b4e0-4bd5-a312-f472f8541396,,open,klein,redacteur,"Op meerdere pagina's staat een lege kop. Dit gebeurt op plekken waar de pagina in twee kolommen is opgemaakt en de lege kop wordt gebruikt om de kolommen visueel uit te lijnen. Een voorbeeld staat onder de illustratie naast de sectie ""Blijf op de hoogte!"" op de pagina ""Fysieke overlegtafel"". Wie de website laat voorlezen en door de koppen navigeert, hoort op die plekken een kop aankondigen die vervolgens niets bevat.","Verwijder de lege kop. Als visuele uitlijning gewenst is, kies daar een andere oplossing voor die geen kop gebruikt.",,,3,Fri Apr 24 2026 13:08:38 GMT+0200 (Midden-Europese zomertijd),Tue Apr 28 2026 09:30:53 GMT+0200 (Midden-Europese zomertijd)
2de5d073-13a6-4c24-9bb0-93f0161a9f56,6b427de6-113e-496c-adba-0645686f1a1d,B004,41d09e8c-c857-457c-a799-ffc0539e7722,,open,matig,redacteur,"Op de pagina staat een portretfoto van Robbert Kouwenhoven met een leeg tekstalternatief (alt=""""). Daardoor wordt de afbeelding door schermlezers overgeslagen. Dit is onjuist omdat hier een portret staat van de persoon die centraal staat op de pagina. Gebruikers van schermlezers krijgen hierdoor niet mee dat er een afbeelding op de pagina staat en wie daarop te zien is.","Geef de portretfoto een passend tekstalternatief met de naam van de persoon, bijvoorbeeld: alt=""Robbert Kouwenhoven"".",,,0,Sun Apr 12 2026 15:47:52 GMT+0200 (Midden-Europese zomertijd),Sun Apr 12 2026 15:47:52 GMT+0200 (Midden-Europese zomertijd)
afb87634-cc4b-402a-b744-548d16cf07e4,0df762bc-d4cf-4000-bcd1-a8b9d8c3a55a,B007,967dd178-96c9-487f-aaf9-6508032abe65,,open,klein,redacteur,"Op de pagina staat een lege kop direct onder de paginatitel. Gebruikers die via koppen navigeren, stuiten op een lege kopregel.","Vul het titelveld van het openingstijden-component in het CMS in met een beschrijvende tekst, bijvoorbeeld ""Loket Burgerzaken"".",,,0,Wed Apr 15 2026 11:13:39 GMT+0200 (Midden-Europese zomertijd),Wed Apr 15 2026 11:13:39 GMT+0200 (Midden-Europese zomertijd)
7676e449-ed08-49e9-a3a6-500b9d6a5e7e,6b427de6-113e-496c-adba-0645686f1a1d,B005,4cb21fff-b4e0-4bd5-a312-f472f8541396,,open,klein,redacteur,"Op de pagina Robbert Kouwenhoven is de koppenstructuur niet logisch opgebouwd. De paginatitel staat als een <h1>. De koppen “Nevenfuncties” en “Contact” staan daar direct onder als <h3>. Hierdoor wordt een niveau overgeslagen (de <h2> ontbreekt).

Voor gebruikers van schermlezers en andere hulpsoftware is de koppenstructuur belangrijk om snel door de pagina te navigeren. Doordat er een niveau wordt overgeslagen, klopt de structuur van de pagina niet en kan dit verwarrend zijn.",Zorg dat de koppen “Nevenfuncties” en “Contact” één niveau hoger worden geplaatst in de structuur. Gebruik hiervoor <h2> in plaats van <h3>,,,2,Sun Apr 12 2026 16:00:59 GMT+0200 (Midden-Europese zomertijd),Sun Apr 12 2026 16:00:59 GMT+0200 (Midden-Europese zomertijd)
97a144bf-79ac-4e9f-accc-380d87acde3a,6b427de6-113e-496c-adba-0645686f1a1d,B014,c5da9884-1520-4257-9c7c-cfdf3e78c7a6,,open,matig,redacteur,"Het PDF-document heeft geen titel. In plaats daarvan wordt de bestandsnaam gebruikt. Daardoor horen screenreadergebruikers geen duidelijke titel, maar de bestandsnaam.","Vul in het bronbestand een beschrijvende documenttitel in, bijvoorbeeld “Informatieavond Ocriet-Sterk-verslag 28 januari 2025”. Stel daarnaast in dat de PDF de documenttitel toont in plaats van de bestandsnaam. Exporteer het document daarna opnieuw als PDF.",,,0,Mon Apr 13 2026 10:07:35 GMT+0200 (Midden-Europese zomertijd),Mon Apr 13 2026 10:07:35 GMT+0200 (Midden-Europese zomertijd)
803165f1-1508-4848-b681-4251da4339ef,6b427de6-113e-496c-adba-0645686f1a1d,B008,cd31b01e-f6f1-4e3a-bbbe-c83d8c570848,,open,klein,redacteur,"Op de pagina staat de link ""op de website van de provincie Utrecht"" in een aparte alinea, los van de alinea die beschrijft waar de informatie over gaat. De linktekst beschrijft de bestemming maar niet het doel van de link. Een screenreadergebruiker die de link buiten context tegenkomt, weet niet dat het gaat om informatie over overlastmeldingen.","Voeg de link samen met de beschrijvende zin in één alinea, of maak de linktekst zelfstandig begrijpelijk, bijvoorbeeld ""Informatie over overlastmeldingen op de website van de provincie Utrecht"".",,,0,Sun Apr 12 2026 17:17:39 GMT+0200 (Midden-Europese zomertijd),Sun Apr 12 2026 17:18:06 GMT+0200 (Midden-Europese zomertijd)
85fc99b7-63ae-4c68-9bb6-feb3a67b9f84,6b427de6-113e-496c-adba-0645686f1a1d,B011,4cb21fff-b4e0-4bd5-a312-f472f8541396,,open,serieus,redacteur,Op de pagina staat een tabel waarvan de bovenste rij visueel als kolomkoppen is opgemaakt maar in de code uit gewone datacellen (td) bestaat. Hierdoor kunnen hulptechnologieën niet bepalen welke kolom bij welke informatie hoort.,Maak van de bovenste rij echte koppen door <th> te gebruiken. Haal de <strong>-elementen weg,,,5,Sun Apr 12 2026 21:17:41 GMT+0200 (Midden-Europese zomertijd),Mon Apr 13 2026 12:50:57 GMT+0200 (Midden-Europese zomertijd)
5fabda05-1e02-4b46-ac69-504e17d3d435,6b427de6-113e-496c-adba-0645686f1a1d,B010,4cb21fff-b4e0-4bd5-a312-f472f8541396,,open,serieus,redacteur,"Op de pagina staat een tabel waarin de maandnamen (zoals “April”, “Mei”) als koppen (<h2>) in de tabelcellen zijn geplaatst. Dit is onjuist, omdat een tabel een eigen structuur heeft voor koppen (met <th>). Het gebruik van <h2> binnen tabelcellen doorbreekt deze structuur. Daarnaast staan er ook lege <h2>-elementen (met alleen een spatie), die door schermlezers als lege kop worden voorgelezen.","Haal de <h2>-koppen uit de tabel.
Je kunt dit op twee manieren oplossen:
- Maak per maand een aparte tabel met de maandnaam als titel, of
- Zet de maand bij de datum (bijvoorbeeld “5 en 6 april 2026”).
Verwijder daarnaast ook de lege rijen.",,,4,Sun Apr 12 2026 21:02:33 GMT+0200 (Midden-Europese zomertijd),Sun Apr 12 2026 21:12:45 GMT+0200 (Midden-Europese zomertijd)
9833e377-019c-485b-9534-5faa4cc0b066,6b427de6-113e-496c-adba-0645686f1a1d,B013,4cb21fff-b4e0-4bd5-a312-f472f8541396,,open,serieus,redacteur,"Het PDF-document bevat visueel herkenbare kopjes, zoals ""Voorstel van college"", ""Sfeerbeelden"" en ""Nieuwe weg"" en ""Aantal woningen"". Deze zijn opgemaakt als gewone alinea’s (<P>) in plaats van als koppen. Hierdoor zijn de secties niet programmatisch van elkaar te onderscheiden. Gebruikers van schermlezers kunnen daardoor niet via koppen door het document navigeren.",Pas de vijf kopjes in het bronbestand aan zodat ze als echte koppen zijn opgemaakt (bijvoorbeeld <H2>). Sla het document daarna opnieuw op als PDF.,,,6,Mon Apr 13 2026 09:56:42 GMT+0200 (Midden-Europese zomertijd),Mon Apr 13 2026 12:51:40 GMT+0200 (Midden-Europese zomertijd)
c6d5ba4c-f348-49cc-96ce-424d8fca5940,6b427de6-113e-496c-adba-0645686f1a1d,B012,41d09e8c-c857-457c-a799-ffc0539e7722,,open,klein,redacteur,"Het PDF-document bevat op pagina 1 het logo van Gemeente Eemnes. De afbeelding is wel als <Figure> gemarkeerd, maar heeft geen tekstalternatief (/Alt-attribuut).
Daardoor krijgen gebruikers van schermlezers niet mee dat er een logo op de pagina staat en van welke organisatie dit is.","Geef het logo in het bronbestand een tekstalternatief, bijvoorbeeld: “Gemeente Eemnes”. Exporteer het document daarna opnieuw als PDF.",,,2,Mon Apr 13 2026 09:47:27 GMT+0200 (Midden-Europese zomertijd),Mon Apr 13 2026 09:47:27 GMT+0200 (Midden-Europese zomertijd)
2dc1f88c-bb7c-41f9-aad4-e4408c121188,0df762bc-d4cf-4000-bcd1-a8b9d8c3a55a,B012,4cb21fff-b4e0-4bd5-a312-f472f8541396,,open,serieus,redacteur,"Op de pagina staat een tabel waarin de maanden (zoals april en mei) als koppen zijn gemaakt met een kop-element <h2>. Dat is niet de juiste manier.

In een tabel gebruik je speciale kopcellen (<th>) om koppen aan te geven. Doordat hier <h2> wordt gebruikt, begrijpen schermlezers de tabel minder goed.","Haal de H2-koppen uit de tabel.
Dit probleem kun je op twee manieren oplossen:
- Maak per maand een aparte tabel met de maandnaam als titel, of
- Zet de maand bij de datum (bijvoorbeeld “5 en 6 april 2026”).
Verwijder daarnaast ook de lege rijen.",,,4,Wed Apr 15 2026 17:03:51 GMT+0200 (Midden-Europese zomertijd),Wed Apr 15 2026 17:03:51 GMT+0200 (Midden-Europese zomertijd)
1a908c32-fdde-40a2-9373-36fa7f6c2b3f,6b427de6-113e-496c-adba-0645686f1a1d,B007,41d09e8c-c857-457c-a799-ffc0539e7722,,open,klein,redacteur,"Op de pagina staat een afbeelding van een persoon die hout in een houtkachel legt. Dit is een sfeerbeeld dat de inhoud van de pagina ondersteunt maar geen aanvullende informatie geeft.

De informatie die de afbeelding overbrengt, is al aanwezig in de paginatitel en de tekst op de pagina. De afbeelding heeft nu een beschrijvende alternatieve tekst (""Persoon legt hout in een houtkachel waarin een vuur brandt.""). Deze beschrijft wat er visueel te zien is, terwijl een alt-tekst bedoeld is om de betekenis van de afbeelding over te brengen.
Omdat de afbeelding geen extra betekenis toevoegt, wordt met deze alt-tekst informatie dubbel aangeboden aan gebruikers van schermlezers.","Geef de afbeelding een leeg alt-attribuut (alt=""""), zodat hulpsoftware de afbeelding overslaat en dubbele informatie wordt voorkomen.",,,1,Sun Apr 12 2026 16:36:42 GMT+0200 (Midden-Europese zomertijd),Mon Apr 13 2026 12:31:00 GMT+0200 (Midden-Europese zomertijd)
5d8d4cdc-bf22-4b54-8eb0-f2de20f18241,6b427de6-113e-496c-adba-0645686f1a1d,B006,4cb21fff-b4e0-4bd5-a312-f472f8541396,,open,klein,redacteur,"Op de pagina staat een knop met de tekst “Aanmelden inwonerspanel”. De volledige tekst is opgemaakt met een <strong>-element. Dit element geeft aan dat tekst extra nadruk heeft, maar op een knop voegt dit geen betekenis toe.

Dit komt ook voor op de pagina bomenkappen waar de kolomkoppen van de tabel zijn opgemaakt met <strong> binnen de <th>-elementen. De kolomkoppen zijn al als kop gemarkeerd, waardoor extra nadruk met <strong> overbodig is.",Verwijder het <strong>-element uit de linktekst en de kolomkoppen.,,,3,Sun Apr 12 2026 16:12:44 GMT+0200 (Midden-Europese zomertijd),Mon Apr 13 2026 12:48:27 GMT+0200 (Midden-Europese zomertijd)
13b82366-71e2-4b20-9da5-1f4c39f27ca0,6b427de6-113e-496c-adba-0645686f1a1d,B009,967dd178-96c9-487f-aaf9-6508032abe65,,open,klein,redacteur,"Op de pagina zijn de h1 en de eerste h2 nagenoeg identiek. De h1 luidt “Contactformulier - eemnes” en de h2 “Contactformulier eemnes”.

De h2 beschrijft de inhoud van het formulieronderdeel niet maar herhaalt alleen de h1 (paginatitel). Hierdoor geeft de kop geen duidelijke informatie over de inhoud.","Vervang de h2 door een beschrijvende kop die aangeeft wat er in dit onderdeel van het formulier gebeurt, bijvoorbeeld “Over dit formulier”.",,,1,Sun Apr 12 2026 17:23:29 GMT+0200 (Midden-Europese zomertijd),Mon Apr 13 2026 12:59:49 GMT+0200 (Midden-Europese zomertijd)
b0311cde-b74a-40de-91b3-92022f83d84a,6b427de6-113e-496c-adba-0645686f1a1d,B015,35d250a4-d5a2-4d75-9ebd-6fc4c6da9cbc,,resolved,,,"Op de website is een versie voor hoog contrast aanwezig. Deze is aan te zetten door middel van een zogenaamde ""contrast switch"".
Dit succescriterium is volledig getest in de modus voor hoog contrast. De versie voor hoog contrast wordt gezien als een alternatief voor de standaard versie.

Hierdoor kunnen er contrastproblemen zijn in de standaard versie. Deze zijn verder niet beoordeeld.","We adviseren om ook de standaard versie te voorzien van voldoende kleurcontrast in alle teksten. Dit bevordert de toegankelijkheid van de website voor bezoekers met een zichtbeperking. 

Teksten met voldoende kleurcontrast lezen ook makkelijker voor alle lezers. Het lezen is hierdoor minder intensief, kost minder energie en het lezen wordt (onbewust) als prettiger ervaren. Hierdoor is de lezer eerder geneigd om over te gaan tot activatie.

De versie voor hoog contrast kan dan vervolgens ingezet worden voor een ""verhoogd contrast"", waarbij wordt voldaan aan succescriterium [WCAG 1.4.6 Verhoogd contrast (niveau AAA)](https://www.w3.org/WAI/WCAG22/Understanding/contrast-enhanced.html).",,,0,Mon Apr 13 2026 10:12:26 GMT+0200 (Midden-Europese zomertijd),Mon Apr 13 2026 10:12:26 GMT+0200 (Midden-Europese zomertijd)
707701d2-5a7b-40e9-ab7e-109c4b1a79fc,40e99423-9ded-4123-b726-c0e467b79843,B019,746bbe4a-dccb-4e47-8533-f973001a5986,,open,matig,redacteur,De instructie “Klik op de afbeelding om het voorlopig ontwerp beter te bekijken.” is onduidelijk omdat niet duidelijk is welke afbeelding hier bedoeld wordt. Alleen gebruikers die de pagina zien kunnen dit bepalen. Omdat de tekst en de afbeelding niet aan elkaar gekoppeld zijn in de code kunnen schermlezergebruikers deze relatie niet leggen.,"Vervang de instructie door een tekstlink direct bij de afbeelding, bijvoorbeeld: ""Bekijk het voorlopig ontwerp in grotere weergave"". Dan is de actie voor alle bezoekers gelijk toegankelijk en is de losse instructie niet meer nodig",,,0,Thu Apr 09 2026 16:13:59 GMT+0200 (Midden-Europese zomertijd),Mon Apr 13 2026 10:23:33 GMT+0200 (Midden-Europese zomertijd)
fb4f646a-33a0-4b61-a39d-ae7010070745,6b427de6-113e-496c-adba-0645686f1a1d,B019,c5da9884-1520-4257-9c7c-cfdf3e78c7a6,,open,klein,redacteur,"Het PDF-document heeft in de bestandseigenschappen wel een titel, namelijk “Geanonimiseerd document”. Deze titel beschrijft de inhoud van het document echter onvoldoende.

Voor PDF-documenten is het belangrijk dat een duidelijke en beschrijvende documenttitel aanwezig is die de inhoud van het document goed weergeeft.

","Stel een betekenisvolle en beschrijvende titel in die de inhoud van het document correct weergeeft. Doe dit bij voorkeur al in het bronbestand (bijvoorbeeld in Word of InDesign) voordat je exporteert naar PDF.

Controleer in  Adobe Acrobat Pro of de titel correct is ingevuld in de documenteigenschappen en sla het document vervolgens opnieuw op om de wijzigingen door te voeren.",,,1,Mon Apr 13 2026 10:39:00 GMT+0200 (Midden-Europese zomertijd),Mon Apr 13 2026 10:41:10 GMT+0200 (Midden-Europese zomertijd)
aa8e3232-4ecd-4fd2-ba94-ada625c47567,6b427de6-113e-496c-adba-0645686f1a1d,B017,41d09e8c-c857-457c-a799-ffc0539e7722,,open,klein,redacteur,"In het PDF-document staat bovenin het logo van Gemeente Eemnes. Dit logo is niet als afbeelding getagd en wordt daarom genegeerd door schermlezers.

","Tag het logo op pagina 1 als afbeelding en geef het een tekstalternatief, bijvoorbeeld ""Logo Gemeente Eemnes"". Voorzie het tekstalternatief in het bronbestand en exporteer het document daarna opnieuw als PDF.",,,3,Mon Apr 13 2026 10:28:31 GMT+0200 (Midden-Europese zomertijd),Mon Apr 13 2026 10:30:14 GMT+0200 (Midden-Europese zomertijd)
3fbb24e7-ab6e-49a8-9a60-e097c2f8a6b0,6b427de6-113e-496c-adba-0645686f1a1d,B018,4cb21fff-b4e0-4bd5-a312-f472f8541396,,open,serieus,redacteur,"Het PDF-document is niet getagd. Dit wil zeggen dat er geen structuur is aangegeven in het bestand door middel van tags. Hulpsoftware (zoals een screenreader) kan hierdoor niet bepalen wat koppen, lijsten en dergelijke zijn en zal afbeeldingen negeren. ","Als het bestand correct getagd wordt, kan hulpsoftware beter de structuur en relaties bepalen. Bij koppen kan dan bijvoorbeeld worden voorgelezen dat dit koppen zijn. In veel gevallen kan dit probleem worden opgelost door het document vanuit het bronbestand (meestal in Word of InDesign) opnieuw te exporteren naar PDF, maar dan inclusief tags of labels. 

Omdat nu de tags ontbreken, kunnen andere succescriteria zoals 1.1.1 en 1.3.2 niet onderzocht worden. Let daarom op dat bij het oplossen van dit probleem nieuwe toegankelijkheidsproblemen kunnen ontstaan.",,,7,Mon Apr 13 2026 10:33:24 GMT+0200 (Midden-Europese zomertijd),Mon Apr 13 2026 10:33:24 GMT+0200 (Midden-Europese zomertijd)
aab3e689-115c-4708-a433-9ea58b0c7d33,40e99423-9ded-4123-b726-c0e467b79843,B035,c5da9884-1520-4257-9c7c-cfdf3e78c7a6,,open,klein,redacteur,"Het PDF-document heeft in de bestandseigenschappen wel een titel, namelijk “Geanonimiseerd document”. Deze titel beschrijft de inhoud van het document echter onvoldoende.

Voor PDF-documenten is het belangrijk dat een duidelijke en beschrijvende documenttitel aanwezig is die de inhoud van het document goed weergeeft.","Stel een betekenisvolle en beschrijvende titel in die de inhoud van het document correct weergeeft. Doe dit bij voorkeur al in het bronbestand (bijvoorbeeld in Word of InDesign) voordat je exporteert naar PDF.

Controleer in Adobe Acrobat Pro of de titel correct is ingevuld in de documenteigenschappen en sla het document vervolgens opnieuw op om de wijzigingen door te voeren.",,,1,Fri Apr 10 2026 09:53:29 GMT+0200 (Midden-Europese zomertijd),Mon Apr 13 2026 10:40:22 GMT+0200 (Midden-Europese zomertijd)
b65cbda7-7854-43da-b669-11ad04cd4b09,6b427de6-113e-496c-adba-0645686f1a1d,B016,9b23fa6b-a0de-4779-b78a-2649f20d17e7,,resolved,,,"Op de website is een versie voor hoog contrast aanwezig. Deze is aan te zetten door middel van een zogenaamde ""contrast switch"". Dit succescriterium is volledig getest in de modus voor hoog contrast. De versie voor hoog contrast wordt gezien als een alternatief voor de standaard versie.

Hierdoor kunnen er contrastproblemen zijn met grafische elementen in de standaard versie. Deze zijn verder niet beoordeeld.","We adviseren om ook de standaard versie te voorzien van voldoende contrast voor grafische elementen, zoals iconen, knoppen en formuliervelden. Dit bevordert de toegankelijkheid van de website voor bezoekers met een zichtbeperking. De versie voor hoog contrast kan dan vervolgens ingezet worden voor een ""verhoogd contrast"".",,,0,Mon Apr 13 2026 10:16:32 GMT+0200 (Midden-Europese zomertijd),Tue Apr 21 2026 18:45:03 GMT+0200 (Midden-Europese zomertijd)
767bbb74-4936-420c-8739-f3c306f79148,6b427de6-113e-496c-adba-0645686f1a1d,B020,41d09e8c-c857-457c-a799-ffc0539e7722,,open,serieus,redacteur,"Op de pagina is een interactieve kaart opgenomen die de strooiroutes van de gemeente Eemnes toont. Deze kaart is ingebonden via een iframe. Online kaarten en karteringsdiensten vallen onder een uitzondering voor de toegankelijkheidseisen, maar deze uitzondering geldt alleen voor de kaarttechniek, niet voor de informatie die via de kaart wordt aangeboden.

De informatie over de strooiroutes is momenteel alleen via de kaart beschikbaar. Op de pagina ontbreekt een tekstueel alternatief waarin deze informatie toegankelijk wordt aangeboden.

De kaart bevat een zoekfunctie, maar deze vormt geen aantoonbaar toegankelijk alternatief. Hierdoor is niet gegarandeerd dat de informatie voor alle gebruikers toegankelijk beschikbaar is.


","Zorg dat de essentiële informatie uit de kaart (zoals welke straten onder welke strooiroute vallen) ook op een toegankelijke manier wordt aangeboden, bijvoorbeeld via een tekstueel overzicht, tabel of een aantoonbaar toegankelijke zoekfunctie.",,,4,Mon Apr 13 2026 11:18:03 GMT+0200 (Midden-Europese zomertijd),Mon Apr 13 2026 11:18:03 GMT+0200 (Midden-Europese zomertijd)
bdc2bc4b-9cdc-4801-9473-bf67cb1dc440,40e99423-9ded-4123-b726-c0e467b79843,B023,41d09e8c-c857-457c-a799-ffc0539e7722,,open,klein,redacteur,"Op de pagina staan drie iconen onder de koppen ""Telefoonnummer"", ""Openingstijden"" en ""Contactformulier"". 
Aan elk icoon is een tekstbeschrijving gekoppeld die een schermlezer voorleest aan blinde gebruikers. 
De iconen bij ""Telefoonnummer"" (een telefoon) en ""Contactformulier"" (een huisje) zijn puur decoratief. De kop erboven vertelt al waar de sectie over gaat. Een schermlezer leest eerst de kop voor en daarna de beschrijving van het icoontje dat is dubbel en verwarrend.
Het icoon bij ""Openingstijden"" toont het woord ""OPEN"". De huidige alt-tekst ""Icoon van een hangend bordje met de tekst 'open'"" is te uitgebreid. Alleen de tekst op het icoon is relevant.","Geef de iconen bij ""Telefoonnummer"" en ""Contactformulier"" een leeg alt-attribuut (alt=""""). Pas de alt-tekst van het openingstijden-icoon aan naar alt=""OPEN"".",,,6,Thu Apr 09 2026 17:29:17 GMT+0200 (Midden-Europese zomertijd),Mon Apr 13 2026 11:40:59 GMT+0200 (Midden-Europese zomertijd)
a130a3dc-dae5-45b2-9a1a-2062e605541b,40e99423-9ded-4123-b726-c0e467b79843,B006,4cb21fff-b4e0-4bd5-a312-f472f8541396,,open,matig,redacteur,"Op meerdere pagina’s zijn opsommingen visueel als lijst weergegeven, maar niet als lijst in de code opgemaakt.

Op de pagina koninklijke-erepenning
staat onder de kop “Overzicht Koninklijke erepenninghouders” een opsomming van erepenninghouders die is opgebouwd als één alinea met regelafbrekingen (br). Hierdoor kunnen hulptechnologieën niet herkennen dat het om een lijst gaat.

Ook onder de kop “Hoe werkt de aanvraag?” zijn de vijf stappen visueel genummerd, maar in de code opgemaakt als losse alinea’s met handmatige nummering. Daarnaast is de bijlagenlijst onder stap 2 niet genest binnen het bijbehorende stap-item, waardoor de hiërarchische structuur niet programmatisch bepaald kan worden.

Op de pagina crimineel gedrag
 zijn de vier opsommingsitems onder de kop “Wat moet u doen” eveneens opgebouwd als één alinea met regelafbrekingen (br). Hierdoor kan hulpsoftware niet aangeven dat het een lijst betreft of uit hoeveel onderdelen deze bestaat.","Maak van deze opsommingen echte lijsten in de code. Gebruik een ongeordende lijst (ul) voor opsommingen en een geordende lijst (ol) voor genummerde stappen. Zorg er daarnaast voor dat onderliggende opsommingen (zoals de bijlagen onder stap 2) correct genest worden binnen het bijbehorende lijstitem, zodat de structuur goed wordt doorgegeven aan hulpsoftware.",,,3,Wed Apr 08 2026 16:23:01 GMT+0200 (Midden-Europese zomertijd),Mon Apr 13 2026 12:07:16 GMT+0200 (Midden-Europese zomertijd)
425634ad-3681-4192-b042-79f430db84b2,0df762bc-d4cf-4000-bcd1-a8b9d8c3a55a,B001,4cb21fff-b4e0-4bd5-a312-f472f8541396,,open,klein,redacteur,"Op de homepage staat onder de kop “Of bent u op zoek naar...” een overzicht met twaalf links, zoals Nieuws, Gemeentelijke belastingen en Verhuizen. Visueel is dit een opsomming. Deze links staan echter in code niet als lijst opgemaakt. Daardoor kan hulpsoftware niet herkennen dat het om een lijst gaat. 
In te footer staan onder de kop “Volg de gemeente” twee links naar sociale media (Facebook en Instagram). Deze links zijn geplaatst in een p-element, terwijl ze visueel een opsomming vormen. Hierdoor is de lijststructuur niet programmatisch vastgelegd en kan hulpsoftware niet bepalen dat het om een lijst met meerdere items gaat.",Plaats de links in een ongeordende lijst.,,,0,Wed Apr 15 2026 09:24:06 GMT+0200 (Midden-Europese zomertijd),Wed Apr 15 2026 09:25:41 GMT+0200 (Midden-Europese zomertijd)
37e952da-3398-4a57-9780-b5593766c98f,0df762bc-d4cf-4000-bcd1-a8b9d8c3a55a,B011,4cb21fff-b4e0-4bd5-a312-f472f8541396,,resolved,,,"De knop ""Zorgmelding doorgeven"" is opgemaakt als een link waarbij de volledige knoptekst in een <strong>-element staat. Het <strong>-element is bedoeld om nadruk aan te geven en is hier niet nodig. De opmaak van een knop hoort via CSS te worden geregeld.",Verwijder het <strong>-element en regel de opmaak via CSS.,,,3,Wed Apr 15 2026 16:38:17 GMT+0200 (Midden-Europese zomertijd),Wed Apr 15 2026 21:04:05 GMT+0200 (Midden-Europese zomertijd)
a420f9fe-379c-4d2b-822e-fe6cd0677015,0df762bc-d4cf-4000-bcd1-a8b9d8c3a55a,B004,41d09e8c-c857-457c-a799-ffc0539e7722,,open,klein,redacteur,"Op de pagina staat een afbeelding met voorbeelden van goed en verkeerd gesnoeide heggen. De tekst die bij de afbeelding hoort (de alt-tekst) is precies hetzelfde als het bijschrift onder de afbeelding.
Hierdoor wordt dezelfde informatie twee keer voorgelezen aan gebruikers van hulpsoftware zoals een schermlezer.

Omdat het bijschrift de afbeelding al goed uitlegt, is een alt-tekst niet nodig.","Gebruik een lege alt-tekst (alt=""""), zodat de informatie niet dubbel wordt voorgelezen.",,,1,Wed Apr 15 2026 10:56:48 GMT+0200 (Midden-Europese zomertijd),Wed Apr 15 2026 10:56:48 GMT+0200 (Midden-Europese zomertijd)
ca08d5ab-0460-4bcc-81e3-4c8cb45816ef,0df762bc-d4cf-4000-bcd1-a8b9d8c3a55a,B006,4cb21fff-b4e0-4bd5-a312-f472f8541396,,open,matig,redacteur,"Op meerdere pagina’s klopt de koppenstructuur niet, waardoor de hiërarchie van de content niet goed wordt overgebracht aan hulpsoftware.

Op de pagina bekendmakingen en verordeningen volgt na de paginatitel (h1) direct een aantal koppen van niveau h3 zoals “Bekendmakingen”, “Verordeningen” en “Bekendmakingen in uw buurt of wijk”. Het niveau h2 ontbreekt, waardoor de structuur een stap overslaat.

Op de pagina duurzaam is de kop “Blaricum Duurzaam” opgemaakt als h2. De onderliggende berichten, zoals “Isolatieactie” en “Energieklus” zijn ook als h2 opgemaakt. Hierdoor is niet duidelijk dat deze onderdelen onder “Blaricum Duurzaam” vallen.

Dit zorgt ervoor dat gebruikers van schermlezers de structuur van de pagina minder goed kunnen begrijpen en moeilijker kunnen navigeren.

","Zorg voor een logische en opeenvolgende koppenstructuur zonder niveaus over te slaan. Gebruik op de pagina “Bekendmakingen en verordeningen” koppen van niveau h2 in plaats van h3. Laat op de pagina “Duurzaam” de kop “Blaricum Duurzaam” staan als h2 en geef de onderliggende berichten een lager kopniveau.

",,,2,Wed Apr 15 2026 11:08:01 GMT+0200 (Midden-Europese zomertijd),Wed Apr 15 2026 11:08:01 GMT+0200 (Midden-Europese zomertijd)
a6fc3bf5-719e-41e6-86d5-0b4ad1944a8b,0df762bc-d4cf-4000-bcd1-a8b9d8c3a55a,B008,967dd178-96c9-487f-aaf9-6508032abe65,,open,klein,redacteur,"De h1 en h2 van stap 1 van het formulier zijn nagenoeg identiek: de h1 luidt ""Contactformulier - Blaricum"" en de h2 luidt ""Contactformulier Blaricum"". De h2 beschrijft de inhoud van de stap niet, zij herhaalt alleen de formuliernaam.","Vervang de h2 door een beschrijvende staptitel die aangeeft wat er in deze stap wordt gevraagd. Bijvoorbeeld ""Over dit formulier"".",,,1,Wed Apr 15 2026 11:15:44 GMT+0200 (Midden-Europese zomertijd),Wed Apr 15 2026 11:15:44 GMT+0200 (Midden-Europese zomertijd)
09d58aad-4872-43c4-b68e-e393b812735f,0df762bc-d4cf-4000-bcd1-a8b9d8c3a55a,B009,967dd178-96c9-487f-aaf9-6508032abe65,,open,klein,redacteur,"Op de homepage staat een kop H2 met de tekst ""Of bent u op zoek naar..."". Deze kop beschrijft de inhoud van de sectie niet, maar stelt een vraag. Hierdoor is het voor gebruikers die via koppen navigeren niet duidelijk wat er in deze sectie staat.","Vervang de kop door een beschrijvende titel die aangeeft wat de sectie bevat, bijvoorbeeld ""Veelgevraagde onderwerpen"" of ""Populaire onderwerpen"".",,,2,Wed Apr 15 2026 13:06:49 GMT+0200 (Midden-Europese zomertijd),Wed Apr 15 2026 13:06:49 GMT+0200 (Midden-Europese zomertijd)
bd12418c-0116-40a4-9dfd-aacaeb60859e,0df762bc-d4cf-4000-bcd1-a8b9d8c3a55a,B010,967dd178-96c9-487f-aaf9-6508032abe65,,open,klein,redacteur,"De Kop “Wees dit voor” op deze pagina beschrijft het onderwerp van de sectie niet duidelijk. Ook binnen de paginacontext blijft de betekenis onduidelijk. Hierdoor is voor gebruikers die via koppen navigeren niet duidelijk wat zij in deze sectie kunnen verwachten.
","Gebruik een beschrijvende koptekst die het onderwerp van de alinea weergeeft, zoals ""Regelmatig onderhoud voorkomt overlast"".",,,3,Wed Apr 15 2026 13:08:09 GMT+0200 (Midden-Europese zomertijd),Wed Apr 15 2026 13:08:09 GMT+0200 (Midden-Europese zomertijd)
969162f1-caac-431e-a17e-b3c02a6bae05,3f70b18e-a30c-462c-87c1-1787f6756edb,B014,35d250a4-d5a2-4d75-9ebd-6fc4c6da9cbc,,resolved,,,"Op de website is een versie voor hoog contrast aanwezig. Deze is aan te zetten door middel van een zogenaamde ""contrast switch"".
Dit succescriterium is volledig getest in de modus voor hoog contrast. De versie voor hoog contrast wordt gezien als een alternatief voor de standaard versie.

Hierdoor kunnen er contrastproblemen zijn in de standaard versie. Deze zijn verder niet beoordeeld.","We adviseren om ook de standaard versie te voorzien van voldoende kleurcontrast in alle teksten. Dit bevordert de toegankelijkheid van de website voor bezoekers met een zichtbeperking. 

Teksten met voldoende kleurcontrast lezen ook makkelijker voor alle lezers. Het lezen is hierdoor minder intensief, kost minder energie en het lezen wordt (onbewust) als prettiger ervaren. Hierdoor is de lezer eerder geneigd om over te gaan tot activatie.

De versie voor hoog contrast kan dan vervolgens ingezet worden voor een ""verhoogd contrast"", waarbij wordt voldaan aan succescriterium [WCAG 1.4.6 Verhoogd contrast (niveau AAA)](https://www.w3.org/WAI/WCAG22/Understanding/contrast-enhanced.html).",,,2,Fri Apr 24 2026 11:25:58 GMT+0200 (Midden-Europese zomertijd),Fri Apr 24 2026 11:25:58 GMT+0200 (Midden-Europese zomertijd)
9e1d438e-884e-4260-bae4-d56842905d84,0df762bc-d4cf-4000-bcd1-a8b9d8c3a55a,B014,4cb21fff-b4e0-4bd5-a312-f472f8541396,,open,serieus,redacteur,"In het pdf document staan meerdere uitgelichte tekstkaders met een gele achtergrond die niet zijn getagd en daardoor niet worden voorgelezen door hulpsoftware. Een voorbeeld is de tekst op pagina 4: ""Bereken welke vorm van participatie past."" Dit probleem komt op meerdere pagina's voor.",Tag de uitgelichte tekstkaders als alinea-elementen in het bronbestand en exporteer het document daarna opnieuw als PDF.,,,7,Thu Apr 16 2026 16:40:01 GMT+0200 (Midden-Europese zomertijd),Fri Apr 17 2026 10:11:20 GMT+0200 (Midden-Europese zomertijd)
8a7200ef-2ce5-45eb-ad51-dca255969d6b,e139aa31-44cb-4d11-8af5-58b8a711f2a9,B005,41d09e8c-c857-457c-a799-ffc0539e7722,,open,klein,redacteur,"Op de pagina staan portretfoto's van de bestuursleden. Elke afbeelding heeft een leeg alt-attribuut (alt=""""), wat betekent dat de foto's voor hulpsoftware als decoratief worden behandeld. Hierdoor weten gebruikers van hulpsoftware, zoals een schermlezer, niet dat er een portretfoto van de bestuurder op de pagina staat.","Geef elke portretfoto een tekstalternatief dat aangeeft dat het om een portret van de betreffende persoon gaat, bijvoorbeeld alt=""Portret van Roland van Benthem"".",,,0,Sat Apr 18 2026 13:05:43 GMT+0200 (Midden-Europese zomertijd),Mon Apr 20 2026 17:07:10 GMT+0200 (Midden-Europese zomertijd)
f5026cb2-e36a-4bb4-9981-e3417f6b98e4,b160cb88-c117-43c1-ac24-66c9da3f77b8,B008,4cb21fff-b4e0-4bd5-a312-f472f8541396,,open,klein,redacteur,"De volledige ""Weetje""-zin staat in een em-element, en het woord ""Weetje:"" staat daarnaast ook in een strong-element. Em en strong zijn bedoeld voor een woord of zinsdeel, niet voor een hele zin. Door em om de hele zin te plaatsen verliest de nadruk zijn betekenis.","Beperk de nadrukopmaak tot het woord ""Weetje:"" en gebruik daarvoor em of strong, niet beide tegelijk.",,,5,Fri Apr 24 2026 11:25:35 GMT+0200 (Midden-Europese zomertijd),Fri Apr 24 2026 11:25:35 GMT+0200 (Midden-Europese zomertijd)
d8f1d3ae-154d-4511-86f8-ac0a7ab443d7,0df762bc-d4cf-4000-bcd1-a8b9d8c3a55a,B017,89d02ab5-a3ba-47aa-8c7b-9c740cc8a23d,,resolved,,,Op pagina 10 staat een klikbare link naar het Omgevingsloket. De link heeft geen onderstreping en wijkt niet af in kleur van de omringende tekst. De link is daardoor voor alle gebruikers visueel niet herkenbaar als klikbaar element.,Onderstreep de link of geef deze een afwijkende kleur zodat deze herkenbaar is als klikbaar element.,,,0,Fri Apr 17 2026 09:44:16 GMT+0200 (Midden-Europese zomertijd),Fri Apr 17 2026 09:44:16 GMT+0200 (Midden-Europese zomertijd)
45c4b290-57ef-45db-b207-3c7772f39f8c,0df762bc-d4cf-4000-bcd1-a8b9d8c3a55a,B018,4cb21fff-b4e0-4bd5-a312-f472f8541396,,open,serieus,redacteur,Op pagina 10 van het pdf document staat een klikbare link naar het Omgevingsloket. De link is niet als link getagd in de tagstructuur. Een screenreadergebruiker hoort de URL voorgelezen als gewone tekst en kan de link niet activeren.,Tag de URL als een klikbare link in het bronbestand en exporteer het document daarna opnieuw als PDF.,,,10,Fri Apr 17 2026 09:51:22 GMT+0200 (Midden-Europese zomertijd),Fri Apr 17 2026 09:51:22 GMT+0200 (Midden-Europese zomertijd)
8039023d-21b9-4a5e-b0db-abd72be91856,b160cb88-c117-43c1-ac24-66c9da3f77b8,B005,967dd178-96c9-487f-aaf9-6508032abe65,,resolved,,,Op de pagina staat een kop met de tekst “Meer weten”. Deze kop beschrijft het onderwerp van de sectie niet.,Zorg dat de kop het onderwerp van de sectie duidelijk beschrijft. Gebruik bijvoorbeeld “Meer informatie over de identiteitskaart”.,,,0,Fri Apr 24 2026 11:25:35 GMT+0200 (Midden-Europese zomertijd),Fri Apr 24 2026 11:25:35 GMT+0200 (Midden-Europese zomertijd)
096db7cc-5733-401d-af09-0100d26a674f,b160cb88-c117-43c1-ac24-66c9da3f77b8,B003,4cb21fff-b4e0-4bd5-a312-f472f8541396,,open,klein,redacteur,Op de pagina is de waarschuwing “We verwachten dit jaar een groot aantal aanvragen.” en “Maak op tijd een afspraak” opgemaakt met de elementen strong en em. Deze elementen worden hier gebruikt voor visuele opmaak in plaats van voor inhoudelijke nadruk.,Gebruik de elementen strong en em alleen wanneer nadruk inhoudelijk van belang is. Verwijder de vet- en cursiefopmaak in deze gevallen en regel de visuele presentatie via CSS.,,,1,Fri Apr 24 2026 11:25:35 GMT+0200 (Midden-Europese zomertijd),Fri Apr 24 2026 11:25:35 GMT+0200 (Midden-Europese zomertijd)
74db797f-f2b9-4674-9495-b83341944597,b160cb88-c117-43c1-ac24-66c9da3f77b8,B001,4cb21fff-b4e0-4bd5-a312-f472f8541396,,open,klein,redacteur,"Op alle pagina's van de website staan in de footer drie koppen (""Gemeente IJsselstein"", ""Meer informatie"" en ""Volg ons op""). De tekst van deze koppen staat in een strong-element. Het strong-element markeert de tekst onbedoeld ook als benadrukt. Screenreadergebruikers horen de tekst daardoor onnodig als benadrukt aangekondigd.
Dit geldt ook voor de linktekst van de knoppen ""Contact en openingstijden"" en ""Meld u aan voor de nieuwsbrief""
Dit komt op meerdere pagina's voor
zoals: https://www.ijsselstein.nl/evenementenvergunning
https://www.ijsselstein.nl/hitteschild-2-tot-4
",Verwijder het strong-element uit de footerkoppen en knoppen. ,,,0,Fri Apr 24 2026 11:25:35 GMT+0200 (Midden-Europese zomertijd),Fri Apr 24 2026 11:25:35 GMT+0200 (Midden-Europese zomertijd)
d27ffe7c-a1cc-4d97-9e09-fdef0ea00e12,b160cb88-c117-43c1-ac24-66c9da3f77b8,B006,4cb21fff-b4e0-4bd5-a312-f472f8541396,,open,klein,redacteur,"In de footer staat onder de kop ""Meer informatie"" een groep van drie links (""Over deze site"", ""Hulp bij de website"", ""Webarchief""). Visueel is dit een lijst maar in de code staan ze in één alinea gescheiden door br-tags. De lijststructuur is daarmee niet programmatisch bepaalbaar.","Zet de drie links in de footer onder ""Meer informatie"" in een ongeordende lijst. ",,,3,Fri Apr 24 2026 11:25:35 GMT+0200 (Midden-Europese zomertijd),Fri Apr 24 2026 11:25:35 GMT+0200 (Midden-Europese zomertijd)
cf84a189-089e-44c5-aa80-83003701418e,b160cb88-c117-43c1-ac24-66c9da3f77b8,B021,cd31b01e-f6f1-4e3a-bbbe-c83d8c570848,,open,matig,redacteur,In de sidebar staan twee links met de tekst “Voorbeeld veiligheidsplan” die naar verschillende bestanden verwijzen. Het bestandsformaat staat buiten de link en maakt geen deel uit van de linktekst. Hierdoor zijn de links niet van elkaar te onderscheiden.,"Zorg dat de links van elkaar te onderscheiden zijn door het bestandsformaat op te nemen in de linktekst, bijvoorbeeld “Voorbeeld veiligheidsplan (docx)” en “Voorbeeld veiligheidsplan (pdf)”.",,,4,Fri Apr 24 2026 11:25:35 GMT+0200 (Midden-Europese zomertijd),Fri Apr 24 2026 11:25:35 GMT+0200 (Midden-Europese zomertijd)
57130f38-dc92-4695-90ab-92450b633a39,b160cb88-c117-43c1-ac24-66c9da3f77b8,B007,4cb21fff-b4e0-4bd5-a312-f472f8541396,,resolved,,,"
In de footer staan onder de kop ""Gemeente IJsselstein"" het adres en het telefoonnummer samen in één alinea (<p>), gescheiden door een <br>-tag. Het zijn twee verschillende soorten informatie die elk een eigen alinea horen te hebben.",Splits het adres en het telefoonnummer in twee aparte alinea's ,,,4,Fri Apr 24 2026 11:25:35 GMT+0200 (Midden-Europese zomertijd),Fri Apr 24 2026 11:25:35 GMT+0200 (Midden-Europese zomertijd)
3a72999e-6f19-416d-a1f5-811ec137ae57,b160cb88-c117-43c1-ac24-66c9da3f77b8,B004,4cb21fff-b4e0-4bd5-a312-f472f8541396,,resolved,,redacteur,"Onder de kop ""Spoedaanvraag"" staat een lijst met één item. Een lijst hoort twee of meer items te bevatten. De tekst kan beter als alinea worden opgemaakt.

Dit geld ook voor de pagina sportparken en sporthallen on de de kop Vergaderruimte 1",Vervang de lijst onder de kop door een alinea,,,2,Fri Apr 24 2026 11:25:35 GMT+0200 (Midden-Europese zomertijd),Fri Apr 24 2026 11:25:35 GMT+0200 (Midden-Europese zomertijd)
d8670438-f3f7-4c56-a19c-09253339cca9,b160cb88-c117-43c1-ac24-66c9da3f77b8,B002,cd31b01e-f6f1-4e3a-bbbe-c83d8c570848,,open,klein,redacteur,Op alle pagina’s van de website staat in de footer het telefoonnummer “14 030” als link. De linktekst beschrijft het doel van de link niet.,Zorg dat de linktekst het doel van de link duidelijk beschrijft. Gebruik bijvoorbeeld “Bel 14 030” of “Telefoonnummer: 14 030”.,,,0,Fri Apr 24 2026 11:25:35 GMT+0200 (Midden-Europese zomertijd),Fri Apr 24 2026 11:25:35 GMT+0200 (Midden-Europese zomertijd)
8ac22e37-2b7a-474b-b577-2801bbe40b96,b160cb88-c117-43c1-ac24-66c9da3f77b8,B009,41d09e8c-c857-457c-a799-ffc0539e7722,,open,matig,redacteur,"Op de pagina staat onder de kop ""Hondenuitlaatkaart"" een interactieve kaart. Online kaarten vallen onder de wettelijke uitzondering, maar die uitzondering geldt alleen voor de kaarttechniek, niet voor de informatie die via de kaart wordt aangeboden. De kaart toont twee soorten informatie: de losloopvelden en de routes tussen die velden. De losloopvelden zijn ook als tekst beschikbaar op de pagina, in de lijst onder ""Losloopgebieden in IJsselstein"". De routes zijn dat niet. De tekst vermeldt alleen dat deze routes bestaan en dat daarop aanlijn- en opruimplicht geldt, maar welke straten of paden de routes volgen is uitsluitend via de kaart te achterhalen. Daarmee is de kaart de enige manier om deze informatie te verkrijgen.","Voeg op de pagina een tekstuele beschrijving toe van de hondenuitlaatroutes, bijvoorbeeld als een lijst van straten of paden per route. Zo is de informatie ook beschikbaar voor gebruikers die de kaart niet kunnen gebruiken.",,,0,Fri Apr 24 2026 11:25:35 GMT+0200 (Midden-Europese zomertijd),Fri Apr 24 2026 11:25:35 GMT+0200 (Midden-Europese zomertijd)
e37a8bab-e561-4855-8fff-5b17f52baf72,b160cb88-c117-43c1-ac24-66c9da3f77b8,B016,cf8f7d38-2002-4ede-aa09-a382fd4c22f5,,open,serieus,redacteur,"Op de pagina staan twee promotieafbeeldingen voor de IJsselstein-route en de IJsselveld-route. Deze afbeeldingen bevatten tekstuele informatie, zoals de routenaam, een beschrijving, app-functies en routeafstanden. Deze informatie is niet als tekst beschikbaar op de pagina.","Zorg dat de informatie uit de afbeeldingen ook als tekst op de pagina beschikbaar is, zodat deze door hulpsoftware gelezen en door gebruikers aangepast kan worden.
",,,0,Fri Apr 24 2026 11:25:35 GMT+0200 (Midden-Europese zomertijd),Fri Apr 24 2026 11:25:35 GMT+0200 (Midden-Europese zomertijd)
ea10f5a4-430f-418e-bc80-f010588b82de,0df762bc-d4cf-4000-bcd1-a8b9d8c3a55a,B022,35d250a4-d5a2-4d75-9ebd-6fc4c6da9cbc,,open,serieus,redacteur,"In het PDF-document staat op elke pagina een blauwe kolom met witte tekst. De tekstkleur #FFFFFF heeft onvoldoende contrast met de achtergrondkleur #629DD1. Het kleurcontrast is 2,9:1. Hierdoor is de tekst slecht leesbaar voor mensen met een verminderd gezichtsvermogen.","Het contrast van normale tekst moet minimaal 4,5:1 zijn en voor grote tekst minimaal 3,0:1. Maak de blauwe achtergrondkleur donkerder zodat het contrast met de witte tekst voldoet aan de eis. ",,,0,Fri Apr 17 2026 11:20:42 GMT+0200 (Midden-Europese zomertijd),Fri Apr 17 2026 11:20:42 GMT+0200 (Midden-Europese zomertijd)
1232b3a3-3159-4c93-be73-720002924770,0df762bc-d4cf-4000-bcd1-a8b9d8c3a55a,B019,4cb21fff-b4e0-4bd5-a312-f472f8541396,,open,serieus,redacteur,"Het volgende PDF-document is niet getagd. Dit wil zeggen dat er geen structuur is aangegeven in het bestand door middel van tags. Hulpsoftware (zoals een screenreader) kan hierdoor niet bepalen wat koppen, lijsten en dergelijke zijn en zal afbeeldingen negeren. ","Als het bestand correct getagd wordt, kan hulpsoftware beter de structuur en relaties bepalen. Bij koppen kan dan bijvoorbeeld worden voorgelezen dat dit koppen zijn. In veel gevallen kan dit probleem worden opgelost door het document vanuit het bronbestand (meestal in Word of InDesign) opnieuw te exporteren naar PDF, maar dan inclusief tags of labels. 

Omdat nu de tags ontbreken, kunnen andere succescriteria zoals 1.1.1 en 1.3.2 niet onderzocht worden. Let daarom op dat bij het oplossen van dit probleem nieuwe toegankelijkheidsproblemen kunnen ontstaan.",,,11,Fri Apr 17 2026 10:42:48 GMT+0200 (Midden-Europese zomertijd),Fri Apr 17 2026 10:42:48 GMT+0200 (Midden-Europese zomertijd)
49ef922e-ebc6-404a-af6a-ff626fab74d8,0df762bc-d4cf-4000-bcd1-a8b9d8c3a55a,B021,f9bb183a-eaa4-40fd-b878-91858322913f,,open,serieus,redacteur,"Het PDF-document is Nederlandstalig, maar in de documenteigenschappen is Engels ingesteld als taal. Hierdoor leest een schermlezer de Nederlandse tekst voor met Engelse uitspraakregels. Gebruikers die blind of slechtziend zijn en afhankelijk zijn van een schermlezer kunnen de tekst hierdoor moeilijk of niet volgen.
","Stel in het bronbestand de documenttaal in op Nederlands en exporteer het document daarna opnieuw als PDF. In Word: Bestand → Opties → Taal → Nederlands instellen als documenttaal. Controleer na het exporteren in Acrobat Pro via Bestand → Eigenschappen → Geavanceerd → Leesopties of de waarde op ""Nederlands"" staat.",,,0,Fri Apr 17 2026 11:03:53 GMT+0200 (Midden-Europese zomertijd),Fri Apr 17 2026 11:03:53 GMT+0200 (Midden-Europese zomertijd)
48fa12da-e462-42b8-9a9d-964afbb3babf,0df762bc-d4cf-4000-bcd1-a8b9d8c3a55a,B015,4cb21fff-b4e0-4bd5-a312-f472f8541396,,open,matig,redacteur,"Op pagina 4 van het pdf document staat het overzicht ""Bereken vorm van participatie"" met drie rijen die elk een puntenbereik koppelen aan een omschrijving en een participatieniveau  Visueel is dit een overzichtstabel. In de tagstructuur zijn de drie rijen getagd als losse alinea's. De relatie tussen puntenbereik, omschrijving en participatieniveau is niet programmatisch vastgelegd.","Tag dit overzicht als een tabel in het bronbestand met een rij per puntenbereik en kolomkoppen voor puntenbereik, omschrijving en participatievorm. Exporteer het document daarna opnieuw als PDF.",,,8,Thu Apr 16 2026 17:00:15 GMT+0200 (Midden-Europese zomertijd),Tue Apr 21 2026 09:17:21 GMT+0200 (Midden-Europese zomertijd)
e1c78685-5f59-4d17-b629-31ae4f7b6779,0df762bc-d4cf-4000-bcd1-a8b9d8c3a55a,B018,41d09e8c-c857-457c-a799-ffc0539e7722,,resolved,,,"Het volgende PDF-document is niet getagd. Hierdoor zijn informatieve afbeeldingen niet gemarkeerd als <Figure> en hebben zij geen tekstalternatief. Mensen die blind zijn en een schermlezer gebruiken krijgen deze informatie daardoor niet aangeboden. Omdat het document niet is getagd, is niet vast te stellen of afbeeldingen correct zijn verwerkt. Hierdoor wordt dit nu niet afgekeurd. Zodra het document wel wordt getagd, kan blijken dat informatieve afbeeldingen ontbreken of onjuist zijn getagd.","Zorg dat de PDF wordt voorzien van een volledige tags-structuur en maak daarbij onderscheid tussen informatieve en decoratieve afbeeldingen.

- Tag informatieve afbeeldingen als <Figure> en geef deze van een kort en beschrijvend tekstalternatief dat de functie of inhoud van de afbeelding samenvat.
- Markeer decoratieve afbeeldingen als artefact zodat deze worden genegeerd door schermlezers.",,,3,Fri Apr 17 2026 10:16:28 GMT+0200 (Midden-Europese zomertijd),Fri Apr 17 2026 11:07:57 GMT+0200 (Midden-Europese zomertijd)
e9775801-e0d9-47fe-b6a5-0da970fbb01f,e139aa31-44cb-4d11-8af5-58b8a711f2a9,B001,4cb21fff-b4e0-4bd5-a312-f472f8541396,,open,klein,redacteur,In de footer zijn de koppen “Contact” en “Openingstijden” extra benadrukt met een strong-element (een HTML-element voor nadruk binnen lopende tekst). Een kop heeft van zichzelf al betekenis en nadruk. Het strong-element voegt hier geen extra betekenis toe en hoort semantisch niet binnen koppen thuis.,"Verwijder het strong-element uit de koppen “Contact” en “Openingstijden”. De visuele opmaak van koppen, zoals vetgedrukte tekst, regel je via CSS.",,,0,Fri Apr 17 2026 21:23:45 GMT+0200 (Midden-Europese zomertijd),Sat Apr 18 2026 12:27:35 GMT+0200 (Midden-Europese zomertijd)
79c306cb-8c40-4448-a4ef-1e1cc9247d48,0df762bc-d4cf-4000-bcd1-a8b9d8c3a55a,B020,c5da9884-1520-4257-9c7c-cfdf3e78c7a6,,open,klein,redacteur,"De PDF heeft wel een titel (“Geanonimiseerd document”), maar deze beschrijft de inhoud van het document onvoldoende. Gebruikers van hulpsoftware, zoals een schermlezer, horen daardoor geen beschrijvende documenttitel.",Stel een beschrijvende titel in die de inhoud van het document weergeeft. Doe dit bij voorkeur al in het bronbestand (bijvoorbeeld in Word of InDesign) voordat je exporteert naar PDF.,,,0,Fri Apr 17 2026 10:51:56 GMT+0200 (Midden-Europese zomertijd),Tue Apr 21 2026 09:40:17 GMT+0200 (Midden-Europese zomertijd)
cd863bbd-a06d-4a42-83b5-b110988699dc,b160cb88-c117-43c1-ac24-66c9da3f77b8,B013,41d09e8c-c857-457c-a799-ffc0539e7722,,open,klein,redacteur,De twee afbeeldingen van QR-FIT paaltjes zijn voorzien van een alt-tekst. De afbeeldingen zijn decoratief omdat ze geen informatie bevatten die niet al in de omringende tekst staat.,"Voorzie beide afbeeldingen van een leeg alt-tekst: alt="""".",,,1,Fri Apr 24 2026 11:25:35 GMT+0200 (Midden-Europese zomertijd),Fri Apr 24 2026 11:25:35 GMT+0200 (Midden-Europese zomertijd)
aa301279-d36c-4672-9eac-66013f25dd4d,b160cb88-c117-43c1-ac24-66c9da3f77b8,B014,41d09e8c-c857-457c-a799-ffc0539e7722,,open,serieus,redacteur,"De twee promotieafbeeldingen zijn aanklikbare links die de afbeelding vergroot openen. De alt-teksten beschrijven de afbeelding, niet het linkdoel. Voorleessoftware kondigt de links aan als ""QR-route IJsselstein"" en ""QR-route IJsselveld"", zonder dat duidelijk is wat er bij klikken gebeurt.","Pas de alt-tekst aan zodat het linkdoel duidelijk is, bijvoorbeeld alt=""Vergroot promotiekaart QR-FIT route IJsselstein"" en alt=""Vergroot promotiekaart QR-FIT route IJsselveld"".
",,,2,Fri Apr 24 2026 11:25:35 GMT+0200 (Midden-Europese zomertijd),Fri Apr 24 2026 11:25:35 GMT+0200 (Midden-Europese zomertijd)
367bbd7e-7fcc-4c51-a474-4ec9cfa7c056,b160cb88-c117-43c1-ac24-66c9da3f77b8,B012,4cb21fff-b4e0-4bd5-a312-f472f8541396,,open,klein,redacteur,"Op de pagina staat onder de knop ""Openbaar oplaadpunt aanvragen"" een tekst die volledig in em is geplaatst. De cursief-opmaak is echter al geregeld via de CSS-klasse italic op de span-element. De em is dubbelop en kan worden weggelaten.",Verwijder de cursief-opmaak in het CMS. De tekst behoudt zijn uiterlijk via de italic-klasse.,,,7,Fri Apr 24 2026 11:25:35 GMT+0200 (Midden-Europese zomertijd),Fri Apr 24 2026 11:25:35 GMT+0200 (Midden-Europese zomertijd)
af81fce6-b250-4546-be2c-5c771aac4edb,b160cb88-c117-43c1-ac24-66c9da3f77b8,B019,cd31b01e-f6f1-4e3a-bbbe-c83d8c570848,,open,matig,redacteur,Op de pagina staat een knop met de tekst “Aanmelden”. Deze linktekst beschrijft het doel van de link niet.,Zorg dat de linktekst het doel van de link duidelijk beschrijft. Gebruik bijvoorbeeld “Aanmelden voor de groene dakenactie”.,,,3,Fri Apr 24 2026 11:25:35 GMT+0200 (Midden-Europese zomertijd),Fri Apr 24 2026 11:25:35 GMT+0200 (Midden-Europese zomertijd)
60bbe75d-6e5a-4d05-a540-4130bda04718,0df762bc-d4cf-4000-bcd1-a8b9d8c3a55a,B023,35d250a4-d5a2-4d75-9ebd-6fc4c6da9cbc,,resolved,onbekend,onbekend,"Op de website is een versie voor hoog contrast aanwezig. Deze is aan te zetten door middel van een zogenaamde ""contrast switch"".
Dit succescriterium is volledig getest in de modus voor hoog contrast. De versie voor hoog contrast wordt gezien als een alternatief voor de standaard versie.

Hierdoor kunnen er contrastproblemen zijn in de standaard versie. Deze zijn verder niet beoordeeld.","We adviseren om ook de standaard versie te voorzien van voldoende kleurcontrast in alle teksten. Dit bevordert de toegankelijkheid van de website voor bezoekers met een zichtbeperking. 

Teksten met voldoende kleurcontrast lezen ook makkelijker voor alle lezers. Het lezen is hierdoor minder intensief, kost minder energie en het lezen wordt (onbewust) als prettiger ervaren. Hierdoor is de lezer eerder geneigd om over te gaan tot activatie.

De versie voor hoog contrast kan dan vervolgens ingezet worden voor een ""verhoogd contrast"", waarbij wordt voldaan aan succescriterium [WCAG 1.4.6 Verhoogd contrast (niveau AAA)](https://www.w3.org/WAI/WCAG22/Understanding/contrast-enhanced.html).",,,1,Sat Apr 18 2026 11:40:43 GMT+0200 (Midden-Europese zomertijd),Sat Apr 18 2026 11:41:30 GMT+0200 (Midden-Europese zomertijd)
6159173b-7aa0-4fa5-b119-32e6c078a791,b160cb88-c117-43c1-ac24-66c9da3f77b8,B018,d1d29352-2853-4671-bd37-d2b466ab1cd0,,open,matig,redacteur,"In het snelmenu staat een link met de zichtbare tekst “Melding doen”. De toegankelijke naam van deze link is echter “Melding, klacht of bezwaar”. De zichtbare tekst komt niet voor in de toegankelijke naam.","Zorg dat de zichtbare tekst onderdeel is van de toegankelijke naam. Pas bijvoorbeeld het aria-label aan naar “Melding doen, klacht of bezwaar” of verwijder het aria-label zodat de zichtbare tekst als toegankelijke naam wordt gebruikt.",,,0,Fri Apr 24 2026 11:25:35 GMT+0200 (Midden-Europese zomertijd),Fri Apr 24 2026 11:25:35 GMT+0200 (Midden-Europese zomertijd)
fc3d9c6c-0d22-43b8-abbd-cad48b1aca30,e139aa31-44cb-4d11-8af5-58b8a711f2a9,B003,cd31b01e-f6f1-4e3a-bbbe-c83d8c570848,,resolved,,,"In de footer onder Contact staat een link met de tekst “Persvragen?”. Een vraagteken aan het einde van een linktekst is ongebruikelijk en kan verwarrend zijn voor gebruikers van hulpsoftware, omdat het lijkt alsof het om een vraag gaat in plaats van een verwijzing naar een pagina. Het linkdoel zelf is in deze context (de contactsectie van de footer) wel duidelijk.","Vervang de linktekst “Persvragen?” door een formulering zonder vraagteken die het linkdoel beschrijft, bijvoorbeeld “Persvragen”, “Informatie voor pers” of “Naar persinformatie”.",,,0,Sat Apr 18 2026 12:48:45 GMT+0200 (Midden-Europese zomertijd),Sat Apr 18 2026 12:49:54 GMT+0200 (Midden-Europese zomertijd)
8cf80336-5a27-46a3-ab1a-6a1b8b6df462,b160cb88-c117-43c1-ac24-66c9da3f77b8,B010,a831e91c-9db5-42ed-98b0-859517e99564,,open,matig,redacteur,"Op alle pagina’s in het hoofdmenu staan twee links die naar dezelfde pagina verwijzen (/werken-bij-de-gemeente-ijsselstein), maar een verschillend label hebben: “Werken bij de Gemeente IJsselstein” en “Vacatures”.","Zorg dat links die naar dezelfde pagina verwijzen hetzelfde label hebben. Gebruik één consistente naam, bijvoorbeeld “Vacatures” of “Werken bij de gemeente”, en pas dit toe in beide menuonderdelen.",,,0,Fri Apr 24 2026 11:25:35 GMT+0200 (Midden-Europese zomertijd),Fri Apr 24 2026 11:25:35 GMT+0200 (Midden-Europese zomertijd)
7364f379-7a2b-456d-b59f-c6deca95381d,e139aa31-44cb-4d11-8af5-58b8a711f2a9,B006,4cb21fff-b4e0-4bd5-a312-f472f8541396,,open,matig,ontwikkelaar,"Op de pagina staat een tabel met de vergaderdata van het bestuur. De tabel bestaat uit één kolom en heeft geen kopcel (een th-element). Een tabel is bedoeld om gegevens in rijen en kolommen met elkaar in verband te brengen. Bij één kolom is daar geen sprake van en is de inhoud feitelijk een opsomming van datums. Hulpsoftware kondigt de inhoud nu aan als een tabel met 9 rijen en 1 kolom, wat misleidend is voor de gebruiker.","Maak van de datums een echte lijst (een ul-element met een li-element per datum). De visuele opmaak, zoals randen of vakken om elke datum, regel je via CSS.",,,3,Sat Apr 18 2026 13:17:23 GMT+0200 (Midden-Europese zomertijd),Sat Apr 18 2026 13:17:23 GMT+0200 (Midden-Europese zomertijd)
f43d175b-2d78-4df6-8ed5-f1baf2b0e308,0df762bc-d4cf-4000-bcd1-a8b9d8c3a55a,B024,9b23fa6b-a0de-4779-b78a-2649f20d17e7,,resolved,onbekend,onbekend,"Op de website is een versie voor hoog contrast aanwezig. Deze is aan te zetten door middel van een zogenaamde ""contrast switch"".

Dit succescriterium is volledig getest in de modus voor hoog contrast. De versie voor hoog contrast wordt gezien als een alternatief voor de standaard versie.

Hierdoor kunnen er contrastproblemen zijn met grafische elementen in de standaard versie. Deze zijn verder niet beoordeeld.","We adviseren om ook de standaard versie te voorzien van voldoende contrast voor grafische elementen, zoals iconen, knoppen en formuliervelden. Dit bevordert de toegankelijkheid van de website voor bezoekers met een zichtbeperking.

De versie voor hoog contrast kan dan vervolgens ingezet worden voor een ""verhoogd contrast"".",,,0,Sat Apr 18 2026 11:45:42 GMT+0200 (Midden-Europese zomertijd),Tue Apr 21 2026 18:45:03 GMT+0200 (Midden-Europese zomertijd)
1fbaa7f1-2ac8-401c-aff2-dd14e08070c2,b160cb88-c117-43c1-ac24-66c9da3f77b8,B012,cd31b01e-f6f1-4e3a-bbbe-c83d8c570848,,resolved,,redacteur,"Op de pagina staat een link naar een pdf-document. De linktekst luidt ""Algemene Voorwaarden gemeentelijke sportaccommodaties in IJsselstein"". De aanduiding ""(pdf, 95 kB)"" staat wel in hetzelfde lijstitem maar buiten de link. In de context van de pagina is het daardoor duidelijk dat de link een pdf-document opent.  Wie via een linklijst navigeert ziet alleen de linktekst zonder die aanduiding. Dit is vooral van belang voor gebruikers van een schermlezer.",Neem de bestandsaanduiding op in de linktekst zelf.,,,1,Fri Apr 24 2026 11:25:35 GMT+0200 (Midden-Europese zomertijd),Fri Apr 24 2026 11:25:35 GMT+0200 (Midden-Europese zomertijd)
b6421bad-2f69-457a-87f7-5d314f924ca3,b160cb88-c117-43c1-ac24-66c9da3f77b8,B017,cd31b01e-f6f1-4e3a-bbbe-c83d8c570848,,open,matig,redacteur,Op de pagina staan twee afbeeldingen die als link zijn opgemaakt en verwijzen naar een grotere versie van de routekaart. De naam van de link wordt bepaald door de alt-tekst van de afbeelding (“QR-route IJsselstein” en “QR-route IJsselveld”). Hieruit blijkt niet dat de link naar een grotere versie leidt.,"Zorg dat het linkdoel duidelijk wordt uit de linktekst. Pas de alt-tekst van de afbeeldingen aan, bijvoorbeeld naar “QR-route IJsselstein, bekijk grotere versie” en “QR-route IJsselveld, bekijk grotere versie”.",,,2,Fri Apr 24 2026 11:25:35 GMT+0200 (Midden-Europese zomertijd),Fri Apr 24 2026 11:25:35 GMT+0200 (Midden-Europese zomertijd)
c6870f5f-2e38-40e6-9961-a6112457382d,e139aa31-44cb-4d11-8af5-58b8a711f2a9,B007,41d09e8c-c857-457c-a799-ffc0539e7722,,open,matig,redacteur,"Op de pagina staat een infographic die het BEL-samenwerkingsmodel visueel weergeeft. De infographic toont de bestuurlijke verhoudingen tussen de gemeenteraden, de colleges B&W, het BEL-bestuur, de werkorganisatie en de inwoners van Blaricum, Eemnes en Laren. Deze informatie is niet toegankelijk voor gebruikers van hulpsoftware, zoals een schermlezer. Het huidige tekstalternatief van de afbeelding is “BEL Combinatie model”, wat de informatie uit de infographic niet overbrengt. De tekst boven de infographic beschrijft alleen de samenstelling van het BEL-bestuur en de rol van de Algemeen Directeur; de overige lagen en hun onderlinge verhoudingen worden niet genoemd.","Voor een complexe infographic zijn twee dingen nodig:

1. Geef de infographic zelf een kort tekstalternatief in het alt-attribuut dat aangeeft wat voor afbeelding het is, bijvoorbeeld alt=""Infographic van het BEL-samenwerkingsmodel"".

2. Bied daarnaast de inhoud van de infographic in tekstvorm aan op de pagina, bijvoorbeeld als opsomming of beschrijvende tekst direct onder de infographic. Op die manier krijgen gebruikers die de infographic niet kunnen zien dezelfde informatie als gebruikers die de infographic wel zien.",,,1,Sat Apr 18 2026 14:05:05 GMT+0200 (Midden-Europese zomertijd),Mon Apr 20 2026 17:23:38 GMT+0200 (Midden-Europese zomertijd)
506392d1-f99b-4e3f-8748-109bfd0da8d7,b160cb88-c117-43c1-ac24-66c9da3f77b8,B025,4cb21fff-b4e0-4bd5-a312-f472f8541396,,open,klein,redacteur,"Op de pagina staat een lege kop h2 direct na de tekst ""Postbus 26, 3400 AA IJsselstein"". De kop bevat geen tekst. Screenreaders kondigen deze kop aan zonder inhoud, wat verwarrend is voor gebruikers die via koppen navigeren.",Verwijder de lege h2 kop. ,,,10,Fri Apr 24 2026 11:25:35 GMT+0200 (Midden-Europese zomertijd),Fri Apr 24 2026 11:25:35 GMT+0200 (Midden-Europese zomertijd)
30419701-3c59-49cf-a8ff-96eed43a909d,b160cb88-c117-43c1-ac24-66c9da3f77b8,B027,c5da9884-1520-4257-9c7c-cfdf3e78c7a6,,open,matig,redacteur,Het PDF-document heeft geen documenttitel. Hierdoor is de titel van het document niet programmatisch bepaald.,Voeg een documenttitel toe in de documenteigenschappen van de PDF en stel in dat deze wordt weergegeven in de titelbalk van het document. Bijvoorbeeld: “Organogram Gemeente IJsselstein”.,,,0,Fri Apr 24 2026 11:25:35 GMT+0200 (Midden-Europese zomertijd),Fri Apr 24 2026 11:25:35 GMT+0200 (Midden-Europese zomertijd)
7d65e6d9-f02c-410e-a248-498f940dd668,e139aa31-44cb-4d11-8af5-58b8a711f2a9,B004,4cb21fff-b4e0-4bd5-a312-f472f8541396,,open,klein,redacteur,"Op meerdere plekken op de website is tekst opgemaakt met een em-element:

- In de footer onder Contact staat de tekst “Vanuit het buitenland” als label boven een telefoonnummer.
- Op de pagina Inkoop en aanbesteding staat de documenttitel “Het inkoop- en aanbestedingsbeleid Gooi- en Vechtstreek 2022” cursief.

Het em-element is bedoeld om in een lopende zin een woord extra nadruk te geven, vergelijkbaar met hoe je een woord in spraak iets harder of nadrukkelijker uitspreekt. In beide gevallen wordt het em-element gebruikt voor visuele opmaak (cursief), terwijl het bedoeld is om die semantische nadruk aan te geven.","Verwijder het em-element op deze plekken. De cursieve weergave, als die gewenst is, regel je via CSS.",,,2,Sat Apr 18 2026 12:54:39 GMT+0200 (Midden-Europese zomertijd),Sat Apr 18 2026 14:53:47 GMT+0200 (Midden-Europese zomertijd)
170bafb8-8ac1-4949-bd92-8a5702389233,e139aa31-44cb-4d11-8af5-58b8a711f2a9,B009,4cb21fff-b4e0-4bd5-a312-f472f8541396,,open,klein,redacteur,Op de pagina staat na de hoofdkop “Inkoop en aanbesteding” (een h1-element) direct een h3-kop “Een document downloaden en openen”. Tussen de h1 en deze h3 ontbreekt een tussenliggende h2-kop. Hierdoor wordt een niveau in de koppenhiërarchie overgeslagen. Voor gebruikers van hulpsoftware die op koppen navigeren is de paginastructuur daardoor onlogisch.,"Zorg dat koppen elkaar in hiërarchie opvolgen zonder een niveau over te slaan. Maak van de kop “Een document downloaden en openen” een h2 in plaats van een h3, of plaats deze tekst onder een bestaande h2 (bijvoorbeeld als onderdeel van een sectie over de documenten).",,,4,Sat Apr 18 2026 14:59:03 GMT+0200 (Midden-Europese zomertijd),Sat Apr 18 2026 14:59:03 GMT+0200 (Midden-Europese zomertijd)
72cc926b-3764-42b7-a413-5cae62be7b8c,e139aa31-44cb-4d11-8af5-58b8a711f2a9,B011,4cb21fff-b4e0-4bd5-a312-f472f8541396,,open,klein,redacteur,"Op de pagina staat onder de h2-kop “Verdeling van de Domeinen en Teams binnen de BEL Combinatie” een uitklapbare sectie. Binnen die sectie zijn de vier subkoppen “Domein Fysiek”, “Domein Samenleving”, “Domein Bedrijfsvoering” en “Domein Openbare Ruimte” opgemaakt als h2-koppen. Omdat zij ondergeschikt zijn aan de h2 erboven horen ze h3 te zijn. Hierdoor is de koppenhiërarchie onlogisch en kunnen gebruikers van hulpsoftware niet meer goed zien welke koppen onder welke sectie vallen.","Maak van de vier domein-koppen (“Domein Fysiek”, “Domein Samenleving”, “Domein Bedrijfsvoering”, “Domein Openbare Ruimte”) h3-koppen, zodat zij ondergeschikt zijn aan de h2 “Verdeling van de Domeinen en Teams binnen de BEL Combinatie”.",,,5,Sat Apr 18 2026 15:20:22 GMT+0200 (Midden-Europese zomertijd),Sat Apr 18 2026 15:20:22 GMT+0200 (Midden-Europese zomertijd)
da175a50-7f6e-4c4a-83ca-39a2155f510e,e139aa31-44cb-4d11-8af5-58b8a711f2a9,B012,cd31b01e-f6f1-4e3a-bbbe-c83d8c570848,,open,matig,redacteur,"Op de pagina is het organogram van de BEL Combinatie een link naar een grotere versie van de afbeelding. De afbeelding heeft geen alt-tekst, waardoor de link geen toegankelijke naam heeft. Gebruikers van hulpsoftware, zoals een schermlezer, weten daardoor niet dat er een link is en waar die naar verwijst. Dit issue valt ook onder succescriterium 4.1.2 (Naam, rol, waarde).","Geef de link een toegankelijke naam die het linkdoel beschrijft. Dat kan op twee manieren: geef de afbeelding een passend alt-attribuut (bijvoorbeeld alt=""Organogram van de BEL Combinatie, grotere weergave""), of voeg een aria-label toe aan het a-element zelf.",,,1,Sat Apr 18 2026 17:06:26 GMT+0200 (Midden-Europese zomertijd),Mon Apr 20 2026 18:39:35 GMT+0200 (Midden-Europese zomertijd)
9f71bdde-55a3-428d-9a6d-72330e0f7980,e139aa31-44cb-4d11-8af5-58b8a711f2a9,B020,746bbe4a-dccb-4e47-8533-f973001a5986,,open,klein,redacteur,"Op de pagina staat onder de afbeelding van het organogram de tekst “(Klik op de afbeelding voor een grotere weergave)”. De instructie zegt niet om welke afbeelding het gaat. Voor visuele gebruikers is dat geen probleem: zij zien direct boven de tekst de afbeelding van het organogram staan. Schermlezer-gebruikers krijgen de afbeelding niet te horen, omdat het alt-attribuut leeg is en de afbeelding dus wordt overgeslagen. Zij horen alleen de instructie en weten daardoor niet dat er een afbeelding op de pagina staat, laat staan welke afbeelding bedoeld wordt.",Schrijf de instructie zo dat duidelijk is welke afbeelding bedoeld wordt. Bijvoorbeeld: “Open de grotere weergave van het organogram.”,,,0,Sun Apr 19 2026 10:42:34 GMT+0200 (Midden-Europese zomertijd),Sun Apr 19 2026 10:56:56 GMT+0200 (Midden-Europese zomertijd)
81513cf0-4cdf-4de5-9536-45f8ea069269,b160cb88-c117-43c1-ac24-66c9da3f77b8,B033,4cb21fff-b4e0-4bd5-a312-f472f8541396,,open,serieus,redacteur,"In het PDF-document staan bij de antwoordopties selectievakjes die alleen visueel worden weergegeven (bijvoorbeeld als vierkantjes of symbolen). De relatie dat deze elementen keuzemogelijkheden voorstellen, is niet programmatisch vastgelegd. Hierdoor is het voor gebruikers van hulpsoftware niet duidelijk dat het om opties gaat waaruit gekozen kan worden.","Zorg dat de betekenis van de selectievakjes programmatisch wordt overgebracht. Bijvoorbeeld door de vakjes te voorzien van een tekstueel equivalent (zoals “selectievakje”) en deze correct op te nemen in de structuur van het document, zodat hulpsoftware kan herkennen dat het om keuzemogelijkheden gaat.",,,16,Fri Apr 24 2026 11:25:35 GMT+0200 (Midden-Europese zomertijd),Fri Apr 24 2026 11:25:35 GMT+0200 (Midden-Europese zomertijd)
29e6139b-9cd9-4d36-bdd1-309685f4156d,e139aa31-44cb-4d11-8af5-58b8a711f2a9,B010,41d09e8c-c857-457c-a799-ffc0539e7722,,open,matig,redacteur,"Op de pagina staat een infographic met het organogram van de BEL Combinatie. De afbeelding heeft een leeg alt-attribuut (alt=""""), waardoor de afbeelding voor hulpsoftware als decoratief wordt behandeld. Gebruikers van hulpsoftware, zoals een schermlezer, weten hierdoor niet dat er een organogram op de pagina staat. De inhoud van het organogram zelf staat al in tekstvorm op de pagina.","Geef de afbeelding een kort tekstalternatief in het alt-attribuut dat aangeeft wat voor afbeelding het is, bijvoorbeeld alt=""Infographic met het organogram van de BEL Combinatie"".",,,2,Sat Apr 18 2026 15:08:29 GMT+0200 (Midden-Europese zomertijd),Mon Apr 20 2026 17:30:18 GMT+0200 (Midden-Europese zomertijd)
c1297bd6-fb34-48fa-bf9b-956c32a5c76d,e139aa31-44cb-4d11-8af5-58b8a711f2a9,B025,41d09e8c-c857-457c-a799-ffc0539e7722,,open,matig,redacteur,"Op pagina 16 onder “Vastgesteld” staat een screenshot van een vastgestelde agenda uit het bestuurlijk besluitvormingssysteem. De afbeelding heeft geen alt-tekst. Hierdoor is de informatie uit deze afbeelding niet toegankelijk voor gebruikers van hulpsoftware, zoals een schermlezer.","De afbeelding is een screenshot van informatie die beter in tekstvorm kan worden opgenomen. Overweeg om de afbeelding te verwijderen en de vaststellingsinformatie in tekstvorm op de pagina op te nemen. Als de afbeelding toch behouden moet blijven, geef deze dan een beschrijvende alt-tekst die de inhoud samenvat, bijvoorbeeld: alt=""Screenshot van de vastgestelde agenda met besluiten van AB, DB en Directie-MT over het privacybeleid"".",,,5,Mon Apr 20 2026 13:47:23 GMT+0200 (Midden-Europese zomertijd),Mon Apr 20 2026 17:41:45 GMT+0200 (Midden-Europese zomertijd)
a21e99c4-6188-4fbb-a905-6cf4641f1650,e139aa31-44cb-4d11-8af5-58b8a711f2a9,B014,35d250a4-d5a2-4d75-9ebd-6fc4c6da9cbc,,resolved,,,"Op de website is een versie voor hoog contrast aanwezig. Deze is aan te zetten door middel van een zogenaamde ""contrast switch"".
Dit succescriterium is volledig getest in de modus voor hoog contrast. De versie voor hoog contrast wordt gezien als een alternatief voor de standaard versie.

Hierdoor kunnen er contrastproblemen zijn in de standaard versie. Deze zijn verder niet beoordeeld.","We adviseren om ook de standaard versie te voorzien van voldoende kleurcontrast in alle teksten. Dit bevordert de toegankelijkheid van de website voor bezoekers met een zichtbeperking. 

Teksten met voldoende kleurcontrast lezen ook makkelijker voor alle lezers. Het lezen is hierdoor minder intensief, kost minder energie en het lezen wordt (onbewust) als prettiger ervaren. Hierdoor is de lezer eerder geneigd om over te gaan tot activatie.

De versie voor hoog contrast kan dan vervolgens ingezet worden voor een ""verhoogd contrast"", waarbij wordt voldaan aan succescriterium [WCAG 1.4.6 Verhoogd contrast (niveau AAA)](https://www.w3.org/WAI/WCAG22/Understanding/contrast-enhanced.html).",,,2,Sat Apr 18 2026 17:26:30 GMT+0200 (Midden-Europese zomertijd),Sat Apr 18 2026 17:26:30 GMT+0200 (Midden-Europese zomertijd)
b9ea2ad8-b644-448e-8578-a6bab690d410,b160cb88-c117-43c1-ac24-66c9da3f77b8,B033,9b23fa6b-a0de-4779-b78a-2649f20d17e7,,resolved,,,"Op de website is een versie voor hoog contrast aanwezig. Deze is aan te zetten door middel van een zogenaamde ""contrast switch"".

Dit succescriterium is volledig getest in de modus voor hoog contrast. De versie voor hoog contrast wordt gezien als een alternatief voor de standaard versie.

Hierdoor kunnen er contrastproblemen zijn met grafische elementen in de standaard versie. Deze zijn verder niet beoordeeld.","We adviseren om ook de standaard versie te voorzien van voldoende contrast voor grafische elementen, zoals iconen, knoppen en formuliervelden. Dit bevordert de toegankelijkheid van de website voor bezoekers met een zichtbeperking.

De versie voor hoog contrast kan dan vervolgens ingezet worden voor een ""verhoogd contrast"".",,,0,Fri Apr 24 2026 11:25:35 GMT+0200 (Midden-Europese zomertijd),Fri Apr 24 2026 11:25:35 GMT+0200 (Midden-Europese zomertijd)
e25b4e00-4755-43ac-9827-e3b3273f2ae6,b160cb88-c117-43c1-ac24-66c9da3f77b8,B028,4cb21fff-b4e0-4bd5-a312-f472f8541396,,open,serieus,redacteur,"In het PDF-document is op pagina 1 het kader met de tekst “BELANGRIJK!” en bijbehorende opsomming opgemaakt als tabel, terwijl deze alleen voor vormgeving wordt gebruikt. Hulpsoftware kondigt dit daardoor onterecht aan als tabel.

Hetzelfde geldt voor de keuzeopties onder “3. Soort onderwijs”. Ook deze zijn opgemaakt als tabel zonder dat er sprake is van tabelgegevens. Hierdoor worden deze door hulpsoftware onjuist als tabel aangekondigd.",Gebruik geen tabellen voor opmaak. Vervang deze in het bronbestand door een lijst of platte tekst met een logische structuur en exporteer het document opnieuw als PDF.,,,12,Fri Apr 24 2026 11:25:35 GMT+0200 (Midden-Europese zomertijd),Fri Apr 24 2026 11:25:35 GMT+0200 (Midden-Europese zomertijd)
4c2df76f-13c1-4a9d-aaa3-eda533af29b2,b160cb88-c117-43c1-ac24-66c9da3f77b8,B015,35d250a4-d5a2-4d75-9ebd-6fc4c6da9cbc,,open,serieus,redacteur,"De pagina is gecontroleerd met de hoogcontrastmodus ingeschakeld. In de promotieafbeeldingen “SCAN JE FIT!” (IJsselstein en IJsselveld) staat tekst met onvoldoende contrast. De tekst “Download de gratis QR-FIT app:” en de kaartlabels “IJsselstein” en “IJsselveld” hebben een contrastverhouding van 3,1:1 (#949494 op wit), terwijl minimaal 4,5:1 vereist is.","Zorg dat de tekst in de promotieafbeeldingen voldoende contrast heeft. Gebruik bijvoorbeeld een donkerdere kleur, zoals #767676 of donkerder, zodat minimaal 4,5:1 wordt gehaald.",,,0,Fri Apr 24 2026 11:25:35 GMT+0200 (Midden-Europese zomertijd),Fri Apr 24 2026 11:25:35 GMT+0200 (Midden-Europese zomertijd)
797f4c5d-7aee-44f4-8869-c86311c330e4,e139aa31-44cb-4d11-8af5-58b8a711f2a9,B017,4cb21fff-b4e0-4bd5-a312-f472f8541396,,open,klein,redacteur,"Op de pagina Privacyverklaring staat de eerste paragraaf (de introtekst die begint met “Binnen de BEL Combinatie werken we veel met persoonlijke gegevens...”) volledig binnen een strong-element. Het strong-element is bedoeld om een woord of zinsdeel binnen een tekst extra nadruk te geven, niet om een hele paragraaf visueel vet weer te geven.",Verwijder het strong-element rond de intro-paragraaf. Gebruik in plaats daarvan het intro-veld in het CMS om de tekst vet op te maken.,,,6,Sat Apr 18 2026 17:56:59 GMT+0200 (Midden-Europese zomertijd),Mon Apr 20 2026 17:52:32 GMT+0200 (Midden-Europese zomertijd)
ae1a746a-173f-4edb-9c38-9af08f225742,e139aa31-44cb-4d11-8af5-58b8a711f2a9,B008,35d250a4-d5a2-4d75-9ebd-6fc4c6da9cbc,,open,klein,ontwerper,"Dit succescriterium is getoetst in de modus voor hoog contrast. In de infographic van het BEL-samenwerkingsmodel staat witte tekst (#FFFFFF) op een grijze achtergrond (#949494). De contrastverhouding is 2,85:1. Dit voldoet niet aan de WCAG-norm van minimaal 3:1 voor grote tekst (en 4,5:1 voor normale tekst).","Verhoog het contrast tussen de tekst en de achtergrond in de infographic tot minimaal 3:1 voor grote tekst (of 4,5:1 voor normale tekst), bijvoorbeeld door de achtergrondkleur donkerder te maken.",,,0,Sat Apr 18 2026 14:26:41 GMT+0200 (Midden-Europese zomertijd),Mon Apr 20 2026 18:18:22 GMT+0200 (Midden-Europese zomertijd)
0bc4f084-7e05-4dd8-9f43-bd5ee8cffc6e,e139aa31-44cb-4d11-8af5-58b8a711f2a9,B013,35d250a4-d5a2-4d75-9ebd-6fc4c6da9cbc,,resolved,,,"Dit succescriterium is getoetst in de modus voor hoog contrast. In de infographic van het organogram staat witte tekst (#FFFFFF) op grijze knoppen met verschillende tinten. De contrastverhouding is niet op alle knoppen voldoende:

- Op de lichtgrijze knoppen (#C1C1C1) is de contrastverhouding 1,74:1.
- Op de middelgrijze knoppen (#7F7F7F en #828282) is de contrastverhouding 3,67:1 en 3,54:1.

Voor normale tekst is een contrastverhouding van minimaal 4,5:1 vereist en voor grote tekst minimaal 3:1. De lichtgrijze knoppen halen geen van beide normen.

Deze bevinding wordt niet afgekeurd, omdat de informatie uit de infographic ook in tekstvorm op dezelfde pagina staat. Gebruikers die de tekst in de infographic niet goed kunnen lezen hebben daarmee een alternatief.",Overweeg om het contrast in de infographic te verhogen tot minimaal 4.5:1 voor normale tekst (of 3:1 voor grote tekst).,,,1,Sat Apr 18 2026 17:20:16 GMT+0200 (Midden-Europese zomertijd),Mon Apr 20 2026 18:27:32 GMT+0200 (Midden-Europese zomertijd)
6409046a-a123-4b7c-9ab1-ab48d23d2965,e139aa31-44cb-4d11-8af5-58b8a711f2a9,B016,1f36c6a9-6e39-462e-8051-67c0ac31e0b2,,open,matig,redacteur,"Op de pagina is het organogram van de BEL Combinatie een link naar een grotere versie van de afbeelding. De afbeelding heeft geen alt-tekst, waardoor de link geen toegankelijke naam heeft. Hulpsoftware, zoals een schermlezer, kan de link daardoor niet goed aankondigen. Dit issue valt ook onder succescriterium 2.4.4 (Linkdoel in context).","Geef de link een toegankelijke naam. Dat kan op twee manieren: geef de afbeelding een passend alt-attribuut (bijvoorbeeld alt=""Organogram van de BEL Combinatie, grotere weergave""), of voeg een aria-label toe aan het a-element.",,,0,Sat Apr 18 2026 17:45:06 GMT+0200 (Midden-Europese zomertijd),Mon Apr 20 2026 18:43:32 GMT+0200 (Midden-Europese zomertijd)
1d5b2548-5012-4917-b01a-d89720bb5a62,b160cb88-c117-43c1-ac24-66c9da3f77b8,B022,41d09e8c-c857-457c-a799-ffc0539e7722,,open,matig,redacteur,"Op de pagina staat een infographic over de Economische Visie 2024-2030. De alt-tekst luidt: ""Economische Visie 2024-2030. Lees de uitgeschreven tekst op deze pagina."" Deze tekst verwijst naar de paginatekst als alternatief, maar de paginatekst dekt de inhoud van de infographic niet volledig. Zo ontbreken de slogan ""Sterk geworteld ondernemerschap met een wijde blik"" en de drie visuele clusters met de labels ""belanghebbenden"", ""ligging"" en ""ambitie"", inclusief de bijbehorende beschrijvingen. Gebruikers die de afbeelding niet kunnen zien, missen daarmee een deel van de inhoud.","Schrijf de volledige inhoud van de infographic uit als tekst op de pagina, inclusief de slogan, de drie clusters en de bijbehorende labels. Pas de alt-tekst aan zodat deze verwijst naar de plek op de pagina waar die beschrijving staat.",,,3,Fri Apr 24 2026 11:25:35 GMT+0200 (Midden-Europese zomertijd),Fri Apr 24 2026 11:25:35 GMT+0200 (Midden-Europese zomertijd)
10fa4f55-d36c-41af-a234-ddd31555ebe8,e139aa31-44cb-4d11-8af5-58b8a711f2a9,B002,4cb21fff-b4e0-4bd5-a312-f472f8541396,,open,matig,ontwikkelaar,"Op meerdere plekken op de website staan groepen verwante items niet als echte lijst opgemaakt, maar als losse regels of losse paragrafen:

- In de footer van de homepage staan de contactgegevens (telefoon, e-mail, contactformulier, persvragen, telefoonnummer vanuit het buitenland) en de onderste navigatielinks “Over deze website”, “Toegankelijkheid”, “Sitemap” en “Privacyverklaring” als losse regels gescheiden door een regelafbreking (br-element).
- Op de pagina Privacyverklaring staan onder de h3-kop “Hoe kunt u gebruik maken van deze rechten?” drie items in één paragraaf, voorafgegaan door een bullet-teken (•) en gescheiden door regelafbrekingen (br-element).
- Op dezelfde pagina staan de drie knoppen “Gemeente Blaricum”, “Gemeente Eemnes” en “Gemeente Laren” die verwijzen naar de privacyverklaringen van de drie gemeenten, elk in een aparte paragraaf (p-element) in plaats van in één lijst.

Visueel zien deze items eruit als een opsomming, maar in de code zijn ze niet als lijst opgemaakt. Hierdoor weten gebruikers van hulpsoftware, zoals een schermlezer, niet dat de items bij elkaar horen en hoeveel items de groep bevat.","Maak van deze groepen een echte lijst (een ul-element met li-elementen per item). De visuele opmaak van de lijst, zoals het verbergen van bolletjes of de onderlinge afstand, regel je via CSS.",,,1,Sat Apr 18 2026 12:42:05 GMT+0200 (Midden-Europese zomertijd),Sat Apr 18 2026 18:03:03 GMT+0200 (Midden-Europese zomertijd)
71f32772-b742-4b18-b98e-c63a036ee234,b160cb88-c117-43c1-ac24-66c9da3f77b8,B032,4cb21fff-b4e0-4bd5-a312-f472f8541396,,open,matig,redacteur,"In het PDF-document wordt het organogram van de organisatiestructuur visueel weergegeven met behulp van positionering en verbindingslijnen. De hiërarchische relaties tussen de onderdelen worden alleen visueel overgebracht en zijn niet programmatisch vastgelegd. De verschillende onderdelen zijn opgemaakt als losse alinea’s (P-elementen), waardoor de onderlinge relaties niet bepaald kunnen worden.",Zorg dat de hiërarchische structuur van het organogram programmatisch wordt overgebracht. Dit kan bijvoorbeeld door een geneste lijststructuur of een tekstueel alternatief toe te voegen waarin de relaties tussen de onderdelen duidelijk worden beschreven.,,,15,Fri Apr 24 2026 11:25:35 GMT+0200 (Midden-Europese zomertijd),Fri Apr 24 2026 11:25:35 GMT+0200 (Midden-Europese zomertijd)
7f433add-eb98-4510-b35b-f31a7f6b7e36,b160cb88-c117-43c1-ac24-66c9da3f77b8,B026,41d09e8c-c857-457c-a799-ffc0539e7722,,open,klein,redacteur,"In het PDF-document staat het logo van Gemeente IJsselstein zonder tekstalternatief. Omdat de afbeelding niet getagd is, komt het logo niet voor in de tagstructuur en is het niet toegankelijk voor hulpsoftware.","Voorzie het logo in het bronbestand van een alternatieve tekst ""Gemeente IJsselstein"" en exporteer het document opnieuw als PDF.",,,6,Fri Apr 24 2026 11:25:35 GMT+0200 (Midden-Europese zomertijd),Fri Apr 24 2026 11:25:35 GMT+0200 (Midden-Europese zomertijd)
ee1b30b5-ec43-4f48-9ef7-0dba77675e08,b160cb88-c117-43c1-ac24-66c9da3f77b8,B029,4cb21fff-b4e0-4bd5-a312-f472f8541396,,open,serieus,redacteur,"In het PDF-document ontbreken koppen in de documentstructuur. De titel “Aanvraagformulier bekostiging leerlingenvervoer schooljaar 2025-2026” en de sectiekoppen, zoals “1. Gegevens leerling” en “2. Gegevens school”, zijn visueel als koppen opgemaakt, maar niet als koppen getagd. Hierdoor is de structuur van het document niet programmatisch bepaald.","Zorg dat alle koppen in het document correct worden opgemaakt met kopstijlen in de bronapplicatie en exporteer het document opnieuw als getagde PDF, zodat de koppen als H1, H2, H3, enzovoort in de structuur worden opgenomen.",,,13,Fri Apr 24 2026 11:25:35 GMT+0200 (Midden-Europese zomertijd),Fri Apr 24 2026 11:25:35 GMT+0200 (Midden-Europese zomertijd)
ecce906a-0847-4add-a303-dedaab77023e,3f70b18e-a30c-462c-87c1-1787f6756edb,B017,4cb21fff-b4e0-4bd5-a312-f472f8541396,,open,klein,redacteur,"Op de pagina Privacyverklaring staat de eerste paragraaf (de introtekst die begint met “Binnen de BEL Combinatie werken we veel met persoonlijke gegevens...”) volledig binnen een strong-element. Het strong-element is bedoeld om een woord of zinsdeel binnen een tekst extra nadruk te geven, niet om een hele paragraaf visueel vet weer te geven.",Verwijder het strong-element rond de intro-paragraaf. Gebruik in plaats daarvan het intro-veld in het CMS om de tekst vet op te maken.,,,6,Fri Apr 24 2026 11:25:58 GMT+0200 (Midden-Europese zomertijd),Fri Apr 24 2026 11:25:58 GMT+0200 (Midden-Europese zomertijd)
e3bcd2fc-2ce7-431d-8144-829e2a5c17b6,e139aa31-44cb-4d11-8af5-58b8a711f2a9,B023,4cb21fff-b4e0-4bd5-a312-f472f8541396,,open,klein,redacteur,"In de PDF “Algemeen Privacybeleid” is de titel op pagina 1 niet als H1-kop getagd. De titel bestaat uit meerdere regels (“Algemeen Privacybeleid”, “Gemeenten Blaricum, Eemnes en Laren &”, “Gemeenschappelijke regeling BEL Combinatie”) die elk in een afzonderlijk P-element (paragraaf) staan. In de tagstructuur staat wel een leeg H1-element, maar zonder tekst.","Markeer de titel van het document als één H1-element. Plaats de regels “Algemeen Privacybeleid”, “Gemeenten Blaricum, Eemnes en Laren &” en “Gemeenschappelijke regeling BEL Combinatie” samen in één H1-tag, of maak van “Algemeen Privacybeleid” de H1 en van de overige regels een ondergeschikt element (bijvoorbeeld een ondertitel).",,,8,Mon Apr 20 2026 12:12:24 GMT+0200 (Midden-Europese zomertijd),Mon Apr 20 2026 13:17:00 GMT+0200 (Midden-Europese zomertijd)
eae45a28-b3a3-43ee-ae5e-c6a663092e9f,e139aa31-44cb-4d11-8af5-58b8a711f2a9,B024,143487c8-c34d-4cf6-bb8d-ad91a9db7b53,,open,matig,redacteur,"In de PDF “Algemeen Privacybeleid” komt een afbeelding (Figure-element) in de tagstructuur voor op pagina 1. Visueel staat deze afbeelding pas op pagina 16 (de laatste pagina, onder “Vastgesteld”). Voor gebruikers van hulpsoftware (zoals een schermlezer) betekent dit dat de leesvolgorde van pagina 1 naar pagina 16 springt en daarna terug.","Plaats het Figure-element in de tagstructuur op de juiste plek, namelijk op pagina 16 onder “Vastgesteld”, zodat de leesvolgorde overeenkomt met de visuele volgorde.",,,1,Mon Apr 20 2026 13:36:46 GMT+0200 (Midden-Europese zomertijd),Mon Apr 20 2026 18:12:59 GMT+0200 (Midden-Europese zomertijd)
f0044152-c318-49dd-80cd-b5cca32340be,e139aa31-44cb-4d11-8af5-58b8a711f2a9,B021,41d09e8c-c857-457c-a799-ffc0539e7722,,open,klein,redacteur,"In het volgende PDF-document staat bovenin een gecombineerde afbeelding met de logo's en namen van de gemeenten Blaricum, Eemnes en Laren en het logo van de BEL Combinatie. Deze logo's zijn niet als afbeelding getagd en worden daarom door hulpsoftware (zoals een schermlezer) genegeerd.",Op pagina 1 van het document moet deze afbeelding worden getagd en een goed tekstalternatief krijgen. Op de vervolgpagina's is dat niet nodig.,,,4,Sun Apr 19 2026 11:23:44 GMT+0200 (Midden-Europese zomertijd),Mon Apr 20 2026 17:37:59 GMT+0200 (Midden-Europese zomertijd)
835519d8-791d-4396-8974-25f16f76c430,e139aa31-44cb-4d11-8af5-58b8a711f2a9,B022,4cb21fff-b4e0-4bd5-a312-f472f8541396,,open,matig,redacteur,"In de PDF “Algemeen Privacybeleid” staan twee tabellen: een tabel “Versiebeheer” op pagina 2 en een tabel met doelgroepen en relevantie voor het privacybeleid in hoofdstuk 4.2. In beide tabellen zijn alle cellen als TD (datacellen) gemarkeerd; er zijn geen TH-elementen (kopcellen) gebruikt. Hierdoor kunnen gebruikers van hulpsoftware, zoals een schermlezer, de relatie tussen kopcellen en datacellen niet vaststellen en worden de tabellen voorgelezen zonder dat duidelijk is wat de kolommen en rijen betekenen.",Markeer de bovenste rij van elke tabel als kolomkoppen door de cellen te taggen als TH. Markeer daarnaast de eerste cel van elke data-rij als rij-kop door deze ook als TH te taggen.,,,7,Mon Apr 20 2026 12:07:52 GMT+0200 (Midden-Europese zomertijd),Mon Apr 20 2026 18:00:05 GMT+0200 (Midden-Europese zomertijd)
ee549254-44f1-440e-8323-d4e169f641ae,b160cb88-c117-43c1-ac24-66c9da3f77b8,B032,35d250a4-d5a2-4d75-9ebd-6fc4c6da9cbc,,resolved,,,"Op de website is een versie voor hoog contrast aanwezig. Deze is aan te zetten door middel van een zogenaamde ""contrast switch"". 

Dit succescriterium is volledig getest in de modus voor hoog contrast. De versie voor hoog contrast wordt gezien als een alternatief voor de standaard versie.

Hierdoor kunnen er contrastproblemen zijn in de standaard versie. Deze zijn verder niet beoordeeld.","We adviseren om ook de standaard versie te voorzien van voldoende kleurcontrast in alle teksten. Dit bevordert de toegankelijkheid van de website voor bezoekers met een zichtbeperking. 

Teksten met voldoende kleurcontrast lezen ook makkelijker voor alle lezers. Het lezen is hierdoor minder intensief, kost minder energie en het lezen wordt (onbewust) als prettiger ervaren. Hierdoor is de lezer eerder geneigd om over te gaan tot activatie.

De versie voor hoog contrast kan dan vervolgens ingezet worden voor een ""verhoogd contrast"", waarbij wordt voldaan aan succescriterium [WCAG 1.4.6 Verhoogd contrast (niveau AAA)](https://www.w3.org/WAI/WCAG22/Understanding/contrast-enhanced.html).",,,1,Fri Apr 24 2026 11:25:35 GMT+0200 (Midden-Europese zomertijd),Fri Apr 24 2026 11:25:35 GMT+0200 (Midden-Europese zomertijd)
ae270549-2abf-493f-8e88-8e842289b388,e139aa31-44cb-4d11-8af5-58b8a711f2a9,B026,cf8f7d38-2002-4ede-aa09-a382fd4c22f5,,open,matig,redacteur,"In de PDF “Algemeen Privacybeleid” staat op pagina 16 onder “Vastgesteld” een screenshot van een vastgestelde agenda uit het bestuurlijk besluitvormingssysteem. Deze afbeelding bevat informatie die volledig als tekst wordt weergegeven (agendapunten, besluiten, parafen, data en namen). Tekst mag alleen als afbeelding worden gebruikt als dat essentieel is voor de weergave. Dat is hier niet het geval: de tekst kan ook als gewone tekst in het document worden opgenomen. Daardoor kan de tekst nu niet worden doorzocht, geselecteerd, gekopieerd of aangepast in grootte of kleur door gebruikers die dat nodig hebben.","Verwijder de screenshot en neem de vaststellingsinformatie als gewone tekst in het document op. Op die manier kunnen gebruikers de tekst doorzoeken, selecteren, vergroten en aanpassen aan hun eigen voorkeuren.",,,0,Mon Apr 20 2026 13:51:17 GMT+0200 (Midden-Europese zomertijd),Mon Apr 20 2026 13:51:17 GMT+0200 (Midden-Europese zomertijd)
ff9a0bd0-2b54-4586-b239-aa24996cb99d,e139aa31-44cb-4d11-8af5-58b8a711f2a9,B028,35d250a4-d5a2-4d75-9ebd-6fc4c6da9cbc,,open,matig,redacteur,"In de PDF “Algemeen Privacybeleid” staat op meerdere plekken tekst met een onvoldoende contrastverhouding tegenover de witte achtergrond:

- De datum “Oktober 2019” op pagina 1 heeft tekstkleur #8DB3E2 op witte achtergrond. De contrastverhouding is 2,2:1.
- De H2-subkoppen (zoals “3.1. Europese privacywetgeving” op pagina 6) hebben tekstkleur #4F81BD op witte achtergrond. De contrastverhouding is 4:1, bij een lettergrootte van 12,96 pt.

Voor normale tekst is volgens WCAG 1.4.3 een contrastverhouding van minimaal 4,5:1 vereist. Beide voorbeelden halen deze norm niet.","Pas de tekstkleuren in het document aan zodat ze minimaal 4,5:1 contrast hebben met de witte achtergrond. Gebruik bijvoorbeeld een donkerdere tint blauw. Controleer het contrast met een Colour Contrast Analyzer.",,,3,Mon Apr 20 2026 14:12:30 GMT+0200 (Midden-Europese zomertijd),Mon Apr 20 2026 14:12:30 GMT+0200 (Midden-Europese zomertijd)
09868279-eee3-4444-bb38-4def66ded507,e139aa31-44cb-4d11-8af5-58b8a711f2a9,B029,4cb21fff-b4e0-4bd5-a312-f472f8541396,,open,serieus,redacteur,"Het volgende PDF-document is niet getagd. Dit wil zeggen dat er geen structuur is aangegeven in het bestand door middel van tags. Hulpsoftware (zoals een screenreader) kan hierdoor niet bepalen wat koppen, lijsten en dergelijke zijn en zal afbeeldingen negeren.","Als het bestand correct getagd wordt, kan hulpsoftware beter de structuur en relaties bepalen. Bij koppen kan dan bijvoorbeeld worden voorgelezen dat dit koppen zijn. In veel gevallen kan dit probleem worden opgelost door het document vanuit het bronbestand (meestal in Word of InDesign) opnieuw te exporteren naar PDF, maar dan inclusief tags of labels.

Omdat nu de tags ontbreken, kunnen andere succescriteria zoals 1.1.1 en 1.3.2 niet onderzocht worden. Let daarom op dat bij het oplossen van dit probleem nieuwe toegankelijkheidsproblemen kunnen ontstaan.",,,9,Mon Apr 20 2026 14:17:09 GMT+0200 (Midden-Europese zomertijd),Mon Apr 20 2026 14:17:09 GMT+0200 (Midden-Europese zomertijd)
28c2413f-44ba-44de-b323-ff918f899807,e139aa31-44cb-4d11-8af5-58b8a711f2a9,B031,c5da9884-1520-4257-9c7c-cfdf3e78c7a6,,open,klein,redacteur,"De PDF heeft wel een titel (“Geanonimiseerd document”), maar deze beschrijft de inhoud van het document onvoldoende. Gebruikers van hulpsoftware, zoals een schermlezer, horen daardoor geen beschrijvende documenttitel.",Stel een beschrijvende titel in die de inhoud van het document weergeeft. Doe dit bij voorkeur al in het bronbestand (bijvoorbeeld in Word of InDesign) voordat je exporteert naar PDF.,,,1,Mon Apr 20 2026 14:46:59 GMT+0200 (Midden-Europese zomertijd),Mon Apr 20 2026 18:35:11 GMT+0200 (Midden-Europese zomertijd)
b7651e92-5f41-480e-9522-258493e3d9e6,e139aa31-44cb-4d11-8af5-58b8a711f2a9,B030,41d09e8c-c857-457c-a799-ffc0539e7722,,resolved,,,"Het volgende PDF-document is niet getagd. Hierdoor zijn informatieve afbeeldingen niet gemarkeerd als Figure en hebben zij geen tekstalternatief. Mensen die blind zijn en een schermlezer gebruiken krijgen deze informatie daardoor niet aangeboden. Omdat het document niet is getagd, is niet vast te stellen of afbeeldingen correct zijn verwerkt. Hierdoor wordt dit nu niet afgekeurd. Zodra het document wel wordt getagd, kan blijken dat informatieve afbeeldingen ontbreken of onjuist zijn getagd.","Zorg dat de PDF wordt voorzien van een volledige tags-structuur en maak daarbij onderscheid tussen informatieve en decoratieve afbeeldingen.
- Tag informatieve afbeeldingen als Figure en voorzie deze van een kort en beschrijvend tekstalternatief .
- Markeer decoratieve afbeeldingen als artefact zodat deze worden genegeerd door schermlezers.",,,6,Mon Apr 20 2026 14:17:12 GMT+0200 (Midden-Europese zomertijd),Mon Apr 20 2026 15:16:13 GMT+0200 (Midden-Europese zomertijd)
4615a0a1-e252-474c-93f4-b5f039baadd7,e139aa31-44cb-4d11-8af5-58b8a711f2a9,B018,41d09e8c-c857-457c-a799-ffc0539e7722,,resolved,,,"Op de pagina staan drie sfeerbeelden bij de introducties van de gemeenten Blaricum, Eemnes en Laren: een foto van de schaapskudde op de Westerheide, een foto van het gemaal in de Eemnes-polder en een foto van het Brinkhuis in Laren. De afbeeldingen zijn voorzien van een alt-tekst. De inhoud van deze foto's voegt echter geen informatie toe die niet al in de omringende tekst staat; het zijn illustratieve sfeerbeelden. Hulpsoftware kondigt deze afbeeldingen nu aan en leest de alt-tekst voor, terwijl ze feitelijk decoratief zijn.","Geef de drie sfeerbeelden een leeg alt-attribuut (alt=""""). Daarmee worden ze door hulpsoftware als decoratief herkend en overgeslagen, wat voor gebruikers van een schermlezer prettiger leest.",,,3,Sat Apr 18 2026 21:53:38 GMT+0200 (Midden-Europese zomertijd),Mon Apr 20 2026 17:35:21 GMT+0200 (Midden-Europese zomertijd)
92e46a36-4c33-44ed-ada7-308cc95ee162,e139aa31-44cb-4d11-8af5-58b8a711f2a9,B027,c5da9884-1520-4257-9c7c-cfdf3e78c7a6,,open,klein,redacteur,"De PDF heeft geen titel. Hierdoor tonen PDF-lezers de bestandsnaam in de tab- en titelbalk. Gebruikers van hulpsoftware, zoals een schermlezer, horen daardoor de bestandsnaam in plaats van een beschrijvende documenttitel.",Vul in de documenteigenschappen van de PDF (Bestand > Eigenschappen > Beschrijving) een beschrijvende titel in. Doe dit bij voorkeur al in het bronbestand (bijvoorbeeld in Word of InDesign) voordat je exporteert naar PDF. Stel daarnaast in bij de geavanceerde weergave-instellingen dat de documenttitel wordt getoond in plaats van de bestandsnaam (Bestand > Eigenschappen > Initiële weergave > Toon: Documenttitel).,,,0,Mon Apr 20 2026 14:02:32 GMT+0200 (Midden-Europese zomertijd),Mon Apr 20 2026 18:30:54 GMT+0200 (Midden-Europese zomertijd)
0dc737d6-3360-4ad0-88ff-6e48b7bbf7e9,e139aa31-44cb-4d11-8af5-58b8a711f2a9,B019,143487c8-c34d-4cf6-bb8d-ad91a9db7b53,,open,matig,redacteur,"Op de pagina staan de drie gemeenten (Blaricum, Eemnes en Laren) visueel in drie kolommen naast elkaar. In elke kolom staan achtereenvolgens een kop, een inleidende tekst, een afbeelding, een uitgebreide tekst en een knop naar de gemeentesite. In de code is deze informatie niet per kolom, maar per rij opgebouwd. In de code staan eerst de drie koppen met hun inleidende tekst achter elkaar, daarna per gemeente een afbeelding gevolgd door de uitgebreide tekst, en als laatste de drie knoppen achter elkaar. Voor gebruikers van hulpsoftware, zoals een schermlezer, is de samenhang tussen kop, afbeelding, tekst en knop per gemeente daardoor moeilijk te volgen. De volgorde in de code komt niet overeen met de visuele volgorde.","Zet de informatie in de code per gemeente bij elkaar: kop, inleiding, afbeelding, uitgebreide tekst en knop achter elkaar. De visuele drie-koloms weergave regel je via CSS. In het CMS kan dit worden opgelost door het paragraaftype “3 kolommen” te kiezen; daarin wordt de content per kolom in de code bij elkaar geplaatst. Op die manier komt de volgorde in de code overeen met de visuele volgorde.",,,0,Sat Apr 18 2026 22:01:07 GMT+0200 (Midden-Europese zomertijd),Mon Apr 20 2026 18:09:50 GMT+0200 (Midden-Europese zomertijd)
2d499374-9662-4be9-a32c-60a9c7f45caa,0df762bc-d4cf-4000-bcd1-a8b9d8c3a55a,B025,41d09e8c-c857-457c-a799-ffc0539e7722,,resolved,,,"Op de pagina ""College van burgemeester en wethouders"" staan portretfoto's van de burgemeester en wethouders. De alt-tekst van deze foto's beschrijft het uiterlijk van de persoon (bijvoorbeeld alt=""Burgemeester met ambtsketting gekleed in donker jasje met lichtblauwe sjaal""), maar maakt niet duidelijk dat het om een portretfoto gaat. Gebruikers van hulpsoftware, zoals een schermlezer, krijgen daardoor uiterlijke details te horen zonder de context dat dit een portret van de betreffende persoon is.","Geef portretfoto's een tekstalternatief dat duidelijk maakt dat het om een portret gaat en de persoon identificeert, bijvoorbeeld alt=""Portretfoto Burgemeester Barbara de Reijke"" of alt=""Portretfoto Wethouder Anne-Marie Kennis"".",,,4,Mon Apr 20 2026 19:20:17 GMT+0200 (Midden-Europese zomertijd),Mon Apr 20 2026 19:21:08 GMT+0200 (Midden-Europese zomertijd)
72ae7b31-6a9c-4d58-bfe2-35a8d4b2cbd6,3f70b18e-a30c-462c-87c1-1787f6756edb,B005,41d09e8c-c857-457c-a799-ffc0539e7722,,open,klein,redacteur,"Op de pagina staan portretfoto's van de bestuursleden. Elke afbeelding heeft een leeg alt-attribuut (alt=""""), wat betekent dat de foto's voor hulpsoftware als decoratief worden behandeld. Hierdoor weten gebruikers van hulpsoftware, zoals een schermlezer, niet dat er een portretfoto van de bestuurder op de pagina staat.","Geef elke portretfoto een tekstalternatief dat aangeeft dat het om een portret van de betreffende persoon gaat, bijvoorbeeld alt=""Portret van Roland van Benthem"".",,,0,Fri Apr 24 2026 11:25:58 GMT+0200 (Midden-Europese zomertijd),Fri Apr 24 2026 11:25:58 GMT+0200 (Midden-Europese zomertijd)
4c6e2158-5e69-4585-8d81-9009edadf54d,0df762bc-d4cf-4000-bcd1-a8b9d8c3a55a,B026,41d09e8c-c857-457c-a799-ffc0539e7722,,open,klein,redacteur,"Op de pagina ""Wethouder Anne-Marie Kennis"" staat een portretfoto van de wethouder. De alt-tekst is ""Persoon met lichte outfit tegen een lichte en grijze achtergrond"". Deze tekst beschrijft het uiterlijk en de achtergrond, maar maakt niet duidelijk dat het om een portretfoto van de wethouder zelf gaat. Gebruikers van hulpsoftware, zoals een schermlezer, krijgen daardoor uiterlijke details te horen zonder de context dat dit een portret van de wethouder is.","Geef de portretfoto een tekstalternatief dat duidelijk maakt dat het om een portret gaat en de persoon identificeert, bijvoorbeeld alt=""Portretfoto Wethouder Anne-Marie Kennis"".",,,5,Mon Apr 20 2026 19:29:30 GMT+0200 (Midden-Europese zomertijd),Mon Apr 20 2026 19:29:30 GMT+0200 (Midden-Europese zomertijd)
d0b25a86-9f88-4808-abba-1d709c4b2fa1,0df762bc-d4cf-4000-bcd1-a8b9d8c3a55a,B005,41d09e8c-c857-457c-a799-ffc0539e7722,,open,serieus,redacteur,"Op de pagina is een interactieve kaart opgenomen die de strooiroutes van de gemeente Blaricum toont. Deze kaart is ingebonden via een iframe. Online kaarten en karteringsdiensten vallen onder een uitzondering voor de toegankelijkheidseisen, maar deze uitzondering geldt alleen voor de kaarttechniek, niet voor de informatie die via de kaart wordt aangeboden.

De informatie over de strooiroutes is momenteel alleen via de kaart beschikbaar. Op de pagina ontbreekt een tekstueel alternatief waarin deze informatie toegankelijk wordt aangeboden.

De kaart bevat een zoekfunctie, maar die is zelf ook niet toegankelijk voor gebruikers van hulpsoftware.","Zorg dat de essentiële informatie uit de kaart (zoals welke straten onder welke strooiroute vallen) ook op een toegankelijke manier wordt aangeboden, bijvoorbeeld via een tekstueel overzicht, tabel of een aantoonbaar toegankelijke zoekfunctie.",,,2,Wed Apr 15 2026 10:59:11 GMT+0200 (Midden-Europese zomertijd),Mon Apr 20 2026 21:33:28 GMT+0200 (Midden-Europese zomertijd)
68c78182-5fcd-4b0d-bf0c-8d69cc693a33,0df762bc-d4cf-4000-bcd1-a8b9d8c3a55a,B013,4cb21fff-b4e0-4bd5-a312-f472f8541396,,open,serieus,redacteur,"Op de pagina staat een tabel waarvan de bovenste rij visueel als kolomkoppen is opgemaakt maar in de code uit gewone datacellen (td) bestaat. Ook de eerste cel van elke data-rij (de datum-kolom) is een datacel, terwijl deze als rij-kop fungeert. Hierdoor kunnen hulptechnologieën niet bepalen welke kolom en welke rij bij welke informatie horen.","Markeer de bovenste rij als kolomkoppen door de cellen als th te taggen. Markeer ook de eerste cel van elke data-rij als rij-kop door die als th te taggen. Haal daarnaast de strong-elementen weg, omdat koppen via CSS al vet worden weergegeven.",,,5,Wed Apr 15 2026 17:06:55 GMT+0200 (Midden-Europese zomertijd),Mon Apr 20 2026 21:45:31 GMT+0200 (Midden-Europese zomertijd)
cc7cfdb0-ce1e-41f5-b712-c0a3deed6a4b,40e99423-9ded-4123-b726-c0e467b79843,B039,cd31b01e-f6f1-4e3a-bbbe-c83d8c570848,,open,klein,redacteur,"Op de pagina staat een klikbare afbeelding van een kaart. De alt-tekst van de afbeelding beschrijft wat er visueel op de kaart staat, maar niet het doel van de link. Gebruikers van hulpsoftware, zoals een schermlezer, horen daardoor wel een kaartbeschrijving, maar niet waar de link naartoe leidt.","Pas de alt-tekst aan zodat het linkdoel duidelijk is, bijvoorbeeld: alt=""Voorlopig ontwerp Eemnesserweg-West, klik voor grotere weergave"".",,,2,Tue Apr 21 2026 15:56:30 GMT+0200 (Midden-Europese zomertijd),Tue Apr 21 2026 16:07:57 GMT+0200 (Midden-Europese zomertijd)
70123337-30c6-4ae7-858f-311f623af693,40e99423-9ded-4123-b726-c0e467b79843,B037,9b23fa6b-a0de-4779-b78a-2649f20d17e7,,resolved,,,"Op de website is een versie voor hoog contrast aanwezig. Deze is aan te zetten door middel van een zogenaamde ""contrast switch"".

Dit succescriterium is volledig getest in de modus voor hoog contrast. De versie voor hoog contrast wordt gezien als een alternatief voor de standaard versie.

Hierdoor kunnen er contrastproblemen zijn met grafische elementen in de standaard versie. Deze zijn verder niet beoordeeld.","We adviseren om ook de standaard versie te voorzien van voldoende contrast voor grafische elementen, zoals iconen, knoppen en formuliervelden. Dit bevordert de toegankelijkheid van de website voor bezoekers met een zichtbeperking.

De versie voor hoog contrast kan dan vervolgens ingezet worden voor een ""verhoogd contrast"".",,,0,Fri Apr 10 2026 10:02:11 GMT+0200 (Midden-Europese zomertijd),Tue Apr 21 2026 18:06:38 GMT+0200 (Midden-Europese zomertijd)
2dab819e-f9d4-4eed-9626-2dbd21d3483b,3f70b18e-a30c-462c-87c1-1787f6756edb,B001,4cb21fff-b4e0-4bd5-a312-f472f8541396,,open,klein,redacteur,In de footer zijn de koppen “Contact” en “Openingstijden” extra benadrukt met een strong-element (een HTML-element voor nadruk binnen lopende tekst). Een kop heeft van zichzelf al betekenis en nadruk. Het strong-element voegt hier geen extra betekenis toe en hoort semantisch niet binnen koppen thuis.,"Verwijder het strong-element uit de koppen “Contact” en “Openingstijden”. De visuele opmaak van koppen, zoals vetgedrukte tekst, regel je via CSS.",,,0,Fri Apr 24 2026 11:25:58 GMT+0200 (Midden-Europese zomertijd),Fri Apr 24 2026 11:25:58 GMT+0200 (Midden-Europese zomertijd)
2c7000cf-77a3-4079-b988-ea56bd4687f8,acb5ef98-eb1b-432a-97ff-552b0a126fc3,B032,35d250a4-d5a2-4d75-9ebd-6fc4c6da9cbc,,resolved,,,"Op de website is een versie voor hoog contrast aanwezig. Deze is aan te zetten door middel van een zogenaamde ""contrast switch"". 

Dit succescriterium is volledig getest in de modus voor hoog contrast. De versie voor hoog contrast wordt gezien als een alternatief voor de standaard versie.

Hierdoor kunnen er contrastproblemen zijn in de standaard versie. Deze zijn verder niet beoordeeld.","We adviseren om ook de standaard versie te voorzien van voldoende kleurcontrast in alle teksten. Dit bevordert de toegankelijkheid van de website voor bezoekers met een zichtbeperking. 

Teksten met voldoende kleurcontrast lezen ook makkelijker voor alle lezers. Het lezen is hierdoor minder intensief, kost minder energie en het lezen wordt (onbewust) als prettiger ervaren. Hierdoor is de lezer eerder geneigd om over te gaan tot activatie.

De versie voor hoog contrast kan dan vervolgens ingezet worden voor een ""verhoogd contrast"", waarbij wordt voldaan aan succescriterium [WCAG 1.4.6 Verhoogd contrast (niveau AAA)](https://www.w3.org/WAI/WCAG22/Understanding/contrast-enhanced.html).",,,1,Wed Apr 01 2026 15:12:12 GMT+0200 (Midden-Europese zomertijd),Tue Apr 21 2026 18:45:03 GMT+0200 (Midden-Europese zomertijd)
d9865203-c15a-46fb-8306-fd8fa3a63353,e139aa31-44cb-4d11-8af5-58b8a711f2a9,B015,9b23fa6b-a0de-4779-b78a-2649f20d17e7,,resolved,,,"Op de website is een versie voor hoog contrast aanwezig. Deze is aan te zetten door middel van een zogenaamde ""contrast switch"".

Dit succescriterium is volledig getest in de modus voor hoog contrast. De versie voor hoog contrast wordt gezien als een alternatief voor de standaard versie.

Hierdoor kunnen er contrastproblemen zijn met grafische elementen in de standaard versie. Deze zijn verder niet beoordeeld.","We adviseren om ook de standaard versie te voorzien van voldoende contrast voor grafische elementen, zoals iconen, knoppen en formuliervelden. Dit bevordert de toegankelijkheid van de website voor bezoekers met een zichtbeperking.

De versie voor hoog contrast kan dan vervolgens ingezet worden voor een ""verhoogd contrast"".",,,0,Sat Apr 18 2026 17:27:11 GMT+0200 (Midden-Europese zomertijd),Tue Apr 21 2026 18:45:03 GMT+0200 (Midden-Europese zomertijd)
a4d38aa8-41da-45e6-82d4-7bb0afad6fe4,3f70b18e-a30c-462c-87c1-1787f6756edb,B011,4cb21fff-b4e0-4bd5-a312-f472f8541396,,open,klein,redacteur,"Op de pagina staat onder de h2-kop “Verdeling van de Domeinen en Teams binnen de BEL Combinatie” een uitklapbare sectie. Binnen die sectie zijn de vier subkoppen “Domein Fysiek”, “Domein Samenleving”, “Domein Bedrijfsvoering” en “Domein Openbare Ruimte” opgemaakt als h2-koppen. Omdat zij ondergeschikt zijn aan de h2 erboven horen ze h3 te zijn. Hierdoor is de koppenhiërarchie onlogisch en kunnen gebruikers van hulpsoftware niet meer goed zien welke koppen onder welke sectie vallen.","Maak van de vier domein-koppen (“Domein Fysiek”, “Domein Samenleving”, “Domein Bedrijfsvoering”, “Domein Openbare Ruimte”) h3-koppen, zodat zij ondergeschikt zijn aan de h2 “Verdeling van de Domeinen en Teams binnen de BEL Combinatie”.",,,5,Fri Apr 24 2026 11:25:58 GMT+0200 (Midden-Europese zomertijd),Fri Apr 24 2026 11:25:58 GMT+0200 (Midden-Europese zomertijd)
2fe778dc-5132-4909-912d-74a197d9761c,3f70b18e-a30c-462c-87c1-1787f6756edb,B003,cd31b01e-f6f1-4e3a-bbbe-c83d8c570848,,resolved,,,"In de footer onder Contact staat een link met de tekst “Persvragen?”. Een vraagteken aan het einde van een linktekst is ongebruikelijk en kan verwarrend zijn voor gebruikers van hulpsoftware, omdat het lijkt alsof het om een vraag gaat in plaats van een verwijzing naar een pagina. Het linkdoel zelf is in deze context (de contactsectie van de footer) wel duidelijk.","Vervang de linktekst “Persvragen?” door een formulering zonder vraagteken die het linkdoel beschrijft, bijvoorbeeld “Persvragen”, “Informatie voor pers” of “Naar persinformatie”.",,,0,Fri Apr 24 2026 11:25:58 GMT+0200 (Midden-Europese zomertijd),Fri Apr 24 2026 11:25:58 GMT+0200 (Midden-Europese zomertijd)
8d2f3050-3b29-4b65-b24d-982a9f987ebe,3f70b18e-a30c-462c-87c1-1787f6756edb,B006,4cb21fff-b4e0-4bd5-a312-f472f8541396,,open,matig,ontwikkelaar,"Op de pagina staat een tabel met de vergaderdata van het bestuur. De tabel bestaat uit één kolom en heeft geen kopcel (een th-element). Een tabel is bedoeld om gegevens in rijen en kolommen met elkaar in verband te brengen. Bij één kolom is daar geen sprake van en is de inhoud feitelijk een opsomming van datums. Hulpsoftware kondigt de inhoud nu aan als een tabel met 9 rijen en 1 kolom, wat misleidend is voor de gebruiker.","Maak van de datums een echte lijst (een ul-element met een li-element per datum). De visuele opmaak, zoals randen of vakken om elke datum, regel je via CSS.",,,3,Fri Apr 24 2026 11:25:58 GMT+0200 (Midden-Europese zomertijd),Fri Apr 24 2026 11:25:58 GMT+0200 (Midden-Europese zomertijd)
235b8aeb-9ec1-4ac2-b0ed-970dd6f05a41,3f70b18e-a30c-462c-87c1-1787f6756edb,B007,41d09e8c-c857-457c-a799-ffc0539e7722,,open,matig,redacteur,"Op de pagina staat een infographic die het BEL-samenwerkingsmodel visueel weergeeft. De infographic toont de bestuurlijke verhoudingen tussen de gemeenteraden, de colleges B&W, het BEL-bestuur, de werkorganisatie en de inwoners van Blaricum, Eemnes en Laren. Deze informatie is niet toegankelijk voor gebruikers van hulpsoftware, zoals een schermlezer. Het huidige tekstalternatief van de afbeelding is “BEL Combinatie model”, wat de informatie uit de infographic niet overbrengt. De tekst boven de infographic beschrijft alleen de samenstelling van het BEL-bestuur en de rol van de Algemeen Directeur; de overige lagen en hun onderlinge verhoudingen worden niet genoemd.","Voor een complexe infographic zijn twee dingen nodig:

1. Geef de infographic zelf een kort tekstalternatief in het alt-attribuut dat aangeeft wat voor afbeelding het is, bijvoorbeeld alt=""Infographic van het BEL-samenwerkingsmodel"".

2. Bied daarnaast de inhoud van de infographic in tekstvorm aan op de pagina, bijvoorbeeld als opsomming of beschrijvende tekst direct onder de infographic. Op die manier krijgen gebruikers die de infographic niet kunnen zien dezelfde informatie als gebruikers die de infographic wel zien.",,,1,Fri Apr 24 2026 11:25:58 GMT+0200 (Midden-Europese zomertijd),Fri Apr 24 2026 11:25:58 GMT+0200 (Midden-Europese zomertijd)
199874fb-d2f9-4c71-b639-c92bfebe7c03,3f70b18e-a30c-462c-87c1-1787f6756edb,B004,4cb21fff-b4e0-4bd5-a312-f472f8541396,,open,klein,redacteur,"Op meerdere plekken op de website is tekst opgemaakt met een em-element:

- In de footer onder Contact staat de tekst “Vanuit het buitenland” als label boven een telefoonnummer.
- Op de pagina Inkoop en aanbesteding staat de documenttitel “Het inkoop- en aanbestedingsbeleid Gooi- en Vechtstreek 2022” cursief.

Het em-element is bedoeld om in een lopende zin een woord extra nadruk te geven, vergelijkbaar met hoe je een woord in spraak iets harder of nadrukkelijker uitspreekt. In beide gevallen wordt het em-element gebruikt voor visuele opmaak (cursief), terwijl het bedoeld is om die semantische nadruk aan te geven.","Verwijder het em-element op deze plekken. De cursieve weergave, als die gewenst is, regel je via CSS.",,,2,Fri Apr 24 2026 11:25:58 GMT+0200 (Midden-Europese zomertijd),Fri Apr 24 2026 11:25:58 GMT+0200 (Midden-Europese zomertijd)
0b301f6b-4e70-4606-9440-659e26cf5d65,3f70b18e-a30c-462c-87c1-1787f6756edb,B009,4cb21fff-b4e0-4bd5-a312-f472f8541396,,open,klein,redacteur,Op de pagina staat na de hoofdkop “Inkoop en aanbesteding” (een h1-element) direct een h3-kop “Een document downloaden en openen”. Tussen de h1 en deze h3 ontbreekt een tussenliggende h2-kop. Hierdoor wordt een niveau in de koppenhiërarchie overgeslagen. Voor gebruikers van hulpsoftware die op koppen navigeren is de paginastructuur daardoor onlogisch.,"Zorg dat koppen elkaar in hiërarchie opvolgen zonder een niveau over te slaan. Maak van de kop “Een document downloaden en openen” een h2 in plaats van een h3, of plaats deze tekst onder een bestaande h2 (bijvoorbeeld als onderdeel van een sectie over de documenten).",,,4,Fri Apr 24 2026 11:25:58 GMT+0200 (Midden-Europese zomertijd),Fri Apr 24 2026 11:25:58 GMT+0200 (Midden-Europese zomertijd)
75a83a02-3322-44bd-9844-41bb97d703bc,3f70b18e-a30c-462c-87c1-1787f6756edb,B023,4cb21fff-b4e0-4bd5-a312-f472f8541396,,open,klein,redacteur,"In de PDF “Algemeen Privacybeleid” is de titel op pagina 1 niet als H1-kop getagd. De titel bestaat uit meerdere regels (“Algemeen Privacybeleid”, “Gemeenten Blaricum, Eemnes en Laren &”, “Gemeenschappelijke regeling BEL Combinatie”) die elk in een afzonderlijk P-element (paragraaf) staan. In de tagstructuur staat wel een leeg H1-element, maar zonder tekst.","Markeer de titel van het document als één H1-element. Plaats de regels “Algemeen Privacybeleid”, “Gemeenten Blaricum, Eemnes en Laren &” en “Gemeenschappelijke regeling BEL Combinatie” samen in één H1-tag, of maak van “Algemeen Privacybeleid” de H1 en van de overige regels een ondergeschikt element (bijvoorbeeld een ondertitel).",,,8,Fri Apr 24 2026 11:25:58 GMT+0200 (Midden-Europese zomertijd),Fri Apr 24 2026 11:25:58 GMT+0200 (Midden-Europese zomertijd)
0303793b-32a3-4de4-82cc-4b53e188907d,3f70b18e-a30c-462c-87c1-1787f6756edb,B024,143487c8-c34d-4cf6-bb8d-ad91a9db7b53,,open,matig,redacteur,"In de PDF “Algemeen Privacybeleid” komt een afbeelding (Figure-element) in de tagstructuur voor op pagina 1. Visueel staat deze afbeelding pas op pagina 16 (de laatste pagina, onder “Vastgesteld”). Voor gebruikers van hulpsoftware (zoals een schermlezer) betekent dit dat de leesvolgorde van pagina 1 naar pagina 16 springt en daarna terug.","Plaats het Figure-element in de tagstructuur op de juiste plek, namelijk op pagina 16 onder “Vastgesteld”, zodat de leesvolgorde overeenkomt met de visuele volgorde.",,,1,Fri Apr 24 2026 11:25:58 GMT+0200 (Midden-Europese zomertijd),Fri Apr 24 2026 11:25:58 GMT+0200 (Midden-Europese zomertijd)
33692f8e-1b4d-4e50-995b-6bceea76eb23,3f70b18e-a30c-462c-87c1-1787f6756edb,B021,41d09e8c-c857-457c-a799-ffc0539e7722,,open,klein,redacteur,"In het volgende PDF-document staat bovenin een gecombineerde afbeelding met de logo's en namen van de gemeenten Blaricum, Eemnes en Laren en het logo van de BEL Combinatie. Deze logo's zijn niet als afbeelding getagd en worden daarom door hulpsoftware (zoals een schermlezer) genegeerd.",Op pagina 1 van het document moet deze afbeelding worden getagd en een goed tekstalternatief krijgen. Op de vervolgpagina's is dat niet nodig.,,,4,Fri Apr 24 2026 11:25:58 GMT+0200 (Midden-Europese zomertijd),Fri Apr 24 2026 11:25:58 GMT+0200 (Midden-Europese zomertijd)
e66675f6-0efb-4bf8-8bde-ef03dd2eea8a,3f70b18e-a30c-462c-87c1-1787f6756edb,B022,4cb21fff-b4e0-4bd5-a312-f472f8541396,,open,matig,redacteur,"In de PDF “Algemeen Privacybeleid” staan twee tabellen: een tabel “Versiebeheer” op pagina 2 en een tabel met doelgroepen en relevantie voor het privacybeleid in hoofdstuk 4.2. In beide tabellen zijn alle cellen als TD (datacellen) gemarkeerd; er zijn geen TH-elementen (kopcellen) gebruikt. Hierdoor kunnen gebruikers van hulpsoftware, zoals een schermlezer, de relatie tussen kopcellen en datacellen niet vaststellen en worden de tabellen voorgelezen zonder dat duidelijk is wat de kolommen en rijen betekenen.",Markeer de bovenste rij van elke tabel als kolomkoppen door de cellen te taggen als TH. Markeer daarnaast de eerste cel van elke data-rij als rij-kop door deze ook als TH te taggen.,,,7,Fri Apr 24 2026 11:25:58 GMT+0200 (Midden-Europese zomertijd),Fri Apr 24 2026 11:25:58 GMT+0200 (Midden-Europese zomertijd)
1f35b72a-18f2-4a82-b516-69785e4683a0,3f70b18e-a30c-462c-87c1-1787f6756edb,B026,cf8f7d38-2002-4ede-aa09-a382fd4c22f5,,open,matig,redacteur,"In de PDF “Algemeen Privacybeleid” staat op pagina 16 onder “Vastgesteld” een screenshot van een vastgestelde agenda uit het bestuurlijk besluitvormingssysteem. Deze afbeelding bevat informatie die volledig als tekst wordt weergegeven (agendapunten, besluiten, parafen, data en namen). Tekst mag alleen als afbeelding worden gebruikt als dat essentieel is voor de weergave. Dat is hier niet het geval: de tekst kan ook als gewone tekst in het document worden opgenomen. Daardoor kan de tekst nu niet worden doorzocht, geselecteerd, gekopieerd of aangepast in grootte of kleur door gebruikers die dat nodig hebben.","Verwijder de screenshot en neem de vaststellingsinformatie als gewone tekst in het document op. Op die manier kunnen gebruikers de tekst doorzoeken, selecteren, vergroten en aanpassen aan hun eigen voorkeuren.",,,0,Fri Apr 24 2026 11:25:58 GMT+0200 (Midden-Europese zomertijd),Fri Apr 24 2026 11:25:58 GMT+0200 (Midden-Europese zomertijd)
843a2eaf-afbf-42fe-a5ca-9fdb6f98c82c,3f70b18e-a30c-462c-87c1-1787f6756edb,B028,35d250a4-d5a2-4d75-9ebd-6fc4c6da9cbc,,open,matig,redacteur,"In de PDF “Algemeen Privacybeleid” staat op meerdere plekken tekst met een onvoldoende contrastverhouding tegenover de witte achtergrond:

- De datum “Oktober 2019” op pagina 1 heeft tekstkleur #8DB3E2 op witte achtergrond. De contrastverhouding is 2,2:1.
- De H2-subkoppen (zoals “3.1. Europese privacywetgeving” op pagina 6) hebben tekstkleur #4F81BD op witte achtergrond. De contrastverhouding is 4:1, bij een lettergrootte van 12,96 pt.

Voor normale tekst is volgens WCAG 1.4.3 een contrastverhouding van minimaal 4,5:1 vereist. Beide voorbeelden halen deze norm niet.","Pas de tekstkleuren in het document aan zodat ze minimaal 4,5:1 contrast hebben met de witte achtergrond. Gebruik bijvoorbeeld een donkerdere tint blauw. Controleer het contrast met een Colour Contrast Analyzer.",,,3,Fri Apr 24 2026 11:25:58 GMT+0200 (Midden-Europese zomertijd),Fri Apr 24 2026 11:25:58 GMT+0200 (Midden-Europese zomertijd)
dc97e5c4-b024-4c87-a7eb-a9855db19a92,3f70b18e-a30c-462c-87c1-1787f6756edb,B029,4cb21fff-b4e0-4bd5-a312-f472f8541396,,open,serieus,redacteur,"Het volgende PDF-document is niet getagd. Dit wil zeggen dat er geen structuur is aangegeven in het bestand door middel van tags. Hulpsoftware (zoals een screenreader) kan hierdoor niet bepalen wat koppen, lijsten en dergelijke zijn en zal afbeeldingen negeren.","Als het bestand correct getagd wordt, kan hulpsoftware beter de structuur en relaties bepalen. Bij koppen kan dan bijvoorbeeld worden voorgelezen dat dit koppen zijn. In veel gevallen kan dit probleem worden opgelost door het document vanuit het bronbestand (meestal in Word of InDesign) opnieuw te exporteren naar PDF, maar dan inclusief tags of labels.

Omdat nu de tags ontbreken, kunnen andere succescriteria zoals 1.1.1 en 1.3.2 niet onderzocht worden. Let daarom op dat bij het oplossen van dit probleem nieuwe toegankelijkheidsproblemen kunnen ontstaan.",,,9,Fri Apr 24 2026 11:25:58 GMT+0200 (Midden-Europese zomertijd),Fri Apr 24 2026 11:25:58 GMT+0200 (Midden-Europese zomertijd)
50e64a8b-573d-4492-a3ce-4b6269f4dbe5,3f70b18e-a30c-462c-87c1-1787f6756edb,B031,c5da9884-1520-4257-9c7c-cfdf3e78c7a6,,open,klein,redacteur,"De PDF heeft wel een titel (“Geanonimiseerd document”), maar deze beschrijft de inhoud van het document onvoldoende. Gebruikers van hulpsoftware, zoals een schermlezer, horen daardoor geen beschrijvende documenttitel.",Stel een beschrijvende titel in die de inhoud van het document weergeeft. Doe dit bij voorkeur al in het bronbestand (bijvoorbeeld in Word of InDesign) voordat je exporteert naar PDF.,,,1,Fri Apr 24 2026 11:25:58 GMT+0200 (Midden-Europese zomertijd),Fri Apr 24 2026 11:25:58 GMT+0200 (Midden-Europese zomertijd)
5a9f5f1e-beac-4c7c-95d2-8dc13f5bb643,3f70b18e-a30c-462c-87c1-1787f6756edb,B030,41d09e8c-c857-457c-a799-ffc0539e7722,,resolved,,,"Het volgende PDF-document is niet getagd. Hierdoor zijn informatieve afbeeldingen niet gemarkeerd als Figure en hebben zij geen tekstalternatief. Mensen die blind zijn en een schermlezer gebruiken krijgen deze informatie daardoor niet aangeboden. Omdat het document niet is getagd, is niet vast te stellen of afbeeldingen correct zijn verwerkt. Hierdoor wordt dit nu niet afgekeurd. Zodra het document wel wordt getagd, kan blijken dat informatieve afbeeldingen ontbreken of onjuist zijn getagd.","Zorg dat de PDF wordt voorzien van een volledige tags-structuur en maak daarbij onderscheid tussen informatieve en decoratieve afbeeldingen.
- Tag informatieve afbeeldingen als Figure en voorzie deze van een kort en beschrijvend tekstalternatief .
- Markeer decoratieve afbeeldingen als artefact zodat deze worden genegeerd door schermlezers.",,,6,Fri Apr 24 2026 11:25:58 GMT+0200 (Midden-Europese zomertijd),Fri Apr 24 2026 11:25:58 GMT+0200 (Midden-Europese zomertijd)
c68af8a3-be02-4b01-b9e5-453a3e585e22,3f70b18e-a30c-462c-87c1-1787f6756edb,B018,41d09e8c-c857-457c-a799-ffc0539e7722,,resolved,,,"Op de pagina staan drie sfeerbeelden bij de introducties van de gemeenten Blaricum, Eemnes en Laren: een foto van de schaapskudde op de Westerheide, een foto van het gemaal in de Eemnes-polder en een foto van het Brinkhuis in Laren. De afbeeldingen zijn voorzien van een alt-tekst. De inhoud van deze foto's voegt echter geen informatie toe die niet al in de omringende tekst staat; het zijn illustratieve sfeerbeelden. Hulpsoftware kondigt deze afbeeldingen nu aan en leest de alt-tekst voor, terwijl ze feitelijk decoratief zijn.","Geef de drie sfeerbeelden een leeg alt-attribuut (alt=""""). Daarmee worden ze door hulpsoftware als decoratief herkend en overgeslagen, wat voor gebruikers van een schermlezer prettiger leest.",,,3,Fri Apr 24 2026 11:25:58 GMT+0200 (Midden-Europese zomertijd),Fri Apr 24 2026 11:25:58 GMT+0200 (Midden-Europese zomertijd)
27aa7913-5f54-4963-b6f1-35351733abc5,3f70b18e-a30c-462c-87c1-1787f6756edb,B027,c5da9884-1520-4257-9c7c-cfdf3e78c7a6,,open,klein,redacteur,"De PDF heeft geen titel. Hierdoor tonen PDF-lezers de bestandsnaam in de tab- en titelbalk. Gebruikers van hulpsoftware, zoals een schermlezer, horen daardoor de bestandsnaam in plaats van een beschrijvende documenttitel.",Vul in de documenteigenschappen van de PDF (Bestand > Eigenschappen > Beschrijving) een beschrijvende titel in. Doe dit bij voorkeur al in het bronbestand (bijvoorbeeld in Word of InDesign) voordat je exporteert naar PDF. Stel daarnaast in bij de geavanceerde weergave-instellingen dat de documenttitel wordt getoond in plaats van de bestandsnaam (Bestand > Eigenschappen > Initiële weergave > Toon: Documenttitel).,,,0,Fri Apr 24 2026 11:25:58 GMT+0200 (Midden-Europese zomertijd),Fri Apr 24 2026 11:25:58 GMT+0200 (Midden-Europese zomertijd)
29e8fdd6-a266-43e2-b586-3624a94d1065,3f70b18e-a30c-462c-87c1-1787f6756edb,B019,143487c8-c34d-4cf6-bb8d-ad91a9db7b53,,open,matig,redacteur,"Op de pagina staan de drie gemeenten (Blaricum, Eemnes en Laren) visueel in drie kolommen naast elkaar. In elke kolom staan achtereenvolgens een kop, een inleidende tekst, een afbeelding, een uitgebreide tekst en een knop naar de gemeentesite. In de code is deze informatie niet per kolom, maar per rij opgebouwd. In de code staan eerst de drie koppen met hun inleidende tekst achter elkaar, daarna per gemeente een afbeelding gevolgd door de uitgebreide tekst, en als laatste de drie knoppen achter elkaar. Voor gebruikers van hulpsoftware, zoals een schermlezer, is de samenhang tussen kop, afbeelding, tekst en knop per gemeente daardoor moeilijk te volgen. De volgorde in de code komt niet overeen met de visuele volgorde.","Zet de informatie in de code per gemeente bij elkaar: kop, inleiding, afbeelding, uitgebreide tekst en knop achter elkaar. De visuele drie-koloms weergave regel je via CSS. In het CMS kan dit worden opgelost door het paragraaftype “3 kolommen” te kiezen; daarin wordt de content per kolom in de code bij elkaar geplaatst. Op die manier komt de volgorde in de code overeen met de visuele volgorde.",,,0,Fri Apr 24 2026 11:25:58 GMT+0200 (Midden-Europese zomertijd),Fri Apr 24 2026 11:25:58 GMT+0200 (Midden-Europese zomertijd)
74c58ee2-455a-4167-a052-4f5816a3a085,3f70b18e-a30c-462c-87c1-1787f6756edb,B015,9b23fa6b-a0de-4779-b78a-2649f20d17e7,,resolved,,,"Op de website is een versie voor hoog contrast aanwezig. Deze is aan te zetten door middel van een zogenaamde ""contrast switch"".

Dit succescriterium is volledig getest in de modus voor hoog contrast. De versie voor hoog contrast wordt gezien als een alternatief voor de standaard versie.

Hierdoor kunnen er contrastproblemen zijn met grafische elementen in de standaard versie. Deze zijn verder niet beoordeeld.","We adviseren om ook de standaard versie te voorzien van voldoende contrast voor grafische elementen, zoals iconen, knoppen en formuliervelden. Dit bevordert de toegankelijkheid van de website voor bezoekers met een zichtbeperking.

De versie voor hoog contrast kan dan vervolgens ingezet worden voor een ""verhoogd contrast"".",,,0,Fri Apr 24 2026 11:25:58 GMT+0200 (Midden-Europese zomertijd),Fri Apr 24 2026 11:25:58 GMT+0200 (Midden-Europese zomertijd)
63f88648-15cb-4314-9e74-034ca086a8a2,0cfcaf8d-bd5d-4614-82ef-13de9c61ca62,B003,4cb21fff-b4e0-4bd5-a312-f472f8541396,,open,klein,redacteur,"In de paragraaf onder de kop ""Melding contractmanagement"" staan de woorden ""melding zorg"" cursief, gemaakt met een em-element. Met deze cursivering is de naam van een knop op de pagina aangegeven. Het em-element is daar niet voor bedoeld. Het hoort gebruikt te worden om binnen een lopende zin een woord echt extra nadruk te geven, zodat hulpsoftware dat woord met meer klemtoon kan voorlezen. Doordat het hier op een knopnaam zit, horen gebruikers van hulpsoftware ""melding zorg"" als benadrukt woord, terwijl er alleen een knopnaam wordt aangewezen.","Verwijder het em-element rond ""melding zorg"". Als de knopnaam visueel moet opvallen, doe dit via CSS of door van de tekst een daadwerkelijke link naar de knop te maken.",,,2,Fri Apr 24 2026 12:25:01 GMT+0200 (Midden-Europese zomertijd),Mon Apr 27 2026 21:57:10 GMT+0200 (Midden-Europese zomertijd)
3c684608-8d46-4254-98da-7cd80af1f585,0cfcaf8d-bd5d-4614-82ef-13de9c61ca62,B002,4cb21fff-b4e0-4bd5-a312-f472f8541396,,open,klein,redacteur,"Op de homepage staan onder de kop ""Belangrijke onderwerpen"" (H2) vijf onderwerpen naast elkaar. Drie ervan (Fysieke overlegtafel, Regionaal Expertteam (RET), Beleid & regio-ontwikkeling) zijn opgemaakt als H3. De andere twee (ETHOS telling, Inzicht & impact) zijn opgemaakt als H2, terwijl ze visueel en in de code binnen dezelfde sectie vallen en dus op hetzelfde niveau als de H3's zouden moeten staan. Hierdoor klopt de hiërarchie van de koppen niet en kunnen gebruikers van hulpsoftware niet goed horen welke onderwerpen bij elkaar horen.","Maak van ""ETHOS telling"" en ""Inzicht & impact"" een H3, zodat alle vijf onderwerpen in de sectie ""Belangrijke onderwerpen"" op hetzelfde niveau staan.",,,1,Fri Apr 24 2026 11:48:57 GMT+0200 (Midden-Europese zomertijd),Fri Apr 24 2026 13:19:41 GMT+0200 (Midden-Europese zomertijd)
2603b840-c8ff-4d69-bd70-ef219a67249e,0cfcaf8d-bd5d-4614-82ef-13de9c61ca62,B001,4cb21fff-b4e0-4bd5-a312-f472f8541396,,open,klein,redacteur,"Op meerdere pagina's zijn koppen extra benadrukt met een strong-element (een HTML-element voor nadruk binnen lopende tekst). Een voorbeeld is de kop ""Melding contractmanagement"" op de homepage. Een kop is al een prominent element en hoeft niet nog eens extra benadrukt te worden. Hierdoor krijgen gebruikers van hulpsoftware onjuiste informatie: de kop wordt voorgelezen als benadrukt, terwijl dit al uit het kopniveau blijkt.","Verwijder het strong-element binnen de koppen. Als de kop visueel extra moet opvallen, regel dit via CSS in plaats van via een extra strong-element.",,,0,Fri Apr 24 2026 11:48:46 GMT+0200 (Midden-Europese zomertijd),Fri Apr 24 2026 13:28:04 GMT+0200 (Midden-Europese zomertijd)
10269644-e57e-4969-9b66-67a7c6ce0c14,0cfcaf8d-bd5d-4614-82ef-13de9c61ca62,B009,41d09e8c-c857-457c-a799-ffc0539e7722,,resolved,,,"Op de pagina staat het logo GR JW. Het tekstalternatief bevat naast het logo en de beeldtekst ook een beschrijving van het logo zelf (""Het logo bestaat uit de letters 'GR' in blauw en 'JW' in groen.""). Kleuren en plaatsing voegen geen informatie toe. Voor mensen die de website laten voorlezen leidt dit alleen maar af.",Verwijder de beschrijving van de kleuren van de letters uit het tekstalternatief. Het tekstalternatief bevat dan alleen GR JW (logo) en de beeldtekst.,,,0,Fri Apr 24 2026 15:19:14 GMT+0200 (Midden-Europese zomertijd),Tue Apr 28 2026 09:48:46 GMT+0200 (Midden-Europese zomertijd)
eba9b927-697b-43a1-9884-a17aa8b94607,0cfcaf8d-bd5d-4614-82ef-13de9c61ca62,B012,cd31b01e-f6f1-4e3a-bbbe-c83d8c570848,,resolved,,,"Op de pagina staan drie links met de linktekst ""Startpunt"" die naar twee verschillende bestemmingen wijzen. Twee gaan naar de externe website aanbod.zorgverkeer.nl. De derde springt vanuit de inhoudsopgave naar de sectie ""Startpunt"" lager op de pagina. Hulpsoftware die een lijst van links voorleest, leest drie keer ""Startpunt"" voor zonder onderscheid in bestemming.","We adviseren om identieke linkteksten te vermijden wanneer ze naar verschillende bestemmingen leiden. Dit kan door de linktekst in de inhoudsopgave specifieker te maken (bijvoorbeeld ""Naar sectie Startpunt op deze pagina"") of door de externe link een eigen, beschrijvende linktekst te geven (bijvoorbeeld ""Startpunt: overzicht zorgaanbieders"").",,,2,Sun Apr 26 2026 11:06:58 GMT+0200 (Midden-Europese zomertijd),Tue Apr 28 2026 10:03:14 GMT+0200 (Midden-Europese zomertijd)
739eba91-5729-4384-a283-70b6f841bc7a,0cfcaf8d-bd5d-4614-82ef-13de9c61ca62,B006,cd31b01e-f6f1-4e3a-bbbe-c83d8c570848,,open,klein,redacteur,"Op meerdere pagina's staan links met de linktekst ""Lees meer..."" in een eigen alinea, zonder beschrijvende context in dezelfde zin of alinea. Een voorbeeld is de link ""Lees meer..."" onder ""Fysieke overlegtafel"" op de homepage. De linktekst alleen maakt niet duidelijk waar de link naartoe leidt. Hulpsoftware die een lijst van links voorleest, leest meerdere keren alleen ""Lees meer..."" voor zonder onderscheid.","Maak de linktekst specifiek, bijvoorbeeld ""Lees meer over Fysieke overlegtafel"". Een alternatief is om de link in dezelfde alinea te plaatsen als de beschrijvende tekst. Hulpsoftware kan dan die omringende tekst gebruiken als context, zodat de gebruiker alsnog weet waar de link over gaat.",,,0,Fri Apr 24 2026 12:45:57 GMT+0200 (Midden-Europese zomertijd),Tue Apr 28 2026 09:25:31 GMT+0200 (Midden-Europese zomertijd)
2b92f853-4619-4d01-b460-22fcd59b149b,0cfcaf8d-bd5d-4614-82ef-13de9c61ca62,B007,cd31b01e-f6f1-4e3a-bbbe-c83d8c570848,,open,matig,redacteur,"Op meerdere pagina's staan links waarvan de tekst een mailadres laat zien, maar het webadres achter de link wijst niet naar een mailadres. In plaats daarvan blijft de gebruiker op dezelfde pagina staan. Een voorbeeld is de link ""contact@grjw.nl"" in de footer van de homepage. Wie op deze link klikt, verwacht dat het e-mailprogramma opent, maar dat gebeurt niet. De linktekst belooft iets anders dan wat de link doet.","Stel het webadres achter deze links in op het juiste mailadres, in de vorm ""mailto:contact@grjw.nl"". Klikken op de link opent dan het e-mailprogramma van de gebruiker met het mailadres al ingevuld.",,,1,Fri Apr 24 2026 13:00:47 GMT+0200 (Midden-Europese zomertijd),Tue Apr 28 2026 09:26:57 GMT+0200 (Midden-Europese zomertijd)
276be8b1-0dc5-4df0-bc0b-a451f849bd9a,0cfcaf8d-bd5d-4614-82ef-13de9c61ca62,B013,4cb21fff-b4e0-4bd5-a312-f472f8541396,,open,matig,redacteur,"Op meerdere pagina's staan visuele opsommingen die niet als lijst zijn opgemaakt. Bij de veelgestelde vragen op de pagina Regionaal Expertteam zijn in het antwoord op ""Wat zijn de functies van het RET?"" vier genummerde items opgemaakt als losse alinea's, in plaats van als echte genummerde lijst. Op de pagina Jaarverantwoording staan onder ""Wanneer moet je dit aanleveren?"" drie deadlines in één alinea. Hulpsoftware kondigt deze opsommingen niet als lijst aan. Het aantal items wordt niet genoemd. Daardoor gaat de samenhang tussen de items verloren voor mensen die de website laten voorlezen.",Maak van de visuele opsommingen een echte lijst. Gebruik een genummerde lijst als de volgorde van belang is. Gebruik een opsommingslijst als de volgorde er niet toe doet.,,,6,Mon Apr 27 2026 10:33:02 GMT+0200 (Midden-Europese zomertijd),Tue Apr 28 2026 10:11:58 GMT+0200 (Midden-Europese zomertijd)
b41db6e2-9267-4782-a61e-8310a888d1ef,0cfcaf8d-bd5d-4614-82ef-13de9c61ca62,B016,4cb21fff-b4e0-4bd5-a312-f472f8541396,,open,klein,redacteur,"Op de pagina Jaarverantwoording is de tekst ""De deadlines op een rij:"" cursief gemaakt met een em-element. Deze tekst is een inleidend zinnetje boven de opsomming met deadlines. Het em-element is daar niet voor bedoeld. Het hoort gebruikt te worden om binnen een lopende zin een woord echt extra nadruk te geven, zodat hulpsoftware dat woord met meer klemtoon kan voorlezen. Doordat het hier op een inleidend zinnetje zit, lezen gebruikers van hulpsoftware ""De deadlines op een rij:"" met extra nadruk voor, terwijl er geen woord is dat die nadruk hoeft te krijgen.","Verwijder het em-element rond ""De deadlines op een rij:"". Als de tekst visueel cursief moet blijven, regel dat via CSS.",,,9,Mon Apr 27 2026 12:51:07 GMT+0200 (Midden-Europese zomertijd),Tue Apr 28 2026 10:19:51 GMT+0200 (Midden-Europese zomertijd)
26b72ff8-c9f1-49bb-af82-43e0a90ba299,0cfcaf8d-bd5d-4614-82ef-13de9c61ca62,B018,41d09e8c-c857-457c-a799-ffc0539e7722,,open,klein,redacteur,"Op pagina 3 van de PDF Nieuwsbrief fysieke overlegtafel 6 oktober 2025 staat rechtsonder het logo van GR JW. Dit logo is in het document niet als afbeelding aangemerkt. Een gebruiker die de PDF met hulpsoftware leest, hoort daardoor niet dat hier het logo van GR JW staat.","Markeer het logo als afbeelding en geef het een tekstalternatief, bijvoorbeeld ""Logo GR JW"". Hulpsoftware kondigt het logo dan aan, zodat de gebruiker weet van wie de nieuwsbrief afkomstig is.",,,2,Mon Apr 27 2026 13:41:46 GMT+0200 (Midden-Europese zomertijd),Tue Apr 28 2026 10:25:10 GMT+0200 (Midden-Europese zomertijd)
d93eabac-47e8-457f-8e65-459fce98670c,0cfcaf8d-bd5d-4614-82ef-13de9c61ca62,B019,4cb21fff-b4e0-4bd5-a312-f472f8541396,,open,matig,redacteur,"In de PDF Nieuwsbrief fysieke overlegtafel 6 oktober 2025 klopt de opbouw van de koppen niet. Onder de hoofdtitel staan direct koppen op het laagste niveau, zonder dat er tussenliggende niveaus zijn gebruikt. Dit gebeurt onder andere bij ""Hoe gaat het bij GR JW?"" en ""Wat is een fysieke overlegtafel?"". Op pagina 3 staan onder ""Save the date"" drie tekstregels die als kop op niveau 4 zijn aangemerkt, terwijl het gewone alinea's zijn. Mensen die de PDF laten voorlezen en navigeren via de koppen, krijgen daardoor een onlogische structuur te horen. Het wordt zo lastiger om de hoofdzaken van bijzaken te onderscheiden.","Gebruik de koppen in een logische volgorde, zonder niveaus over te slaan. Markeer alleen daadwerkelijke koppen als kop, en gewone tekst als alinea.",,,10,Mon Apr 27 2026 15:09:06 GMT+0200 (Midden-Europese zomertijd),Tue Apr 28 2026 10:36:26 GMT+0200 (Midden-Europese zomertijd)
b21dedc3-9757-4cf7-8980-35128ff54189,0cfcaf8d-bd5d-4614-82ef-13de9c61ca62,B023,f9bb183a-eaa4-40fd-b878-91858322913f,,open,serieus,redacteur,"De PDF Nieuwsbrief fysieke overlegtafel 6 oktober 2025 is geschreven in het Nederlands, maar in de documenteigenschappen staat Engels als taal ingesteld. Hulpsoftware leest de Nederlandse tekst daardoor voor met een Engelse uitspraak. De inhoud is dan voor mensen die de PDF laten voorlezen lastiger te volgen.","Stel de documenttaal in op Nederlands. In Adobe Acrobat kan dit via Bestand, Eigenschappen, tabblad Geavanceerd, onderaan bij Leesopties: kies bij Taal ""Nederlands"". Hulpsoftware leest de tekst daarna met de juiste uitspraak voor.",,,0,Mon Apr 27 2026 16:33:27 GMT+0200 (Midden-Europese zomertijd),Tue Apr 28 2026 10:52:30 GMT+0200 (Midden-Europese zomertijd)
554e363c-dd56-4316-b124-e6186a41ad41,0cfcaf8d-bd5d-4614-82ef-13de9c61ca62,B014,4cb21fff-b4e0-4bd5-a312-f472f8541396,,open,matig,redacteur,"Op de pagina Jaarverantwoording staat onder de sub-kop ""Wat moet je aanleveren?"" de tekst ""Steekproefcontrole bij productie tot € 200.000,-"". Visueel ziet dit eruit als een subkop. In de code is het echter geen kop, maar benadrukte tekst via een strong-element. Mensen die de website laten voorlezen krijgen deze tekst niet als kop voorgelezen. Daardoor kunnen zij dit onderwerp niet snel terugvinden via de lijst met koppen op de pagina.","Maak van ""Steekproefcontrole bij productie tot € 200.000,-"" een echte sub-kop op het juiste niveau. Verwijder het strong-element. De visuele opmaak kan met CSS geregeld worden.",,,7,Mon Apr 27 2026 12:50:28 GMT+0200 (Midden-Europese zomertijd),Tue Apr 28 2026 10:16:30 GMT+0200 (Midden-Europese zomertijd)
c994d0b4-10e5-4003-81e4-5bbf5dc6c098,0cfcaf8d-bd5d-4614-82ef-13de9c61ca62,B017,41d09e8c-c857-457c-a799-ffc0539e7722,,open,matig,,"In de PDF Nieuwsbrief fysieke overlegtafel 6 oktober 2025 staan veel decoratieve elementen, zoals golfvormen en pijltjes. Deze elementen zijn in het document aangemerkt als afbeelding, maar zonder tekstalternatief. Hulpsoftware kondigt daardoor steeds afbeeldingen aan zonder dat de gebruiker er iets aan heeft. Decoratieve elementen voegen niets toe aan de inhoud en horen door hulpsoftware overgeslagen te worden.","Markeer alle puur decoratieve elementen zo dat hulpsoftware ze overslaat. In Adobe Acrobat kan dit via het tagvenster: klik met de rechtermuisknop op de afbeelding, kies ""Wijzig tagtype"" en kies daarna ""Artifact"". Hulpsoftware leest deze elementen dan niet meer voor.",,,1,Mon Apr 27 2026 13:41:36 GMT+0200 (Midden-Europese zomertijd),Tue Apr 28 2026 10:21:38 GMT+0200 (Midden-Europese zomertijd)
27340eea-acf5-41b7-93de-5105e4353f96,0cfcaf8d-bd5d-4614-82ef-13de9c61ca62,B021,4cb21fff-b4e0-4bd5-a312-f472f8541396,,open,matig,redacteur,"Op pagina 2 van de PDF Nieuwsbrief fysieke overlegtafel 6 oktober 2025 staan onder de kop ""Wist je dat.."" drie genummerde tegels (1, 2, 3) naast elkaar. Visueel is dit een genummerde opsomming, maar in het document zijn de drie tegels als losse alinea's en koppen geplaatst. Hulpsoftware kondigt daardoor geen lijst aan en noemt het aantal items niet.",Pas het bronbestand zo aan dat de drie tegels bij export naar PDF als één genummerde lijst worden meegenomen.,,,12,Mon Apr 27 2026 16:21:16 GMT+0200 (Midden-Europese zomertijd),Tue Apr 28 2026 10:47:51 GMT+0200 (Midden-Europese zomertijd)
81232c45-a343-4ef2-904d-1a8a2e5d69b4,0cfcaf8d-bd5d-4614-82ef-13de9c61ca62,B020,4cb21fff-b4e0-4bd5-a312-f472f8541396,,open,matig,redacteur,"Op pagina 1 van de PDF Nieuwsbrief fysieke overlegtafel 6 oktober 2025 staat rechtsboven een inhoudsopgave onder de kop ""Inhoud"". Visueel is dit een opsomming, maar in het document zijn de onderwerpen als losse alinea's onder elkaar geplaatst. Hulpsoftware kondigt daardoor geen inhoudsopgave aan en noemt het aantal items niet.","Markeer de onderwerpen onder ""Inhoud"" als één inhoudsopgave, in plaats van als losse alinea's. In Adobe Acrobat kan dit via het tagvenster door het blok aan te merken als inhoudsopgave. Hulpsoftware kondigt het blok dan aan als inhoudsopgave met het aantal items.",,,11,Mon Apr 27 2026 16:20:03 GMT+0200 (Midden-Europese zomertijd),Tue Apr 28 2026 10:41:08 GMT+0200 (Midden-Europese zomertijd)
15283199-ebf4-42fd-8cd6-797f448e8390,0cfcaf8d-bd5d-4614-82ef-13de9c61ca62,B024,143487c8-c34d-4cf6-bb8d-ad91a9db7b53,,open,matig,redacteur,"Op pagina 2 van de PDF Nieuwsbrief fysieke overlegtafel 6 oktober 2025 staan twee blokken in twee kolommen naast elkaar: ""Deelsessie dagvoorzieningen"" en ""Deelsessie externaliserend gedrag in de open jeugdhulp"". Visueel hoort bij elke kop direct de tekst eronder. Hulpsoftware leest echter eerst de twee koppen achter elkaar voor, en pas daarna de twee teksten. Het is dan niet duidelijk welke tekst bij welke kop hoort.",Pas het bronbestand zo aan dat elke kop direct boven de eigen tekst staat in de volgorde waarin het wordt voorgelezen.,,,0,Mon Apr 27 2026 16:39:46 GMT+0200 (Midden-Europese zomertijd),Tue Apr 28 2026 11:45:53 GMT+0200 (Midden-Europese zomertijd)
d4c08a36-2f46-4a84-995c-41566721b78a,0cfcaf8d-bd5d-4614-82ef-13de9c61ca62,B025,35d250a4-d5a2-4d75-9ebd-6fc4c6da9cbc,,open,matig,redacteur,"Op meerdere plekken in de PDF Nieuwsbrief fysieke overlegtafel 6 oktober 2025 is het contrast tussen tekst en achtergrond te laag. Bovenaan elke pagina staat in de blauwe header-balk de datum ""30-10-2025"" en de tekst ""Nieuwsbrief fysieke overlegtafel"" in donkergrijs (#3B474F) op blauw (#5A90CC). Het contrast komt uit op 2,9:1, terwijl voor normale tekst minimaal 4,5:1 vereist is. Onderaan pagina 3 staat het ""Save the date""-blok in witte tekst (#FFFFFF) op turquoise (#10B9A8). Het contrast komt uit op 2,5:1. Voor de grote kop ""Save the date"" is minimaal 3:1 vereist, voor de toelichtende tekst eronder minimaal 4,5:1. Beide normen worden niet gehaald. Deze tekst is daardoor slecht leesbaar voor mensen met een visuele beperking, zoals slechtzienden of mensen met een verminderd contrastgevoel.","Verhoog het contrast op beide plekken zodat de eisen worden gehaald: minimaal 3:1 voor grote koppen en minimaal 4,5:1 voor normale tekst. Pas dit aan in het bronbestand en exporteer de PDF opnieuw.",,,1,Mon Apr 27 2026 16:53:43 GMT+0200 (Midden-Europese zomertijd),Tue Apr 28 2026 11:48:44 GMT+0200 (Midden-Europese zomertijd)
6cc5732e-b547-4a3a-9c78-b6774d336de5,0cfcaf8d-bd5d-4614-82ef-13de9c61ca62,B026,1f36c6a9-6e39-462e-8051-67c0ac31e0b2,,open,matig,redacteur,"In de PDF Nieuwsbrief fysieke overlegtafel 6 oktober 2025 staan op meerdere plekken klikbare links, zoals het mailadres contact@grjw.nl op pagina 2 en de link www.nji.nl op pagina 3. Deze links zijn in het document niet als link aangemerkt. Hulpsoftware kondigt de tekst daardoor niet aan als link.",Pas het bronbestand zo aan dat de klikbare teksten bij export naar PDF als link worden meegenomen.,,,0,Mon Apr 27 2026 16:57:03 GMT+0200 (Midden-Europese zomertijd),Tue Apr 28 2026 11:54:05 GMT+0200 (Midden-Europese zomertijd)
5a9bb5cf-3dd7-4764-97ef-f222f39667c1,0cfcaf8d-bd5d-4614-82ef-13de9c61ca62,B028,c5da9884-1520-4257-9c7c-cfdf3e78c7a6,,open,klein,redacteur,In het PDF-document Overzicht contractmanagers en zorgaanbieders is in de bestandseigenschappen geen titel ingevuld. PDF-lezers tonen daardoor de bestandsnaam (20260224 Overzicht contractmanagers en zorgaanbieders_0.pdf) in de titelbalk en tab van het venster. Mensen die de PDF laten voorlezen krijgen de bestandsnaam te horen in plaats van een betekenisvolle titel.,"Vul in het bronbestand een beschrijvende titel in, bijvoorbeeld ""Overzicht contractmanagers en zorgaanbieders"". Exporteer de PDF daarna opnieuw. Stel in de PDF zelf ook in dat de documenttitel wordt getoond in plaats van de bestandsnaam. In Adobe Acrobat kan dat via Bestand, Eigenschappen, tabblad Initiële weergave: kies bij ""Toon"" de optie ""Documenttitel"".",,,0,Mon Apr 27 2026 17:55:51 GMT+0200 (Midden-Europese zomertijd),Tue Apr 28 2026 12:07:50 GMT+0200 (Midden-Europese zomertijd)
22f3d3a0-8649-44a0-9f6f-8d6a2cb9853d,0cfcaf8d-bd5d-4614-82ef-13de9c61ca62,B011,4cb21fff-b4e0-4bd5-a312-f472f8541396,,open,matig,redacteur,"Op de pagina staat in de sectie Vacatures onder ""Wat ga je doen?"" een opsomming van vijf taken. Visueel is dit een opsomming met groene vinkjes voor elk item. In de code is dit echter niet als lijst opgemaakt, maar als één alinea waarin de items op nieuwe regels staan, met telkens een vinkje-emoji ervoor. Hulpsoftware kondigt dit daardoor niet aan als lijst en noemt het aantal items niet. Bovendien wordt elke vinkje-emoji voorgelezen als ""witte zware check markering"", wat afleidt van de inhoud.","Maak van de opsomming een echte lijst in de code. Verwijder de vinkje-emojis uit de tekst zelf. Als de vinkjes visueel gewenst zijn, regel dit via opmaak (CSS).",,,5,Fri Apr 24 2026 15:48:42 GMT+0200 (Midden-Europese zomertijd),Tue Apr 28 2026 09:57:56 GMT+0200 (Midden-Europese zomertijd)
851f918a-4528-4ddd-ba30-a3b5189745e0,0cfcaf8d-bd5d-4614-82ef-13de9c61ca62,B027,4cb21fff-b4e0-4bd5-a312-f472f8541396,,open,matig,redacteur,"In het PDF-document Overzicht contractmanagers en zorgaanbieders staat een tabel met vier kolommen: Zorgaanbieder, Contractmanager, E-mailadres contractmanager en Telefoonnummer contractmanager. De eerste rij ziet eruit als koprij, maar is in het document niet als koprij ingesteld. Hulpsoftware leest bij elke cel alleen de inhoud voor, zonder erbij te vertellen om welke kolom het gaat. Bovendien wordt deze rij op elke nieuwe pagina herhaald als gewone rij. Hulpsoftware leest daardoor de kolomtitels telkens opnieuw voor, midden tussen de gegevens.","Stel de eerste rij in het bronbestand in als koprij, en zorg dat deze koprij maar één keer in de tabel voorkomt. Exporteer de PDF daarna opnieuw.",,,14,Mon Apr 27 2026 17:52:13 GMT+0200 (Midden-Europese zomertijd),Tue Apr 28 2026 12:04:53 GMT+0200 (Midden-Europese zomertijd)
bb5a6c94-43f3-4e9f-bdf9-2656d607839d,0cfcaf8d-bd5d-4614-82ef-13de9c61ca62,B029,73fc903b-3e33-460d-a942-d5bfb3a34254,,open,klein,ontwikkelaar,"Op de stappen Gegevens zorgaanbieder en Gegevens betrokken inwoner van het meldformulier moeten gegevens worden ingevuld over een ander persoon dan de melder. Bij meerdere invoervelden (achternaam, postcode, straatnaam, plaats, e-mailadres en telefoonnummer) is een autocomplete-attribuut aanwezig. Het autocomplete-attribuut zorgt ervoor dat browsers en hulpsoftware ondersteuning kunnen geven bij het invullen, bijvoorbeeld door de gegevens van de gebruiker zelf voor te stellen. In dit geval gaat het om velden die niet over de gebruiker zelf gaan, maar over een derde. Daarom is het autocomplete-attribuut op deze velden onjuist.",Verwijder het autocomplete-attribuut bij de invoervelden op de stappen Gegevens zorgaanbieder en Gegevens betrokken inwoner. Op de stap waar de melder de eigen contactgegevens invult moet het attribuut blijven staan zoals het nu is.,,,0,Mon Apr 27 2026 18:19:09 GMT+0200 (Midden-Europese zomertijd),Tue Apr 28 2026 12:26:23 GMT+0200 (Midden-Europese zomertijd)