id,projectId,url,title,crawlerType,inScope,note,crawledAt,parentUrlId
33600900-8172-43d2-a86e-74940301605c,6b40737b-a874-4e09-8b16-d4de37a18487,https://mijn.urk.nl/nl,Home | DigiD,Productieomgeving,true,,Sun Feb 01 2026 21:01:29 GMT+0100 (Midden-Europese standaardtijd),1fb71295-0229-4e0a-ac54-85358637943d
e26e8119-ae7c-4785-8350-2365c4c0f7b4,6b40737b-a874-4e09-8b16-d4de37a18487,https://mijn.urk.nl/inlogmethodes,Home | DigiD,Productieomgeving,true,,Sun Feb 01 2026 21:01:33 GMT+0100 (Midden-Europese standaardtijd),1fb71295-0229-4e0a-ac54-85358637943d
0891c4b8-b8db-4cef-90c4-f09292b1028f,6b40737b-a874-4e09-8b16-d4de37a18487,https://mijn.urk.nl/veiligheid,Home | DigiD,Productieomgeving,true,,Sun Feb 01 2026 21:01:34 GMT+0100 (Midden-Europese standaardtijd),1fb71295-0229-4e0a-ac54-85358637943d
ba20428e-b7ce-4473-ae04-81d19e61e7c5,6b40737b-a874-4e09-8b16-d4de37a18487,https://mijn.urk.nl/hulp,Home | DigiD,Productieomgeving,true,,Sun Feb 01 2026 21:01:36 GMT+0100 (Midden-Europese standaardtijd),1fb71295-0229-4e0a-ac54-85358637943d
e37f89f4-b7a4-4286-a0b3-5933c9719633,6b40737b-a874-4e09-8b16-d4de37a18487,https://mijn.urk.nl/inlogmethodes/digid-app,Home | DigiD,Productieomgeving,true,,Sun Feb 01 2026 21:01:38 GMT+0100 (Midden-Europese standaardtijd),1fb71295-0229-4e0a-ac54-85358637943d
25678446-7f11-4bab-9887-fd6fb00488ff,6b40737b-a874-4e09-8b16-d4de37a18487,https://mijn.urk.nl/inlogmethodes/identiteitsbewijs,Home | DigiD,Productieomgeving,true,,Sun Feb 01 2026 21:01:39 GMT+0100 (Midden-Europese standaardtijd),1fb71295-0229-4e0a-ac54-85358637943d
9dc174f3-80da-4344-a033-14d3bd1c4847,6b40737b-a874-4e09-8b16-d4de37a18487,https://mijn.urk.nl/over-digid,Home | DigiD,Productieomgeving,true,,Sun Feb 01 2026 21:01:41 GMT+0100 (Midden-Europese standaardtijd),1fb71295-0229-4e0a-ac54-85358637943d
0a17a48b-aa63-4d1c-b9e0-307e83225a7a,6b40737b-a874-4e09-8b16-d4de37a18487,https://mijn.urk.nl/over-digid/privacy,Home | DigiD,Productieomgeving,true,,Sun Feb 01 2026 21:01:43 GMT+0100 (Midden-Europese standaardtijd),1fb71295-0229-4e0a-ac54-85358637943d
820d5778-16cf-431d-bba9-c6127e257d27,6b40737b-a874-4e09-8b16-d4de37a18487,https://mijn.urk.nl/over-digid/toegankelijkheid-van-digid,Home | DigiD,Productieomgeving,true,,Sun Feb 01 2026 21:01:44 GMT+0100 (Midden-Europese standaardtijd),1fb71295-0229-4e0a-ac54-85358637943d
e6526ff9-637c-4174-90c1-26278a4ba374,6b40737b-a874-4e09-8b16-d4de37a18487,https://mijn.urk.nl/contact,Home | DigiD,Productieomgeving,true,,Sun Feb 01 2026 21:01:46 GMT+0100 (Midden-Europese standaardtijd),1fb71295-0229-4e0a-ac54-85358637943d
1772834f-b7ca-420a-a9df-7db507c96913,6b40737b-a874-4e09-8b16-d4de37a18487,https://mijn.urk.nl/hulp-contact/contact/ik-heb-een-klacht,Home | DigiD,Productieomgeving,true,,Sun Feb 01 2026 21:01:48 GMT+0100 (Midden-Europese standaardtijd),1fb71295-0229-4e0a-ac54-85358637943d
b4b565c0-fb75-4421-a764-8542e078d452,6b40737b-a874-4e09-8b16-d4de37a18487,https://mijn.urk.nl/kwetsbaarheid-melden,Home | DigiD,Productieomgeving,true,,Sun Feb 01 2026 21:01:49 GMT+0100 (Midden-Europese standaardtijd),1fb71295-0229-4e0a-ac54-85358637943d
b3cada4b-b578-416e-bdf7-aedb72a1c3d1,6b40737b-a874-4e09-8b16-d4de37a18487,https://mijn.urk.nl/aanvragen-en-activeren/digid-aanvragen,Home | DigiD,Productieomgeving,true,,Sun Feb 01 2026 21:01:51 GMT+0100 (Midden-Europese standaardtijd),1fb71295-0229-4e0a-ac54-85358637943d
00cd362b-43d1-47f3-a489-54f1770c046f,6b40737b-a874-4e09-8b16-d4de37a18487,https://mijn.urk.nl/aanvragen-en-activeren/digid-activeren,Home | DigiD,Productieomgeving,true,,Sun Feb 01 2026 21:01:53 GMT+0100 (Midden-Europese standaardtijd),1fb71295-0229-4e0a-ac54-85358637943d
794f9c6c-043e-4e8b-8b52-cfdd46c4a704,6b40737b-a874-4e09-8b16-d4de37a18487,https://mijn.urk.nl/aanvragen-en-activeren/machtigen,Home | DigiD,Productieomgeving,true,,Sun Feb 01 2026 21:01:54 GMT+0100 (Midden-Europese standaardtijd),1fb71295-0229-4e0a-ac54-85358637943d
4d440ccb-2c03-428f-b00f-554e1aec9e2a,6b40737b-a874-4e09-8b16-d4de37a18487,https://mijn.urk.nl/aanvragen-en-activeren/code-ontvangen,Home | DigiD,Productieomgeving,true,,Sun Feb 01 2026 21:01:56 GMT+0100 (Midden-Europese standaardtijd),1fb71295-0229-4e0a-ac54-85358637943d
d5166c72-6e87-43f1-8cf7-0365322dc43c,6b40737b-a874-4e09-8b16-d4de37a18487,https://mijn.urk.nl/inlogmethodes/sms-controle,Home | DigiD,Productieomgeving,true,,Sun Feb 01 2026 21:01:58 GMT+0100 (Midden-Europese standaardtijd),1fb71295-0229-4e0a-ac54-85358637943d
473b2d09-589b-4cb9-97c4-82653c83a3cd,6b40737b-a874-4e09-8b16-d4de37a18487,https://mijn.urk.nl/inlogmethodes/gebruikersnaam-en-wachtwoord,Home | DigiD,Productieomgeving,true,,Sun Feb 01 2026 21:01:59 GMT+0100 (Midden-Europese standaardtijd),1fb71295-0229-4e0a-ac54-85358637943d
aa66aa2c-d480-48a4-8930-de46baecd3ef,6b40737b-a874-4e09-8b16-d4de37a18487,https://mijn.urk.nl/aanvragen-en-activeren,Home | DigiD,Productieomgeving,true,,Sun Feb 01 2026 21:03:13 GMT+0100 (Midden-Europese standaardtijd),1fb71295-0229-4e0a-ac54-85358637943d
0a1afe0f-6235-455b-aa8c-4de7a70deb7d,6b40737b-a874-4e09-8b16-d4de37a18487,https://digid.nl/inloggen,,Productieomgeving,false,,,
f88a96bd-8b12-4b2e-84b1-19801352cc71,acb5ef98-eb1b-432a-97ff-552b0a126fc3,https://ijsselstein.raadsinformatie.nl,,Productieomgeving,false,,,
1a7bdbff-c7cf-4c15-a82e-170c72adc17a,acb5ef98-eb1b-432a-97ff-552b0a126fc3,https://ijsselstein.mijnafspraakmaken.nl/,Een afspraak maken | Gemeente IJsselstein,Productieomgeving,false,,,
35479b92-70ff-4e11-aa0a-f208a7dae86f,acb5ef98-eb1b-432a-97ff-552b0a126fc3,https://eloket.ijsselstein.nl/f/10022/login,Djuma portal,Productieomgeving,false,,,
ec75c102-f461-410b-ab0e-3eb22ffccba6,acb5ef98-eb1b-432a-97ff-552b0a126fc3,https://inijsselstein.nl/,Je ontmoet elkaar in IJsselstein | Blij je te zien,Productieomgeving,false,,,
8267bd8f-06fc-414d-b4dc-6d9223e08d11,dfc078cf-a6b5-4c92-b72e-15d5d1089804,https://www.wierden.nl/form/reactieformulier-vernieuwing-speelplek-de-stouwe-europaring-oostzijde/reactieformulier-vernieuwing-speelplek-de-stouwe-europaring-oostzijde-0,Reactieformulier,Productieomgeving,true,,,
23eb3047-21cd-4c4f-99d3-d7d993f2e442,b160cb88-c117-43c1-ac24-66c9da3f77b8,https://ijsselstein.raadsinformatie.nl,,Productieomgeving,false,,,
1fb71295-0229-4e0a-ac54-85358637943d,6b40737b-a874-4e09-8b16-d4de37a18487,https://mijn.urk.nl/,Home | DigiD,Productieomgeving,true,,Sun Feb 01 2026 21:01:28 GMT+0100 (Midden-Europese standaardtijd),
8774e133-bd6a-4585-99b3-c10f3bf56e9d,b160cb88-c117-43c1-ac24-66c9da3f77b8,https://ijsselstein.mijnafspraakmaken.nl/,Een afspraak maken | Gemeente IJsselstein,Productieomgeving,false,,,
f14ec166-6323-4da8-9e7f-d191b6266ab0,6b427de6-113e-496c-adba-0645686f1a1d,https://www.eemnes.nl/,Home | Gemeente EemnesToegankelijkheid,Productieomgeving,true,,,
46c15883-783e-4d4b-b642-4220ae8d0f5c,40e99423-9ded-4123-b726-c0e467b79843,https://laren.notubiz.nl/,Gemeente Laren,Productieomgeving,false,,,
6f666c2f-4fe0-4e45-b850-c768d8cb30ac,6b427de6-113e-496c-adba-0645686f1a1d,https://eemnes.bestuurlijkeinformatie.nl/,Dashboard eemnes - iBabs Publieksportaal,Productieomgeving,false,,,
ee78778d-169f-4b22-802a-fa4ffd226789,acb5ef98-eb1b-432a-97ff-552b0a126fc3,https://www.ijsselstein.nl/wonen-en-leven,Wonen en leven | Gemeente IJsselsteinToegankelijkheidToegankelijkheidLoading..,Productieomgeving,true,,Thu Apr 16 2026 17:22:19 GMT+0200 (Midden-Europese zomertijd),e9bc28f6-c82b-4f8f-957b-e49295b50930
f4a60cd0-0a17-484e-95b1-d83cea45ffc2,acb5ef98-eb1b-432a-97ff-552b0a126fc3,https://www.ijsselstein.nl/afval,Afval | Gemeente IJsselsteinToegankelijkheidToegankelijkheidLoading..,Productieomgeving,true,,Thu Apr 16 2026 17:22:21 GMT+0200 (Midden-Europese zomertijd),e9bc28f6-c82b-4f8f-957b-e49295b50930
4ad43d59-b90a-410a-bc45-970fcc0e5092,acb5ef98-eb1b-432a-97ff-552b0a126fc3,https://www.ijsselstein.nl/gemeentelijke-belastingen,Gemeentelijke belastingen | Gemeente IJsselsteinToegankelijkheidToegankelijkheidLoading..,Productieomgeving,true,,Thu Apr 16 2026 17:22:24 GMT+0200 (Midden-Europese zomertijd),e9bc28f6-c82b-4f8f-957b-e49295b50930
268a7fb0-bbf1-4710-8bb4-b293f52af2c2,b160cb88-c117-43c1-ac24-66c9da3f77b8,https://eloket.ijsselstein.nl/f/10022/login,Djuma portal,Productieomgeving,false,,,
ed9582b5-6fbd-47b0-9d54-65267bbb53f0,b160cb88-c117-43c1-ac24-66c9da3f77b8,https://inijsselstein.nl/,Je ontmoet elkaar in IJsselstein | Blij je te zien,Productieomgeving,false,,,
6199a111-90c1-43a2-a871-bb08b9fc48f6,40e99423-9ded-4123-b726-c0e467b79843,https://laren.bestuurlijkeinformatie.nl,Dashboard laren - iBabs Publieksportaal,Productieomgeving,false,,,
6881a4d0-e9bf-4a92-ad47-92208954f872,40e99423-9ded-4123-b726-c0e467b79843,https://meldingen.belcombinatie.nl/incident/beschrijf,Meldingen BEL Combinatie,Productieomgeving,false,,,
63915041-4e11-4f9b-bf9d-09772980d821,40e99423-9ded-4123-b726-c0e467b79843,https://iburgerzaken.laren.nl/gaas-web/server/continue/StartGeboorte#burgerzaken,Geboorteaangifte,Productieomgeving,false,,,
9e9fbf88-2a26-4493-a272-4bfc6023ff16,40e99423-9ded-4123-b726-c0e467b79843,https://belcombinatie.mijnafspraakmaken.nl/?product=337,Een afspraak maken | BEL Combinatie,Productieomgeving,false,,,
28f05197-46c3-4ac3-9eae-9d4a179076a2,40e99423-9ded-4123-b726-c0e467b79843,https://www.laren.nl/,Home | Gemeente LarenToegankelijkheidToegankelijkheidLoading..,Productieomgeving,true,,,
bae3c3b5-d78a-4ec0-acca-12567f61813c,6b427de6-113e-496c-adba-0645686f1a1d,https://eemnes.notubiz.nl/,Gemeente Eemnes,Productieomgeving,false,,,
58247b1c-985f-4f56-9eb9-b109a3f09d84,acb5ef98-eb1b-432a-97ff-552b0a126fc3,https://www.ijsselstein.nl/woningbouwprojecten,Woningbouwprojecten | Gemeente IJsselsteinToegankelijkheidToegankelijkheidLoading..,Productieomgeving,true,,Thu Apr 16 2026 17:22:07 GMT+0200 (Midden-Europese zomertijd),e9bc28f6-c82b-4f8f-957b-e49295b50930
f12480fc-8c15-4069-a895-6c3461d0c221,acb5ef98-eb1b-432a-97ff-552b0a126fc3,https://www.ijsselstein.nl/newsletter,Nieuwsbrief | Gemeente IJsselsteinToegankelijkheidToegankelijkheidLoading..,Productieomgeving,true,,Thu Apr 16 2026 17:22:11 GMT+0200 (Midden-Europese zomertijd),e9bc28f6-c82b-4f8f-957b-e49295b50930
1c0ac721-de1e-4a58-b971-6a7494550985,acb5ef98-eb1b-432a-97ff-552b0a126fc3,https://www.ijsselstein.nl/over-deze-site,Over deze site | Gemeente IJsselsteinToegankelijkheidToegankelijkheidLoading..,Productieomgeving,true,,Thu Apr 16 2026 17:22:13 GMT+0200 (Midden-Europese zomertijd),e9bc28f6-c82b-4f8f-957b-e49295b50930
e9387cab-6cf1-4622-b880-f2798ed48220,acb5ef98-eb1b-432a-97ff-552b0a126fc3,https://www.ijsselstein.nl/geboorte-trouwen-en-overlijden,"Geboorte, trouwen en overlijden | Gemeente IJsselsteinToegankelijkheidToegankelijkheidLoading..",Productieomgeving,true,,Thu Apr 16 2026 17:22:22 GMT+0200 (Midden-Europese zomertijd),e9bc28f6-c82b-4f8f-957b-e49295b50930
ca358bee-1456-4ac1-9b31-e6d5d0058bf6,acb5ef98-eb1b-432a-97ff-552b0a126fc3,https://www.ijsselstein.nl/bouwen-en-wonen,Bouwen en wonen | Gemeente IJsselsteinToegankelijkheidToegankelijkheidLoading..,Productieomgeving,true,,Thu Apr 16 2026 17:22:26 GMT+0200 (Midden-Europese zomertijd),e9bc28f6-c82b-4f8f-957b-e49295b50930
4cf09e1f-c090-4771-9f92-c08b035d265a,acb5ef98-eb1b-432a-97ff-552b0a126fc3,https://www.ijsselstein.nl/duurzaamheid-en-klimaat,Duurzaamheid en klimaat | Gemeente IJsselsteinToegankelijkheidToegankelijkheidLoading..,Productieomgeving,true,,Thu Apr 16 2026 17:22:28 GMT+0200 (Midden-Europese zomertijd),e9bc28f6-c82b-4f8f-957b-e49295b50930
788eb5e4-544a-4fce-93b2-06dae9f94a3a,acb5ef98-eb1b-432a-97ff-552b0a126fc3,https://www.ijsselstein.nl/leefomgeving,Leefomgeving | Gemeente IJsselsteinToegankelijkheidToegankelijkheidLoading..,Productieomgeving,true,,Thu Apr 16 2026 17:22:32 GMT+0200 (Midden-Europese zomertijd),e9bc28f6-c82b-4f8f-957b-e49295b50930
3d70e63b-dc4f-454f-bc10-aa4daa5121b4,acb5ef98-eb1b-432a-97ff-552b0a126fc3,https://www.ijsselstein.nl/zorg-en-inkomen,Zorg en inkomen | Gemeente IJsselsteinToegankelijkheidToegankelijkheidLoading..,Productieomgeving,true,,Thu Apr 16 2026 17:22:37 GMT+0200 (Midden-Europese zomertijd),e9bc28f6-c82b-4f8f-957b-e49295b50930
307e450a-6ece-442d-8082-1133f76b733b,acb5ef98-eb1b-432a-97ff-552b0a126fc3,https://www.ijsselstein.nl/team-sociaal-domein,Team Sociaal Domein | Gemeente IJsselsteinToegankelijkheidToegankelijkheidLoading..,Productieomgeving,true,,Thu Apr 16 2026 17:22:39 GMT+0200 (Midden-Europese zomertijd),e9bc28f6-c82b-4f8f-957b-e49295b50930
a13e6507-71f6-40c2-949f-6131c507b303,acb5ef98-eb1b-432a-97ff-552b0a126fc3,https://www.ijsselstein.nl/werk-en-geldzaken,Werk en geldzaken | Gemeente IJsselsteinToegankelijkheidToegankelijkheidLoading..,Productieomgeving,true,,Thu Apr 16 2026 17:22:45 GMT+0200 (Midden-Europese zomertijd),e9bc28f6-c82b-4f8f-957b-e49295b50930
2d0bdae0-e20c-411f-841c-d9eb2396488a,acb5ef98-eb1b-432a-97ff-552b0a126fc3,https://www.ijsselstein.nl/ondernemers,Ondernemers | Gemeente IJsselsteinToegankelijkheidToegankelijkheidLoading..,Productieomgeving,true,,Thu Apr 16 2026 17:22:46 GMT+0200 (Midden-Europese zomertijd),e9bc28f6-c82b-4f8f-957b-e49295b50930
a20e28b0-f4a8-4ad4-a53f-5bceb1fde017,acb5ef98-eb1b-432a-97ff-552b0a126fc3,https://www.ijsselstein.nl/handig-om-te-weten,Handig om te weten | Gemeente IJsselsteinToegankelijkheidToegankelijkheidLoading..,Productieomgeving,true,,Thu Apr 16 2026 17:22:52 GMT+0200 (Midden-Europese zomertijd),e9bc28f6-c82b-4f8f-957b-e49295b50930
546ca848-3a0c-466d-be8f-7815f1174ccf,acb5ef98-eb1b-432a-97ff-552b0a126fc3,https://www.ijsselstein.nl/subsidies,Subsidies | Gemeente IJsselsteinToegankelijkheidToegankelijkheidLoading..,Productieomgeving,true,,Thu Apr 16 2026 17:22:56 GMT+0200 (Midden-Europese zomertijd),e9bc28f6-c82b-4f8f-957b-e49295b50930
14fca237-7f0d-43c6-8599-ce584ddf4514,acb5ef98-eb1b-432a-97ff-552b0a126fc3,https://www.ijsselstein.nl/gemeenteraad,Raad | Gemeente IJsselsteinToegankelijkheidToegankelijkheidLoading..,Productieomgeving,true,,Thu Apr 16 2026 17:23:00 GMT+0200 (Midden-Europese zomertijd),e9bc28f6-c82b-4f8f-957b-e49295b50930
23337e37-5407-45bc-8052-5f2a48f28ea2,acb5ef98-eb1b-432a-97ff-552b0a126fc3,https://www.ijsselstein.nl/burgemeester-en-wethouders,Burgemeester en wethouders | Gemeente IJsselsteinToegankelijkheidToegankelijkheidLoading..,Productieomgeving,true,,Thu Apr 16 2026 17:23:01 GMT+0200 (Midden-Europese zomertijd),e9bc28f6-c82b-4f8f-957b-e49295b50930
832c421e-fde7-4cf3-a79a-afcac6866fd9,acb5ef98-eb1b-432a-97ff-552b0a126fc3,https://www.ijsselstein.nl/onderzoeken-jaarplannen-en-verslagen,"Onderzoeken, jaarplannen en-verslagen | Gemeente IJsselsteinToegankelijkheidToegankelijkheidLoading..",Productieomgeving,true,,Thu Apr 16 2026 17:23:08 GMT+0200 (Midden-Europese zomertijd),e9bc28f6-c82b-4f8f-957b-e49295b50930
c3bfc82f-edee-4aed-84e5-a6fb421d2ce5,acb5ef98-eb1b-432a-97ff-552b0a126fc3,https://www.ijsselstein.nl/over-ijsselstein,Over IJsselstein | Gemeente IJsselsteinToegankelijkheidToegankelijkheidLoading..,Productieomgeving,true,,Thu Apr 16 2026 17:23:09 GMT+0200 (Midden-Europese zomertijd),e9bc28f6-c82b-4f8f-957b-e49295b50930
b7de1fd3-7e79-425a-be99-9918cd7195cd,acb5ef98-eb1b-432a-97ff-552b0a126fc3,https://www.ijsselstein.nl/bekendmakingen-plannen-en-besluiten,"Bekendmakingen, plannen en besluiten | Gemeente IJsselsteinToegankelijkheidToegankelijkheidLoading..",Productieomgeving,true,,Thu Apr 16 2026 17:23:19 GMT+0200 (Midden-Europese zomertijd),e9bc28f6-c82b-4f8f-957b-e49295b50930
4b01aea0-ff2d-453c-8863-f1b84e2f204f,acb5ef98-eb1b-432a-97ff-552b0a126fc3,https://www.ijsselstein.nl/noodopvang,Noodopvang vluchtelingen | Gemeente IJsselsteinToegankelijkheidToegankelijkheidLoading..,Productieomgeving,true,,Thu Apr 16 2026 17:23:23 GMT+0200 (Midden-Europese zomertijd),e9bc28f6-c82b-4f8f-957b-e49295b50930
3951395f-5fb7-4e0d-afb8-9a357c58aa5b,acb5ef98-eb1b-432a-97ff-552b0a126fc3,https://www.ijsselstein.nl/verkort-telefoonnummer,Verkort telefoonnummer | Gemeente IJsselsteinToegankelijkheidToegankelijkheidLoading..,Productieomgeving,true,,Thu Apr 16 2026 17:23:27 GMT+0200 (Midden-Europese zomertijd),e9bc28f6-c82b-4f8f-957b-e49295b50930
4d9c63ce-936d-47d8-bcb3-d0ac1acd4299,dfc078cf-a6b5-4c92-b72e-15d5d1089804,https://www.wierden.nl/form/aanmelden-updates-zenderink/gegevens-0-1,,Productieomgeving,true,,,
f7dda0b0-4c90-43c3-bc6b-c7088bfeebe0,dfc078cf-a6b5-4c92-b72e-15d5d1089804,https://www.wierden.nl/form/contactformulier-trouwambtenaar-bert-groothengel/contactformulier-trouwambtenaar-bert-groothengel-0,,Productieomgeving,true,,,
ce3644db-0ed4-40f8-bfdd-b21e2a70f3ca,40e99423-9ded-4123-b726-c0e467b79843,https://onzebelgemeenten.nl/onslaren/default.aspx,Ons Laren | Onze BEL gemeenten,Productieomgeving,false,,,
2914ffa6-2d51-4f1f-b568-44880d73debf,acb5ef98-eb1b-432a-97ff-552b0a126fc3,https://www.ijsselstein.nl/verhuizen-migratie-en-naturalisatie,"Verhuizen, migratie en naturalisatie | Gemeente IJsselsteinToegankelijkheidToegankelijkheidLoading..",Productieomgeving,true,,Thu Apr 16 2026 17:22:30 GMT+0200 (Midden-Europese zomertijd),e9bc28f6-c82b-4f8f-957b-e49295b50930
431e3de5-d273-4267-946e-7f7e72973843,6b427de6-113e-496c-adba-0645686f1a1d,https://meldingen.belcombinatie.nl/incident/beschrijf,Meldingen BEL Combinatie,Productieomgeving,false,,,
3ddd8210-84a6-480f-82bc-b103757c72fa,6b427de6-113e-496c-adba-0645686f1a1d,https://belcombinatie.mijnafspraakmaken.nl/?product=335,Een afspraak maken | BEL Combinatie,Productieomgeving,false,,,
659fa44e-5530-48be-8d51-7dc624d9ca1e,6b427de6-113e-496c-adba-0645686f1a1d,https://iburgerzaken.eemnes.nl/gaas-web/server/continue/StartGeboorte#burgerzaken,Geboorteaangifte,Productieomgeving,false,,,
9e0a089d-a96e-4b0e-8c82-3cf5e5ac8aff,acb5ef98-eb1b-432a-97ff-552b0a126fc3,https://www.ijsselstein.nl/parkeren-verkeer-en-vervoer,"Parkeren, verkeer en vervoer | Gemeente IJsselsteinToegankelijkheidToegankelijkheidLoading..",Productieomgeving,true,,Thu Apr 16 2026 17:22:34 GMT+0200 (Midden-Europese zomertijd),e9bc28f6-c82b-4f8f-957b-e49295b50930
9bb0db7b-3d34-4304-a39f-3c623f69b348,acb5ef98-eb1b-432a-97ff-552b0a126fc3,https://www.ijsselstein.nl/vrije-tijd-sport-en-cultuur,"Vrije tijd, sport en cultuur | Gemeente IJsselsteinToegankelijkheidToegankelijkheidLoading..",Productieomgeving,true,,Thu Apr 16 2026 17:22:35 GMT+0200 (Midden-Europese zomertijd),e9bc28f6-c82b-4f8f-957b-e49295b50930
07787938-ceac-4dae-bd85-21a6f1312ac5,acb5ef98-eb1b-432a-97ff-552b0a126fc3,https://www.ijsselstein.nl/zorg-en-ondersteuning,Zorg en ondersteuning | Gemeente IJsselsteinToegankelijkheidToegankelijkheidLoading..,Productieomgeving,true,,Thu Apr 16 2026 17:22:41 GMT+0200 (Midden-Europese zomertijd),e9bc28f6-c82b-4f8f-957b-e49295b50930
e5ec4c05-0f8e-4e74-bacb-e2ed47b1549b,acb5ef98-eb1b-432a-97ff-552b0a126fc3,https://www.ijsselstein.nl/onderwijs-en-kinderopvang,Onderwijs en kinderopvang | Gemeente IJsselsteinToegankelijkheidToegankelijkheidLoading..,Productieomgeving,true,,Thu Apr 16 2026 17:22:43 GMT+0200 (Midden-Europese zomertijd),e9bc28f6-c82b-4f8f-957b-e49295b50930
8c88ac7c-a64e-4ca7-9b39-4482b688ee84,acb5ef98-eb1b-432a-97ff-552b0a126fc3,https://www.ijsselstein.nl/contact-advies-en-netwerken,"Contact, advies en netwerken | Gemeente IJsselsteinToegankelijkheidToegankelijkheidLoading..",Productieomgeving,true,,Thu Apr 16 2026 17:22:48 GMT+0200 (Midden-Europese zomertijd),e9bc28f6-c82b-4f8f-957b-e49295b50930
f176aa44-fb92-4905-9b10-3799c341d7b7,acb5ef98-eb1b-432a-97ff-552b0a126fc3,https://www.ijsselstein.nl/vergunningen,Vergunningen | Gemeente IJsselsteinToegankelijkheidToegankelijkheidLoading..,Productieomgeving,true,,Thu Apr 16 2026 17:22:50 GMT+0200 (Midden-Europese zomertijd),e9bc28f6-c82b-4f8f-957b-e49295b50930
ec8ae9f5-3f63-4ecc-8a5f-801a56e8b702,acb5ef98-eb1b-432a-97ff-552b0a126fc3,https://www.ijsselstein.nl/beleid-en-projecten,Beleid en projecten | Gemeente IJsselsteinToegankelijkheidToegankelijkheidLoading..,Productieomgeving,true,,Thu Apr 16 2026 17:22:54 GMT+0200 (Midden-Europese zomertijd),e9bc28f6-c82b-4f8f-957b-e49295b50930
c7b4289c-6a1c-41f1-b87e-ed8a6ea47435,acb5ef98-eb1b-432a-97ff-552b0a126fc3,https://www.ijsselstein.nl/bestuur-en-organisatie,Bestuur en organisatie | Gemeente IJsselsteinToegankelijkheidToegankelijkheidLoading..,Productieomgeving,true,,Thu Apr 16 2026 17:22:58 GMT+0200 (Midden-Europese zomertijd),e9bc28f6-c82b-4f8f-957b-e49295b50930
baffe5c6-706d-4a59-8094-03fa75c08005,acb5ef98-eb1b-432a-97ff-552b0a126fc3,https://www.ijsselstein.nl/organisatie,Organisatie | Gemeente IJsselsteinToegankelijkheidToegankelijkheidLoading..,Productieomgeving,true,,Thu Apr 16 2026 17:23:03 GMT+0200 (Midden-Europese zomertijd),e9bc28f6-c82b-4f8f-957b-e49295b50930
e1f081be-86cf-4d74-b477-adbd57eb59a5,acb5ef98-eb1b-432a-97ff-552b0a126fc3,https://www.ijsselstein.nl/financien,Financiën | Gemeente IJsselsteinToegankelijkheidToegankelijkheidLoading..,Productieomgeving,true,,Thu Apr 16 2026 17:23:05 GMT+0200 (Midden-Europese zomertijd),e9bc28f6-c82b-4f8f-957b-e49295b50930
5e07b62e-6122-424e-900d-727e50b10bf5,acb5ef98-eb1b-432a-97ff-552b0a126fc3,https://www.ijsselstein.nl/onderscheidingen,Onderscheidingen | Gemeente IJsselsteinToegankelijkheidToegankelijkheidLoading..,Productieomgeving,true,,Thu Apr 16 2026 17:23:11 GMT+0200 (Midden-Europese zomertijd),e9bc28f6-c82b-4f8f-957b-e49295b50930
d3b3c21d-021f-46e8-873b-c65e59f58307,acb5ef98-eb1b-432a-97ff-552b0a126fc3,https://www.ijsselstein.nl/verkiezingen,Verkiezingen | Gemeente IJsselsteinToegankelijkheidToegankelijkheidLoading..,Productieomgeving,true,,Thu Apr 16 2026 17:23:13 GMT+0200 (Midden-Europese zomertijd),e9bc28f6-c82b-4f8f-957b-e49295b50930
a47c42b6-202d-40b3-9376-0164122b7097,acb5ef98-eb1b-432a-97ff-552b0a126fc3,https://www.ijsselstein.nl/actueel,Actueel | Gemeente IJsselsteinToegankelijkheidToegankelijkheidLoading..,Productieomgeving,true,,Thu Apr 16 2026 17:23:17 GMT+0200 (Midden-Europese zomertijd),e9bc28f6-c82b-4f8f-957b-e49295b50930
ff4a8774-d869-4f8a-8044-ed77b8625f57,acb5ef98-eb1b-432a-97ff-552b0a126fc3,https://www.ijsselstein.nl/melding-openbare-ruimte,Melding openbare ruimte | Gemeente IJsselsteinToegankelijkheidToegankelijkheidLoading..,Productieomgeving,true,,Thu Apr 16 2026 17:23:25 GMT+0200 (Midden-Europese zomertijd),e9bc28f6-c82b-4f8f-957b-e49295b50930
b62bfb0a-7a37-4450-9c0e-9895aac6b2ae,acb5ef98-eb1b-432a-97ff-552b0a126fc3,https://www.ijsselstein.nl/regel-het-online,Regel het online | Gemeente IJsselsteinToegankelijkheidToegankelijkheidLoading..,Productieomgeving,true,,Thu Apr 16 2026 17:23:29 GMT+0200 (Midden-Europese zomertijd),e9bc28f6-c82b-4f8f-957b-e49295b50930
e87df9e5-98bf-40c1-9ea8-c233014e8b03,acb5ef98-eb1b-432a-97ff-552b0a126fc3,https://www.ijsselstein.nl/gevonden-of-verloren,Gevonden of verloren | Gemeente IJsselsteinToegankelijkheidToegankelijkheidLoading..,Productieomgeving,true,,Thu Apr 16 2026 17:23:32 GMT+0200 (Midden-Europese zomertijd),e9bc28f6-c82b-4f8f-957b-e49295b50930
17726c5c-b047-4eec-a4ab-8bfa558eebd3,acb5ef98-eb1b-432a-97ff-552b0a126fc3,https://www.ijsselstein.nl/overlast-ratten-melden,Overlast ratten melden | Gemeente IJsselsteinToegankelijkheidToegankelijkheidLoading..,Productieomgeving,true,,Thu Apr 16 2026 17:23:34 GMT+0200 (Midden-Europese zomertijd),e9bc28f6-c82b-4f8f-957b-e49295b50930
4ee76723-43ba-4ff2-a940-1c6d88eba2b3,acb5ef98-eb1b-432a-97ff-552b0a126fc3,https://www.ijsselstein.nl/melding-ongewenst-verhuurgedrag,Melding ongewenst verhuurgedrag | Gemeente IJsselsteinToegankelijkheidToegankelijkheidLoading..,Productieomgeving,true,,Thu Apr 16 2026 17:23:38 GMT+0200 (Midden-Europese zomertijd),e9bc28f6-c82b-4f8f-957b-e49295b50930
398538e5-37a2-4c95-bb31-95325105fa22,acb5ef98-eb1b-432a-97ff-552b0a126fc3,https://www.ijsselstein.nl/ravijnjaar,Ravijnjaar | Gemeente IJsselsteinToegankelijkheidToegankelijkheidLoading..,Productieomgeving,true,,Thu Apr 16 2026 17:25:05 GMT+0200 (Midden-Europese zomertijd),e9bc28f6-c82b-4f8f-957b-e49295b50930
8b994d70-8a09-4788-a0f1-c09cc614b7d0,acb5ef98-eb1b-432a-97ff-552b0a126fc3,https://www.ijsselstein.nl/melding-zorgfraude,Melding zorgfraude | Gemeente IJsselsteinToegankelijkheidToegankelijkheidLoading..,Productieomgeving,true,,Thu Apr 16 2026 17:23:36 GMT+0200 (Midden-Europese zomertijd),e9bc28f6-c82b-4f8f-957b-e49295b50930
c22e1fde-ecca-4f1b-8913-f8101e41bffa,acb5ef98-eb1b-432a-97ff-552b0a126fc3,https://www.ijsselstein.nl/meldpunt-bezorgd,Meldpunt Bezorgd | Gemeente IJsselsteinToegankelijkheidToegankelijkheidLoading..,Productieomgeving,true,,Thu Apr 16 2026 17:23:40 GMT+0200 (Midden-Europese zomertijd),e9bc28f6-c82b-4f8f-957b-e49295b50930
32eff476-b2a2-4a57-bbd2-4c542dfea257,acb5ef98-eb1b-432a-97ff-552b0a126fc3,https://www.ijsselstein.nl/klacht-over-aanbestedingsprocedures,Klacht over aanbestedingsprocedures | Gemeente IJsselsteinToegankelijkheidToegankelijkheidLoading..,Productieomgeving,true,,Thu Apr 16 2026 17:23:44 GMT+0200 (Midden-Europese zomertijd),e9bc28f6-c82b-4f8f-957b-e49295b50930
71f3019e-7cab-407c-9ad7-4e4cfa40afcd,acb5ef98-eb1b-432a-97ff-552b0a126fc3,https://www.ijsselstein.nl/bezwaar-maken,Bezwaar maken | Gemeente IJsselsteinToegankelijkheidToegankelijkheidLoading..,Productieomgeving,true,,Thu Apr 16 2026 17:23:48 GMT+0200 (Midden-Europese zomertijd),e9bc28f6-c82b-4f8f-957b-e49295b50930
7091f0eb-376d-4bb3-b579-0355f57627e0,acb5ef98-eb1b-432a-97ff-552b0a126fc3,https://www.ijsselstein.nl/nadeelcompensatie,Nadeelcompensatie | Gemeente IJsselsteinToegankelijkheidToegankelijkheidLoading..,Productieomgeving,true,,Thu Apr 16 2026 17:23:53 GMT+0200 (Midden-Europese zomertijd),e9bc28f6-c82b-4f8f-957b-e49295b50930
7d78f535-96f2-4e90-a968-ac8b11adb1cc,acb5ef98-eb1b-432a-97ff-552b0a126fc3,https://www.ijsselstein.nl/paspoort-en-identiteitskaart,Paspoort en identiteitskaart | Gemeente IJsselsteinToegankelijkheidToegankelijkheidLoading..,Productieomgeving,true,,Thu Apr 16 2026 17:23:57 GMT+0200 (Midden-Europese zomertijd),e9bc28f6-c82b-4f8f-957b-e49295b50930
8f234fe1-6494-4102-99c3-c85767ff3254,acb5ef98-eb1b-432a-97ff-552b0a126fc3,https://www.ijsselstein.nl/uittreksels-en-verklaringen,Uittreksels en verklaringen | Gemeente IJsselsteinToegankelijkheidToegankelijkheidLoading..,Productieomgeving,true,,Thu Apr 16 2026 17:24:01 GMT+0200 (Midden-Europese zomertijd),e9bc28f6-c82b-4f8f-957b-e49295b50930
1ffd9bc6-65c6-4398-980a-8287cc8e08e4,acb5ef98-eb1b-432a-97ff-552b0a126fc3,http://www.ijsselstein.nl/noodopvang,Noodopvang vluchtelingen | Gemeente IJsselsteinToegankelijkheidToegankelijkheidLoading..,Productieomgeving,true,,Thu Apr 16 2026 17:24:05 GMT+0200 (Midden-Europese zomertijd),e9bc28f6-c82b-4f8f-957b-e49295b50930
f8ee186a-9e59-4259-928b-e1de562458b3,acb5ef98-eb1b-432a-97ff-552b0a126fc3,https://www.ijsselstein.nl/groen-licht-voor-herinrichting-overtoom,Groen licht voor herinrichting Overtoom | Gemeente IJsselsteinToegankelijkheidToegankelijkheidLoading..,Productieomgeving,true,,Thu Apr 16 2026 17:24:13 GMT+0200 (Midden-Europese zomertijd),e9bc28f6-c82b-4f8f-957b-e49295b50930
107732e4-522b-44b3-8d9d-1d00ac69c4bc,acb5ef98-eb1b-432a-97ff-552b0a126fc3,https://www.ijsselstein.nl/voorlopige-uitslag-gemeenteraadsverkiezingen,Voorlopige uitslag gemeenteraadsverkiezingen | Gemeente IJsselsteinToegankelijkheidToegankelijkheidLoading..,Productieomgeving,true,,Thu Apr 16 2026 17:24:14 GMT+0200 (Midden-Europese zomertijd),e9bc28f6-c82b-4f8f-957b-e49295b50930
84400c70-88a0-4b9b-a308-8bf8c4bfe340,acb5ef98-eb1b-432a-97ff-552b0a126fc3,https://www.ijsselstein.nl/start-subsidieproces-2027,Start subsidieproces 2027 | Gemeente IJsselsteinToegankelijkheidToegankelijkheidLoading..,Productieomgeving,true,,Thu Apr 16 2026 17:24:20 GMT+0200 (Midden-Europese zomertijd),e9bc28f6-c82b-4f8f-957b-e49295b50930
a8af3bd5-47b9-4a45-b6ca-e0917b53ed76,acb5ef98-eb1b-432a-97ff-552b0a126fc3,https://www.ijsselstein.nl/versterking-elektriciteitsnet,Versterking elektriciteitsnet | Gemeente IJsselsteinToegankelijkheidToegankelijkheidLoading..,Productieomgeving,true,,Thu Apr 16 2026 17:24:24 GMT+0200 (Midden-Europese zomertijd),e9bc28f6-c82b-4f8f-957b-e49295b50930
e1fe21b2-3c26-4dc1-95c6-c6c7e1c7123a,acb5ef98-eb1b-432a-97ff-552b0a126fc3,https://www.ijsselstein.nl/aanslag-gemeentelijke-belastingen,Aanslag gemeentelijke belastingen | Gemeente IJsselsteinToegankelijkheidToegankelijkheidLoading..,Productieomgeving,true,,Thu Apr 16 2026 17:24:26 GMT+0200 (Midden-Europese zomertijd),e9bc28f6-c82b-4f8f-957b-e49295b50930
2d82650e-9995-41ae-9973-c6785a44e696,acb5ef98-eb1b-432a-97ff-552b0a126fc3,https://www.ijsselstein.nl/nieuws/1,Nieuws | Gemeente IJsselsteinToegankelijkheidToegankelijkheidLoading..,Productieomgeving,true,,Thu Apr 16 2026 17:24:30 GMT+0200 (Midden-Europese zomertijd),e9bc28f6-c82b-4f8f-957b-e49295b50930
11e5ec76-3ae1-4fce-8fe2-5658cde24de4,acb5ef98-eb1b-432a-97ff-552b0a126fc3,https://www.ijsselstein.nl/nieuws/3,Nieuws | Gemeente IJsselsteinToegankelijkheidToegankelijkheidLoading..,Productieomgeving,true,,Thu Apr 16 2026 17:24:34 GMT+0200 (Midden-Europese zomertijd),e9bc28f6-c82b-4f8f-957b-e49295b50930
4378b005-a641-4e9a-af50-6adfd373bc6f,acb5ef98-eb1b-432a-97ff-552b0a126fc3,https://www.ijsselstein.nl/economische-visie-2030,Economische visie 2030 | Gemeente IJsselsteinToegankelijkheidToegankelijkheidLoading..,Productieomgeving,true,,Thu Apr 16 2026 17:24:42 GMT+0200 (Midden-Europese zomertijd),e9bc28f6-c82b-4f8f-957b-e49295b50930
49e3fec8-fe35-4d44-9ef7-ad60864c5ccd,acb5ef98-eb1b-432a-97ff-552b0a126fc3,https://www.ijsselstein.nl/fietspad-nedereindse-plas-poortdijk,Fietspad Nedereindse Plas - Poortdijk | Gemeente IJsselsteinToegankelijkheidToegankelijkheidLoading..,Productieomgeving,true,,Thu Apr 16 2026 17:24:44 GMT+0200 (Midden-Europese zomertijd),e9bc28f6-c82b-4f8f-957b-e49295b50930
e73e95b5-cd7f-412f-a688-36500e1c5fe1,acb5ef98-eb1b-432a-97ff-552b0a126fc3,https://www.ijsselstein.nl/fietsvrije-binnenstad,Fietsvrije binnenstad | Gemeente IJsselsteinToegankelijkheidToegankelijkheidLoading..,Productieomgeving,true,,Thu Apr 16 2026 17:24:48 GMT+0200 (Midden-Europese zomertijd),e9bc28f6-c82b-4f8f-957b-e49295b50930
5f540b0a-f770-4894-a71d-977d1decd68b,acb5ef98-eb1b-432a-97ff-552b0a126fc3,https://www.ijsselstein.nl/kindcentrum-zomerdijk-43,Kindcentrum - Zomerdijk 43 | Gemeente IJsselsteinToegankelijkheidToegankelijkheidLoading..,Productieomgeving,true,,Thu Apr 16 2026 17:24:54 GMT+0200 (Midden-Europese zomertijd),e9bc28f6-c82b-4f8f-957b-e49295b50930
55093ce0-9d4c-4875-b2ea-c411e10594d1,acb5ef98-eb1b-432a-97ff-552b0a126fc3,https://www.ijsselstein.nl/onderhoud-bruggen-binnenstad,Onderhoud bruggen binnenstad | Gemeente IJsselsteinToegankelijkheidToegankelijkheidLoading..,Productieomgeving,true,,Thu Apr 16 2026 17:24:59 GMT+0200 (Midden-Europese zomertijd),e9bc28f6-c82b-4f8f-957b-e49295b50930
338e10ad-bd59-4c86-a69a-ad5a25478e2d,b160cb88-c117-43c1-ac24-66c9da3f77b8,https://www.ijsselstein.nl/woningbouwprojecten,Woningbouwprojecten | Gemeente IJsselsteinToegankelijkheidToegankelijkheidLoading..,Productieomgeving,true,,Thu Apr 16 2026 17:22:07 GMT+0200 (Midden-Europese zomertijd),057a6465-5f96-4eb2-9c4e-294c310af510
a1795863-46b3-4c2a-9fb4-2028ba45d1ed,b160cb88-c117-43c1-ac24-66c9da3f77b8,https://www.ijsselstein.nl/newsletter,Nieuwsbrief | Gemeente IJsselsteinToegankelijkheidToegankelijkheidLoading..,Productieomgeving,true,,Thu Apr 16 2026 17:22:11 GMT+0200 (Midden-Europese zomertijd),057a6465-5f96-4eb2-9c4e-294c310af510
8a985ca0-cd5b-4d04-a69d-6b9b8e11bc86,b160cb88-c117-43c1-ac24-66c9da3f77b8,https://www.ijsselstein.nl/over-deze-site,Over deze site | Gemeente IJsselsteinToegankelijkheidToegankelijkheidLoading..,Productieomgeving,true,,Thu Apr 16 2026 17:22:13 GMT+0200 (Midden-Europese zomertijd),057a6465-5f96-4eb2-9c4e-294c310af510
35456cca-574b-4394-b820-62a6962f6357,b160cb88-c117-43c1-ac24-66c9da3f77b8,https://www.ijsselstein.nl/geboorte-trouwen-en-overlijden,"Geboorte, trouwen en overlijden | Gemeente IJsselsteinToegankelijkheidToegankelijkheidLoading..",Productieomgeving,true,,Thu Apr 16 2026 17:22:22 GMT+0200 (Midden-Europese zomertijd),057a6465-5f96-4eb2-9c4e-294c310af510
089fb16f-60a4-4473-a71e-a92efdf1ff6e,acb5ef98-eb1b-432a-97ff-552b0a126fc3,https://www.ijsselstein.nl/klacht-over-gedrag-van-gemeentepersonen,Klacht over gedrag van gemeentepersonen | Gemeente IJsselsteinToegankelijkheidToegankelijkheidLoading..,Productieomgeving,true,,Thu Apr 16 2026 17:23:46 GMT+0200 (Midden-Europese zomertijd),e9bc28f6-c82b-4f8f-957b-e49295b50930
35a09ade-5709-4fa9-8476-db3c24b8b938,acb5ef98-eb1b-432a-97ff-552b0a126fc3,https://www.ijsselstein.nl/informatieverzoek-indienen,Informatieverzoek indienen | Gemeente IJsselsteinToegankelijkheidToegankelijkheidLoading..,Productieomgeving,true,,Thu Apr 16 2026 17:23:49 GMT+0200 (Midden-Europese zomertijd),e9bc28f6-c82b-4f8f-957b-e49295b50930
e89b884e-87d1-4822-a832-f94422f99ce7,acb5ef98-eb1b-432a-97ff-552b0a126fc3,https://www.ijsselstein.nl/wet-open-overheid,Wet open overheid | Gemeente IJsselsteinToegankelijkheidToegankelijkheidLoading..,Productieomgeving,true,,Thu Apr 16 2026 17:23:51 GMT+0200 (Midden-Europese zomertijd),e9bc28f6-c82b-4f8f-957b-e49295b50930
be8130ed-6154-4ca5-a098-d5309f70c225,acb5ef98-eb1b-432a-97ff-552b0a126fc3,https://www.ijsselstein.nl/dwangsom-bij-niet-op-tijd-beslissen,Dwangsom bij niet op tijd beslissen | Gemeente IJsselsteinToegankelijkheidToegankelijkheidLoading..,Productieomgeving,true,,Thu Apr 16 2026 17:23:55 GMT+0200 (Midden-Europese zomertijd),e9bc28f6-c82b-4f8f-957b-e49295b50930
0393d385-3390-48cc-a985-e31d8cdd7752,acb5ef98-eb1b-432a-97ff-552b0a126fc3,https://www.ijsselstein.nl/rijbewijs,Rijbewijs | Gemeente IJsselsteinToegankelijkheidToegankelijkheidLoading..,Productieomgeving,true,,Thu Apr 16 2026 17:23:59 GMT+0200 (Midden-Europese zomertijd),e9bc28f6-c82b-4f8f-957b-e49295b50930
3105cfc5-0869-4f6a-895c-d17551428ea0,acb5ef98-eb1b-432a-97ff-552b0a126fc3,https://www.ijsselstein.nl/gehandicaptenparkeerplaats,Gehandicaptenparkeerplaats | Gemeente IJsselsteinToegankelijkheidToegankelijkheidLoading..,Productieomgeving,true,,Thu Apr 16 2026 17:24:03 GMT+0200 (Midden-Europese zomertijd),e9bc28f6-c82b-4f8f-957b-e49295b50930
34b36ae3-2194-4392-b8b7-ad6efb96d91c,acb5ef98-eb1b-432a-97ff-552b0a126fc3,https://www.ijsselstein.nl/lintje-voor-raadsleden,Lintje voor raadsleden | Gemeente IJsselsteinToegankelijkheidToegankelijkheidLoading..,Productieomgeving,true,,Thu Apr 16 2026 17:24:09 GMT+0200 (Midden-Europese zomertijd),e9bc28f6-c82b-4f8f-957b-e49295b50930
7662bd62-d396-4043-8750-952e5eb36d97,acb5ef98-eb1b-432a-97ff-552b0a126fc3,https://www.ijsselstein.nl/minimaregelingen-werken-en-werken-loont,Minimaregelingen werken en werken loont | Gemeente IJsselsteinToegankelijkheidToegankelijkheidLoading..,Productieomgeving,true,,Thu Apr 16 2026 17:24:11 GMT+0200 (Midden-Europese zomertijd),e9bc28f6-c82b-4f8f-957b-e49295b50930
6586467b-a122-4b9f-9c91-6777be744746,acb5ef98-eb1b-432a-97ff-552b0a126fc3,https://www.ijsselstein.nl/blog-van-de-burgemeester,Blog van de burgemeester | Gemeente IJsselsteinToegankelijkheidToegankelijkheidLoading..,Productieomgeving,true,,Thu Apr 16 2026 17:24:16 GMT+0200 (Midden-Europese zomertijd),e9bc28f6-c82b-4f8f-957b-e49295b50930
78b3c101-f1da-43f5-92f5-20b443b889ee,acb5ef98-eb1b-432a-97ff-552b0a126fc3,https://www.ijsselstein.nl/wie-verdient-er-een-lintje,Wie verdient er een lintje | Gemeente IJsselsteinToegankelijkheidToegankelijkheidLoading..,Productieomgeving,true,,Thu Apr 16 2026 17:24:18 GMT+0200 (Midden-Europese zomertijd),e9bc28f6-c82b-4f8f-957b-e49295b50930
5462b0ef-dbc1-4b56-a591-278d56726bbb,acb5ef98-eb1b-432a-97ff-552b0a126fc3,https://www.ijsselstein.nl/mogelijke-risicos-gezondheid-uf-schuim,Mogelijke risico's gezondheid UF-schuim | Gemeente IJsselsteinToegankelijkheidToegankelijkheidLoading..,Productieomgeving,true,,Thu Apr 16 2026 17:24:22 GMT+0200 (Midden-Europese zomertijd),e9bc28f6-c82b-4f8f-957b-e49295b50930
245b42f3-c11d-471a-aa99-87e7bd10e28f,acb5ef98-eb1b-432a-97ff-552b0a126fc3,https://www.ijsselstein.nl/nieuwe-ontmoetingsplek-voor-en-door-jongeren,Nieuwe ontmoetingsplek voor en door jongeren | Gemeente IJsselsteinToegankelijkheidToegankelijkheidLoading..,Productieomgeving,true,,Thu Apr 16 2026 17:24:28 GMT+0200 (Midden-Europese zomertijd),e9bc28f6-c82b-4f8f-957b-e49295b50930
d6fbbc2f-1bea-4441-b249-c7c95ae4ee99,acb5ef98-eb1b-432a-97ff-552b0a126fc3,https://www.ijsselstein.nl/nieuws/2,Nieuws | Gemeente IJsselsteinToegankelijkheidToegankelijkheidLoading..,Productieomgeving,true,,Thu Apr 16 2026 17:24:32 GMT+0200 (Midden-Europese zomertijd),e9bc28f6-c82b-4f8f-957b-e49295b50930
c5e64fab-8563-40c7-895f-762e697a901b,acb5ef98-eb1b-432a-97ff-552b0a126fc3,https://www.ijsselstein.nl/bedrijvenpark-de-kroon,Bedrijvenpark De Kroon | Gemeente IJsselsteinToegankelijkheidToegankelijkheidLoading..,Productieomgeving,true,,Thu Apr 16 2026 17:24:36 GMT+0200 (Midden-Europese zomertijd),e9bc28f6-c82b-4f8f-957b-e49295b50930
5d8e3fe0-23fe-4767-b6e9-c35ee0028e9d,acb5ef98-eb1b-432a-97ff-552b0a126fc3,https://www.ijsselstein.nl/bomen-vervangen-schonauwen,Bomen vervangen Schonauwen | Gemeente IJsselsteinToegankelijkheidToegankelijkheidLoading..,Productieomgeving,true,,Thu Apr 16 2026 17:24:38 GMT+0200 (Midden-Europese zomertijd),e9bc28f6-c82b-4f8f-957b-e49295b50930
68f2547e-339e-4282-a421-8481cd575c2a,acb5ef98-eb1b-432a-97ff-552b0a126fc3,https://www.ijsselstein.nl/fietsstraat-eiteren-laatste-fase,Fietsstraat Eiteren laatste fase | Gemeente IJsselsteinToegankelijkheidToegankelijkheidLoading..,Productieomgeving,true,,Thu Apr 16 2026 17:24:46 GMT+0200 (Midden-Europese zomertijd),e9bc28f6-c82b-4f8f-957b-e49295b50930
98da9e26-2782-4ae7-9df1-6ae13d4ea28e,acb5ef98-eb1b-432a-97ff-552b0a126fc3,https://www.ijsselstein.nl/groenverbeterplan-randdijk,Groenverbeterplan Randdijk | Gemeente IJsselsteinToegankelijkheidToegankelijkheidLoading..,Productieomgeving,true,,Thu Apr 16 2026 17:24:50 GMT+0200 (Midden-Europese zomertijd),e9bc28f6-c82b-4f8f-957b-e49295b50930
e2a3398d-d6a7-47dc-9e90-d1d578065f96,acb5ef98-eb1b-432a-97ff-552b0a126fc3,https://www.ijsselstein.nl/hollandse-ijsselgebied-noordwesthoek-herinrichting,Hollandse IJsselgebied Noordwesthoek (herinrichting) | Gemeente IJsselsteinToegankelijkheidToegankelijkheidLoading..,Productieomgeving,true,,Thu Apr 16 2026 17:24:52 GMT+0200 (Midden-Europese zomertijd),e9bc28f6-c82b-4f8f-957b-e49295b50930
a4bb7e5c-b4e0-4c97-84d2-ec31709276e3,acb5ef98-eb1b-432a-97ff-552b0a126fc3,https://www.ijsselstein.nl/leefbaarheid-ijsselveld-oost,Leefbaarheid IJsselveld-Oost | Gemeente IJsselsteinToegankelijkheidToegankelijkheidLoading..,Productieomgeving,true,,Thu Apr 16 2026 17:24:56 GMT+0200 (Midden-Europese zomertijd),e9bc28f6-c82b-4f8f-957b-e49295b50930
dd2cadff-9fd1-4eb1-aa7c-3a3b32290a7a,acb5ef98-eb1b-432a-97ff-552b0a126fc3,https://www.ijsselstein.nl/opnieuw-inrichten-overtoom,Opnieuw inrichten Overtoom | Gemeente IJsselsteinToegankelijkheidToegankelijkheidLoading..,Productieomgeving,true,,Thu Apr 16 2026 17:25:01 GMT+0200 (Midden-Europese zomertijd),e9bc28f6-c82b-4f8f-957b-e49295b50930
0078b0c8-a488-47ac-b01f-c92e2214d8b8,acb5ef98-eb1b-432a-97ff-552b0a126fc3,https://www.ijsselstein.nl/parkeerbeleid,Parkeerbeleid | Gemeente IJsselsteinToegankelijkheidToegankelijkheidLoading..,Productieomgeving,true,,Thu Apr 16 2026 17:25:03 GMT+0200 (Midden-Europese zomertijd),e9bc28f6-c82b-4f8f-957b-e49295b50930
3903318c-c260-41fc-baed-ff576f2abfe2,acb5ef98-eb1b-432a-97ff-552b0a126fc3,https://www.ijsselstein.nl/studio-10-en-woningbouwontwikkeling,Studio 10 en woningbouwontwikkeling | Gemeente IJsselsteinToegankelijkheidToegankelijkheidLoading..,Productieomgeving,true,,Thu Apr 16 2026 17:25:07 GMT+0200 (Midden-Europese zomertijd),e9bc28f6-c82b-4f8f-957b-e49295b50930
58a24a95-141b-42e0-9786-82e6b8abf8aa,acb5ef98-eb1b-432a-97ff-552b0a126fc3,https://www.ijsselstein.nl/wonen-in-de-linten,Wonen in de linten | Gemeente IJsselsteinToegankelijkheidToegankelijkheidLoading..,Productieomgeving,true,,Thu Apr 16 2026 17:25:13 GMT+0200 (Midden-Europese zomertijd),e9bc28f6-c82b-4f8f-957b-e49295b50930
30825ee2-3c0d-42b9-81ca-85058d6210b7,acb5ef98-eb1b-432a-97ff-552b0a126fc3,https://www.ijsselstein.nl/vervangen-straatverlichting-binnenstad,Vervangen straatverlichting binnenstad | Gemeente IJsselsteinToegankelijkheidToegankelijkheidLoading..,Productieomgeving,true,,Thu Apr 16 2026 17:25:09 GMT+0200 (Midden-Europese zomertijd),e9bc28f6-c82b-4f8f-957b-e49295b50930
36785d37-7aa9-49a3-b825-f82529ccd866,acb5ef98-eb1b-432a-97ff-552b0a126fc3,https://www.ijsselstein.nl/visie-toerisme-en-recreatie,Visie Toerisme en recreatie | Gemeente IJsselsteinToegankelijkheidToegankelijkheidLoading..,Productieomgeving,true,,Thu Apr 16 2026 17:25:11 GMT+0200 (Midden-Europese zomertijd),e9bc28f6-c82b-4f8f-957b-e49295b50930
6e3baba7-dec3-4d34-80cf-564ddaf9a0bc,acb5ef98-eb1b-432a-97ff-552b0a126fc3,https://www.ijsselstein.nl/einsteinweg-kantoor-centric,Einsteinweg Kantoor Centric | Gemeente IJsselsteinToegankelijkheidToegankelijkheidLoading..,Productieomgeving,true,,Thu Apr 16 2026 17:25:15 GMT+0200 (Midden-Europese zomertijd),e9bc28f6-c82b-4f8f-957b-e49295b50930
1dfdfffc-a646-4290-8da7-201c4e83867f,acb5ef98-eb1b-432a-97ff-552b0a126fc3,https://www.ijsselstein.nl/europakwartier-oost,Europakwartier-Oost | Gemeente IJsselsteinToegankelijkheidToegankelijkheidLoading..,Productieomgeving,true,,Thu Apr 16 2026 17:25:19 GMT+0200 (Midden-Europese zomertijd),e9bc28f6-c82b-4f8f-957b-e49295b50930
883c8403-1c56-4d6f-84a2-76970e725f02,acb5ef98-eb1b-432a-97ff-552b0a126fc3,https://www.ijsselstein.nl/ijsseloeversrobaterrein,IJsseloevers/Robaterrein | Gemeente IJsselsteinToegankelijkheidToegankelijkheidLoading..,Productieomgeving,true,,Thu Apr 16 2026 17:25:23 GMT+0200 (Midden-Europese zomertijd),e9bc28f6-c82b-4f8f-957b-e49295b50930
6e0c582b-cb4f-4023-b234-c41a2e9d166d,acb5ef98-eb1b-432a-97ff-552b0a126fc3,https://www.ijsselstein.nl/lagebiezen-4-10,Lagebiezen 4-10 | Gemeente IJsselsteinToegankelijkheidToegankelijkheidLoading..,Productieomgeving,true,,Thu Apr 16 2026 17:25:27 GMT+0200 (Midden-Europese zomertijd),e9bc28f6-c82b-4f8f-957b-e49295b50930
c5e2e7e5-95db-457d-abce-59d1ae5ce0ee,acb5ef98-eb1b-432a-97ff-552b0a126fc3,https://www.ijsselstein.nl/mr-abbink-spainkstraat,Mr. Abbink Spainkstraat | Gemeente IJsselsteinToegankelijkheidToegankelijkheidLoading..,Productieomgeving,true,,Thu Apr 16 2026 17:25:33 GMT+0200 (Midden-Europese zomertijd),e9bc28f6-c82b-4f8f-957b-e49295b50930
34bac5bc-5460-4202-9fb6-abaed8f2f100,b160cb88-c117-43c1-ac24-66c9da3f77b8,https://www.ijsselstein.nl/zorg-en-inkomen,Zorg en inkomen | Gemeente IJsselsteinToegankelijkheidToegankelijkheidLoading..,Productieomgeving,true,,Thu Apr 16 2026 17:22:37 GMT+0200 (Midden-Europese zomertijd),057a6465-5f96-4eb2-9c4e-294c310af510
07b02d2c-fee4-401c-8fea-989cd21d3ef6,b160cb88-c117-43c1-ac24-66c9da3f77b8,https://www.ijsselstein.nl/team-sociaal-domein,Team Sociaal Domein | Gemeente IJsselsteinToegankelijkheidToegankelijkheidLoading..,Productieomgeving,true,,Thu Apr 16 2026 17:22:39 GMT+0200 (Midden-Europese zomertijd),057a6465-5f96-4eb2-9c4e-294c310af510
a0036f47-ca40-4a94-9740-ee8d84c45386,b160cb88-c117-43c1-ac24-66c9da3f77b8,https://www.ijsselstein.nl/ondernemers,Ondernemers | Gemeente IJsselsteinToegankelijkheidToegankelijkheidLoading..,Productieomgeving,true,,Thu Apr 16 2026 17:22:46 GMT+0200 (Midden-Europese zomertijd),057a6465-5f96-4eb2-9c4e-294c310af510
c37d1b2d-6cc1-4039-9473-7eee4ce1ae8a,b160cb88-c117-43c1-ac24-66c9da3f77b8,https://www.ijsselstein.nl/handig-om-te-weten,Handig om te weten | Gemeente IJsselsteinToegankelijkheidToegankelijkheidLoading..,Productieomgeving,true,,Thu Apr 16 2026 17:22:52 GMT+0200 (Midden-Europese zomertijd),057a6465-5f96-4eb2-9c4e-294c310af510
dbe4ae1e-4d5a-49e7-9a29-60b2c7fada09,b160cb88-c117-43c1-ac24-66c9da3f77b8,https://www.ijsselstein.nl/subsidies,Subsidies | Gemeente IJsselsteinToegankelijkheidToegankelijkheidLoading..,Productieomgeving,true,,Thu Apr 16 2026 17:22:56 GMT+0200 (Midden-Europese zomertijd),057a6465-5f96-4eb2-9c4e-294c310af510
004ebaa7-c285-487a-b15f-883e06a3afa6,b160cb88-c117-43c1-ac24-66c9da3f77b8,https://www.ijsselstein.nl/gemeenteraad,Raad | Gemeente IJsselsteinToegankelijkheidToegankelijkheidLoading..,Productieomgeving,true,,Thu Apr 16 2026 17:23:00 GMT+0200 (Midden-Europese zomertijd),057a6465-5f96-4eb2-9c4e-294c310af510
79721576-6f98-47e0-882c-031b020f2f33,b160cb88-c117-43c1-ac24-66c9da3f77b8,https://www.ijsselstein.nl/burgemeester-en-wethouders,Burgemeester en wethouders | Gemeente IJsselsteinToegankelijkheidToegankelijkheidLoading..,Productieomgeving,true,,Thu Apr 16 2026 17:23:01 GMT+0200 (Midden-Europese zomertijd),057a6465-5f96-4eb2-9c4e-294c310af510
22389cca-edd4-4e2d-acd7-3a0d3b5e6799,b160cb88-c117-43c1-ac24-66c9da3f77b8,https://www.ijsselstein.nl/over-ijsselstein,Over IJsselstein | Gemeente IJsselsteinToegankelijkheidToegankelijkheidLoading..,Productieomgeving,true,,Thu Apr 16 2026 17:23:09 GMT+0200 (Midden-Europese zomertijd),057a6465-5f96-4eb2-9c4e-294c310af510
1c041050-2cbe-48d6-a5e7-6d4ea9e21d69,b160cb88-c117-43c1-ac24-66c9da3f77b8,https://www.ijsselstein.nl/bekendmakingen-plannen-en-besluiten,"Bekendmakingen, plannen en besluiten | Gemeente IJsselsteinToegankelijkheidToegankelijkheidLoading..",Productieomgeving,true,,Thu Apr 16 2026 17:23:19 GMT+0200 (Midden-Europese zomertijd),057a6465-5f96-4eb2-9c4e-294c310af510
04f6c691-a248-47a4-b095-a5e736e5084d,b160cb88-c117-43c1-ac24-66c9da3f77b8,https://www.ijsselstein.nl/noodopvang,Noodopvang vluchtelingen | Gemeente IJsselsteinToegankelijkheidToegankelijkheidLoading..,Productieomgeving,true,,Thu Apr 16 2026 17:23:23 GMT+0200 (Midden-Europese zomertijd),057a6465-5f96-4eb2-9c4e-294c310af510
b2547ca5-f4c0-48b3-9019-52df69999a34,b160cb88-c117-43c1-ac24-66c9da3f77b8,https://www.ijsselstein.nl/verkort-telefoonnummer,Verkort telefoonnummer | Gemeente IJsselsteinToegankelijkheidToegankelijkheidLoading..,Productieomgeving,true,,Thu Apr 16 2026 17:23:27 GMT+0200 (Midden-Europese zomertijd),057a6465-5f96-4eb2-9c4e-294c310af510
e04e71fe-b3a7-4fd5-bb0a-c1b6cd38ee21,b160cb88-c117-43c1-ac24-66c9da3f77b8,https://www.ijsselstein.nl/verhuizen-migratie-en-naturalisatie,"Verhuizen, migratie en naturalisatie | Gemeente IJsselsteinToegankelijkheidToegankelijkheidLoading..",Productieomgeving,true,,Thu Apr 16 2026 17:22:30 GMT+0200 (Midden-Europese zomertijd),057a6465-5f96-4eb2-9c4e-294c310af510
d9b495db-a302-4e90-ae50-447b43620d7f,b160cb88-c117-43c1-ac24-66c9da3f77b8,https://www.ijsselstein.nl/parkeren-verkeer-en-vervoer,"Parkeren, verkeer en vervoer | Gemeente IJsselsteinToegankelijkheidToegankelijkheidLoading..",Productieomgeving,true,,Thu Apr 16 2026 17:22:34 GMT+0200 (Midden-Europese zomertijd),057a6465-5f96-4eb2-9c4e-294c310af510
1308f7a9-09d3-4f81-91cd-6813a7dfc38f,b160cb88-c117-43c1-ac24-66c9da3f77b8,https://www.ijsselstein.nl/vrije-tijd-sport-en-cultuur,"Vrije tijd, sport en cultuur | Gemeente IJsselsteinToegankelijkheidToegankelijkheidLoading..",Productieomgeving,true,,Thu Apr 16 2026 17:22:35 GMT+0200 (Midden-Europese zomertijd),057a6465-5f96-4eb2-9c4e-294c310af510
09913459-cae9-4d7b-8f6e-233c23dd088f,b160cb88-c117-43c1-ac24-66c9da3f77b8,https://www.ijsselstein.nl/onderwijs-en-kinderopvang,Onderwijs en kinderopvang | Gemeente IJsselsteinToegankelijkheidToegankelijkheidLoading..,Productieomgeving,true,,Thu Apr 16 2026 17:22:43 GMT+0200 (Midden-Europese zomertijd),057a6465-5f96-4eb2-9c4e-294c310af510
cbcaf402-6353-42a3-b70f-592245014bdf,b160cb88-c117-43c1-ac24-66c9da3f77b8,https://www.ijsselstein.nl/contact-advies-en-netwerken,"Contact, advies en netwerken | Gemeente IJsselsteinToegankelijkheidToegankelijkheidLoading..",Productieomgeving,true,,Thu Apr 16 2026 17:22:48 GMT+0200 (Midden-Europese zomertijd),057a6465-5f96-4eb2-9c4e-294c310af510
e19ad2cf-50ee-4a10-b198-aa07a7cdc641,b160cb88-c117-43c1-ac24-66c9da3f77b8,https://www.ijsselstein.nl/vergunningen,Vergunningen | Gemeente IJsselsteinToegankelijkheidToegankelijkheidLoading..,Productieomgeving,true,,Thu Apr 16 2026 17:22:50 GMT+0200 (Midden-Europese zomertijd),057a6465-5f96-4eb2-9c4e-294c310af510
e9bc28f6-c82b-4f8f-957b-e49295b50930,acb5ef98-eb1b-432a-97ff-552b0a126fc3,https://www.ijsselstein.nl,Home | Gemeente IJsselstein,Productieomgeving,true,,Thu Apr 16 2026 17:21:40 GMT+0200 (Midden-Europese zomertijd),
f08e1413-7fb1-4f5f-b21b-5c8d8a8e4174,acb5ef98-eb1b-432a-97ff-552b0a126fc3,https://www.ijsselstein.nl/,Home | Gemeente IJsselsteinToegankelijkheidToegankelijkheidLoading..,Productieomgeving,true,,Thu Apr 16 2026 17:21:42 GMT+0200 (Midden-Europese zomertijd),e9bc28f6-c82b-4f8f-957b-e49295b50930
0b26a983-86dc-4bd5-8a09-a098bc0befd0,acb5ef98-eb1b-432a-97ff-552b0a126fc3,https://www.ijsselstein.nl/contact-en-openingstijden,Contact en openingstijden | Gemeente IJsselsteinToegankelijkheidToegankelijkheidLoading..,Productieomgeving,true,,Thu Apr 16 2026 17:21:44 GMT+0200 (Midden-Europese zomertijd),e9bc28f6-c82b-4f8f-957b-e49295b50930
c5ba503a-f211-4aed-bb86-fdbc9b03c279,acb5ef98-eb1b-432a-97ff-552b0a126fc3,https://www.ijsselstein.nl/melding-klacht-of-bezwaar,"Melding, klacht of bezwaar | Gemeente IJsselsteinToegankelijkheidToegankelijkheidLoading..",Productieomgeving,true,,Thu Apr 16 2026 17:21:46 GMT+0200 (Midden-Europese zomertijd),e9bc28f6-c82b-4f8f-957b-e49295b50930
0eeb323f-7e07-4580-96da-c40e316d705e,acb5ef98-eb1b-432a-97ff-552b0a126fc3,https://www.ijsselstein.nl/paspoort-identiteitskaart-rijbewijs-en-uittreksels,"Paspoort, identiteitskaart, rijbewijs en uittreksels | Gemeente IJsselsteinToegankelijkheidToegankelijkheidLoading..",Productieomgeving,true,,Thu Apr 16 2026 17:21:48 GMT+0200 (Midden-Europese zomertijd),e9bc28f6-c82b-4f8f-957b-e49295b50930
59fa711b-d340-4e82-bd84-e4ed50c1dee0,acb5ef98-eb1b-432a-97ff-552b0a126fc3,https://www.ijsselstein.nl/verhuizen,Verhuizen | Gemeente IJsselsteinToegankelijkheidToegankelijkheidLoading..,Productieomgeving,true,,Thu Apr 16 2026 17:21:50 GMT+0200 (Midden-Europese zomertijd),e9bc28f6-c82b-4f8f-957b-e49295b50930
4cf3f3df-eaed-4ba7-a385-fd242fbefd44,acb5ef98-eb1b-432a-97ff-552b0a126fc3,https://www.ijsselstein.nl/afval-0,Afval | Gemeente IJsselsteinToegankelijkheidToegankelijkheidLoading..,Productieomgeving,true,,Thu Apr 16 2026 17:21:52 GMT+0200 (Midden-Europese zomertijd),e9bc28f6-c82b-4f8f-957b-e49295b50930
efcdafc9-b097-4879-bd48-f6410be1388f,acb5ef98-eb1b-432a-97ff-552b0a126fc3,https://www.ijsselstein.nl/parkeren,Parkeren | Gemeente IJsselsteinToegankelijkheidToegankelijkheidLoading..,Productieomgeving,true,,Thu Apr 16 2026 17:21:54 GMT+0200 (Midden-Europese zomertijd),e9bc28f6-c82b-4f8f-957b-e49295b50930
4472f0b8-6934-477f-ab86-0cd6ae0683d8,acb5ef98-eb1b-432a-97ff-552b0a126fc3,https://www.ijsselstein.nl/ijsselstein-biedt-noodopvang-aan-vluchtelingen,IJsselstein biedt noodopvang aan vluchtelingen | Gemeente IJsselsteinToegankelijkheidToegankelijkheidLoading..,Productieomgeving,true,,Thu Apr 16 2026 17:21:55 GMT+0200 (Midden-Europese zomertijd),e9bc28f6-c82b-4f8f-957b-e49295b50930
9c098343-28bd-43a2-940a-c8fcf0e49853,acb5ef98-eb1b-432a-97ff-552b0a126fc3,https://www.ijsselstein.nl/ijsselsteinse-jacht,IJsselsteinse Jacht | Gemeente IJsselsteinToegankelijkheidToegankelijkheidLoading..,Productieomgeving,true,,Thu Apr 16 2026 17:21:57 GMT+0200 (Midden-Europese zomertijd),e9bc28f6-c82b-4f8f-957b-e49295b50930
82f92d60-69ce-4b60-9db4-6597ea9c18db,acb5ef98-eb1b-432a-97ff-552b0a126fc3,https://www.ijsselstein.nl/nk-tegelwippen-ijsselstein-gaat-weer-de-strijd-aan,NK Tegelwippen: IJsselstein gaat weer de strijd aan | Gemeente IJsselsteinToegankelijkheidToegankelijkheidLoading..,Productieomgeving,true,,Thu Apr 16 2026 17:21:59 GMT+0200 (Midden-Europese zomertijd),e9bc28f6-c82b-4f8f-957b-e49295b50930
fd63ff41-4e06-4942-9a9f-a3ef1e3a3bfc,acb5ef98-eb1b-432a-97ff-552b0a126fc3,https://www.ijsselstein.nl/nieuws,Nieuws | Gemeente IJsselsteinToegankelijkheidToegankelijkheidLoading..,Productieomgeving,true,,Thu Apr 16 2026 17:22:02 GMT+0200 (Midden-Europese zomertijd),e9bc28f6-c82b-4f8f-957b-e49295b50930
1e5ef03a-fc29-45d9-8125-522156852039,acb5ef98-eb1b-432a-97ff-552b0a126fc3,https://www.ijsselstein.nl/projecten,Projecten | Gemeente IJsselsteinToegankelijkheidToegankelijkheidLoading..,Productieomgeving,true,,Thu Apr 16 2026 17:22:04 GMT+0200 (Midden-Europese zomertijd),e9bc28f6-c82b-4f8f-957b-e49295b50930
a24a4eb0-a318-4a3c-9b16-440b4324b3fd,acb5ef98-eb1b-432a-97ff-552b0a126fc3,https://www.ijsselstein.nl/wegwerkzaamheden,Wegwerkzaamheden | Gemeente IJsselsteinToegankelijkheidToegankelijkheidLoading..,Productieomgeving,true,,Thu Apr 16 2026 17:22:09 GMT+0200 (Midden-Europese zomertijd),e9bc28f6-c82b-4f8f-957b-e49295b50930
a25c0e4f-a1aa-45e5-9f75-268015007781,acb5ef98-eb1b-432a-97ff-552b0a126fc3,https://www.ijsselstein.nl/hulp-bij-digitale-diensten,Hulp bij digitale diensten | Gemeente IJsselsteinToegankelijkheidToegankelijkheidLoading..,Productieomgeving,true,,Thu Apr 16 2026 17:22:15 GMT+0200 (Midden-Europese zomertijd),e9bc28f6-c82b-4f8f-957b-e49295b50930
8826ea7b-ca03-4099-8461-078e149e61e3,acb5ef98-eb1b-432a-97ff-552b0a126fc3,https://www.ijsselstein.nl/nieuwsbrief,Nieuwsbrief | Gemeente IJsselsteinToegankelijkheidToegankelijkheidLoading..,Productieomgeving,true,,Thu Apr 16 2026 17:22:17 GMT+0200 (Midden-Europese zomertijd),e9bc28f6-c82b-4f8f-957b-e49295b50930
22effe1a-df08-4ad8-b08c-5fff409b5e75,acb5ef98-eb1b-432a-97ff-552b0a126fc3,https://www.ijsselstein.nl/werken-bij-de-gemeente-ijsselstein,Werken bij de Gemeente IJsselstein | Gemeente IJsselsteinToegankelijkheidToegankelijkheidLoading..,Productieomgeving,true,,Thu Apr 16 2026 17:23:15 GMT+0200 (Midden-Europese zomertijd),e9bc28f6-c82b-4f8f-957b-e49295b50930
43f3e737-0395-4b37-9855-2e60974cd839,acb5ef98-eb1b-432a-97ff-552b0a126fc3,https://www.ijsselstein.nl/pers,Pers | Gemeente IJsselsteinToegankelijkheidToegankelijkheidLoading..,Productieomgeving,true,,Thu Apr 16 2026 17:23:21 GMT+0200 (Midden-Europese zomertijd),e9bc28f6-c82b-4f8f-957b-e49295b50930
5c8b58ce-8c84-498f-8d79-3965fa5542fb,acb5ef98-eb1b-432a-97ff-552b0a126fc3,https://www.ijsselstein.nl/melding-straatverlichting-en-verkeerslichten,Melding straatverlichting en verkeerslichten | Gemeente IJsselsteinToegankelijkheidToegankelijkheidLoading..,Productieomgeving,true,,Thu Apr 16 2026 17:23:30 GMT+0200 (Midden-Europese zomertijd),e9bc28f6-c82b-4f8f-957b-e49295b50930
6e633f54-a90c-4f32-8217-03b8762fe870,acb5ef98-eb1b-432a-97ff-552b0a126fc3,https://www.ijsselstein.nl/gemeente-aansprakelijk-stellen,Gemeente aansprakelijk stellen | Gemeente IJsselsteinToegankelijkheidToegankelijkheidLoading..,Productieomgeving,true,,Thu Apr 16 2026 17:23:42 GMT+0200 (Midden-Europese zomertijd),e9bc28f6-c82b-4f8f-957b-e49295b50930
83940c66-900c-4158-aad3-192683f92abc,acb5ef98-eb1b-432a-97ff-552b0a126fc3,https://www.ijsselstein.nl/isolatieactie-voor-koopwoningen-weer-van-start,Isolatieactie voor koopwoningen weer van start | Gemeente IJsselsteinToegankelijkheidToegankelijkheidLoading..,Productieomgeving,true,,Thu Apr 16 2026 17:24:07 GMT+0200 (Midden-Europese zomertijd),e9bc28f6-c82b-4f8f-957b-e49295b50930
b1fe1665-9f00-4f49-9f9a-0624a7d8aeeb,acb5ef98-eb1b-432a-97ff-552b0a126fc3,https://www.ijsselstein.nl/eiteren-31,Eiteren 31 | Gemeente IJsselsteinToegankelijkheidToegankelijkheidLoading..,Productieomgeving,true,,Thu Apr 16 2026 17:25:16 GMT+0200 (Midden-Europese zomertijd),e9bc28f6-c82b-4f8f-957b-e49295b50930
d1d84dab-3894-4cc4-9bcb-e2ee3775b47e,acb5ef98-eb1b-432a-97ff-552b0a126fc3,https://www.ijsselstein.nl/hitteschild-2-tot-4,Hitteschild 2 tot 4 | Gemeente IJsselsteinToegankelijkheidToegankelijkheidLoading..,Productieomgeving,true,,Thu Apr 16 2026 17:25:21 GMT+0200 (Midden-Europese zomertijd),e9bc28f6-c82b-4f8f-957b-e49295b50930
98637a3c-e8e3-44ec-a3c4-ba57f29cf985,acb5ef98-eb1b-432a-97ff-552b0a126fc3,https://www.ijsselstein.nl/kromme-ijsselgebied,Kromme IJsselgebied | Gemeente IJsselsteinToegankelijkheidToegankelijkheidLoading..,Productieomgeving,true,,Thu Apr 16 2026 17:25:25 GMT+0200 (Midden-Europese zomertijd),e9bc28f6-c82b-4f8f-957b-e49295b50930
d039e668-ca3c-4bf1-9643-0483e399fc11,acb5ef98-eb1b-432a-97ff-552b0a126fc3,https://www.ijsselstein.nl/lanceerplaats,Lanceerplaats | Gemeente IJsselsteinToegankelijkheidToegankelijkheidLoading..,Productieomgeving,true,,Thu Apr 16 2026 17:25:30 GMT+0200 (Midden-Europese zomertijd),e9bc28f6-c82b-4f8f-957b-e49295b50930
3351c7dc-ec21-4d2b-8ab3-08138a4dcc20,acb5ef98-eb1b-432a-97ff-552b0a126fc3,https://www.ijsselstein.nl/rss/content-list?type%5B%5D=news&tags%5B%5D=4&sort_by=published_at&sort_order=DESC,Gemeente IJsselstein (RSS)IJsselstein biedt noodopvang aan vluchtelingenIJsselsteinse JachtNK Tegelwippen: IJsselstein gaat weer de strijd aanIsolatieactie voor koopwoningen weer van startLintje voor raadsledenMinimaregelingen werken en werken loontGroen licht voor herinrichting OvertoomVoorlopige uitslag gemeenteraadsverkiezingenBlog van de burgemeesterWie verdient er een lintjeStart subsidieproces 2027Mogelijke risico's gezondheid UF-schuimVersterking elektriciteitsnetAanslag gemeentelijke belastingenNieuwe ontmoetingsplek voor en door jongerenHulp bij online criminaliteitLeg nu een geveltuin aan!Tijdelijke woonruimte via Onder de PannenGemeente IJsselstein onderzoekt leefbaarheidBrief aan de Koning“Zeg eens hoi” - bijeenkomst over naar elkaar omkijken Kerstbomenactie succesGeen zwaar verkeer over brug DoelenstraatNieuwjaarstoespraak100 dagen burgemeester,Productieomgeving,true,,Thu Apr 16 2026 17:24:35 GMT+0200 (Midden-Europese zomertijd),e9bc28f6-c82b-4f8f-957b-e49295b50930
03cd409b-572b-45a0-9cef-48430c6c28bc,acb5ef98-eb1b-432a-97ff-552b0a126fc3,https://www.ijsselstein.nl/detailhandel-en-horecastructuurvisie,Detailhandel- en horecastructuurvisie | Gemeente IJsselsteinToegankelijkheidToegankelijkheidLoading..,Productieomgeving,true,,Thu Apr 16 2026 17:24:40 GMT+0200 (Midden-Europese zomertijd),e9bc28f6-c82b-4f8f-957b-e49295b50930
43aa2bf0-ec70-44e3-9f04-faee3d9edfa6,b160cb88-c117-43c1-ac24-66c9da3f77b8,https://www.ijsselstein.nl/organisatie,Organisatie | Gemeente IJsselsteinToegankelijkheidToegankelijkheidLoading..,Productieomgeving,true,,Thu Apr 16 2026 17:23:03 GMT+0200 (Midden-Europese zomertijd),057a6465-5f96-4eb2-9c4e-294c310af510
db9ad0ed-a602-4d3d-8545-3cb14e98ac41,b160cb88-c117-43c1-ac24-66c9da3f77b8,https://www.ijsselstein.nl/onderscheidingen,Onderscheidingen | Gemeente IJsselsteinToegankelijkheidToegankelijkheidLoading..,Productieomgeving,true,,Thu Apr 16 2026 17:23:11 GMT+0200 (Midden-Europese zomertijd),057a6465-5f96-4eb2-9c4e-294c310af510
6b40a65f-65a6-4fc7-94d8-1fa7bfc07653,b160cb88-c117-43c1-ac24-66c9da3f77b8,https://www.ijsselstein.nl/verkiezingen,Verkiezingen | Gemeente IJsselsteinToegankelijkheidToegankelijkheidLoading..,Productieomgeving,true,,Thu Apr 16 2026 17:23:13 GMT+0200 (Midden-Europese zomertijd),057a6465-5f96-4eb2-9c4e-294c310af510
892c4b7a-24b0-43a2-9da8-2fb3ee1a626c,b160cb88-c117-43c1-ac24-66c9da3f77b8,https://www.ijsselstein.nl/actueel,Actueel | Gemeente IJsselsteinToegankelijkheidToegankelijkheidLoading..,Productieomgeving,true,,Thu Apr 16 2026 17:23:17 GMT+0200 (Midden-Europese zomertijd),057a6465-5f96-4eb2-9c4e-294c310af510
6fbd18de-8c19-4864-8447-aee49c6390ad,b160cb88-c117-43c1-ac24-66c9da3f77b8,https://www.ijsselstein.nl/melding-openbare-ruimte,Melding openbare ruimte | Gemeente IJsselsteinToegankelijkheidToegankelijkheidLoading..,Productieomgeving,true,,Thu Apr 16 2026 17:23:25 GMT+0200 (Midden-Europese zomertijd),057a6465-5f96-4eb2-9c4e-294c310af510
b781f60e-6116-42ef-9bdf-47003bb67283,b160cb88-c117-43c1-ac24-66c9da3f77b8,https://www.ijsselstein.nl/regel-het-online,Regel het online | Gemeente IJsselsteinToegankelijkheidToegankelijkheidLoading..,Productieomgeving,true,,Thu Apr 16 2026 17:23:29 GMT+0200 (Midden-Europese zomertijd),057a6465-5f96-4eb2-9c4e-294c310af510
7bb75abc-55e4-470b-9398-09c88103abaf,b160cb88-c117-43c1-ac24-66c9da3f77b8,https://www.ijsselstein.nl/overlast-ratten-melden,Overlast ratten melden | Gemeente IJsselsteinToegankelijkheidToegankelijkheidLoading..,Productieomgeving,true,,Thu Apr 16 2026 17:23:34 GMT+0200 (Midden-Europese zomertijd),057a6465-5f96-4eb2-9c4e-294c310af510
fef60074-159f-4252-8344-0d305b4926a7,b160cb88-c117-43c1-ac24-66c9da3f77b8,https://www.ijsselstein.nl/melding-ongewenst-verhuurgedrag,Melding ongewenst verhuurgedrag | Gemeente IJsselsteinToegankelijkheidToegankelijkheidLoading..,Productieomgeving,true,,Thu Apr 16 2026 17:23:38 GMT+0200 (Midden-Europese zomertijd),057a6465-5f96-4eb2-9c4e-294c310af510
6433d920-b9c9-4903-b051-de1a167b7cbf,b160cb88-c117-43c1-ac24-66c9da3f77b8,https://www.ijsselstein.nl/ravijnjaar,Ravijnjaar | Gemeente IJsselsteinToegankelijkheidToegankelijkheidLoading..,Productieomgeving,true,,Thu Apr 16 2026 17:25:05 GMT+0200 (Midden-Europese zomertijd),057a6465-5f96-4eb2-9c4e-294c310af510
885132fe-4bc6-42a7-9dbe-be6e1e466e14,b160cb88-c117-43c1-ac24-66c9da3f77b8,https://www.ijsselstein.nl/melding-zorgfraude,Melding zorgfraude | Gemeente IJsselsteinToegankelijkheidToegankelijkheidLoading..,Productieomgeving,true,,Thu Apr 16 2026 17:23:36 GMT+0200 (Midden-Europese zomertijd),057a6465-5f96-4eb2-9c4e-294c310af510
cb808ed1-9acf-46a9-8ecc-7819d813207c,b160cb88-c117-43c1-ac24-66c9da3f77b8,https://www.ijsselstein.nl/meldpunt-bezorgd,Meldpunt Bezorgd | Gemeente IJsselsteinToegankelijkheidToegankelijkheidLoading..,Productieomgeving,true,,Thu Apr 16 2026 17:23:40 GMT+0200 (Midden-Europese zomertijd),057a6465-5f96-4eb2-9c4e-294c310af510
3f1f3d3d-7493-4227-93aa-e20efe9f9bc2,b160cb88-c117-43c1-ac24-66c9da3f77b8,https://www.ijsselstein.nl/klacht-over-aanbestedingsprocedures,Klacht over aanbestedingsprocedures | Gemeente IJsselsteinToegankelijkheidToegankelijkheidLoading..,Productieomgeving,true,,Thu Apr 16 2026 17:23:44 GMT+0200 (Midden-Europese zomertijd),057a6465-5f96-4eb2-9c4e-294c310af510
ea5d35ab-7ccc-41f4-a3ae-335bc6b36904,b160cb88-c117-43c1-ac24-66c9da3f77b8,https://www.ijsselstein.nl/bezwaar-maken,Bezwaar maken | Gemeente IJsselsteinToegankelijkheidToegankelijkheidLoading..,Productieomgeving,true,,Thu Apr 16 2026 17:23:48 GMT+0200 (Midden-Europese zomertijd),057a6465-5f96-4eb2-9c4e-294c310af510
f1dc66f6-8599-4c9a-853f-1cea419514e3,b160cb88-c117-43c1-ac24-66c9da3f77b8,https://www.ijsselstein.nl/paspoort-en-identiteitskaart,Paspoort en identiteitskaart | Gemeente IJsselsteinToegankelijkheidToegankelijkheidLoading..,Productieomgeving,true,,Thu Apr 16 2026 17:23:57 GMT+0200 (Midden-Europese zomertijd),057a6465-5f96-4eb2-9c4e-294c310af510
8a2d1172-9b3a-4bc4-b6b1-ec0de4f8dfcb,b160cb88-c117-43c1-ac24-66c9da3f77b8,https://www.ijsselstein.nl/uittreksels-en-verklaringen,Uittreksels en verklaringen | Gemeente IJsselsteinToegankelijkheidToegankelijkheidLoading..,Productieomgeving,true,,Thu Apr 16 2026 17:24:01 GMT+0200 (Midden-Europese zomertijd),057a6465-5f96-4eb2-9c4e-294c310af510
6ce35dc2-13f2-4f4b-825d-4a3107430dd7,b160cb88-c117-43c1-ac24-66c9da3f77b8,http://www.ijsselstein.nl/noodopvang,Noodopvang vluchtelingen | Gemeente IJsselsteinToegankelijkheidToegankelijkheidLoading..,Productieomgeving,true,,Thu Apr 16 2026 17:24:05 GMT+0200 (Midden-Europese zomertijd),057a6465-5f96-4eb2-9c4e-294c310af510
666c11c3-8eb2-426d-aa13-647477cdce66,b160cb88-c117-43c1-ac24-66c9da3f77b8,https://www.ijsselstein.nl/groen-licht-voor-herinrichting-overtoom,Groen licht voor herinrichting Overtoom | Gemeente IJsselsteinToegankelijkheidToegankelijkheidLoading..,Productieomgeving,true,,Thu Apr 16 2026 17:24:13 GMT+0200 (Midden-Europese zomertijd),057a6465-5f96-4eb2-9c4e-294c310af510
9ca5e95d-d905-4fd6-8d76-05078951100d,b160cb88-c117-43c1-ac24-66c9da3f77b8,https://www.ijsselstein.nl/start-subsidieproces-2027,Start subsidieproces 2027 | Gemeente IJsselsteinToegankelijkheidToegankelijkheidLoading..,Productieomgeving,true,,Thu Apr 16 2026 17:24:20 GMT+0200 (Midden-Europese zomertijd),057a6465-5f96-4eb2-9c4e-294c310af510
ccdaba57-c3db-49f4-b8c0-f400ea0208b1,b160cb88-c117-43c1-ac24-66c9da3f77b8,https://www.ijsselstein.nl/versterking-elektriciteitsnet,Versterking elektriciteitsnet | Gemeente IJsselsteinToegankelijkheidToegankelijkheidLoading..,Productieomgeving,true,,Thu Apr 16 2026 17:24:24 GMT+0200 (Midden-Europese zomertijd),057a6465-5f96-4eb2-9c4e-294c310af510
96b1871a-13fd-41c5-be40-1fbe508ab4bb,b160cb88-c117-43c1-ac24-66c9da3f77b8,https://www.ijsselstein.nl/nieuws/1,Nieuws | Gemeente IJsselsteinToegankelijkheidToegankelijkheidLoading..,Productieomgeving,true,,Thu Apr 16 2026 17:24:30 GMT+0200 (Midden-Europese zomertijd),057a6465-5f96-4eb2-9c4e-294c310af510
a20a25d3-da77-44a0-b983-5093811afba7,b160cb88-c117-43c1-ac24-66c9da3f77b8,https://www.ijsselstein.nl/nieuws/3,Nieuws | Gemeente IJsselsteinToegankelijkheidToegankelijkheidLoading..,Productieomgeving,true,,Thu Apr 16 2026 17:24:34 GMT+0200 (Midden-Europese zomertijd),057a6465-5f96-4eb2-9c4e-294c310af510
5de1959a-79b7-4e06-94bd-b287567037fc,b160cb88-c117-43c1-ac24-66c9da3f77b8,https://www.ijsselstein.nl/economische-visie-2030,Economische visie 2030 | Gemeente IJsselsteinToegankelijkheidToegankelijkheidLoading..,Productieomgeving,true,,Thu Apr 16 2026 17:24:42 GMT+0200 (Midden-Europese zomertijd),057a6465-5f96-4eb2-9c4e-294c310af510
e7d6ba45-96ce-41ef-a088-11159f3610bc,b160cb88-c117-43c1-ac24-66c9da3f77b8,https://www.ijsselstein.nl/fietspad-nedereindse-plas-poortdijk,Fietspad Nedereindse Plas - Poortdijk | Gemeente IJsselsteinToegankelijkheidToegankelijkheidLoading..,Productieomgeving,true,,Thu Apr 16 2026 17:24:44 GMT+0200 (Midden-Europese zomertijd),057a6465-5f96-4eb2-9c4e-294c310af510
98f91abd-ae91-4b9e-96d7-aaa62036b7f7,b160cb88-c117-43c1-ac24-66c9da3f77b8,https://www.ijsselstein.nl/fietsvrije-binnenstad,Fietsvrije binnenstad | Gemeente IJsselsteinToegankelijkheidToegankelijkheidLoading..,Productieomgeving,true,,Thu Apr 16 2026 17:24:48 GMT+0200 (Midden-Europese zomertijd),057a6465-5f96-4eb2-9c4e-294c310af510
8f858ad1-e1b1-46c0-ba25-8502df4a2093,b160cb88-c117-43c1-ac24-66c9da3f77b8,https://www.ijsselstein.nl/onderhoud-bruggen-binnenstad,Onderhoud bruggen binnenstad | Gemeente IJsselsteinToegankelijkheidToegankelijkheidLoading..,Productieomgeving,true,,Thu Apr 16 2026 17:24:59 GMT+0200 (Midden-Europese zomertijd),057a6465-5f96-4eb2-9c4e-294c310af510
d331d88e-8ea6-4055-a9e3-781a02f2e64f,b160cb88-c117-43c1-ac24-66c9da3f77b8,https://www.ijsselstein.nl/klacht-over-gedrag-van-gemeentepersonen,Klacht over gedrag van gemeentepersonen | Gemeente IJsselsteinToegankelijkheidToegankelijkheidLoading..,Productieomgeving,true,,Thu Apr 16 2026 17:23:46 GMT+0200 (Midden-Europese zomertijd),057a6465-5f96-4eb2-9c4e-294c310af510
10d91ed0-5366-411e-8df5-d9664dd4abc1,b160cb88-c117-43c1-ac24-66c9da3f77b8,https://www.ijsselstein.nl/informatieverzoek-indienen,Informatieverzoek indienen | Gemeente IJsselsteinToegankelijkheidToegankelijkheidLoading..,Productieomgeving,true,,Thu Apr 16 2026 17:23:49 GMT+0200 (Midden-Europese zomertijd),057a6465-5f96-4eb2-9c4e-294c310af510
21f9b7ed-7f2c-4fba-a8c6-4864c5fa01ef,b160cb88-c117-43c1-ac24-66c9da3f77b8,https://www.ijsselstein.nl/wet-open-overheid,Wet open overheid | Gemeente IJsselsteinToegankelijkheidToegankelijkheidLoading..,Productieomgeving,true,,Thu Apr 16 2026 17:23:51 GMT+0200 (Midden-Europese zomertijd),057a6465-5f96-4eb2-9c4e-294c310af510
411f3ed0-d6ce-47b9-8b62-5bda74f2c53e,b160cb88-c117-43c1-ac24-66c9da3f77b8,https://www.ijsselstein.nl/dwangsom-bij-niet-op-tijd-beslissen,Dwangsom bij niet op tijd beslissen | Gemeente IJsselsteinToegankelijkheidToegankelijkheidLoading..,Productieomgeving,true,,Thu Apr 16 2026 17:23:55 GMT+0200 (Midden-Europese zomertijd),057a6465-5f96-4eb2-9c4e-294c310af510
08807ff1-ae2b-4722-a4b3-e4f5da6a73d9,b160cb88-c117-43c1-ac24-66c9da3f77b8,https://www.ijsselstein.nl/rijbewijs,Rijbewijs | Gemeente IJsselsteinToegankelijkheidToegankelijkheidLoading..,Productieomgeving,true,,Thu Apr 16 2026 17:23:59 GMT+0200 (Midden-Europese zomertijd),057a6465-5f96-4eb2-9c4e-294c310af510
0fdf38fb-1517-4224-a0fa-8e65bc20b38e,b160cb88-c117-43c1-ac24-66c9da3f77b8,https://www.ijsselstein.nl/gehandicaptenparkeerplaats,Gehandicaptenparkeerplaats | Gemeente IJsselsteinToegankelijkheidToegankelijkheidLoading..,Productieomgeving,true,,Thu Apr 16 2026 17:24:03 GMT+0200 (Midden-Europese zomertijd),057a6465-5f96-4eb2-9c4e-294c310af510
18421bc2-ce7d-4afd-bfc0-faea22b80fc5,b160cb88-c117-43c1-ac24-66c9da3f77b8,https://www.ijsselstein.nl/minimaregelingen-werken-en-werken-loont,Minimaregelingen werken en werken loont | Gemeente IJsselsteinToegankelijkheidToegankelijkheidLoading..,Productieomgeving,true,,Thu Apr 16 2026 17:24:11 GMT+0200 (Midden-Europese zomertijd),057a6465-5f96-4eb2-9c4e-294c310af510
ee988487-5e3b-4c6f-8a5d-240f24554803,b160cb88-c117-43c1-ac24-66c9da3f77b8,https://www.ijsselstein.nl/blog-van-de-burgemeester,Blog van de burgemeester | Gemeente IJsselsteinToegankelijkheidToegankelijkheidLoading..,Productieomgeving,true,,Thu Apr 16 2026 17:24:16 GMT+0200 (Midden-Europese zomertijd),057a6465-5f96-4eb2-9c4e-294c310af510
78b9f8a7-0ceb-466d-aef9-c310bcaf41bb,b160cb88-c117-43c1-ac24-66c9da3f77b8,https://www.ijsselstein.nl/wie-verdient-er-een-lintje,Wie verdient er een lintje | Gemeente IJsselsteinToegankelijkheidToegankelijkheidLoading..,Productieomgeving,true,,Thu Apr 16 2026 17:24:18 GMT+0200 (Midden-Europese zomertijd),057a6465-5f96-4eb2-9c4e-294c310af510
8f7d0611-af5a-455d-8512-ac3bb59ac3af,b160cb88-c117-43c1-ac24-66c9da3f77b8,https://www.ijsselstein.nl/mogelijke-risicos-gezondheid-uf-schuim,Mogelijke risico's gezondheid UF-schuim | Gemeente IJsselsteinToegankelijkheidToegankelijkheidLoading..,Productieomgeving,true,,Thu Apr 16 2026 17:24:22 GMT+0200 (Midden-Europese zomertijd),057a6465-5f96-4eb2-9c4e-294c310af510
ee3780fa-fda5-4a41-a408-3980835c677f,b160cb88-c117-43c1-ac24-66c9da3f77b8,https://www.ijsselstein.nl/nieuwe-ontmoetingsplek-voor-en-door-jongeren,Nieuwe ontmoetingsplek voor en door jongeren | Gemeente IJsselsteinToegankelijkheidToegankelijkheidLoading..,Productieomgeving,true,,Thu Apr 16 2026 17:24:28 GMT+0200 (Midden-Europese zomertijd),057a6465-5f96-4eb2-9c4e-294c310af510
2cec681e-2a94-4394-a1e4-28fc47a347ca,b160cb88-c117-43c1-ac24-66c9da3f77b8,https://www.ijsselstein.nl/nieuws/2,Nieuws | Gemeente IJsselsteinToegankelijkheidToegankelijkheidLoading..,Productieomgeving,true,,Thu Apr 16 2026 17:24:32 GMT+0200 (Midden-Europese zomertijd),057a6465-5f96-4eb2-9c4e-294c310af510
1d0d68d9-dd31-4689-8535-2d5747989d5d,b160cb88-c117-43c1-ac24-66c9da3f77b8,https://www.ijsselstein.nl/bedrijvenpark-de-kroon,Bedrijvenpark De Kroon | Gemeente IJsselsteinToegankelijkheidToegankelijkheidLoading..,Productieomgeving,true,,Thu Apr 16 2026 17:24:36 GMT+0200 (Midden-Europese zomertijd),057a6465-5f96-4eb2-9c4e-294c310af510
6f76e203-a9c9-4ba9-bdd9-04d0d54bc285,b160cb88-c117-43c1-ac24-66c9da3f77b8,https://www.ijsselstein.nl/fietsstraat-eiteren-laatste-fase,Fietsstraat Eiteren laatste fase | Gemeente IJsselsteinToegankelijkheidToegankelijkheidLoading..,Productieomgeving,true,,Thu Apr 16 2026 17:24:46 GMT+0200 (Midden-Europese zomertijd),057a6465-5f96-4eb2-9c4e-294c310af510
1c2f464a-2cfb-4b7f-8efe-d552146c217c,b160cb88-c117-43c1-ac24-66c9da3f77b8,https://www.ijsselstein.nl/groenverbeterplan-randdijk,Groenverbeterplan Randdijk | Gemeente IJsselsteinToegankelijkheidToegankelijkheidLoading..,Productieomgeving,true,,Thu Apr 16 2026 17:24:50 GMT+0200 (Midden-Europese zomertijd),057a6465-5f96-4eb2-9c4e-294c310af510
ca26816d-735c-4e73-ad05-9fc4f16c6639,b160cb88-c117-43c1-ac24-66c9da3f77b8,https://www.ijsselstein.nl/hollandse-ijsselgebied-noordwesthoek-herinrichting,Hollandse IJsselgebied Noordwesthoek (herinrichting) | Gemeente IJsselsteinToegankelijkheidToegankelijkheidLoading..,Productieomgeving,true,,Thu Apr 16 2026 17:24:52 GMT+0200 (Midden-Europese zomertijd),057a6465-5f96-4eb2-9c4e-294c310af510
3c919224-ff3d-4397-a2af-3037e324b315,0df762bc-d4cf-4000-bcd1-a8b9d8c3a55a,https://www.blaricum.nl,Home | Gemeente BlaricumToegankelijkheidToegankelijkheidLoading..,Productieomgeving,true,,,
658a18de-c91e-4633-a37f-1e10fb0f6b6e,0df762bc-d4cf-4000-bcd1-a8b9d8c3a55a,https://blaricum.bestuurlijkeinformatie.nl/,Dashboard blaricum - iBabs Publieksportaal,Productieomgeving,false,,,
057a6465-5f96-4eb2-9c4e-294c310af510,b160cb88-c117-43c1-ac24-66c9da3f77b8,https://www.ijsselstein.nl,Home | Gemeente IJsselstein,Productieomgeving,true,,Thu Apr 16 2026 17:21:40 GMT+0200 (Midden-Europese zomertijd),
216db3eb-3def-4335-b2f5-d841e8b16947,b160cb88-c117-43c1-ac24-66c9da3f77b8,https://www.ijsselstein.nl/opnieuw-inrichten-overtoom,Opnieuw inrichten Overtoom | Gemeente IJsselsteinToegankelijkheidToegankelijkheidLoading..,Productieomgeving,true,,Thu Apr 16 2026 17:25:01 GMT+0200 (Midden-Europese zomertijd),057a6465-5f96-4eb2-9c4e-294c310af510
137d0fda-2c86-41ca-9201-a4bbff419fee,b160cb88-c117-43c1-ac24-66c9da3f77b8,https://www.ijsselstein.nl/parkeerbeleid,Parkeerbeleid | Gemeente IJsselsteinToegankelijkheidToegankelijkheidLoading..,Productieomgeving,true,,Thu Apr 16 2026 17:25:03 GMT+0200 (Midden-Europese zomertijd),057a6465-5f96-4eb2-9c4e-294c310af510
ce0561da-a021-47f0-b9fc-5c6a03e53ea6,b160cb88-c117-43c1-ac24-66c9da3f77b8,https://www.ijsselstein.nl/studio-10-en-woningbouwontwikkeling,Studio 10 en woningbouwontwikkeling | Gemeente IJsselsteinToegankelijkheidToegankelijkheidLoading..,Productieomgeving,true,,Thu Apr 16 2026 17:25:07 GMT+0200 (Midden-Europese zomertijd),057a6465-5f96-4eb2-9c4e-294c310af510
bdf0ca04-25e5-4304-86b1-0b987bffdd1e,b160cb88-c117-43c1-ac24-66c9da3f77b8,https://www.ijsselstein.nl/wonen-in-de-linten,Wonen in de linten | Gemeente IJsselsteinToegankelijkheidToegankelijkheidLoading..,Productieomgeving,true,,Thu Apr 16 2026 17:25:13 GMT+0200 (Midden-Europese zomertijd),057a6465-5f96-4eb2-9c4e-294c310af510
a8deb57c-de2e-47cd-a750-8068a704df09,b160cb88-c117-43c1-ac24-66c9da3f77b8,https://www.ijsselstein.nl/visie-toerisme-en-recreatie,Visie Toerisme en recreatie | Gemeente IJsselsteinToegankelijkheidToegankelijkheidLoading..,Productieomgeving,true,,Thu Apr 16 2026 17:25:11 GMT+0200 (Midden-Europese zomertijd),057a6465-5f96-4eb2-9c4e-294c310af510
30158d68-d307-47e1-b280-8cf01870d837,b160cb88-c117-43c1-ac24-66c9da3f77b8,https://www.ijsselstein.nl/einsteinweg-kantoor-centric,Einsteinweg Kantoor Centric | Gemeente IJsselsteinToegankelijkheidToegankelijkheidLoading..,Productieomgeving,true,,Thu Apr 16 2026 17:25:15 GMT+0200 (Midden-Europese zomertijd),057a6465-5f96-4eb2-9c4e-294c310af510
8f841444-5011-475d-ad0b-1a4a0d9da802,b160cb88-c117-43c1-ac24-66c9da3f77b8,https://www.ijsselstein.nl/europakwartier-oost,Europakwartier-Oost | Gemeente IJsselsteinToegankelijkheidToegankelijkheidLoading..,Productieomgeving,true,,Thu Apr 16 2026 17:25:19 GMT+0200 (Midden-Europese zomertijd),057a6465-5f96-4eb2-9c4e-294c310af510
373cf0b3-3a62-48ea-8e80-e17142cc2021,b160cb88-c117-43c1-ac24-66c9da3f77b8,https://www.ijsselstein.nl/ijsseloeversrobaterrein,IJsseloevers/Robaterrein | Gemeente IJsselsteinToegankelijkheidToegankelijkheidLoading..,Productieomgeving,true,,Thu Apr 16 2026 17:25:23 GMT+0200 (Midden-Europese zomertijd),057a6465-5f96-4eb2-9c4e-294c310af510
febad315-4c65-419c-a197-7024644fceea,b160cb88-c117-43c1-ac24-66c9da3f77b8,https://www.ijsselstein.nl/lagebiezen-4-10,Lagebiezen 4-10 | Gemeente IJsselsteinToegankelijkheidToegankelijkheidLoading..,Productieomgeving,true,,Thu Apr 16 2026 17:25:27 GMT+0200 (Midden-Europese zomertijd),057a6465-5f96-4eb2-9c4e-294c310af510
428128a7-be39-4970-9bce-1ddbd84b2537,b160cb88-c117-43c1-ac24-66c9da3f77b8,https://www.ijsselstein.nl/mr-abbink-spainkstraat,Mr. Abbink Spainkstraat | Gemeente IJsselsteinToegankelijkheidToegankelijkheidLoading..,Productieomgeving,true,,Thu Apr 16 2026 17:25:33 GMT+0200 (Midden-Europese zomertijd),057a6465-5f96-4eb2-9c4e-294c310af510
185a9bba-cb87-4c66-a72b-0801c20a4fd0,b160cb88-c117-43c1-ac24-66c9da3f77b8,https://www.ijsselstein.nl/,Home | Gemeente IJsselsteinToegankelijkheidToegankelijkheidLoading..,Productieomgeving,true,,Thu Apr 16 2026 17:21:42 GMT+0200 (Midden-Europese zomertijd),057a6465-5f96-4eb2-9c4e-294c310af510
03e6b9b1-1dee-4dbe-bca8-a85a875d36ac,b160cb88-c117-43c1-ac24-66c9da3f77b8,https://www.ijsselstein.nl/contact-en-openingstijden,Contact en openingstijden | Gemeente IJsselsteinToegankelijkheidToegankelijkheidLoading..,Productieomgeving,true,,Thu Apr 16 2026 17:21:44 GMT+0200 (Midden-Europese zomertijd),057a6465-5f96-4eb2-9c4e-294c310af510
c0fe7ecc-9e74-4905-afee-ee89616a0860,b160cb88-c117-43c1-ac24-66c9da3f77b8,https://www.ijsselstein.nl/paspoort-identiteitskaart-rijbewijs-en-uittreksels,"Paspoort, identiteitskaart, rijbewijs en uittreksels | Gemeente IJsselsteinToegankelijkheidToegankelijkheidLoading..",Productieomgeving,true,,Thu Apr 16 2026 17:21:48 GMT+0200 (Midden-Europese zomertijd),057a6465-5f96-4eb2-9c4e-294c310af510
7744f492-bd78-4ef7-ba2d-a6e6d3d64c2f,b160cb88-c117-43c1-ac24-66c9da3f77b8,https://www.ijsselstein.nl/verhuizen,Verhuizen | Gemeente IJsselsteinToegankelijkheidToegankelijkheidLoading..,Productieomgeving,true,,Thu Apr 16 2026 17:21:50 GMT+0200 (Midden-Europese zomertijd),057a6465-5f96-4eb2-9c4e-294c310af510
f8cfc5e4-dfac-494f-b4a7-c20cd939f089,b160cb88-c117-43c1-ac24-66c9da3f77b8,https://www.ijsselstein.nl/afval-0,Afval | Gemeente IJsselsteinToegankelijkheidToegankelijkheidLoading..,Productieomgeving,true,,Thu Apr 16 2026 17:21:52 GMT+0200 (Midden-Europese zomertijd),057a6465-5f96-4eb2-9c4e-294c310af510
5abb4bbc-e3be-42b8-868b-6197b3e257e1,b160cb88-c117-43c1-ac24-66c9da3f77b8,https://www.ijsselstein.nl/parkeren,Parkeren | Gemeente IJsselsteinToegankelijkheidToegankelijkheidLoading..,Productieomgeving,true,,Thu Apr 16 2026 17:21:54 GMT+0200 (Midden-Europese zomertijd),057a6465-5f96-4eb2-9c4e-294c310af510
e4af6896-8f2f-46cb-8c44-70398253c937,b160cb88-c117-43c1-ac24-66c9da3f77b8,https://www.ijsselstein.nl/ijsselstein-biedt-noodopvang-aan-vluchtelingen,IJsselstein biedt noodopvang aan vluchtelingen | Gemeente IJsselsteinToegankelijkheidToegankelijkheidLoading..,Productieomgeving,true,,Thu Apr 16 2026 17:21:55 GMT+0200 (Midden-Europese zomertijd),057a6465-5f96-4eb2-9c4e-294c310af510
f093216b-26be-4db0-ac6f-93096f40b85c,b160cb88-c117-43c1-ac24-66c9da3f77b8,https://www.ijsselstein.nl/ijsselsteinse-jacht,IJsselsteinse Jacht | Gemeente IJsselsteinToegankelijkheidToegankelijkheidLoading..,Productieomgeving,true,,Thu Apr 16 2026 17:21:57 GMT+0200 (Midden-Europese zomertijd),057a6465-5f96-4eb2-9c4e-294c310af510
467b14bb-a6d4-4b2e-b2ab-20b64049ab08,b160cb88-c117-43c1-ac24-66c9da3f77b8,https://www.ijsselstein.nl/nieuws,Nieuws | Gemeente IJsselsteinToegankelijkheidToegankelijkheidLoading..,Productieomgeving,true,,Thu Apr 16 2026 17:22:02 GMT+0200 (Midden-Europese zomertijd),057a6465-5f96-4eb2-9c4e-294c310af510
76f7b809-6928-415a-bff3-af34d85da8ad,b160cb88-c117-43c1-ac24-66c9da3f77b8,https://www.ijsselstein.nl/projecten,Projecten | Gemeente IJsselsteinToegankelijkheidToegankelijkheidLoading..,Productieomgeving,true,,Thu Apr 16 2026 17:22:04 GMT+0200 (Midden-Europese zomertijd),057a6465-5f96-4eb2-9c4e-294c310af510
b80e248b-63de-44ef-803d-9c2c61dcb550,b160cb88-c117-43c1-ac24-66c9da3f77b8,https://www.ijsselstein.nl/wegwerkzaamheden,Wegwerkzaamheden | Gemeente IJsselsteinToegankelijkheidToegankelijkheidLoading..,Productieomgeving,true,,Thu Apr 16 2026 17:22:09 GMT+0200 (Midden-Europese zomertijd),057a6465-5f96-4eb2-9c4e-294c310af510
e95469ae-2bc6-42a0-afdb-09f6c35bf3a2,b160cb88-c117-43c1-ac24-66c9da3f77b8,https://www.ijsselstein.nl/hulp-bij-digitale-diensten,Hulp bij digitale diensten | Gemeente IJsselsteinToegankelijkheidToegankelijkheidLoading..,Productieomgeving,true,,Thu Apr 16 2026 17:22:15 GMT+0200 (Midden-Europese zomertijd),057a6465-5f96-4eb2-9c4e-294c310af510
de01b654-f904-4009-91b2-3f93f7e75ec1,0df762bc-d4cf-4000-bcd1-a8b9d8c3a55a,https://meldingen.belcombinatie.nl/incident/beschrijf,Meldingen BEL Combinatie,Productieomgeving,false,,,
9dd0d807-c228-48ea-8469-175ed5854330,0df762bc-d4cf-4000-bcd1-a8b9d8c3a55a,https://iburgerzaken.blaricum.nl/gaas-web/server/continue/StartGeboorte#burgerzaken,Geboorteaangifte,Productieomgeving,false,,,
afe334ce-0add-4289-8b86-e933216ffa50,b160cb88-c117-43c1-ac24-66c9da3f77b8,https://www.ijsselstein.nl/wonen-en-leven,Wonen en leven | Gemeente IJsselsteinToegankelijkheidToegankelijkheidLoading..,Productieomgeving,true,,Thu Apr 16 2026 17:22:19 GMT+0200 (Midden-Europese zomertijd),057a6465-5f96-4eb2-9c4e-294c310af510
a11761f5-79be-4233-a4a8-8de75633bdf6,b160cb88-c117-43c1-ac24-66c9da3f77b8,https://www.ijsselstein.nl/afval,Afval | Gemeente IJsselsteinToegankelijkheidToegankelijkheidLoading..,Productieomgeving,true,,Thu Apr 16 2026 17:22:21 GMT+0200 (Midden-Europese zomertijd),057a6465-5f96-4eb2-9c4e-294c310af510
e2cd6924-85bb-4658-af43-83a0b25d1dda,b160cb88-c117-43c1-ac24-66c9da3f77b8,https://www.ijsselstein.nl/gemeentelijke-belastingen,Gemeentelijke belastingen | Gemeente IJsselsteinToegankelijkheidToegankelijkheidLoading..,Productieomgeving,true,,Thu Apr 16 2026 17:22:24 GMT+0200 (Midden-Europese zomertijd),057a6465-5f96-4eb2-9c4e-294c310af510
9fc3ebbb-79d0-4af1-829c-58d792241c93,b160cb88-c117-43c1-ac24-66c9da3f77b8,https://www.ijsselstein.nl/bouwen-en-wonen,Bouwen en wonen | Gemeente IJsselsteinToegankelijkheidToegankelijkheidLoading..,Productieomgeving,true,,Thu Apr 16 2026 17:22:26 GMT+0200 (Midden-Europese zomertijd),057a6465-5f96-4eb2-9c4e-294c310af510
7e107a08-70e2-4c37-af64-3a6b2d29c29e,b160cb88-c117-43c1-ac24-66c9da3f77b8,https://www.ijsselstein.nl/duurzaamheid-en-klimaat,Duurzaamheid en klimaat | Gemeente IJsselsteinToegankelijkheidToegankelijkheidLoading..,Productieomgeving,true,,Thu Apr 16 2026 17:22:28 GMT+0200 (Midden-Europese zomertijd),057a6465-5f96-4eb2-9c4e-294c310af510
21a8ba1c-bca8-4ca5-b09b-e935d4a94e57,b160cb88-c117-43c1-ac24-66c9da3f77b8,https://www.ijsselstein.nl/leefomgeving,Leefomgeving | Gemeente IJsselsteinToegankelijkheidToegankelijkheidLoading..,Productieomgeving,true,,Thu Apr 16 2026 17:22:32 GMT+0200 (Midden-Europese zomertijd),057a6465-5f96-4eb2-9c4e-294c310af510
24387045-41fb-4e31-b1d5-c2c5f323aad5,b160cb88-c117-43c1-ac24-66c9da3f77b8,https://www.ijsselstein.nl/werk-en-geldzaken,Werk en geldzaken | Gemeente IJsselsteinToegankelijkheidToegankelijkheidLoading..,Productieomgeving,true,,Thu Apr 16 2026 17:22:45 GMT+0200 (Midden-Europese zomertijd),057a6465-5f96-4eb2-9c4e-294c310af510
181adcb6-a721-45f9-bae7-6b6bb19a11d1,b160cb88-c117-43c1-ac24-66c9da3f77b8,https://www.ijsselstein.nl/onderzoeken-jaarplannen-en-verslagen,"Onderzoeken, jaarplannen en-verslagen | Gemeente IJsselsteinToegankelijkheidToegankelijkheidLoading..",Productieomgeving,true,,Thu Apr 16 2026 17:23:08 GMT+0200 (Midden-Europese zomertijd),057a6465-5f96-4eb2-9c4e-294c310af510
43de71d0-21d4-4b87-9233-906df9d85c8b,b160cb88-c117-43c1-ac24-66c9da3f77b8,https://www.ijsselstein.nl/werken-bij-de-gemeente-ijsselstein,Werken bij de Gemeente IJsselstein | Gemeente IJsselsteinToegankelijkheidToegankelijkheidLoading..,Productieomgeving,true,,Thu Apr 16 2026 17:23:15 GMT+0200 (Midden-Europese zomertijd),057a6465-5f96-4eb2-9c4e-294c310af510
712f6aa7-14a2-4c79-b46e-03416b1f54fb,b160cb88-c117-43c1-ac24-66c9da3f77b8,https://www.ijsselstein.nl/pers,Pers | Gemeente IJsselsteinToegankelijkheidToegankelijkheidLoading..,Productieomgeving,true,,Thu Apr 16 2026 17:23:21 GMT+0200 (Midden-Europese zomertijd),057a6465-5f96-4eb2-9c4e-294c310af510
fda11306-5bcb-46a6-9f71-a58ca9ef0b8d,b160cb88-c117-43c1-ac24-66c9da3f77b8,https://www.ijsselstein.nl/melding-straatverlichting-en-verkeerslichten,Melding straatverlichting en verkeerslichten | Gemeente IJsselsteinToegankelijkheidToegankelijkheidLoading..,Productieomgeving,true,,Thu Apr 16 2026 17:23:30 GMT+0200 (Midden-Europese zomertijd),057a6465-5f96-4eb2-9c4e-294c310af510
bb907bd7-e549-4ac3-96f6-bbe6aedccb8a,b160cb88-c117-43c1-ac24-66c9da3f77b8,https://www.ijsselstein.nl/gemeente-aansprakelijk-stellen,Gemeente aansprakelijk stellen | Gemeente IJsselsteinToegankelijkheidToegankelijkheidLoading..,Productieomgeving,true,,Thu Apr 16 2026 17:23:42 GMT+0200 (Midden-Europese zomertijd),057a6465-5f96-4eb2-9c4e-294c310af510
6426ebdf-2562-42a0-ba37-fa07cc908400,b160cb88-c117-43c1-ac24-66c9da3f77b8,https://www.ijsselstein.nl/eiteren-31,Eiteren 31 | Gemeente IJsselsteinToegankelijkheidToegankelijkheidLoading..,Productieomgeving,true,,Thu Apr 16 2026 17:25:16 GMT+0200 (Midden-Europese zomertijd),057a6465-5f96-4eb2-9c4e-294c310af510
6035bb06-0b2b-4e64-8683-1649dfd99a28,b160cb88-c117-43c1-ac24-66c9da3f77b8,https://www.ijsselstein.nl/hitteschild-2-tot-4,Hitteschild 2 tot 4 | Gemeente IJsselsteinToegankelijkheidToegankelijkheidLoading..,Productieomgeving,true,,Thu Apr 16 2026 17:25:21 GMT+0200 (Midden-Europese zomertijd),057a6465-5f96-4eb2-9c4e-294c310af510
97ef8248-4a22-4ba4-a3eb-19c783757d61,b160cb88-c117-43c1-ac24-66c9da3f77b8,https://www.ijsselstein.nl/kromme-ijsselgebied,Kromme IJsselgebied | Gemeente IJsselsteinToegankelijkheidToegankelijkheidLoading..,Productieomgeving,true,,Thu Apr 16 2026 17:25:25 GMT+0200 (Midden-Europese zomertijd),057a6465-5f96-4eb2-9c4e-294c310af510
f27c0030-57b1-452a-82ab-375f569ecaa5,b160cb88-c117-43c1-ac24-66c9da3f77b8,https://www.ijsselstein.nl/lanceerplaats,Lanceerplaats | Gemeente IJsselsteinToegankelijkheidToegankelijkheidLoading..,Productieomgeving,true,,Thu Apr 16 2026 17:25:30 GMT+0200 (Midden-Europese zomertijd),057a6465-5f96-4eb2-9c4e-294c310af510
c0d7dcc6-9b11-4b45-a480-4cba3784a2c3,b160cb88-c117-43c1-ac24-66c9da3f77b8,https://www.ijsselstein.nl/detailhandel-en-horecastructuurvisie,Detailhandel- en horecastructuurvisie | Gemeente IJsselsteinToegankelijkheidToegankelijkheidLoading..,Productieomgeving,true,,Thu Apr 16 2026 17:24:40 GMT+0200 (Midden-Europese zomertijd),057a6465-5f96-4eb2-9c4e-294c310af510
5c7caabf-2759-474d-b953-52d45e590efb,3eb5531b-661d-4f06-a621-68594a23acfe,https://www.heerlen.nl,Home | Gemeente HeerlenToegankelijkheidToegankelijkheidLoading..,Productieomgeving,true,,,
5373ef92-3a4b-470d-8261-b3fd319447cd,3eb5531b-661d-4f06-a621-68594a23acfe,https://digiforms.heerlen.nl,Portal,Productieomgeving,false,,,
38ef14c5-2c21-43ef-923d-4235307a1993,3eb5531b-661d-4f06-a621-68594a23acfe,https://parkeren.heerlen.nl/Account/LogOn?ReturnUrl=%2f,Inloggen - gemeente Heerlen,Productieomgeving,false,,,
c9c91fab-ce7f-435f-b86e-7dcfe14135fb,3eb5531b-661d-4f06-a621-68594a23acfe,https://heerlen.mijnafspraakmaken.nl/,Een afspraak maken | Gemeente Heerlen,Productieomgeving,false,,,
6316af6d-e7fe-4e4e-9cd2-7924e762557d,3eb5531b-661d-4f06-a621-68594a23acfe,https://vacatures.heerlen.nl,Home (werkenbij) - Werken bij gemeente Heerlen,Productieomgeving,false,,,
794377d2-4461-4915-9a33-ec587eea07df,3eb5531b-661d-4f06-a621-68594a23acfe,https://centrum.heerlen.nl,Home | Centrum Heerlen,Productieomgeving,false,,,
17e22a49-effa-46f9-8b65-6452c84b27e8,b160cb88-c117-43c1-ac24-66c9da3f77b8,https://www.ijsselstein.nl/zorg-en-ondersteuning,Zorg en ondersteuning | Gemeente IJsselsteinToegankelijkheidToegankelijkheidLoading..,Productieomgeving,true,,Thu Apr 16 2026 17:22:41 GMT+0200 (Midden-Europese zomertijd),057a6465-5f96-4eb2-9c4e-294c310af510
59753c28-0c13-4334-9557-8d7d7a728be4,b160cb88-c117-43c1-ac24-66c9da3f77b8,https://www.ijsselstein.nl/beleid-en-projecten,Beleid en projecten | Gemeente IJsselsteinToegankelijkheidToegankelijkheidLoading..,Productieomgeving,true,,Thu Apr 16 2026 17:22:54 GMT+0200 (Midden-Europese zomertijd),057a6465-5f96-4eb2-9c4e-294c310af510
1f82149a-6e2e-4980-bffb-d4b4dfb59e85,b160cb88-c117-43c1-ac24-66c9da3f77b8,https://www.ijsselstein.nl/bestuur-en-organisatie,Bestuur en organisatie | Gemeente IJsselsteinToegankelijkheidToegankelijkheidLoading..,Productieomgeving,true,,Thu Apr 16 2026 17:22:58 GMT+0200 (Midden-Europese zomertijd),057a6465-5f96-4eb2-9c4e-294c310af510
e1527a12-4570-4fbf-9807-7f184e48734b,b160cb88-c117-43c1-ac24-66c9da3f77b8,https://www.ijsselstein.nl/financien,Financiën | Gemeente IJsselsteinToegankelijkheidToegankelijkheidLoading..,Productieomgeving,true,,Thu Apr 16 2026 17:23:05 GMT+0200 (Midden-Europese zomertijd),057a6465-5f96-4eb2-9c4e-294c310af510
440555f6-05fd-4ee6-86b3-f99888398a21,b160cb88-c117-43c1-ac24-66c9da3f77b8,https://www.ijsselstein.nl/gevonden-of-verloren,Gevonden of verloren | Gemeente IJsselsteinToegankelijkheidToegankelijkheidLoading..,Productieomgeving,true,,Thu Apr 16 2026 17:23:32 GMT+0200 (Midden-Europese zomertijd),057a6465-5f96-4eb2-9c4e-294c310af510
a4f9e4c2-7cee-4bc1-a5b0-30cf040681f9,b160cb88-c117-43c1-ac24-66c9da3f77b8,https://www.ijsselstein.nl/nadeelcompensatie,Nadeelcompensatie | Gemeente IJsselsteinToegankelijkheidToegankelijkheidLoading..,Productieomgeving,true,,Thu Apr 16 2026 17:23:53 GMT+0200 (Midden-Europese zomertijd),057a6465-5f96-4eb2-9c4e-294c310af510
574cb4ed-adcb-492c-a3fd-7adc2d1dd8f0,b160cb88-c117-43c1-ac24-66c9da3f77b8,https://www.ijsselstein.nl/voorlopige-uitslag-gemeenteraadsverkiezingen,Voorlopige uitslag gemeenteraadsverkiezingen | Gemeente IJsselsteinToegankelijkheidToegankelijkheidLoading..,Productieomgeving,true,,Thu Apr 16 2026 17:24:14 GMT+0200 (Midden-Europese zomertijd),057a6465-5f96-4eb2-9c4e-294c310af510
3373e343-0ebb-41c8-8d68-d805c71bed53,b160cb88-c117-43c1-ac24-66c9da3f77b8,https://www.ijsselstein.nl/aanslag-gemeentelijke-belastingen,Aanslag gemeentelijke belastingen | Gemeente IJsselsteinToegankelijkheidToegankelijkheidLoading..,Productieomgeving,true,,Thu Apr 16 2026 17:24:26 GMT+0200 (Midden-Europese zomertijd),057a6465-5f96-4eb2-9c4e-294c310af510
662bb24f-7bf8-4515-8388-6362bc2a9793,b160cb88-c117-43c1-ac24-66c9da3f77b8,https://www.ijsselstein.nl/kindcentrum-zomerdijk-43,Kindcentrum - Zomerdijk 43 | Gemeente IJsselsteinToegankelijkheidToegankelijkheidLoading..,Productieomgeving,true,,Thu Apr 16 2026 17:24:54 GMT+0200 (Midden-Europese zomertijd),057a6465-5f96-4eb2-9c4e-294c310af510
6cd4c655-aca5-47ce-ae82-f927c69f94a4,b160cb88-c117-43c1-ac24-66c9da3f77b8,https://www.ijsselstein.nl/lintje-voor-raadsleden,Lintje voor raadsleden | Gemeente IJsselsteinToegankelijkheidToegankelijkheidLoading..,Productieomgeving,true,,Thu Apr 16 2026 17:24:09 GMT+0200 (Midden-Europese zomertijd),057a6465-5f96-4eb2-9c4e-294c310af510
6fe45ed3-b408-40ac-9918-5c3526d53561,b160cb88-c117-43c1-ac24-66c9da3f77b8,https://www.ijsselstein.nl/bomen-vervangen-schonauwen,Bomen vervangen Schonauwen | Gemeente IJsselsteinToegankelijkheidToegankelijkheidLoading..,Productieomgeving,true,,Thu Apr 16 2026 17:24:38 GMT+0200 (Midden-Europese zomertijd),057a6465-5f96-4eb2-9c4e-294c310af510
462fdb19-eccd-43ad-b92b-d00519d0123a,b160cb88-c117-43c1-ac24-66c9da3f77b8,https://www.ijsselstein.nl/leefbaarheid-ijsselveld-oost,Leefbaarheid IJsselveld-Oost | Gemeente IJsselsteinToegankelijkheidToegankelijkheidLoading..,Productieomgeving,true,,Thu Apr 16 2026 17:24:56 GMT+0200 (Midden-Europese zomertijd),057a6465-5f96-4eb2-9c4e-294c310af510
8e8969a0-9eeb-4669-bdf7-2dff55ba66d6,b160cb88-c117-43c1-ac24-66c9da3f77b8,https://www.ijsselstein.nl/vervangen-straatverlichting-binnenstad,Vervangen straatverlichting binnenstad | Gemeente IJsselsteinToegankelijkheidToegankelijkheidLoading..,Productieomgeving,true,,Thu Apr 16 2026 17:25:09 GMT+0200 (Midden-Europese zomertijd),057a6465-5f96-4eb2-9c4e-294c310af510
ab796912-ac38-487e-b8fe-33e5054fcae6,b160cb88-c117-43c1-ac24-66c9da3f77b8,https://www.ijsselstein.nl/melding-klacht-of-bezwaar,"Melding, klacht of bezwaar | Gemeente IJsselsteinToegankelijkheidToegankelijkheidLoading..",Productieomgeving,true,,Thu Apr 16 2026 17:21:46 GMT+0200 (Midden-Europese zomertijd),057a6465-5f96-4eb2-9c4e-294c310af510
9ca8936f-c257-454c-baf2-56d054cc1ee3,3f70b18e-a30c-462c-87c1-1787f6756edb,https://www.belcombinatie.nl/,Home | BELcombinatieToegankelijkheid,Productieomgeving,true,,,
8ba16ad1-ad18-44c5-aa67-1da6ae0fef2f,3f70b18e-a30c-462c-87c1-1787f6756edb,https://belcombinatie.mijnafspraakmaken.nl/,Een afspraak maken | BEL Combinatie,Productieomgeving,false,,,
62146312-7c6a-4103-bbda-41d3e3be5c9a,3eb5531b-661d-4f06-a621-68594a23acfe,https://iburgerzaken.heerlen.nl/gaas-web/server/continue/StartVermissingReisdocument#burgerzaken,Vermissing reisdocument,Productieomgeving,false,,,
80efebc2-1080-444f-a90c-15013e5569eb,3eb5531b-661d-4f06-a621-68594a23acfe,https://heerlen.bestuurlijkeinformatie.nl/,Dashboard Heerlen - iBabs Publieksportaal,Productieomgeving,false,,,
201c766c-9350-4c01-a7cb-b24f447bbfc3,4d230920-ea82-4261-bcc0-cb858d8562bc,https://www.werkeninzuidoostbrabant.nl/vacatures,Alle vacatures van Werken in Zuidoost-Brabant,,false,,,
63bae6d8-eb83-4833-b56e-d8bc7a2cdea7,b160cb88-c117-43c1-ac24-66c9da3f77b8,https://www.ijsselstein.nl/nk-tegelwippen-ijsselstein-gaat-weer-de-strijd-aan,NK Tegelwippen: IJsselstein gaat weer de strijd aan | Gemeente IJsselsteinToegankelijkheidToegankelijkheidLoading..,Productieomgeving,true,,Thu Apr 16 2026 17:21:59 GMT+0200 (Midden-Europese zomertijd),057a6465-5f96-4eb2-9c4e-294c310af510
e7a491b4-71a2-4f93-808b-a7cba7238951,b160cb88-c117-43c1-ac24-66c9da3f77b8,https://www.ijsselstein.nl/nieuwsbrief,Nieuwsbrief | Gemeente IJsselsteinToegankelijkheidToegankelijkheidLoading..,Productieomgeving,true,,Thu Apr 16 2026 17:22:17 GMT+0200 (Midden-Europese zomertijd),057a6465-5f96-4eb2-9c4e-294c310af510
3d372b0e-712a-4580-b383-6745c9930739,b160cb88-c117-43c1-ac24-66c9da3f77b8,https://www.ijsselstein.nl/isolatieactie-voor-koopwoningen-weer-van-start,Isolatieactie voor koopwoningen weer van start | Gemeente IJsselsteinToegankelijkheidToegankelijkheidLoading..,Productieomgeving,true,,Thu Apr 16 2026 17:24:07 GMT+0200 (Midden-Europese zomertijd),057a6465-5f96-4eb2-9c4e-294c310af510
b2abbd01-092c-4ddc-be9d-888fdfff1de9,b160cb88-c117-43c1-ac24-66c9da3f77b8,https://www.ijsselstein.nl/rss/content-list?type%5B%5D=news&tags%5B%5D=4&sort_by=published_at&sort_order=DESC,Gemeente IJsselstein (RSS)IJsselstein biedt noodopvang aan vluchtelingenIJsselsteinse JachtNK Tegelwippen: IJsselstein gaat weer de strijd aanIsolatieactie voor koopwoningen weer van startLintje voor raadsledenMinimaregelingen werken en werken loontGroen licht voor herinrichting OvertoomVoorlopige uitslag gemeenteraadsverkiezingenBlog van de burgemeesterWie verdient er een lintjeStart subsidieproces 2027Mogelijke risico's gezondheid UF-schuimVersterking elektriciteitsnetAanslag gemeentelijke belastingenNieuwe ontmoetingsplek voor en door jongerenHulp bij online criminaliteitLeg nu een geveltuin aan!Tijdelijke woonruimte via Onder de PannenGemeente IJsselstein onderzoekt leefbaarheidBrief aan de Koning“Zeg eens hoi” - bijeenkomst over naar elkaar omkijken Kerstbomenactie succesGeen zwaar verkeer over brug DoelenstraatNieuwjaarstoespraak100 dagen burgemeester,Productieomgeving,true,,Thu Apr 16 2026 17:24:35 GMT+0200 (Midden-Europese zomertijd),057a6465-5f96-4eb2-9c4e-294c310af510
36cd259d-de6a-4c78-8fa1-4b1dedd52004,e139aa31-44cb-4d11-8af5-58b8a711f2a9,https://www.belcombinatie.nl/,Home | BELcombinatieToegankelijkheid,Productieomgeving,true,,,
e17a2740-cd04-4a11-aafd-61663cd751c4,0cfcaf8d-bd5d-4614-82ef-13de9c61ca62,https://www.grjw.nl/,Home | GR JWToegankelijkheid,Productieomgeving,true,,,
67174b12-4595-4c4e-bc4e-ce0854386c96,ab62ae84-37ef-4d94-9ed6-58403d0da6ca,https://bunschoten.raadsinformatie.nl/,Gemeente Bunschoten,,false,,,
edfe8593-4113-43ff-8d7d-5eec66a04667,ab62ae84-37ef-4d94-9ed6-58403d0da6ca,https://bookings.cloud.microsoft/book/Afspraakmaken@gembunschoten.onmicrosoft.com/?ismsaljsauthenabled=true,Bookings,,false,,,
02c438a7-6e7c-47cf-a4a6-85d7c42cebae,175959f5-2e6d-4655-bfcf-19f99237cb88,https://bunschoten.raadsinformatie.nl/,Gemeente Bunschoten,,false,,,
360d2655-f356-4d4e-9a0f-e49dad7e7f31,175959f5-2e6d-4655-bfcf-19f99237cb88,https://bookings.cloud.microsoft/book/Afspraakmaken@gembunschoten.onmicrosoft.com/?ismsaljsauthenabled=true,Bookings,,false,,,
dcac1cdd-91be-4edb-8810-87973fabeee3,175959f5-2e6d-4655-bfcf-19f99237cb88,https://www.bunschoten.nl/,Home | Gemeente BunschotenToegankelijkheid,,true,,,
684df15b-c8c0-4bfc-99bb-9bf1a951af4e,175959f5-2e6d-4655-bfcf-19f99237cb88,https://edienstenburgerzaken.bunschoten.nl/MVC/AanvragenReisdocument/Login/,Login aanvragen reisdocument,,false,,,
b8531d33-4d8a-4bff-9325-ce56aba1949b,4d230920-ea82-4261-bcc0-cb858d8562bc,https://valkenswaardoogvooriedereen.nl/,Home | Valkenswaard Oog voor Iedereen,,false,,,
39a7cdc4-40ff-407d-994a-ce86b2c16f5b,defa249d-d4b2-4184-b269-3cbb73556ed0,https://www.werkeninzuidoostbrabant.nl/vacatures,Alle vacatures van Werken in Zuidoost-Brabant,,false,,,
33831842-af66-4361-821d-01039705c854,defa249d-d4b2-4184-b269-3cbb73556ed0,https://valkenswaardoogvooriedereen.nl/,Home | Valkenswaard Oog voor Iedereen,,false,,,
7c3f5afa-9925-4b05-a952-c035d18028c8,defa249d-d4b2-4184-b269-3cbb73556ed0,https://www.valkenswaard.nl/,Home | ValkenswaardToegankelijkheid,,true,,,
c3cb78aa-5cda-4c82-934f-f811aa1c93fc,defa249d-d4b2-4184-b269-3cbb73556ed0,https://valkenswaard.bestuurlijkeinformatie.nl/Calendar/Index/valkenswaard,Vergaderingen valkenswaard - iBabs Publieksportaal,,false,,,
181cf5f7-0f38-4fdc-89e2-db9c20205e3e,defa249d-d4b2-4184-b269-3cbb73556ed0,https://iburgerzaken.valkenswaard.nl/gaas-web/server/continue/StartHuwelijk#burgerzaken,Melding huwelijk of geregistreerd partnerschap,,false,,,
013e4269-893d-4126-b23b-3b64c49d071c,defa249d-d4b2-4184-b269-3cbb73556ed0,https://valkenswaard.mijnafspraakmaken.nl/?product=94,Een afspraak maken | Gemeente Valkenswaard,,false,,,
0fe1e2cc-c4d0-48c0-b627-63d6b5690d1c,defa249d-d4b2-4184-b269-3cbb73556ed0,https://www.valkenswaard.nl/ecw-evi-nissen-van-de-ven,E.C.W. (Evi) Nissen-van de Ven | ValkenswaardToegankelijkheid,,false,,,
eae82383-e471-4c19-8b14-93e9e6538926,187ee560-4a80-40ad-bc89-8a1f3f69c80e,https://www.heerlen.nl,Home | Gemeente HeerlenToegankelijkheidToegankelijkheidLoading..,Productieomgeving,true,,,
4f1c8b91-6e1d-454b-aff5-25140ab4eae1,187ee560-4a80-40ad-bc89-8a1f3f69c80e,https://digiforms.heerlen.nl,Portal,Productieomgeving,false,,,
ece4d1c2-45db-422f-b01f-b23258ea6793,187ee560-4a80-40ad-bc89-8a1f3f69c80e,https://parkeren.heerlen.nl/Account/LogOn?ReturnUrl=%2f,Inloggen - gemeente Heerlen,Productieomgeving,false,,,
1c6cd6d7-efdc-44b3-b17f-d29649868fc0,187ee560-4a80-40ad-bc89-8a1f3f69c80e,https://heerlen.mijnafspraakmaken.nl/,Een afspraak maken | Gemeente Heerlen,Productieomgeving,false,,,
e18ea91d-6bbd-4435-82b2-dd8ece0a462e,187ee560-4a80-40ad-bc89-8a1f3f69c80e,https://vacatures.heerlen.nl,Home (werkenbij) - Werken bij gemeente Heerlen,Productieomgeving,false,,,
394b6f37-f1d2-4f81-968c-4e2fba65c2ae,187ee560-4a80-40ad-bc89-8a1f3f69c80e,https://centrum.heerlen.nl,Home | Centrum Heerlen,Productieomgeving,false,,,
021d0892-76af-4101-acca-e9ebb9366da4,187ee560-4a80-40ad-bc89-8a1f3f69c80e,https://iburgerzaken.heerlen.nl/gaas-web/server/continue/StartVermissingReisdocument#burgerzaken,Vermissing reisdocument,Productieomgeving,false,,,
c06f5302-46cf-4c19-8bb1-70bc83ff6b96,ab62ae84-37ef-4d94-9ed6-58403d0da6ca,https://www.bunschoten.nl/,Home | Gemeente BunschotenToegankelijkheid,,true,,,
301d52f9-77c5-4a6d-8fae-40c315346162,4d230920-ea82-4261-bcc0-cb858d8562bc,https://www.valkenswaard.nl/,Home | ValkenswaardToegankelijkheid,,true,,,
bc15c46e-6a73-47c2-8f03-1f462798204d,4d230920-ea82-4261-bcc0-cb858d8562bc,https://valkenswaard.bestuurlijkeinformatie.nl/Calendar/Index/valkenswaard,Vergaderingen valkenswaard - iBabs Publieksportaal,,false,,,
822e8820-bf47-4244-8f50-b1918e056a0f,4d230920-ea82-4261-bcc0-cb858d8562bc,https://iburgerzaken.valkenswaard.nl/gaas-web/server/continue/StartHuwelijk#burgerzaken,Melding huwelijk of geregistreerd partnerschap,,false,,,
f752b15e-a79a-4908-9524-eeb8d45fec87,4d230920-ea82-4261-bcc0-cb858d8562bc,https://valkenswaard.mijnafspraakmaken.nl/?product=94,Een afspraak maken | Gemeente Valkenswaard,,false,,,
5b7318dc-3bda-44aa-9ac3-aabddcbdb775,4d230920-ea82-4261-bcc0-cb858d8562bc,https://www.valkenswaard.nl/ecw-evi-nissen-van-de-ven,E.C.W. (Evi) Nissen-van de Ven | ValkenswaardToegankelijkheid,,false,,,
607ab524-263e-4d38-b7e8-974fb64f98d7,defa249d-d4b2-4184-b269-3cbb73556ed0,https://www.beaude.nl/subscription/subscribe_tag/4c59f1b53fb04531e19007311b6c0314,beaude,,false,,,
a6d7e79a-c896-46ca-8474-7dda5b1df5c2,0df762bc-d4cf-4000-bcd1-a8b9d8c3a55a,https://belcombinatie.mijnafspraakmaken.nl/,Een afspraak maken | BEL Combinatie,Productieomgeving,false,,,
97c419bd-d973-4590-b565-8f6c372fc972,0df762bc-d4cf-4000-bcd1-a8b9d8c3a55a,https://blaricum.notubiz.nl/,Gemeente Blaricum,Productieomgeving,false,,,
b6d0bfbc-e2d4-4210-a41f-635fc5b2a6ec,e139aa31-44cb-4d11-8af5-58b8a711f2a9,https://belcombinatie.mijnafspraakmaken.nl/,Een afspraak maken | BEL Combinatie,Productieomgeving,false,,,
dc156649-a4ae-40cd-af1f-ec4fc9e0a7b0,187ee560-4a80-40ad-bc89-8a1f3f69c80e,https://heerlen.bestuurlijkeinformatie.nl/,Dashboard Heerlen - iBabs Publieksportaal,Productieomgeving,false,,,
61467df7-0afc-480e-be9a-d35418ab73e4,ab62ae84-37ef-4d94-9ed6-58403d0da6ca,https://edienstenburgerzaken.bunschoten.nl/MVC/AanvragenReisdocument/Login/,Login aanvragen reisdocument,,false,,,
69106852-9aae-4da0-9f1d-9519d31904e1,4d230920-ea82-4261-bcc0-cb858d8562bc,https://www.beaude.nl/subscription/subscribe_tag/4c59f1b53fb04531e19007311b6c0314,beaude,,false,,,