id,scopeUrlId,testId,testName,found,count,details,createdAt
6609f0e3-f5a9-4064-a108-41a661d6c858,1fb71295-0229-4e0a-ac54-85358637943d,48,LangAttributeMissingTest,false,0,"{""langValue"":""nl"",""wcagLevel"":""A"",""critical"":true}",Sun Feb 01 2026 21:01:27 GMT+0100 (Midden-Europese standaardtijd)
80122b43-51b1-44ee-9637-a98d90a482d2,1fb71295-0229-4e0a-ac54-85358637943d,50,TitleMissingTest,false,0,"{""wcagLevel"":""A"",""critical"":true}",Sun Feb 01 2026 21:01:27 GMT+0100 (Midden-Europese standaardtijd)
a5471151-35fc-42ed-ab33-cfa3f09b14a0,1fb71295-0229-4e0a-ac54-85358637943d,51,TitleEmptyTest,false,0,"{""titleText"":""Home | DigiD"",""wcagLevel"":""A"",""critical"":true}",Sun Feb 01 2026 21:01:27 GMT+0100 (Midden-Europese standaardtijd)
163d8373-897b-4ff1-b492-f00795c05c2f,1fb71295-0229-4e0a-ac54-85358637943d,64,ImgMissingAltTest,false,0,"{""images"":[],""totalCount"":0,""wcagLevel"":""A"",""critical"":true}",Sun Feb 01 2026 21:01:27 GMT+0100 (Midden-Europese standaardtijd)
5c4815b8-136b-49f1-a05b-27e3d4b1621e,1fb71295-0229-4e0a-ac54-85358637943d,30,FormMissingLabelsTest,false,0,"{""forms"":[],""wcagLevel"":""A"",""critical"":true}",Sun Feb 01 2026 21:01:27 GMT+0100 (Midden-Europese standaardtijd)
4fff6bfc-9e28-4682-9f46-1430a2f990a6,1fb71295-0229-4e0a-ac54-85358637943d,57,HeadingsAtLeastOneH1Test,false,0,"{""h1Count"":2,""h1Texts"":[""Laat zien wie je bent"",""""],""wcagLevel"":""A"",""critical"":true}",Sun Feb 01 2026 21:01:27 GMT+0100 (Midden-Europese standaardtijd)
3aa5a74b-4735-4715-a351-8152911e06d4,1fb71295-0229-4e0a-ac54-85358637943d,7,IframeMissingAccessibleNameTest,false,0,"{""iframes"":[],""totalCount"":0,""wcagLevel"":""A"",""critical"":true}",Sun Feb 01 2026 21:01:27 GMT+0100 (Midden-Europese standaardtijd)
19fd9702-12fc-4034-a359-b59056f34835,1fb71295-0229-4e0a-ac54-85358637943d,25,TableTest,false,0,"{""tables"":[],""totalCount"":0,""informational"":true}",Sun Feb 01 2026 21:01:27 GMT+0100 (Midden-Europese standaardtijd)
dbfb8631-6313-491e-8ff0-ba9a93c20f51,1fb71295-0229-4e0a-ac54-85358637943d,29,FormTest,true,2,"{""forms"":[{""index"":1,""action"":""#"",""method"":""GET"",""inputCount"":1},{""index"":2,""action"":""#"",""method"":""GET"",""inputCount"":1}],""totalCount"":2,""informational"":true}",Sun Feb 01 2026 21:01:27 GMT+0100 (Midden-Europese standaardtijd)
40ba9117-b789-45c4-b2c3-0ea204238b62,1fb71295-0229-4e0a-ac54-85358637943d,63,ImgTest,true,19,"{""totalImages"":19,""withAlt"":19,""withoutAlt"":0,""withEmptyAlt"":16,""informational"":true}",Sun Feb 01 2026 21:01:27 GMT+0100 (Midden-Europese standaardtijd)
f24236bc-ee4c-412c-b4ca-e3fbcfc018a6,1fb71295-0229-4e0a-ac54-85358637943d,1,IframeIsVimeoVideoWithKeysDisabledTest,false,0,"{""iframes"":[],""totalCount"":0}",Sun Feb 01 2026 21:01:27 GMT+0100 (Midden-Europese standaardtijd)
61362d58-6b47-47d5-8921-bd2421381d7d,1fb71295-0229-4e0a-ac54-85358637943d,2,ImgAltTooLongTest,false,0,"{""images"":[],""totalCount"":0}",Sun Feb 01 2026 21:01:27 GMT+0100 (Midden-Europese standaardtijd)
1ef5d1b7-2380-4f4e-8242-f269fb7c6a59,1fb71295-0229-4e0a-ac54-85358637943d,3,ViewportMetaRestrictsScalingTest,false,0,"{""content"":""width=device-width, initial-scale=1"",""restrictsScaling"":false}",Sun Feb 01 2026 21:01:27 GMT+0100 (Midden-Europese standaardtijd)
c2a30597-eac4-4fc5-a290-03cc2c6f2a8b,1fb71295-0229-4e0a-ac54-85358637943d,4,ImageLinkMissingAccessibleNameTest,true,1,"{""links"":[{""href"":""/nl"",""imageCount"":1}],""totalCount"":1}",Sun Feb 01 2026 21:01:27 GMT+0100 (Midden-Europese standaardtijd)
a2ef7791-d6b0-4776-a8da-34c692d973f4,1fb71295-0229-4e0a-ac54-85358637943d,5,PageContainsLinkReadMoreTest,false,0,"{""links"":[],""totalCount"":0}",Sun Feb 01 2026 21:01:27 GMT+0100 (Midden-Europese standaardtijd)
1a619e33-061a-46cf-9fa4-bf82cf39ff34,1fb71295-0229-4e0a-ac54-85358637943d,6,PageContainsMultipleSameLinksTest,true,15,"{""duplicateLinks"":[{""text"":""Mijn DigiD"",""occurrences"":2},{""text"":""Ik krijg een foutmelding in de DigiD app"",""occurrences"":3},{""text"":""Hoe activeer ik de DigiD app?"",""occurrences"":3},{""text"":""Hoe log ik in met de DigiD app?"",""occurrences"":2},{""text"":""Waarom lukt het activeren van mijn rijbewijs/ID-kaart niet?"",""occurrences"":3},{""text"":""Code invullen"",""occurrences"":2}],""totalCount"":15}",Sun Feb 01 2026 21:01:27 GMT+0100 (Midden-Europese standaardtijd)
2e987222-954b-46bb-86c2-fa42ed4ff340,1fb71295-0229-4e0a-ac54-85358637943d,8,IframeIsYouTubeVideoWithKeysEnabledTest,false,0,"{""iframes"":[],""totalCount"":0}",Sun Feb 01 2026 21:01:27 GMT+0100 (Midden-Europese standaardtijd)
8d0cda87-4df6-483d-911d-3abe965e4d44,1fb71295-0229-4e0a-ac54-85358637943d,9,TableWithHeadingsTest,false,0,"{""tables"":[],""totalCount"":0}",Sun Feb 01 2026 21:01:27 GMT+0100 (Midden-Europese standaardtijd)
eb522400-e1d2-419a-8566-ca71a56460b0,1fb71295-0229-4e0a-ac54-85358637943d,11,IframeIsGoogleMapTest,false,0,"{""iframes"":[],""totalCount"":0}",Sun Feb 01 2026 21:01:27 GMT+0100 (Midden-Europese standaardtijd)
d75347e6-6396-4a51-8e70-1a097ec0727f,1fb71295-0229-4e0a-ac54-85358637943d,12,IframeIsScribitVideoTest,false,0,"{""iframes"":[],""totalCount"":0}",Sun Feb 01 2026 21:01:27 GMT+0100 (Midden-Europese standaardtijd)
6f5fcca5-ba63-44ac-8d7d-9716c07433d8,1fb71295-0229-4e0a-ac54-85358637943d,13,IframeIsVimeoVideoWithKeysEnabledTest,false,0,"{""iframes"":[],""totalCount"":0}",Sun Feb 01 2026 21:01:27 GMT+0100 (Midden-Europese standaardtijd)
523ea9a2-b488-4f35-9379-6a71012bf3cb,1fb71295-0229-4e0a-ac54-85358637943d,14,IframeIsVimeoVideoTest,false,0,"{""iframes"":[],""totalCount"":0}",Sun Feb 01 2026 21:01:27 GMT+0100 (Midden-Europese standaardtijd)
54580a6f-9e36-405e-bfe0-266a8818d62e,1fb71295-0229-4e0a-ac54-85358637943d,15,IframeTest,false,0,"{""iframes"":[],""totalCount"":0,""informational"":true}",Sun Feb 01 2026 21:01:27 GMT+0100 (Midden-Europese standaardtijd)
17728ba1-d564-419c-bc19-2d008db4ba03,1fb71295-0229-4e0a-ac54-85358637943d,16,AudioHasAutoplayTest,false,0,"{""audios"":[],""totalCount"":0}",Sun Feb 01 2026 21:01:27 GMT+0100 (Midden-Europese standaardtijd)
04e10da5-37fb-473d-bba4-faced5104c08,1fb71295-0229-4e0a-ac54-85358637943d,17,AudioControlsTest,false,0,"{""audios"":[],""totalCount"":0,""informational"":true}",Sun Feb 01 2026 21:01:27 GMT+0100 (Midden-Europese standaardtijd)
5c121746-8a31-435b-933c-61374d4b94ea,1fb71295-0229-4e0a-ac54-85358637943d,18,AudioTest,false,0,"{""audios"":[],""totalCount"":0,""informational"":true}",Sun Feb 01 2026 21:01:27 GMT+0100 (Midden-Europese standaardtijd)
001200b3-9ce5-4b53-85e7-9f57bbb670c3,1fb71295-0229-4e0a-ac54-85358637943d,19,VideoHasAutoplayTest,false,0,"{""videos"":[],""totalCount"":0}",Sun Feb 01 2026 21:01:27 GMT+0100 (Midden-Europese standaardtijd)
6ea86d36-3a64-4dab-87ea-42f90e7e9f5f,1fb71295-0229-4e0a-ac54-85358637943d,20,VideoMissingTitleAriaTest,false,0,"{""videos"":[],""totalCount"":0}",Sun Feb 01 2026 21:01:27 GMT+0100 (Midden-Europese standaardtijd)
f28f20aa-dd03-46c0-880d-9a7810ba6b7a,1fb71295-0229-4e0a-ac54-85358637943d,21,VideoControlsTest,false,0,"{""videos"":[],""totalCount"":0,""informational"":true}",Sun Feb 01 2026 21:01:27 GMT+0100 (Midden-Europese standaardtijd)
219e093d-88d2-41a7-8d6f-253746be6f9d,1fb71295-0229-4e0a-ac54-85358637943d,22,VideoTest,false,0,"{""videos"":[],""totalCount"":0,""informational"":true}",Sun Feb 01 2026 21:01:27 GMT+0100 (Midden-Europese standaardtijd)
546c49a6-7d69-4965-9d77-f38915042e8e,1fb71295-0229-4e0a-ac54-85358637943d,23,LinkWithoutTextTest,false,0,"{""links"":[],""totalCount"":0,""wcagLevel"":""A"",""critical"":true}",Sun Feb 01 2026 21:01:27 GMT+0100 (Midden-Europese standaardtijd)
0013fb4a-d5ea-4817-a9e1-7b4f5e8d6fb1,1fb71295-0229-4e0a-ac54-85358637943d,24,EmptyLinkTest,false,0,"{""links"":[],""totalCount"":0,""wcagLevel"":""A"",""critical"":true}",Sun Feb 01 2026 21:01:27 GMT+0100 (Midden-Europese standaardtijd)
1cf47e35-f44e-4765-b36e-f3b7b2b675c5,1fb71295-0229-4e0a-ac54-85358637943d,26,TableWithoutHeadersTest,false,0,"{""tables"":[],""totalCount"":0,""wcagLevel"":""A"",""critical"":true}",Sun Feb 01 2026 21:01:27 GMT+0100 (Midden-Europese standaardtijd)
68f431a5-35a3-4bf7-92c5-cedd9c4ae043,1fb71295-0229-4e0a-ac54-85358637943d,27,ListTest,true,10,"{""lists"":[{""type"":""ul"",""itemCount"":0,""index"":1},{""type"":""ul"",""itemCount"":1,""index"":2},{""type"":""ul"",""itemCount"":2,""index"":3},{""type"":""ul"",""itemCount"":5,""index"":4},{""type"":""ul"",""itemCount"":2,""index"":5},{""type"":""ul"",""itemCount"":4,""index"":6},{""type"":""ul"",""itemCount"":4,""index"":7},{""type"":""ul"",""itemCount"":3,""index"":8},{""type"":""ul"",""itemCount"":2,""index"":9},{""type"":""ul"",""itemCount"":6,""index"":10}],""totalCount"":10,""informational"":true}",Sun Feb 01 2026 21:01:27 GMT+0100 (Midden-Europese standaardtijd)
312f5a6a-408f-4ec2-b65c-4a839db2f6a8,1fb71295-0229-4e0a-ac54-85358637943d,28,DefinitionListTest,false,0,"{""lists"":[],""totalCount"":0,""informational"":true}",Sun Feb 01 2026 21:01:27 GMT+0100 (Midden-Europese standaardtijd)
46db6236-3a89-4c56-9bc3-9ea4edc299bd,1fb71295-0229-4e0a-ac54-85358637943d,31,FormMissingFieldsetTest,false,0,"{""forms"":[],""totalCount"":0,""wcagLevel"":""A""}",Sun Feb 01 2026 21:01:27 GMT+0100 (Midden-Europese standaardtijd)
2703f420-6306-4af6-a897-62772c8ef989,1fb71295-0229-4e0a-ac54-85358637943d,32,InputMissingLabelTest,false,0,"{""inputs"":[],""totalCount"":0,""wcagLevel"":""A"",""critical"":true}",Sun Feb 01 2026 21:01:27 GMT+0100 (Midden-Europese standaardtijd)
2a01e322-3843-4970-8a28-e60b93a79afa,1fb71295-0229-4e0a-ac54-85358637943d,33,ButtonEmptyTest,false,0,"{""buttons"":[],""totalCount"":0,""wcagLevel"":""A"",""critical"":true}",Sun Feb 01 2026 21:01:27 GMT+0100 (Midden-Europese standaardtijd)
eed2c8e0-9c43-452f-8545-46cbbcb2a493,1fb71295-0229-4e0a-ac54-85358637943d,34,HeadingEmptyTest,true,1,"{""headings"":[{""level"":""h1"",""html"":""""}],""totalCount"":1,""wcagLevel"":""A"",""critical"":true}",Sun Feb 01 2026 21:01:27 GMT+0100 (Midden-Europese standaardtijd)
bbb2c4b5-e60e-4516-b5bb-03d4a1b24acf,1fb71295-0229-4e0a-ac54-85358637943d,35,HeadingSkipLevelTest,false,0,"{""violations"":[],""totalCount"":0,""wcagLevel"":""AA""}",Sun Feb 01 2026 21:01:27 GMT+0100 (Midden-Europese standaardtijd)
0b427e01-cde3-4982-8bab-a580ad38482d,1fb71295-0229-4e0a-ac54-85358637943d,36,SkipLinkTest,false,0,"{""skipLinks"":[],""informational"":true}",Sun Feb 01 2026 21:01:27 GMT+0100 (Midden-Europese standaardtijd)
8b0ef093-f446-4e74-881b-c394904e6202,1fb71295-0229-4e0a-ac54-85358637943d,37,AriaLandmarksTest,true,14,"{""landmarks"":[{""type"":""aria-role"",""role"":""navigation"",""tag"":""nav""},{""type"":""aria-role"",""role"":""navigation"",""tag"":""nav""},{""type"":""aria-role"",""role"":""navigation"",""tag"":""nav""},{""type"":""aria-role"",""role"":""navigation"",""tag"":""nav""},{""type"":""semantic"",""tag"":""header""},{""type"":""semantic"",""tag"":""nav""},{""type"":""semantic"",""tag"":""nav""},{""type"":""semantic"",""tag"":""nav""},{""type"":""semantic"",""tag"":""nav""},{""type"":""semantic"",""tag"":""main""}],""totalCount"":14,""informational"":true}",Sun Feb 01 2026 21:01:27 GMT+0100 (Midden-Europese standaardtijd)
fb440a89-2065-47d3-9dc4-a3154f7bc877,1fb71295-0229-4e0a-ac54-85358637943d,38,Element has tabindex,false,0,"{""description"":""Page has elements with tabindex"",""informational"":true}",Sun Feb 01 2026 21:01:27 GMT+0100 (Midden-Europese standaardtijd)
b0b26af8-987b-49ce-902a-3df85a10ee4c,1fb71295-0229-4e0a-ac54-85358637943d,39,Page has list,true,10,"{""description"":""Page has lists"",""informational"":true}",Sun Feb 01 2026 21:01:27 GMT+0100 (Midden-Europese standaardtijd)
1206d2f6-a94f-40a8-b28c-5afc88a70f95,1fb71295-0229-4e0a-ac54-85358637943d,40,Page has elements with aria-label,true,2,"{""description"":""Elements with ARIA labels"",""informational"":true}",Sun Feb 01 2026 21:01:27 GMT+0100 (Midden-Europese standaardtijd)
4848c5df-799e-49b1-b595-e703ed2a95ed,1fb71295-0229-4e0a-ac54-85358637943d,41,Page has elements with aria-expanded,true,1,"{""description"":""Expandable elements"",""informational"":true}",Sun Feb 01 2026 21:01:27 GMT+0100 (Midden-Europese standaardtijd)
62dccd26-a52b-4ae5-aef4-84e5cbbeb9d7,1fb71295-0229-4e0a-ac54-85358637943d,42,Page has pictures,false,0,"{""description"":""Page contains picture elements"",""informational"":true}",Sun Feb 01 2026 21:01:27 GMT+0100 (Midden-Europese standaardtijd)
75902176-653d-4b45-9ad8-61bd443c73d9,1fb71295-0229-4e0a-ac54-85358637943d,43,Page has images,true,19,"{""description"":""Page contains images"",""informational"":true}",Sun Feb 01 2026 21:01:27 GMT+0100 (Midden-Europese standaardtijd)
664f2510-c7e0-4828-8a8a-e70f64d8a0e9,1fb71295-0229-4e0a-ac54-85358637943d,44,Page has decorative images or text alternative is missing,true,16,"{""description"":""Decorative or missing alt"",""informational"":true}",Sun Feb 01 2026 21:01:27 GMT+0100 (Midden-Europese standaardtijd)
498387ea-215d-46bb-ac8b-487b4d4628f1,1fb71295-0229-4e0a-ac54-85358637943d,45,Page has elements with aria-describedby,false,0,"{""description"":""Elements with descriptions"",""informational"":true}",Sun Feb 01 2026 21:01:27 GMT+0100 (Midden-Europese standaardtijd)
013c986a-8477-4d61-b9cd-219bee72fbdd,1fb71295-0229-4e0a-ac54-85358637943d,46,Page has a button with aria-label,false,0,"{""description"":""Buttons with ARIA labels"",""informational"":true}",Sun Feb 01 2026 21:01:27 GMT+0100 (Midden-Europese standaardtijd)
14728b8a-170a-47ee-9480-2b7bbe70788d,1fb71295-0229-4e0a-ac54-85358637943d,47,Form with required input fields is validated by browser,false,0,"{""description"":""Browser-validated forms"",""informational"":true}",Sun Feb 01 2026 21:01:27 GMT+0100 (Midden-Europese standaardtijd)
0c3e8917-3456-4f5f-9ce5-d4ab11c80a80,1fb71295-0229-4e0a-ac54-85358637943d,49,Page has elements with aria-labelledby,true,2,"{""description"":""Elements with labelledby"",""informational"":true}",Sun Feb 01 2026 21:01:27 GMT+0100 (Midden-Europese standaardtijd)
3929e8a5-5937-45a9-b582-9984c104eecd,1fb71295-0229-4e0a-ac54-85358637943d,52,Page has SVG-images,true,20,"{""description"":""Page contains SVG"",""informational"":true}",Sun Feb 01 2026 21:01:27 GMT+0100 (Midden-Europese standaardtijd)
04fc3463-cbfd-4e12-9eab-21b50c8753b9,1fb71295-0229-4e0a-ac54-85358637943d,53,Page has elements with role=menu,false,0,"{""description"":""Menu elements"",""informational"":true}",Sun Feb 01 2026 21:01:27 GMT+0100 (Midden-Europese standaardtijd)
1e0682da-6c24-4508-94ec-f932ab61f1a7,1fb71295-0229-4e0a-ac54-85358637943d,54,Page has fieldset without legend,false,0,"{""description"":""Fieldsets missing legends"",""informational"":true}",Sun Feb 01 2026 21:01:27 GMT+0100 (Midden-Europese standaardtijd)
af3eac0d-3133-4faf-9659-983a4b53b1ba,1fb71295-0229-4e0a-ac54-85358637943d,55,Page has dialog or modal window,false,0,"{""description"":""Dialog elements"",""informational"":true}",Sun Feb 01 2026 21:01:27 GMT+0100 (Midden-Europese standaardtijd)
318e3cc6-4b3c-4c8b-877b-88dbdb7346e5,1fb71295-0229-4e0a-ac54-85358637943d,56,Page has interactive image,false,0,"{""description"":""Interactive images"",""informational"":true}",Sun Feb 01 2026 21:01:27 GMT+0100 (Midden-Europese standaardtijd)
2f843b4f-9ce8-4e39-a699-bcc1221441fe,1fb71295-0229-4e0a-ac54-85358637943d,10,Page has aria-hidden element,true,7,"{""description"":""Hidden elements"",""informational"":true}",Sun Feb 01 2026 21:01:27 GMT+0100 (Midden-Europese standaardtijd)
f78fcc98-e591-4dcb-9e0f-2564f293b29d,1fb71295-0229-4e0a-ac54-85358637943d,58,Page has input fields with autocomplete,false,0,"{""description"":""Autocomplete fields"",""informational"":true}",Sun Feb 01 2026 21:01:27 GMT+0100 (Midden-Europese standaardtijd)
dfc8b22b-b002-4d6d-b8ac-586d9b731f4b,1fb71295-0229-4e0a-ac54-85358637943d,59,Page has aria-invalid element,false,0,"{""description"":""Invalid elements"",""informational"":true}",Sun Feb 01 2026 21:01:27 GMT+0100 (Midden-Europese standaardtijd)
2c5449ba-a675-4c08-ab09-ea4e161cc0b5,1fb71295-0229-4e0a-ac54-85358637943d,60,Page has aria-required element,false,0,"{""description"":""Required elements"",""informational"":true}",Sun Feb 01 2026 21:01:27 GMT+0100 (Midden-Europese standaardtijd)
8b1c32a1-4f7f-4365-b968-e5824619a009,1fb71295-0229-4e0a-ac54-85358637943d,61,Page has accesskey,false,0,"{""description"":""Accesskey attributes"",""informational"":true}",Sun Feb 01 2026 21:01:27 GMT+0100 (Midden-Europese standaardtijd)
304f49ca-83c8-4bff-8046-453087969e7e,1fb71295-0229-4e0a-ac54-85358637943d,62,Page has aria-live element,false,0,"{""description"":""Live regions"",""informational"":true}",Sun Feb 01 2026 21:01:27 GMT+0100 (Midden-Europese standaardtijd)
72dcb39e-9b59-4c29-b54e-2098b9f8d673,1fb71295-0229-4e0a-ac54-85358637943d,65,Page has strong or bold,false,0,"{""description"":""Bold text"",""informational"":true}",Sun Feb 01 2026 21:01:27 GMT+0100 (Midden-Europese standaardtijd)
39454de8-a8fa-41c8-9c50-50ac971f739a,1fb71295-0229-4e0a-ac54-85358637943d,66,Page has em or italic,false,0,"{""description"":""Italic text"",""informational"":true}",Sun Feb 01 2026 21:01:27 GMT+0100 (Midden-Europese standaardtijd)
0cb16433-9cd6-4c64-9696-017021218dcd,1fb71295-0229-4e0a-ac54-85358637943d,67,Page has preformatted text,false,0,"{""description"":""Preformatted content"",""informational"":true}",Sun Feb 01 2026 21:01:27 GMT+0100 (Midden-Europese standaardtijd)
946414dd-56ab-4454-acc5-456a134165d2,1fb71295-0229-4e0a-ac54-85358637943d,68,Page has code block,false,0,"{""description"":""Code blocks"",""informational"":true}",Sun Feb 01 2026 21:01:27 GMT+0100 (Midden-Europese standaardtijd)
ecdc176d-818b-4b99-93c7-d15455309236,1fb71295-0229-4e0a-ac54-85358637943d,69,Page has blockquote,false,0,"{""description"":""Quote blocks"",""informational"":true}",Sun Feb 01 2026 21:01:27 GMT+0100 (Midden-Europese standaardtijd)
0cecff05-363c-42cb-aa28-4dee93224d35,1fb71295-0229-4e0a-ac54-85358637943d,70,Page has abbreviation,false,0,"{""description"":""Abbreviations"",""informational"":true}",Sun Feb 01 2026 21:01:27 GMT+0100 (Midden-Europese standaardtijd)
7a42c975-648f-413d-b0dd-fd89971e82ae,1fb71295-0229-4e0a-ac54-85358637943d,71,Page has citation,false,0,"{""description"":""Citations"",""informational"":true}",Sun Feb 01 2026 21:01:27 GMT+0100 (Midden-Europese standaardtijd)
18f646cd-802b-4698-94ce-d1316bf63a51,1fb71295-0229-4e0a-ac54-85358637943d,72,Page has marked text,false,0,"{""description"":""Highlighted text"",""informational"":true}",Sun Feb 01 2026 21:01:27 GMT+0100 (Midden-Europese standaardtijd)
9e482207-f273-4844-9d32-edd1d376af7e,1fb71295-0229-4e0a-ac54-85358637943d,73,Page has subscript,false,0,"{""description"":""Subscript text"",""informational"":true}",Sun Feb 01 2026 21:01:27 GMT+0100 (Midden-Europese standaardtijd)
b024651f-c628-45bd-aea7-56802ba1f808,1fb71295-0229-4e0a-ac54-85358637943d,74,Page has superscript,false,0,"{""description"":""Superscript text"",""informational"":true}",Sun Feb 01 2026 21:01:27 GMT+0100 (Midden-Europese standaardtijd)
e8f1d462-5950-4194-be77-88d8e9b91151,1fb71295-0229-4e0a-ac54-85358637943d,75,Page has time,false,0,"{""description"":""Time elements"",""informational"":true}",Sun Feb 01 2026 21:01:27 GMT+0100 (Midden-Europese standaardtijd)
f4a61a94-dd19-4fb1-b460-d4c3fc3106ac,1fb71295-0229-4e0a-ac54-85358637943d,76,Page has data,false,0,"{""description"":""Data elements"",""informational"":true}",Sun Feb 01 2026 21:01:27 GMT+0100 (Midden-Europese standaardtijd)
b9c6eba6-78e5-47f7-aabf-fd9ecb0d0bcc,1fb71295-0229-4e0a-ac54-85358637943d,77,Page has details,false,0,"{""description"":""Details elements"",""informational"":true}",Sun Feb 01 2026 21:01:27 GMT+0100 (Midden-Europese standaardtijd)
25061b38-e918-4ef3-9cc4-23c58c840296,1fb71295-0229-4e0a-ac54-85358637943d,78,Page has summary,false,0,"{""description"":""Summary elements"",""informational"":true}",Sun Feb 01 2026 21:01:27 GMT+0100 (Midden-Europese standaardtijd)
9f476e40-216c-4d1c-bcbb-7a5390d5e853,1fb71295-0229-4e0a-ac54-85358637943d,79,Page has article,false,0,"{""description"":""Article elements"",""informational"":true}",Sun Feb 01 2026 21:01:27 GMT+0100 (Midden-Europese standaardtijd)
700d2f6c-d340-49c1-9f1d-0cb5ce0a2fa7,1fb71295-0229-4e0a-ac54-85358637943d,80,Page has section,true,3,"{""description"":""Section elements"",""informational"":true}",Sun Feb 01 2026 21:01:27 GMT+0100 (Midden-Europese standaardtijd)
ef762a75-1bcb-44fb-9840-ec51b0aa53fa,1fb71295-0229-4e0a-ac54-85358637943d,81,Page has nav,true,6,"{""description"":""Navigation elements"",""informational"":true}",Sun Feb 01 2026 21:01:27 GMT+0100 (Midden-Europese standaardtijd)
07b1d207-7b31-42e9-b1ea-a00507ddd14c,1fb71295-0229-4e0a-ac54-85358637943d,82,Page has aside,false,0,"{""description"":""Aside elements"",""informational"":true}",Sun Feb 01 2026 21:01:27 GMT+0100 (Midden-Europese standaardtijd)
b333dd4d-52ec-49f4-80a3-da4e4f82e846,1fb71295-0229-4e0a-ac54-85358637943d,83,Page has header,true,2,"{""description"":""Header elements"",""informational"":true}",Sun Feb 01 2026 21:01:27 GMT+0100 (Midden-Europese standaardtijd)
e56e37e4-9c56-4375-a484-57b1cf53aed9,1fb71295-0229-4e0a-ac54-85358637943d,84,Page has footer,true,1,"{""description"":""Footer elements"",""informational"":true}",Sun Feb 01 2026 21:01:27 GMT+0100 (Midden-Europese standaardtijd)
994e4cc5-a551-4312-bd04-5078cf659c9b,1fb71295-0229-4e0a-ac54-85358637943d,85,Page has main,true,1,"{""description"":""Main content"",""informational"":true}",Sun Feb 01 2026 21:01:27 GMT+0100 (Midden-Europese standaardtijd)
88f8f623-01ad-447d-b048-08b486449b8c,1fb71295-0229-4e0a-ac54-85358637943d,86,Page has figure,false,0,"{""description"":""Figure elements"",""informational"":true}",Sun Feb 01 2026 21:01:27 GMT+0100 (Midden-Europese standaardtijd)
538e3397-2067-4e62-8225-663eeb7be877,1fb71295-0229-4e0a-ac54-85358637943d,87,Page has figcaption,false,0,"{""description"":""Figure captions"",""informational"":true}",Sun Feb 01 2026 21:01:27 GMT+0100 (Midden-Europese standaardtijd)
49c590cd-0b7d-4401-bf97-d44421965045,1fb71295-0229-4e0a-ac54-85358637943d,88,Page has address,false,0,"{""description"":""Address elements"",""informational"":true}",Sun Feb 01 2026 21:01:27 GMT+0100 (Midden-Europese standaardtijd)
7e65fc08-68e4-45df-8b6f-8b53836e273f,1fb71295-0229-4e0a-ac54-85358637943d,89,Page has progress,false,0,"{""description"":""Progress bars"",""informational"":true}",Sun Feb 01 2026 21:01:27 GMT+0100 (Midden-Europese standaardtijd)
c4d6a8cd-fc4b-4628-a10e-bd57b43db8a5,1fb71295-0229-4e0a-ac54-85358637943d,90,Page has meter,false,0,"{""description"":""Meter elements"",""informational"":true}",Sun Feb 01 2026 21:01:27 GMT+0100 (Midden-Europese standaardtijd)
312076f6-fc54-4684-9447-1e6b8bcedb05,1fb71295-0229-4e0a-ac54-85358637943d,91,Page has output,false,0,"{""description"":""Output elements"",""informational"":true}",Sun Feb 01 2026 21:01:27 GMT+0100 (Midden-Europese standaardtijd)
66b5adef-5add-4c2e-9903-ea8769137f22,1fb71295-0229-4e0a-ac54-85358637943d,92,Page has canvas,false,0,"{""description"":""Canvas elements"",""informational"":true}",Sun Feb 01 2026 21:01:27 GMT+0100 (Midden-Europese standaardtijd)
52c261fa-95ab-44f0-b2f9-bbdbda1491f0,1fb71295-0229-4e0a-ac54-85358637943d,93,Page has object,false,0,"{""description"":""Object embeds"",""informational"":true}",Sun Feb 01 2026 21:01:27 GMT+0100 (Midden-Europese standaardtijd)
1200ffec-3431-48d7-954e-94a76f388e4d,1fb71295-0229-4e0a-ac54-85358637943d,94,Page has embed,false,0,"{""description"":""Embed elements"",""informational"":true}",Sun Feb 01 2026 21:01:27 GMT+0100 (Midden-Europese standaardtijd)
8dc158c4-7462-465c-8e4b-f27f8def6236,1fb71295-0229-4e0a-ac54-85358637943d,95,Page has param,false,0,"{""description"":""Param elements"",""informational"":true}",Sun Feb 01 2026 21:01:27 GMT+0100 (Midden-Europese standaardtijd)
0b1595b8-20c9-414f-9edf-5f252f288585,1fb71295-0229-4e0a-ac54-85358637943d,96,Page has source,false,0,"{""description"":""Source elements"",""informational"":true}",Sun Feb 01 2026 21:01:27 GMT+0100 (Midden-Europese standaardtijd)
3b0ec5db-7b4a-4002-b6a9-8902858365f9,1fb71295-0229-4e0a-ac54-85358637943d,97,Page has track,false,0,"{""description"":""Track elements (captions)"",""informational"":true}",Sun Feb 01 2026 21:01:27 GMT+0100 (Midden-Europese standaardtijd)
48eb26a8-5cd5-4741-a27a-7505616462a6,1fb71295-0229-4e0a-ac54-85358637943d,98,Page has map,false,0,"{""description"":""Image maps"",""informational"":true}",Sun Feb 01 2026 21:01:27 GMT+0100 (Midden-Europese standaardtijd)
76ef48f8-58f1-4f5a-97ac-b9cacec7fed1,1fb71295-0229-4e0a-ac54-85358637943d,99,Page has area,false,0,"{""description"":""Map areas"",""informational"":true}",Sun Feb 01 2026 21:01:27 GMT+0100 (Midden-Europese standaardtijd)
d734d472-9fd0-4844-86d1-5dfffd1c4ef8,1fb71295-0229-4e0a-ac54-85358637943d,100,Page has select,false,0,"{""description"":""Select dropdowns"",""informational"":true}",Sun Feb 01 2026 21:01:27 GMT+0100 (Midden-Europese standaardtijd)
b50cf08e-1977-4da8-ad6d-b93b9e3cee0f,1fb71295-0229-4e0a-ac54-85358637943d,101,Page has optgroup,false,0,"{""description"":""Option groups"",""informational"":true}",Sun Feb 01 2026 21:01:27 GMT+0100 (Midden-Europese standaardtijd)
26e065e8-f4ea-43ab-8019-d7347b390921,1fb71295-0229-4e0a-ac54-85358637943d,102,Page has option,false,0,"{""description"":""Select options"",""informational"":true}",Sun Feb 01 2026 21:01:27 GMT+0100 (Midden-Europese standaardtijd)
c74b4d6e-5370-47af-a7a0-1730e773f0f6,1fb71295-0229-4e0a-ac54-85358637943d,103,Page has textarea,false,0,"{""description"":""Text areas"",""informational"":true}",Sun Feb 01 2026 21:01:27 GMT+0100 (Midden-Europese standaardtijd)
aae56fc4-d6ff-41e6-adb5-231e77fc69ca,1fb71295-0229-4e0a-ac54-85358637943d,104,Page has keygen,false,0,"{""description"":""Keygen elements"",""informational"":true}",Sun Feb 01 2026 21:01:27 GMT+0100 (Midden-Europese standaardtijd)
6b7128d2-667b-4ca6-94d5-51db74a907e7,1fb71295-0229-4e0a-ac54-85358637943d,105,Page has datalist,false,0,"{""description"":""Data lists"",""informational"":true}",Sun Feb 01 2026 21:01:27 GMT+0100 (Midden-Europese standaardtijd)
5e11b9ef-95ed-4570-9cfc-072d3944915e,1fb71295-0229-4e0a-ac54-85358637943d,106,"Page has input type=""checkbox""",false,0,"{""description"":""Checkboxes"",""informational"":true}",Sun Feb 01 2026 21:01:27 GMT+0100 (Midden-Europese standaardtijd)
558ae237-eabc-462e-a089-c0c91cf749d9,1fb71295-0229-4e0a-ac54-85358637943d,107,"Page has input type=""radio""",false,0,"{""description"":""Radio buttons"",""informational"":true}",Sun Feb 01 2026 21:01:27 GMT+0100 (Midden-Europese standaardtijd)
d6dbc4f6-ed83-4cbd-b5a7-bf3dc0647162,1fb71295-0229-4e0a-ac54-85358637943d,108,"Page has input type=""submit""",false,0,"{""description"":""Submit buttons"",""informational"":true}",Sun Feb 01 2026 21:01:27 GMT+0100 (Midden-Europese standaardtijd)
641f732a-1151-45be-98b3-55a99f227861,1fb71295-0229-4e0a-ac54-85358637943d,109,"Page has input type=""reset""",false,0,"{""description"":""Reset buttons"",""informational"":true}",Sun Feb 01 2026 21:01:27 GMT+0100 (Midden-Europese standaardtijd)
d9cacd76-325b-471e-b1fc-9974906da195,1fb71295-0229-4e0a-ac54-85358637943d,110,"Page has input type=""button""",false,0,"{""description"":""Button inputs"",""informational"":true}",Sun Feb 01 2026 21:01:27 GMT+0100 (Midden-Europese standaardtijd)
f78cf2ba-765d-405a-a360-24bdfe778980,1fb71295-0229-4e0a-ac54-85358637943d,111,"Page has input type=""file""",false,0,"{""description"":""File inputs"",""informational"":true}",Sun Feb 01 2026 21:01:27 GMT+0100 (Midden-Europese standaardtijd)
8c9f2dcc-d39f-4066-90f4-5f953dac74cb,1fb71295-0229-4e0a-ac54-85358637943d,112,"Page has input type=""hidden""",false,0,"{""description"":""Hidden inputs"",""informational"":true}",Sun Feb 01 2026 21:01:27 GMT+0100 (Midden-Europese standaardtijd)
86d237f8-2c98-4b18-a9e7-dd1b7d402c18,1fb71295-0229-4e0a-ac54-85358637943d,113,"Page has input type=""image""",false,0,"{""description"":""Image buttons"",""informational"":true}",Sun Feb 01 2026 21:01:27 GMT+0100 (Midden-Europese standaardtijd)
98d839ee-be76-4075-ae8f-001c14c96dee,1fb71295-0229-4e0a-ac54-85358637943d,114,"Page has input type=""date""",false,0,"{""description"":""Date pickers"",""informational"":true}",Sun Feb 01 2026 21:01:27 GMT+0100 (Midden-Europese standaardtijd)
c2bcc116-b3c7-43c5-a9e3-77be8974f405,1fb71295-0229-4e0a-ac54-85358637943d,115,"Page has input type=""time""",false,0,"{""description"":""Time pickers"",""informational"":true}",Sun Feb 01 2026 21:01:27 GMT+0100 (Midden-Europese standaardtijd)
9d82d993-6f09-4ffd-b0de-8a03cdf96bb9,1fb71295-0229-4e0a-ac54-85358637943d,116,"Page has input type=""datetime-local""",false,0,"{""description"":""Datetime pickers"",""informational"":true}",Sun Feb 01 2026 21:01:27 GMT+0100 (Midden-Europese standaardtijd)
9c73a96e-236a-4c15-9786-adbf81a53c2b,1fb71295-0229-4e0a-ac54-85358637943d,117,"Page has input type=""month""",false,0,"{""description"":""Month pickers"",""informational"":true}",Sun Feb 01 2026 21:01:27 GMT+0100 (Midden-Europese standaardtijd)
9813ee34-73ca-4de3-be0c-a399228ff1bd,1fb71295-0229-4e0a-ac54-85358637943d,118,"Page has input type=""week""",false,0,"{""description"":""Week pickers"",""informational"":true}",Sun Feb 01 2026 21:01:27 GMT+0100 (Midden-Europese standaardtijd)
13381af9-298f-4a42-bcc5-e2d75294ad31,1fb71295-0229-4e0a-ac54-85358637943d,119,"Page has input type=""color""",false,0,"{""description"":""Color pickers"",""informational"":true}",Sun Feb 01 2026 21:01:27 GMT+0100 (Midden-Europese standaardtijd)
598a6593-df5e-4b13-a845-2654e3f7204a,1fb71295-0229-4e0a-ac54-85358637943d,120,"Page has input type=""range""",false,0,"{""description"":""Range sliders"",""informational"":true}",Sun Feb 01 2026 21:01:27 GMT+0100 (Midden-Europese standaardtijd)
e6f713c9-f9e9-4ad1-a624-5a2cc7e53103,1fb71295-0229-4e0a-ac54-85358637943d,121,"Page has input type=""search""",true,2,"{""description"":""Search inputs"",""informational"":true}",Sun Feb 01 2026 21:01:27 GMT+0100 (Midden-Europese standaardtijd)
1adc449e-7717-4f58-a515-baa32ce7b89c,1fb71295-0229-4e0a-ac54-85358637943d,122,"Page has input type=""tel""",false,0,"{""description"":""Telephone inputs"",""informational"":true}",Sun Feb 01 2026 21:01:27 GMT+0100 (Midden-Europese standaardtijd)
9e7af9cf-1ff9-41cf-80a5-bf9d51c04beb,1fb71295-0229-4e0a-ac54-85358637943d,123,"Page has input type=""url""",false,0,"{""description"":""URL inputs"",""informational"":true}",Sun Feb 01 2026 21:01:27 GMT+0100 (Midden-Europese standaardtijd)
a1bd0ab8-8443-425f-8caa-7f8d1a956568,1fb71295-0229-4e0a-ac54-85358637943d,124,"Page has input type=""email""",false,0,"{""description"":""Email inputs"",""informational"":true}",Sun Feb 01 2026 21:01:27 GMT+0100 (Midden-Europese standaardtijd)
43d2d90d-fc30-495e-bae1-13169dfa7bbc,1fb71295-0229-4e0a-ac54-85358637943d,125,"Page has input type=""number""",false,0,"{""description"":""Number inputs"",""informational"":true}",Sun Feb 01 2026 21:01:27 GMT+0100 (Midden-Europese standaardtijd)
e3ef659b-8597-42f1-a068-1ae13a05a629,1fb71295-0229-4e0a-ac54-85358637943d,126,"Page has input type=""password""",false,0,"{""description"":""Password fields"",""informational"":true}",Sun Feb 01 2026 21:01:27 GMT+0100 (Midden-Europese standaardtijd)
1015eb18-10e2-428e-9522-dbf19ec4aae9,1fb71295-0229-4e0a-ac54-85358637943d,127,"Page has input type=""text""",false,0,"{""description"":""Text inputs"",""informational"":true}",Sun Feb 01 2026 21:01:27 GMT+0100 (Midden-Europese standaardtijd)
91de79fd-282c-4904-8f34-03108f70e1cf,1fb71295-0229-4e0a-ac54-85358637943d,128,Page has label,true,2,"{""description"":""Label elements"",""informational"":true}",Sun Feb 01 2026 21:01:27 GMT+0100 (Midden-Europese standaardtijd)
174a0a46-7cec-4556-8ead-e744751490f6,1fb71295-0229-4e0a-ac54-85358637943d,129,Page has legend,false,0,"{""description"":""Legend elements"",""informational"":true}",Sun Feb 01 2026 21:01:27 GMT+0100 (Midden-Europese standaardtijd)
9aa7458e-d62c-4197-a651-9a688bf8c17f,1fb71295-0229-4e0a-ac54-85358637943d,130,Page has fieldset,false,0,"{""description"":""Fieldset elements"",""informational"":true}",Sun Feb 01 2026 21:01:27 GMT+0100 (Midden-Europese standaardtijd)
4265a5a4-3df0-43c8-aeac-969cdf1c8336,33600900-8172-43d2-a86e-74940301605c,48,LangAttributeMissingTest,false,0,"{""langValue"":""nl"",""wcagLevel"":""A"",""critical"":true}",Sun Feb 01 2026 21:01:29 GMT+0100 (Midden-Europese standaardtijd)
74cee5ba-fd4d-4a41-a120-0026ef31f1d8,33600900-8172-43d2-a86e-74940301605c,50,TitleMissingTest,false,0,"{""wcagLevel"":""A"",""critical"":true}",Sun Feb 01 2026 21:01:29 GMT+0100 (Midden-Europese standaardtijd)
739f7ab3-6054-42b7-9692-7d3c87db8583,33600900-8172-43d2-a86e-74940301605c,51,TitleEmptyTest,false,0,"{""titleText"":""Home | DigiD"",""wcagLevel"":""A"",""critical"":true}",Sun Feb 01 2026 21:01:29 GMT+0100 (Midden-Europese standaardtijd)
f4d88722-ff6e-40ad-af84-c3d6d18650d5,33600900-8172-43d2-a86e-74940301605c,64,ImgMissingAltTest,false,0,"{""images"":[],""totalCount"":0,""wcagLevel"":""A"",""critical"":true}",Sun Feb 01 2026 21:01:29 GMT+0100 (Midden-Europese standaardtijd)
9354b970-cd90-4108-a5a6-577aa792da47,33600900-8172-43d2-a86e-74940301605c,30,FormMissingLabelsTest,false,0,"{""forms"":[],""wcagLevel"":""A"",""critical"":true}",Sun Feb 01 2026 21:01:29 GMT+0100 (Midden-Europese standaardtijd)
858a06ee-f508-416b-b79f-21720f9df022,33600900-8172-43d2-a86e-74940301605c,57,HeadingsAtLeastOneH1Test,false,0,"{""h1Count"":2,""h1Texts"":[""Laat zien wie je bent"",""""],""wcagLevel"":""A"",""critical"":true}",Sun Feb 01 2026 21:01:29 GMT+0100 (Midden-Europese standaardtijd)
f0f740e3-2259-444e-8d6d-e1286bac0dcc,33600900-8172-43d2-a86e-74940301605c,7,IframeMissingAccessibleNameTest,false,0,"{""iframes"":[],""totalCount"":0,""wcagLevel"":""A"",""critical"":true}",Sun Feb 01 2026 21:01:29 GMT+0100 (Midden-Europese standaardtijd)
adca39f7-f831-41af-a5e7-28fe7c242e2c,33600900-8172-43d2-a86e-74940301605c,25,TableTest,false,0,"{""tables"":[],""totalCount"":0,""informational"":true}",Sun Feb 01 2026 21:01:29 GMT+0100 (Midden-Europese standaardtijd)
2c0a43d4-1bed-4ca7-981b-4fe6e86b7c39,33600900-8172-43d2-a86e-74940301605c,29,FormTest,true,2,"{""forms"":[{""index"":1,""action"":""#"",""method"":""GET"",""inputCount"":1},{""index"":2,""action"":""#"",""method"":""GET"",""inputCount"":1}],""totalCount"":2,""informational"":true}",Sun Feb 01 2026 21:01:29 GMT+0100 (Midden-Europese standaardtijd)
2f67d1d0-4296-4d85-ba34-a8ff4ed643eb,33600900-8172-43d2-a86e-74940301605c,63,ImgTest,true,19,"{""totalImages"":19,""withAlt"":19,""withoutAlt"":0,""withEmptyAlt"":16,""informational"":true}",Sun Feb 01 2026 21:01:29 GMT+0100 (Midden-Europese standaardtijd)
3f5fe6de-0431-4b61-8d30-3c68f7543b75,33600900-8172-43d2-a86e-74940301605c,1,IframeIsVimeoVideoWithKeysDisabledTest,false,0,"{""iframes"":[],""totalCount"":0}",Sun Feb 01 2026 21:01:29 GMT+0100 (Midden-Europese standaardtijd)
2d59ec9c-8a97-4ebd-bf67-e17038ca0d87,33600900-8172-43d2-a86e-74940301605c,2,ImgAltTooLongTest,false,0,"{""images"":[],""totalCount"":0}",Sun Feb 01 2026 21:01:29 GMT+0100 (Midden-Europese standaardtijd)
c272ef00-0bd4-41d9-a2c8-9c877a1973e5,33600900-8172-43d2-a86e-74940301605c,3,ViewportMetaRestrictsScalingTest,false,0,"{""content"":""width=device-width, initial-scale=1"",""restrictsScaling"":false}",Sun Feb 01 2026 21:01:29 GMT+0100 (Midden-Europese standaardtijd)
62bf73a7-bb23-4fcc-b860-7ce3ccd301d9,33600900-8172-43d2-a86e-74940301605c,4,ImageLinkMissingAccessibleNameTest,true,1,"{""links"":[{""href"":""/nl"",""imageCount"":1}],""totalCount"":1}",Sun Feb 01 2026 21:01:29 GMT+0100 (Midden-Europese standaardtijd)
449e87aa-b50b-454a-b20d-f0c92e85f051,33600900-8172-43d2-a86e-74940301605c,5,PageContainsLinkReadMoreTest,false,0,"{""links"":[],""totalCount"":0}",Sun Feb 01 2026 21:01:29 GMT+0100 (Midden-Europese standaardtijd)
0d40cecc-96ba-4ba7-bd4a-016e020a8602,33600900-8172-43d2-a86e-74940301605c,6,PageContainsMultipleSameLinksTest,true,15,"{""duplicateLinks"":[{""text"":""Mijn DigiD"",""occurrences"":2},{""text"":""Ik krijg een foutmelding in de DigiD app"",""occurrences"":3},{""text"":""Hoe activeer ik de DigiD app?"",""occurrences"":3},{""text"":""Hoe log ik in met de DigiD app?"",""occurrences"":2},{""text"":""Waarom lukt het activeren van mijn rijbewijs/ID-kaart niet?"",""occurrences"":3},{""text"":""Code invullen"",""occurrences"":2}],""totalCount"":15}",Sun Feb 01 2026 21:01:29 GMT+0100 (Midden-Europese standaardtijd)
89a92f52-ecaa-4a67-8da5-91bc8eb03ffa,33600900-8172-43d2-a86e-74940301605c,8,IframeIsYouTubeVideoWithKeysEnabledTest,false,0,"{""iframes"":[],""totalCount"":0}",Sun Feb 01 2026 21:01:29 GMT+0100 (Midden-Europese standaardtijd)
9abcf053-014c-4049-8216-282921b007f7,33600900-8172-43d2-a86e-74940301605c,9,TableWithHeadingsTest,false,0,"{""tables"":[],""totalCount"":0}",Sun Feb 01 2026 21:01:29 GMT+0100 (Midden-Europese standaardtijd)
562d2031-f4a0-4634-9a48-ce559cb047d4,33600900-8172-43d2-a86e-74940301605c,11,IframeIsGoogleMapTest,false,0,"{""iframes"":[],""totalCount"":0}",Sun Feb 01 2026 21:01:29 GMT+0100 (Midden-Europese standaardtijd)
b0eaae79-3afc-446a-83ca-e9d6ff280396,33600900-8172-43d2-a86e-74940301605c,12,IframeIsScribitVideoTest,false,0,"{""iframes"":[],""totalCount"":0}",Sun Feb 01 2026 21:01:29 GMT+0100 (Midden-Europese standaardtijd)
f8509bc8-0a59-4a91-9978-70fdff1de19b,33600900-8172-43d2-a86e-74940301605c,13,IframeIsVimeoVideoWithKeysEnabledTest,false,0,"{""iframes"":[],""totalCount"":0}",Sun Feb 01 2026 21:01:29 GMT+0100 (Midden-Europese standaardtijd)
2e02cf44-4840-431e-9383-80869200b272,33600900-8172-43d2-a86e-74940301605c,14,IframeIsVimeoVideoTest,false,0,"{""iframes"":[],""totalCount"":0}",Sun Feb 01 2026 21:01:29 GMT+0100 (Midden-Europese standaardtijd)
04bf89bb-37a5-4e49-92a6-b6a0f3c71436,33600900-8172-43d2-a86e-74940301605c,15,IframeTest,false,0,"{""iframes"":[],""totalCount"":0,""informational"":true}",Sun Feb 01 2026 21:01:29 GMT+0100 (Midden-Europese standaardtijd)
706b6a12-2d0d-45d9-b469-1a00ee033260,33600900-8172-43d2-a86e-74940301605c,16,AudioHasAutoplayTest,false,0,"{""audios"":[],""totalCount"":0}",Sun Feb 01 2026 21:01:29 GMT+0100 (Midden-Europese standaardtijd)
6f6159f4-05cb-469d-aea1-f2783922731b,33600900-8172-43d2-a86e-74940301605c,17,AudioControlsTest,false,0,"{""audios"":[],""totalCount"":0,""informational"":true}",Sun Feb 01 2026 21:01:29 GMT+0100 (Midden-Europese standaardtijd)
8997069a-b3a8-4e93-bf04-2082d1abd8c8,33600900-8172-43d2-a86e-74940301605c,18,AudioTest,false,0,"{""audios"":[],""totalCount"":0,""informational"":true}",Sun Feb 01 2026 21:01:29 GMT+0100 (Midden-Europese standaardtijd)
131cd60d-95bf-414c-8c72-bd11aff09ae8,33600900-8172-43d2-a86e-74940301605c,19,VideoHasAutoplayTest,false,0,"{""videos"":[],""totalCount"":0}",Sun Feb 01 2026 21:01:29 GMT+0100 (Midden-Europese standaardtijd)
d370c17d-2907-4057-9679-d3e6cb7d2322,33600900-8172-43d2-a86e-74940301605c,20,VideoMissingTitleAriaTest,false,0,"{""videos"":[],""totalCount"":0}",Sun Feb 01 2026 21:01:29 GMT+0100 (Midden-Europese standaardtijd)
80671aea-a110-40c2-9353-d0930d7ee13c,33600900-8172-43d2-a86e-74940301605c,21,VideoControlsTest,false,0,"{""videos"":[],""totalCount"":0,""informational"":true}",Sun Feb 01 2026 21:01:29 GMT+0100 (Midden-Europese standaardtijd)
747a8fb1-b6ca-48e9-b83a-c7f5e0f19f1b,33600900-8172-43d2-a86e-74940301605c,22,VideoTest,false,0,"{""videos"":[],""totalCount"":0,""informational"":true}",Sun Feb 01 2026 21:01:29 GMT+0100 (Midden-Europese standaardtijd)
776ae72e-aa65-4c72-b912-f75082ab22d4,33600900-8172-43d2-a86e-74940301605c,23,LinkWithoutTextTest,false,0,"{""links"":[],""totalCount"":0,""wcagLevel"":""A"",""critical"":true}",Sun Feb 01 2026 21:01:29 GMT+0100 (Midden-Europese standaardtijd)
2e19b99a-b891-4e2f-b34d-578e1a8f272b,33600900-8172-43d2-a86e-74940301605c,24,EmptyLinkTest,false,0,"{""links"":[],""totalCount"":0,""wcagLevel"":""A"",""critical"":true}",Sun Feb 01 2026 21:01:29 GMT+0100 (Midden-Europese standaardtijd)
a7231abd-53fe-41d3-972e-b730d5e2af6d,33600900-8172-43d2-a86e-74940301605c,26,TableWithoutHeadersTest,false,0,"{""tables"":[],""totalCount"":0,""wcagLevel"":""A"",""critical"":true}",Sun Feb 01 2026 21:01:29 GMT+0100 (Midden-Europese standaardtijd)
628edec8-a286-4d84-b8ae-bae3a69dd05f,33600900-8172-43d2-a86e-74940301605c,27,ListTest,true,10,"{""lists"":[{""type"":""ul"",""itemCount"":0,""index"":1},{""type"":""ul"",""itemCount"":1,""index"":2},{""type"":""ul"",""itemCount"":2,""index"":3},{""type"":""ul"",""itemCount"":5,""index"":4},{""type"":""ul"",""itemCount"":2,""index"":5},{""type"":""ul"",""itemCount"":4,""index"":6},{""type"":""ul"",""itemCount"":4,""index"":7},{""type"":""ul"",""itemCount"":3,""index"":8},{""type"":""ul"",""itemCount"":2,""index"":9},{""type"":""ul"",""itemCount"":6,""index"":10}],""totalCount"":10,""informational"":true}",Sun Feb 01 2026 21:01:29 GMT+0100 (Midden-Europese standaardtijd)
4fb7bcf5-9a3e-4028-aa2e-5cf171c3791d,33600900-8172-43d2-a86e-74940301605c,28,DefinitionListTest,false,0,"{""lists"":[],""totalCount"":0,""informational"":true}",Sun Feb 01 2026 21:01:29 GMT+0100 (Midden-Europese standaardtijd)
f22042cb-ff76-4853-9cc9-59f782dd2e28,33600900-8172-43d2-a86e-74940301605c,31,FormMissingFieldsetTest,false,0,"{""forms"":[],""totalCount"":0,""wcagLevel"":""A""}",Sun Feb 01 2026 21:01:29 GMT+0100 (Midden-Europese standaardtijd)
70f6392b-a4f4-4711-a79c-30d77e015c3f,33600900-8172-43d2-a86e-74940301605c,32,InputMissingLabelTest,false,0,"{""inputs"":[],""totalCount"":0,""wcagLevel"":""A"",""critical"":true}",Sun Feb 01 2026 21:01:29 GMT+0100 (Midden-Europese standaardtijd)
54b98d22-8273-425a-8dd4-1af46e0426a7,33600900-8172-43d2-a86e-74940301605c,33,ButtonEmptyTest,false,0,"{""buttons"":[],""totalCount"":0,""wcagLevel"":""A"",""critical"":true}",Sun Feb 01 2026 21:01:29 GMT+0100 (Midden-Europese standaardtijd)
50742bbd-9f44-430e-9175-17cf648e001a,33600900-8172-43d2-a86e-74940301605c,34,HeadingEmptyTest,true,1,"{""headings"":[{""level"":""h1"",""html"":""""}],""totalCount"":1,""wcagLevel"":""A"",""critical"":true}",Sun Feb 01 2026 21:01:29 GMT+0100 (Midden-Europese standaardtijd)
c7bba2e1-356b-432b-a8f6-980da9ee7183,33600900-8172-43d2-a86e-74940301605c,35,HeadingSkipLevelTest,false,0,"{""violations"":[],""totalCount"":0,""wcagLevel"":""AA""}",Sun Feb 01 2026 21:01:29 GMT+0100 (Midden-Europese standaardtijd)
d4dce1eb-f422-441b-bf1d-c5ce9a67f279,33600900-8172-43d2-a86e-74940301605c,36,SkipLinkTest,false,0,"{""skipLinks"":[],""informational"":true}",Sun Feb 01 2026 21:01:29 GMT+0100 (Midden-Europese standaardtijd)
556bc9f7-7b3b-432b-9efa-df89c9810674,33600900-8172-43d2-a86e-74940301605c,37,AriaLandmarksTest,true,14,"{""landmarks"":[{""type"":""aria-role"",""role"":""navigation"",""tag"":""nav""},{""type"":""aria-role"",""role"":""navigation"",""tag"":""nav""},{""type"":""aria-role"",""role"":""navigation"",""tag"":""nav""},{""type"":""aria-role"",""role"":""navigation"",""tag"":""nav""},{""type"":""semantic"",""tag"":""header""},{""type"":""semantic"",""tag"":""nav""},{""type"":""semantic"",""tag"":""nav""},{""type"":""semantic"",""tag"":""nav""},{""type"":""semantic"",""tag"":""nav""},{""type"":""semantic"",""tag"":""main""}],""totalCount"":14,""informational"":true}",Sun Feb 01 2026 21:01:29 GMT+0100 (Midden-Europese standaardtijd)
ebd65939-b0fb-4f7f-a333-c5ba57c47b44,33600900-8172-43d2-a86e-74940301605c,38,Element has tabindex,false,0,"{""description"":""Page has elements with tabindex"",""informational"":true}",Sun Feb 01 2026 21:01:29 GMT+0100 (Midden-Europese standaardtijd)
e9cd55ae-00b3-412f-8ce9-502a7ea9e034,33600900-8172-43d2-a86e-74940301605c,39,Page has list,true,10,"{""description"":""Page has lists"",""informational"":true}",Sun Feb 01 2026 21:01:29 GMT+0100 (Midden-Europese standaardtijd)
7ac9e42d-753b-4939-bbb6-fb29e06ec6f3,33600900-8172-43d2-a86e-74940301605c,40,Page has elements with aria-label,true,2,"{""description"":""Elements with ARIA labels"",""informational"":true}",Sun Feb 01 2026 21:01:29 GMT+0100 (Midden-Europese standaardtijd)
328310c0-dbcb-4b7c-9ebf-d095feb20771,33600900-8172-43d2-a86e-74940301605c,41,Page has elements with aria-expanded,true,1,"{""description"":""Expandable elements"",""informational"":true}",Sun Feb 01 2026 21:01:29 GMT+0100 (Midden-Europese standaardtijd)
fb070a72-1138-4178-8dd1-6dc904d081b8,33600900-8172-43d2-a86e-74940301605c,42,Page has pictures,false,0,"{""description"":""Page contains picture elements"",""informational"":true}",Sun Feb 01 2026 21:01:29 GMT+0100 (Midden-Europese standaardtijd)
6896fd09-78ad-4b6a-8229-e767b708f74d,33600900-8172-43d2-a86e-74940301605c,43,Page has images,true,19,"{""description"":""Page contains images"",""informational"":true}",Sun Feb 01 2026 21:01:29 GMT+0100 (Midden-Europese standaardtijd)
a91e0002-1aed-429e-bc65-2f959797e8bd,33600900-8172-43d2-a86e-74940301605c,44,Page has decorative images or text alternative is missing,true,16,"{""description"":""Decorative or missing alt"",""informational"":true}",Sun Feb 01 2026 21:01:29 GMT+0100 (Midden-Europese standaardtijd)
354acd5d-1474-4e4d-8931-ca5c360ccefe,33600900-8172-43d2-a86e-74940301605c,45,Page has elements with aria-describedby,false,0,"{""description"":""Elements with descriptions"",""informational"":true}",Sun Feb 01 2026 21:01:29 GMT+0100 (Midden-Europese standaardtijd)
fe709792-d195-40ad-b70a-455a2c46b863,33600900-8172-43d2-a86e-74940301605c,46,Page has a button with aria-label,false,0,"{""description"":""Buttons with ARIA labels"",""informational"":true}",Sun Feb 01 2026 21:01:29 GMT+0100 (Midden-Europese standaardtijd)
2a79961e-8cb2-42b1-a091-6667c7487081,33600900-8172-43d2-a86e-74940301605c,47,Form with required input fields is validated by browser,false,0,"{""description"":""Browser-validated forms"",""informational"":true}",Sun Feb 01 2026 21:01:29 GMT+0100 (Midden-Europese standaardtijd)
803a7b39-0168-4c15-af4b-81c998a8f11e,33600900-8172-43d2-a86e-74940301605c,49,Page has elements with aria-labelledby,true,2,"{""description"":""Elements with labelledby"",""informational"":true}",Sun Feb 01 2026 21:01:29 GMT+0100 (Midden-Europese standaardtijd)
26d65afb-5627-42f1-ac7e-49703248a406,33600900-8172-43d2-a86e-74940301605c,52,Page has SVG-images,true,20,"{""description"":""Page contains SVG"",""informational"":true}",Sun Feb 01 2026 21:01:29 GMT+0100 (Midden-Europese standaardtijd)
b0dba120-c80d-4d60-8fd9-c45ea3570b3c,33600900-8172-43d2-a86e-74940301605c,53,Page has elements with role=menu,false,0,"{""description"":""Menu elements"",""informational"":true}",Sun Feb 01 2026 21:01:29 GMT+0100 (Midden-Europese standaardtijd)
d30a2f4e-8518-4d6d-b18d-d0658cb736b2,33600900-8172-43d2-a86e-74940301605c,54,Page has fieldset without legend,false,0,"{""description"":""Fieldsets missing legends"",""informational"":true}",Sun Feb 01 2026 21:01:29 GMT+0100 (Midden-Europese standaardtijd)
d5633f96-746f-4abe-887f-120a52dc6a5d,33600900-8172-43d2-a86e-74940301605c,55,Page has dialog or modal window,false,0,"{""description"":""Dialog elements"",""informational"":true}",Sun Feb 01 2026 21:01:29 GMT+0100 (Midden-Europese standaardtijd)
66096da0-c985-4e27-ba7c-4efe22ad9299,33600900-8172-43d2-a86e-74940301605c,56,Page has interactive image,false,0,"{""description"":""Interactive images"",""informational"":true}",Sun Feb 01 2026 21:01:29 GMT+0100 (Midden-Europese standaardtijd)
4047a3d8-cb48-499e-87fe-f74e2a62df11,33600900-8172-43d2-a86e-74940301605c,10,Page has aria-hidden element,true,7,"{""description"":""Hidden elements"",""informational"":true}",Sun Feb 01 2026 21:01:29 GMT+0100 (Midden-Europese standaardtijd)
63b647bc-a6af-4ea7-8b86-23f402681df7,33600900-8172-43d2-a86e-74940301605c,58,Page has input fields with autocomplete,false,0,"{""description"":""Autocomplete fields"",""informational"":true}",Sun Feb 01 2026 21:01:29 GMT+0100 (Midden-Europese standaardtijd)
49bbc875-9b21-4567-a842-137573875799,33600900-8172-43d2-a86e-74940301605c,59,Page has aria-invalid element,false,0,"{""description"":""Invalid elements"",""informational"":true}",Sun Feb 01 2026 21:01:29 GMT+0100 (Midden-Europese standaardtijd)
8fd1d79e-2c36-4c89-a0e7-ee8774b65355,33600900-8172-43d2-a86e-74940301605c,60,Page has aria-required element,false,0,"{""description"":""Required elements"",""informational"":true}",Sun Feb 01 2026 21:01:29 GMT+0100 (Midden-Europese standaardtijd)
9547f0b3-a5e2-4ac0-9474-34e6ec9216b2,33600900-8172-43d2-a86e-74940301605c,61,Page has accesskey,false,0,"{""description"":""Accesskey attributes"",""informational"":true}",Sun Feb 01 2026 21:01:29 GMT+0100 (Midden-Europese standaardtijd)
00191c8e-6b48-4965-9f71-c10003453247,33600900-8172-43d2-a86e-74940301605c,62,Page has aria-live element,false,0,"{""description"":""Live regions"",""informational"":true}",Sun Feb 01 2026 21:01:29 GMT+0100 (Midden-Europese standaardtijd)
5f8fa96d-67f3-44a4-bac6-5672dea0f049,33600900-8172-43d2-a86e-74940301605c,65,Page has strong or bold,false,0,"{""description"":""Bold text"",""informational"":true}",Sun Feb 01 2026 21:01:29 GMT+0100 (Midden-Europese standaardtijd)
33b26a93-cb62-4899-b013-3e6c3358d9a9,33600900-8172-43d2-a86e-74940301605c,66,Page has em or italic,false,0,"{""description"":""Italic text"",""informational"":true}",Sun Feb 01 2026 21:01:29 GMT+0100 (Midden-Europese standaardtijd)
49aaf75b-0c67-492a-a17d-63318b28f248,33600900-8172-43d2-a86e-74940301605c,67,Page has preformatted text,false,0,"{""description"":""Preformatted content"",""informational"":true}",Sun Feb 01 2026 21:01:29 GMT+0100 (Midden-Europese standaardtijd)
c9862f9d-ef73-410c-904f-0399e08d70f4,33600900-8172-43d2-a86e-74940301605c,68,Page has code block,false,0,"{""description"":""Code blocks"",""informational"":true}",Sun Feb 01 2026 21:01:29 GMT+0100 (Midden-Europese standaardtijd)
558332e6-ffa0-4554-bb41-61577b44aaf2,33600900-8172-43d2-a86e-74940301605c,69,Page has blockquote,false,0,"{""description"":""Quote blocks"",""informational"":true}",Sun Feb 01 2026 21:01:29 GMT+0100 (Midden-Europese standaardtijd)
6fc04dfa-5037-4d9a-9203-951da218c827,33600900-8172-43d2-a86e-74940301605c,70,Page has abbreviation,false,0,"{""description"":""Abbreviations"",""informational"":true}",Sun Feb 01 2026 21:01:29 GMT+0100 (Midden-Europese standaardtijd)
e45548c5-0c23-43d1-89e3-e14e5970c8b5,33600900-8172-43d2-a86e-74940301605c,71,Page has citation,false,0,"{""description"":""Citations"",""informational"":true}",Sun Feb 01 2026 21:01:29 GMT+0100 (Midden-Europese standaardtijd)
04cce0de-7959-4a55-9cd6-bcba642704a2,33600900-8172-43d2-a86e-74940301605c,72,Page has marked text,false,0,"{""description"":""Highlighted text"",""informational"":true}",Sun Feb 01 2026 21:01:29 GMT+0100 (Midden-Europese standaardtijd)
3b0c6ca5-78d9-4e6b-a0fc-1a0cba07cb16,33600900-8172-43d2-a86e-74940301605c,73,Page has subscript,false,0,"{""description"":""Subscript text"",""informational"":true}",Sun Feb 01 2026 21:01:29 GMT+0100 (Midden-Europese standaardtijd)
894665e4-dfb2-4108-a107-d483fd269557,33600900-8172-43d2-a86e-74940301605c,74,Page has superscript,false,0,"{""description"":""Superscript text"",""informational"":true}",Sun Feb 01 2026 21:01:29 GMT+0100 (Midden-Europese standaardtijd)
18e18bb4-6442-412c-aa1d-96f0cfd7a74f,33600900-8172-43d2-a86e-74940301605c,75,Page has time,false,0,"{""description"":""Time elements"",""informational"":true}",Sun Feb 01 2026 21:01:29 GMT+0100 (Midden-Europese standaardtijd)
b5e6eac9-e3da-4e3d-9888-2bd6c79fe5aa,33600900-8172-43d2-a86e-74940301605c,76,Page has data,false,0,"{""description"":""Data elements"",""informational"":true}",Sun Feb 01 2026 21:01:29 GMT+0100 (Midden-Europese standaardtijd)
621879dc-3103-42f7-b73e-9c8e36d2ec1d,33600900-8172-43d2-a86e-74940301605c,77,Page has details,false,0,"{""description"":""Details elements"",""informational"":true}",Sun Feb 01 2026 21:01:29 GMT+0100 (Midden-Europese standaardtijd)
f006a4a1-6255-4789-8b08-b3382d9b0fcb,33600900-8172-43d2-a86e-74940301605c,78,Page has summary,false,0,"{""description"":""Summary elements"",""informational"":true}",Sun Feb 01 2026 21:01:29 GMT+0100 (Midden-Europese standaardtijd)
6a02fa9e-f866-41bf-9997-06a820c3c419,33600900-8172-43d2-a86e-74940301605c,79,Page has article,false,0,"{""description"":""Article elements"",""informational"":true}",Sun Feb 01 2026 21:01:29 GMT+0100 (Midden-Europese standaardtijd)
4039bc0c-b6c4-4afb-84b4-36c5a31c71d9,33600900-8172-43d2-a86e-74940301605c,80,Page has section,true,3,"{""description"":""Section elements"",""informational"":true}",Sun Feb 01 2026 21:01:29 GMT+0100 (Midden-Europese standaardtijd)
566cd1e8-5be3-4076-ab94-d473db2af42c,33600900-8172-43d2-a86e-74940301605c,81,Page has nav,true,6,"{""description"":""Navigation elements"",""informational"":true}",Sun Feb 01 2026 21:01:29 GMT+0100 (Midden-Europese standaardtijd)
79f4ece7-3d29-4dbc-937f-649637d1f05b,33600900-8172-43d2-a86e-74940301605c,82,Page has aside,false,0,"{""description"":""Aside elements"",""informational"":true}",Sun Feb 01 2026 21:01:29 GMT+0100 (Midden-Europese standaardtijd)
aaadd462-520d-4930-8675-b668c83ef695,33600900-8172-43d2-a86e-74940301605c,83,Page has header,true,2,"{""description"":""Header elements"",""informational"":true}",Sun Feb 01 2026 21:01:29 GMT+0100 (Midden-Europese standaardtijd)
58f77d3f-9cd4-47e6-8d97-baf201fbcf79,33600900-8172-43d2-a86e-74940301605c,84,Page has footer,true,1,"{""description"":""Footer elements"",""informational"":true}",Sun Feb 01 2026 21:01:29 GMT+0100 (Midden-Europese standaardtijd)
2011fbbf-ba65-42e2-bdf6-876b535dca81,33600900-8172-43d2-a86e-74940301605c,85,Page has main,true,1,"{""description"":""Main content"",""informational"":true}",Sun Feb 01 2026 21:01:29 GMT+0100 (Midden-Europese standaardtijd)
cc509059-a3df-4112-85cd-babf0f37e607,33600900-8172-43d2-a86e-74940301605c,86,Page has figure,false,0,"{""description"":""Figure elements"",""informational"":true}",Sun Feb 01 2026 21:01:29 GMT+0100 (Midden-Europese standaardtijd)
c641c9cf-0dd0-4f94-9a02-761c451ae753,33600900-8172-43d2-a86e-74940301605c,87,Page has figcaption,false,0,"{""description"":""Figure captions"",""informational"":true}",Sun Feb 01 2026 21:01:29 GMT+0100 (Midden-Europese standaardtijd)
120abe5f-16e0-4b5a-bfc7-0c67162da220,33600900-8172-43d2-a86e-74940301605c,88,Page has address,false,0,"{""description"":""Address elements"",""informational"":true}",Sun Feb 01 2026 21:01:29 GMT+0100 (Midden-Europese standaardtijd)
474f2967-68db-44c7-a891-dd12ee88bb5b,33600900-8172-43d2-a86e-74940301605c,89,Page has progress,false,0,"{""description"":""Progress bars"",""informational"":true}",Sun Feb 01 2026 21:01:29 GMT+0100 (Midden-Europese standaardtijd)
4d8dc3bc-3776-4cc9-bdc5-7d63f36ad247,33600900-8172-43d2-a86e-74940301605c,90,Page has meter,false,0,"{""description"":""Meter elements"",""informational"":true}",Sun Feb 01 2026 21:01:29 GMT+0100 (Midden-Europese standaardtijd)
ef051910-3f45-46b0-aace-cb8feec5a6a6,33600900-8172-43d2-a86e-74940301605c,91,Page has output,false,0,"{""description"":""Output elements"",""informational"":true}",Sun Feb 01 2026 21:01:29 GMT+0100 (Midden-Europese standaardtijd)
238a3ceb-2d5a-4073-9a6e-6860b7791285,33600900-8172-43d2-a86e-74940301605c,92,Page has canvas,false,0,"{""description"":""Canvas elements"",""informational"":true}",Sun Feb 01 2026 21:01:29 GMT+0100 (Midden-Europese standaardtijd)
0ec7b4d8-0c8e-4375-91f1-ea03211031f7,33600900-8172-43d2-a86e-74940301605c,93,Page has object,false,0,"{""description"":""Object embeds"",""informational"":true}",Sun Feb 01 2026 21:01:29 GMT+0100 (Midden-Europese standaardtijd)
8c5533a2-cca2-4dba-8bf6-85f1ea84d7dc,33600900-8172-43d2-a86e-74940301605c,94,Page has embed,false,0,"{""description"":""Embed elements"",""informational"":true}",Sun Feb 01 2026 21:01:29 GMT+0100 (Midden-Europese standaardtijd)
1775e4af-7bf6-4ac8-a5a1-6cfadc9da389,33600900-8172-43d2-a86e-74940301605c,95,Page has param,false,0,"{""description"":""Param elements"",""informational"":true}",Sun Feb 01 2026 21:01:29 GMT+0100 (Midden-Europese standaardtijd)
2950b0fb-d8e8-4fb4-a567-6cec1190ce02,33600900-8172-43d2-a86e-74940301605c,96,Page has source,false,0,"{""description"":""Source elements"",""informational"":true}",Sun Feb 01 2026 21:01:29 GMT+0100 (Midden-Europese standaardtijd)
51255874-4484-49b6-8e4b-7893e25ee191,33600900-8172-43d2-a86e-74940301605c,97,Page has track,false,0,"{""description"":""Track elements (captions)"",""informational"":true}",Sun Feb 01 2026 21:01:29 GMT+0100 (Midden-Europese standaardtijd)
e3315391-bc18-47eb-bf1a-8bac970bd987,33600900-8172-43d2-a86e-74940301605c,98,Page has map,false,0,"{""description"":""Image maps"",""informational"":true}",Sun Feb 01 2026 21:01:29 GMT+0100 (Midden-Europese standaardtijd)
65cd7cab-74b5-4a4f-8e97-ce51c73b1109,33600900-8172-43d2-a86e-74940301605c,99,Page has area,false,0,"{""description"":""Map areas"",""informational"":true}",Sun Feb 01 2026 21:01:29 GMT+0100 (Midden-Europese standaardtijd)
81b638e2-05d7-4e1a-bb1d-57b4524ccb02,33600900-8172-43d2-a86e-74940301605c,100,Page has select,false,0,"{""description"":""Select dropdowns"",""informational"":true}",Sun Feb 01 2026 21:01:29 GMT+0100 (Midden-Europese standaardtijd)
e2ce796a-6b8b-41c2-86f4-08738a21d858,33600900-8172-43d2-a86e-74940301605c,101,Page has optgroup,false,0,"{""description"":""Option groups"",""informational"":true}",Sun Feb 01 2026 21:01:29 GMT+0100 (Midden-Europese standaardtijd)
a46231ed-0d73-4156-8bfe-0917667632dc,33600900-8172-43d2-a86e-74940301605c,102,Page has option,false,0,"{""description"":""Select options"",""informational"":true}",Sun Feb 01 2026 21:01:29 GMT+0100 (Midden-Europese standaardtijd)
f512d41d-cc63-4c2f-a5c3-ae8acd40e2cf,33600900-8172-43d2-a86e-74940301605c,103,Page has textarea,false,0,"{""description"":""Text areas"",""informational"":true}",Sun Feb 01 2026 21:01:29 GMT+0100 (Midden-Europese standaardtijd)
c3c596ec-5e89-40d3-a639-4020b3cfb43b,33600900-8172-43d2-a86e-74940301605c,104,Page has keygen,false,0,"{""description"":""Keygen elements"",""informational"":true}",Sun Feb 01 2026 21:01:29 GMT+0100 (Midden-Europese standaardtijd)
fd7c9543-8508-4d3c-9654-e3ffc9f3763d,33600900-8172-43d2-a86e-74940301605c,105,Page has datalist,false,0,"{""description"":""Data lists"",""informational"":true}",Sun Feb 01 2026 21:01:29 GMT+0100 (Midden-Europese standaardtijd)
44a8f1b6-4041-49d5-a62f-2c35992c0040,33600900-8172-43d2-a86e-74940301605c,106,"Page has input type=""checkbox""",false,0,"{""description"":""Checkboxes"",""informational"":true}",Sun Feb 01 2026 21:01:29 GMT+0100 (Midden-Europese standaardtijd)
27326e4a-39c7-4333-96c6-bf83e397a371,33600900-8172-43d2-a86e-74940301605c,107,"Page has input type=""radio""",false,0,"{""description"":""Radio buttons"",""informational"":true}",Sun Feb 01 2026 21:01:29 GMT+0100 (Midden-Europese standaardtijd)
a49b8ca9-9409-4846-9661-36952bc2b6a5,33600900-8172-43d2-a86e-74940301605c,108,"Page has input type=""submit""",false,0,"{""description"":""Submit buttons"",""informational"":true}",Sun Feb 01 2026 21:01:29 GMT+0100 (Midden-Europese standaardtijd)
31e1724c-8941-46f5-8f58-7abc1338d056,33600900-8172-43d2-a86e-74940301605c,109,"Page has input type=""reset""",false,0,"{""description"":""Reset buttons"",""informational"":true}",Sun Feb 01 2026 21:01:29 GMT+0100 (Midden-Europese standaardtijd)
ccd08907-ba82-4b45-b98c-3bef0f4ccda1,33600900-8172-43d2-a86e-74940301605c,110,"Page has input type=""button""",false,0,"{""description"":""Button inputs"",""informational"":true}",Sun Feb 01 2026 21:01:29 GMT+0100 (Midden-Europese standaardtijd)
a133f3d6-3388-46b6-bc39-75219420b8a0,33600900-8172-43d2-a86e-74940301605c,111,"Page has input type=""file""",false,0,"{""description"":""File inputs"",""informational"":true}",Sun Feb 01 2026 21:01:29 GMT+0100 (Midden-Europese standaardtijd)
4c0ea4e8-578b-4114-8500-66608ba1d71d,33600900-8172-43d2-a86e-74940301605c,112,"Page has input type=""hidden""",false,0,"{""description"":""Hidden inputs"",""informational"":true}",Sun Feb 01 2026 21:01:29 GMT+0100 (Midden-Europese standaardtijd)
4b9c14c8-4217-4c9f-ae53-ec9d9243faad,33600900-8172-43d2-a86e-74940301605c,113,"Page has input type=""image""",false,0,"{""description"":""Image buttons"",""informational"":true}",Sun Feb 01 2026 21:01:29 GMT+0100 (Midden-Europese standaardtijd)
44d3e75d-b9be-4bed-aae0-427d039aceb3,33600900-8172-43d2-a86e-74940301605c,114,"Page has input type=""date""",false,0,"{""description"":""Date pickers"",""informational"":true}",Sun Feb 01 2026 21:01:29 GMT+0100 (Midden-Europese standaardtijd)
83d61afb-fb5f-4feb-9610-876042c901b2,33600900-8172-43d2-a86e-74940301605c,115,"Page has input type=""time""",false,0,"{""description"":""Time pickers"",""informational"":true}",Sun Feb 01 2026 21:01:29 GMT+0100 (Midden-Europese standaardtijd)
5aebc291-5e3f-4cba-abc8-2f1d78bf9dea,33600900-8172-43d2-a86e-74940301605c,116,"Page has input type=""datetime-local""",false,0,"{""description"":""Datetime pickers"",""informational"":true}",Sun Feb 01 2026 21:01:29 GMT+0100 (Midden-Europese standaardtijd)
c8ac9dc7-4046-4885-91b4-3fac83cd2f85,33600900-8172-43d2-a86e-74940301605c,117,"Page has input type=""month""",false,0,"{""description"":""Month pickers"",""informational"":true}",Sun Feb 01 2026 21:01:29 GMT+0100 (Midden-Europese standaardtijd)
eacebffc-8cc2-4426-97c2-a0901432d0a2,33600900-8172-43d2-a86e-74940301605c,118,"Page has input type=""week""",false,0,"{""description"":""Week pickers"",""informational"":true}",Sun Feb 01 2026 21:01:29 GMT+0100 (Midden-Europese standaardtijd)
4347c8c2-6fd5-4da9-b66e-66fb61be7bbe,33600900-8172-43d2-a86e-74940301605c,119,"Page has input type=""color""",false,0,"{""description"":""Color pickers"",""informational"":true}",Sun Feb 01 2026 21:01:29 GMT+0100 (Midden-Europese standaardtijd)
e0571070-b12c-42c0-b047-4337c0b2247b,33600900-8172-43d2-a86e-74940301605c,120,"Page has input type=""range""",false,0,"{""description"":""Range sliders"",""informational"":true}",Sun Feb 01 2026 21:01:29 GMT+0100 (Midden-Europese standaardtijd)
7a6c2671-b5c1-48f0-b8c1-134434bf863d,33600900-8172-43d2-a86e-74940301605c,121,"Page has input type=""search""",true,2,"{""description"":""Search inputs"",""informational"":true}",Sun Feb 01 2026 21:01:29 GMT+0100 (Midden-Europese standaardtijd)
8c8347cd-0524-49a0-94c6-caf59ff00714,33600900-8172-43d2-a86e-74940301605c,122,"Page has input type=""tel""",false,0,"{""description"":""Telephone inputs"",""informational"":true}",Sun Feb 01 2026 21:01:29 GMT+0100 (Midden-Europese standaardtijd)
a6237df1-8586-43a9-8085-e33a571b8bbe,33600900-8172-43d2-a86e-74940301605c,123,"Page has input type=""url""",false,0,"{""description"":""URL inputs"",""informational"":true}",Sun Feb 01 2026 21:01:29 GMT+0100 (Midden-Europese standaardtijd)
b93c3f60-11a6-4bd7-b018-9227c0c97eb3,33600900-8172-43d2-a86e-74940301605c,124,"Page has input type=""email""",false,0,"{""description"":""Email inputs"",""informational"":true}",Sun Feb 01 2026 21:01:29 GMT+0100 (Midden-Europese standaardtijd)
562043c6-01e9-4899-9439-577d38110d6f,33600900-8172-43d2-a86e-74940301605c,125,"Page has input type=""number""",false,0,"{""description"":""Number inputs"",""informational"":true}",Sun Feb 01 2026 21:01:29 GMT+0100 (Midden-Europese standaardtijd)
6ac38241-4779-4dc7-bb7d-46b80a18b384,33600900-8172-43d2-a86e-74940301605c,126,"Page has input type=""password""",false,0,"{""description"":""Password fields"",""informational"":true}",Sun Feb 01 2026 21:01:29 GMT+0100 (Midden-Europese standaardtijd)
3f4f3952-d798-4407-92bf-1d95a77db772,33600900-8172-43d2-a86e-74940301605c,127,"Page has input type=""text""",false,0,"{""description"":""Text inputs"",""informational"":true}",Sun Feb 01 2026 21:01:29 GMT+0100 (Midden-Europese standaardtijd)
18a567fa-1446-41df-9bf7-9f6a9024e772,33600900-8172-43d2-a86e-74940301605c,128,Page has label,true,2,"{""description"":""Label elements"",""informational"":true}",Sun Feb 01 2026 21:01:29 GMT+0100 (Midden-Europese standaardtijd)
3c406520-d960-49a8-80ee-d193061dbfed,33600900-8172-43d2-a86e-74940301605c,129,Page has legend,false,0,"{""description"":""Legend elements"",""informational"":true}",Sun Feb 01 2026 21:01:29 GMT+0100 (Midden-Europese standaardtijd)
4bcf4cd4-bf37-4c7c-866e-330143577374,33600900-8172-43d2-a86e-74940301605c,130,Page has fieldset,false,0,"{""description"":""Fieldset elements"",""informational"":true}",Sun Feb 01 2026 21:01:29 GMT+0100 (Midden-Europese standaardtijd)
7ab9d981-61ec-4cde-90e8-3417aa0d6c66,e26e8119-ae7c-4785-8350-2365c4c0f7b4,48,LangAttributeMissingTest,false,0,"{""langValue"":""nl"",""wcagLevel"":""A"",""critical"":true}",Sun Feb 01 2026 21:01:33 GMT+0100 (Midden-Europese standaardtijd)
e8d170d4-719e-4cad-a7cd-9b84dd248c41,e26e8119-ae7c-4785-8350-2365c4c0f7b4,50,TitleMissingTest,false,0,"{""wcagLevel"":""A"",""critical"":true}",Sun Feb 01 2026 21:01:33 GMT+0100 (Midden-Europese standaardtijd)
8481692e-a22d-4067-ae5b-1fa6bb658f8c,e26e8119-ae7c-4785-8350-2365c4c0f7b4,51,TitleEmptyTest,false,0,"{""titleText"":""Home | DigiD"",""wcagLevel"":""A"",""critical"":true}",Sun Feb 01 2026 21:01:33 GMT+0100 (Midden-Europese standaardtijd)
f3fd9a3f-c18e-466c-afe5-604a380bc195,e26e8119-ae7c-4785-8350-2365c4c0f7b4,64,ImgMissingAltTest,false,0,"{""images"":[],""totalCount"":0,""wcagLevel"":""A"",""critical"":true}",Sun Feb 01 2026 21:01:33 GMT+0100 (Midden-Europese standaardtijd)
7a5a490b-3114-4aed-a5ea-d243fc7bb317,e26e8119-ae7c-4785-8350-2365c4c0f7b4,30,FormMissingLabelsTest,false,0,"{""forms"":[],""wcagLevel"":""A"",""critical"":true}",Sun Feb 01 2026 21:01:33 GMT+0100 (Midden-Europese standaardtijd)
f9c87f2f-3dc2-42e1-a476-b4809bcfd955,e26e8119-ae7c-4785-8350-2365c4c0f7b4,57,HeadingsAtLeastOneH1Test,false,0,"{""h1Count"":2,""h1Texts"":[""Laat zien wie je bent"",""""],""wcagLevel"":""A"",""critical"":true}",Sun Feb 01 2026 21:01:33 GMT+0100 (Midden-Europese standaardtijd)
50a55301-20ca-43b2-bccc-56713788838e,e26e8119-ae7c-4785-8350-2365c4c0f7b4,7,IframeMissingAccessibleNameTest,false,0,"{""iframes"":[],""totalCount"":0,""wcagLevel"":""A"",""critical"":true}",Sun Feb 01 2026 21:01:33 GMT+0100 (Midden-Europese standaardtijd)
04c2a3ef-fbd2-4b82-9212-6f5eef7c07b2,e26e8119-ae7c-4785-8350-2365c4c0f7b4,25,TableTest,false,0,"{""tables"":[],""totalCount"":0,""informational"":true}",Sun Feb 01 2026 21:01:33 GMT+0100 (Midden-Europese standaardtijd)
078f7349-21df-4e19-9c55-a3bdb202824c,e26e8119-ae7c-4785-8350-2365c4c0f7b4,29,FormTest,true,2,"{""forms"":[{""index"":1,""action"":""#"",""method"":""GET"",""inputCount"":1},{""index"":2,""action"":""#"",""method"":""GET"",""inputCount"":1}],""totalCount"":2,""informational"":true}",Sun Feb 01 2026 21:01:33 GMT+0100 (Midden-Europese standaardtijd)
81d15d48-a2ce-419c-ada7-fc157d3ea989,e26e8119-ae7c-4785-8350-2365c4c0f7b4,63,ImgTest,true,19,"{""totalImages"":19,""withAlt"":19,""withoutAlt"":0,""withEmptyAlt"":16,""informational"":true}",Sun Feb 01 2026 21:01:33 GMT+0100 (Midden-Europese standaardtijd)
5b6cf3ac-fa3b-4dd5-b575-8e09ca0ab708,e26e8119-ae7c-4785-8350-2365c4c0f7b4,1,IframeIsVimeoVideoWithKeysDisabledTest,false,0,"{""iframes"":[],""totalCount"":0}",Sun Feb 01 2026 21:01:33 GMT+0100 (Midden-Europese standaardtijd)
523acb5a-65f5-4893-a63b-61446ab806cd,e26e8119-ae7c-4785-8350-2365c4c0f7b4,2,ImgAltTooLongTest,false,0,"{""images"":[],""totalCount"":0}",Sun Feb 01 2026 21:01:33 GMT+0100 (Midden-Europese standaardtijd)
1fcd8b6b-f3c3-4cb0-aa8e-d29a368d2029,e26e8119-ae7c-4785-8350-2365c4c0f7b4,3,ViewportMetaRestrictsScalingTest,false,0,"{""content"":""width=device-width, initial-scale=1"",""restrictsScaling"":false}",Sun Feb 01 2026 21:01:33 GMT+0100 (Midden-Europese standaardtijd)
1b751c5e-eba9-4a6f-9c5a-f205c1e40e39,e26e8119-ae7c-4785-8350-2365c4c0f7b4,4,ImageLinkMissingAccessibleNameTest,true,1,"{""links"":[{""href"":""/nl"",""imageCount"":1}],""totalCount"":1}",Sun Feb 01 2026 21:01:33 GMT+0100 (Midden-Europese standaardtijd)
66868b35-af3a-4105-8a2a-7796a60ce19b,e26e8119-ae7c-4785-8350-2365c4c0f7b4,5,PageContainsLinkReadMoreTest,false,0,"{""links"":[],""totalCount"":0}",Sun Feb 01 2026 21:01:33 GMT+0100 (Midden-Europese standaardtijd)
443c9153-b465-4c69-9379-dcc45e6ac952,e26e8119-ae7c-4785-8350-2365c4c0f7b4,6,PageContainsMultipleSameLinksTest,true,15,"{""duplicateLinks"":[{""text"":""Mijn DigiD"",""occurrences"":2},{""text"":""Ik krijg een foutmelding in de DigiD app"",""occurrences"":3},{""text"":""Hoe activeer ik de DigiD app?"",""occurrences"":3},{""text"":""Hoe log ik in met de DigiD app?"",""occurrences"":2},{""text"":""Waarom lukt het activeren van mijn rijbewijs/ID-kaart niet?"",""occurrences"":3},{""text"":""Code invullen"",""occurrences"":2}],""totalCount"":15}",Sun Feb 01 2026 21:01:33 GMT+0100 (Midden-Europese standaardtijd)
da77ed7c-5c3a-4823-a478-a2b80be798f5,e26e8119-ae7c-4785-8350-2365c4c0f7b4,8,IframeIsYouTubeVideoWithKeysEnabledTest,false,0,"{""iframes"":[],""totalCount"":0}",Sun Feb 01 2026 21:01:33 GMT+0100 (Midden-Europese standaardtijd)
7809e8e3-3c88-4d7a-a3c3-e8c9cfd9d7d6,e26e8119-ae7c-4785-8350-2365c4c0f7b4,9,TableWithHeadingsTest,false,0,"{""tables"":[],""totalCount"":0}",Sun Feb 01 2026 21:01:33 GMT+0100 (Midden-Europese standaardtijd)
0ca97e0c-717d-46f7-b85e-021523ab81d5,e26e8119-ae7c-4785-8350-2365c4c0f7b4,11,IframeIsGoogleMapTest,false,0,"{""iframes"":[],""totalCount"":0}",Sun Feb 01 2026 21:01:33 GMT+0100 (Midden-Europese standaardtijd)
535a0512-36a9-4676-880d-204397279220,e26e8119-ae7c-4785-8350-2365c4c0f7b4,12,IframeIsScribitVideoTest,false,0,"{""iframes"":[],""totalCount"":0}",Sun Feb 01 2026 21:01:33 GMT+0100 (Midden-Europese standaardtijd)
b8838279-bc3d-4f05-abab-bb30d4e06b94,e26e8119-ae7c-4785-8350-2365c4c0f7b4,13,IframeIsVimeoVideoWithKeysEnabledTest,false,0,"{""iframes"":[],""totalCount"":0}",Sun Feb 01 2026 21:01:33 GMT+0100 (Midden-Europese standaardtijd)
46b42a8e-c5d0-4ee9-a0f8-d8415e7d394a,e26e8119-ae7c-4785-8350-2365c4c0f7b4,14,IframeIsVimeoVideoTest,false,0,"{""iframes"":[],""totalCount"":0}",Sun Feb 01 2026 21:01:33 GMT+0100 (Midden-Europese standaardtijd)
9bd26a7d-88d8-482c-a673-09e6387f67ac,e26e8119-ae7c-4785-8350-2365c4c0f7b4,15,IframeTest,false,0,"{""iframes"":[],""totalCount"":0,""informational"":true}",Sun Feb 01 2026 21:01:33 GMT+0100 (Midden-Europese standaardtijd)
33bab2cb-dceb-4656-a53e-d36555353184,e26e8119-ae7c-4785-8350-2365c4c0f7b4,16,AudioHasAutoplayTest,false,0,"{""audios"":[],""totalCount"":0}",Sun Feb 01 2026 21:01:33 GMT+0100 (Midden-Europese standaardtijd)
cb663fa2-29ca-41cc-92ec-21887790ef19,e26e8119-ae7c-4785-8350-2365c4c0f7b4,17,AudioControlsTest,false,0,"{""audios"":[],""totalCount"":0,""informational"":true}",Sun Feb 01 2026 21:01:33 GMT+0100 (Midden-Europese standaardtijd)
19f5e103-2653-4cbd-bf39-172de566bd8a,e26e8119-ae7c-4785-8350-2365c4c0f7b4,18,AudioTest,false,0,"{""audios"":[],""totalCount"":0,""informational"":true}",Sun Feb 01 2026 21:01:33 GMT+0100 (Midden-Europese standaardtijd)
d6f60275-8c87-49ea-a1f3-a4156922cdb2,e26e8119-ae7c-4785-8350-2365c4c0f7b4,19,VideoHasAutoplayTest,false,0,"{""videos"":[],""totalCount"":0}",Sun Feb 01 2026 21:01:33 GMT+0100 (Midden-Europese standaardtijd)
d7bed821-471d-44c9-80b2-fbd0b64c5e43,e26e8119-ae7c-4785-8350-2365c4c0f7b4,20,VideoMissingTitleAriaTest,false,0,"{""videos"":[],""totalCount"":0}",Sun Feb 01 2026 21:01:33 GMT+0100 (Midden-Europese standaardtijd)
93ff4a65-21ba-48ee-a395-43f5508a769d,e26e8119-ae7c-4785-8350-2365c4c0f7b4,21,VideoControlsTest,false,0,"{""videos"":[],""totalCount"":0,""informational"":true}",Sun Feb 01 2026 21:01:33 GMT+0100 (Midden-Europese standaardtijd)
1773910c-0227-4195-aeaf-438c328fb262,e26e8119-ae7c-4785-8350-2365c4c0f7b4,22,VideoTest,false,0,"{""videos"":[],""totalCount"":0,""informational"":true}",Sun Feb 01 2026 21:01:33 GMT+0100 (Midden-Europese standaardtijd)
879fa233-5477-4a50-b3ea-0cb2a42df409,e26e8119-ae7c-4785-8350-2365c4c0f7b4,23,LinkWithoutTextTest,false,0,"{""links"":[],""totalCount"":0,""wcagLevel"":""A"",""critical"":true}",Sun Feb 01 2026 21:01:33 GMT+0100 (Midden-Europese standaardtijd)
71a7fa0f-b664-48fa-994e-0d117d9a6303,e26e8119-ae7c-4785-8350-2365c4c0f7b4,24,EmptyLinkTest,false,0,"{""links"":[],""totalCount"":0,""wcagLevel"":""A"",""critical"":true}",Sun Feb 01 2026 21:01:33 GMT+0100 (Midden-Europese standaardtijd)
588c3da3-7e69-4818-9d62-b244c2c44abb,e26e8119-ae7c-4785-8350-2365c4c0f7b4,26,TableWithoutHeadersTest,false,0,"{""tables"":[],""totalCount"":0,""wcagLevel"":""A"",""critical"":true}",Sun Feb 01 2026 21:01:33 GMT+0100 (Midden-Europese standaardtijd)
3e037a24-d3a7-4c6e-a006-766f85ab35ca,e26e8119-ae7c-4785-8350-2365c4c0f7b4,27,ListTest,true,10,"{""lists"":[{""type"":""ul"",""itemCount"":0,""index"":1},{""type"":""ul"",""itemCount"":1,""index"":2},{""type"":""ul"",""itemCount"":2,""index"":3},{""type"":""ul"",""itemCount"":5,""index"":4},{""type"":""ul"",""itemCount"":2,""index"":5},{""type"":""ul"",""itemCount"":4,""index"":6},{""type"":""ul"",""itemCount"":4,""index"":7},{""type"":""ul"",""itemCount"":3,""index"":8},{""type"":""ul"",""itemCount"":2,""index"":9},{""type"":""ul"",""itemCount"":6,""index"":10}],""totalCount"":10,""informational"":true}",Sun Feb 01 2026 21:01:33 GMT+0100 (Midden-Europese standaardtijd)
09c0588a-0150-4071-b5ec-4bb0bbfeb63c,e26e8119-ae7c-4785-8350-2365c4c0f7b4,28,DefinitionListTest,false,0,"{""lists"":[],""totalCount"":0,""informational"":true}",Sun Feb 01 2026 21:01:33 GMT+0100 (Midden-Europese standaardtijd)
f9421b57-c8ba-457a-87c6-c3b171946523,e26e8119-ae7c-4785-8350-2365c4c0f7b4,31,FormMissingFieldsetTest,false,0,"{""forms"":[],""totalCount"":0,""wcagLevel"":""A""}",Sun Feb 01 2026 21:01:33 GMT+0100 (Midden-Europese standaardtijd)
171ed5d3-067e-4e74-91af-00066b586b24,e26e8119-ae7c-4785-8350-2365c4c0f7b4,32,InputMissingLabelTest,false,0,"{""inputs"":[],""totalCount"":0,""wcagLevel"":""A"",""critical"":true}",Sun Feb 01 2026 21:01:33 GMT+0100 (Midden-Europese standaardtijd)
d7ccf160-6304-4462-9ddd-02c7f963456f,e26e8119-ae7c-4785-8350-2365c4c0f7b4,33,ButtonEmptyTest,false,0,"{""buttons"":[],""totalCount"":0,""wcagLevel"":""A"",""critical"":true}",Sun Feb 01 2026 21:01:33 GMT+0100 (Midden-Europese standaardtijd)
88df69e9-21aa-4809-a402-60ff2ef6fc73,e26e8119-ae7c-4785-8350-2365c4c0f7b4,34,HeadingEmptyTest,true,1,"{""headings"":[{""level"":""h1"",""html"":""""}],""totalCount"":1,""wcagLevel"":""A"",""critical"":true}",Sun Feb 01 2026 21:01:33 GMT+0100 (Midden-Europese standaardtijd)
851ee848-494c-4c3f-b751-841d3d58f3dd,e26e8119-ae7c-4785-8350-2365c4c0f7b4,35,HeadingSkipLevelTest,false,0,"{""violations"":[],""totalCount"":0,""wcagLevel"":""AA""}",Sun Feb 01 2026 21:01:33 GMT+0100 (Midden-Europese standaardtijd)
3728724b-7608-4b50-b36a-e04e3ce90aae,e26e8119-ae7c-4785-8350-2365c4c0f7b4,36,SkipLinkTest,false,0,"{""skipLinks"":[],""informational"":true}",Sun Feb 01 2026 21:01:33 GMT+0100 (Midden-Europese standaardtijd)
5e117791-2857-421c-8412-d50550d11ab0,e26e8119-ae7c-4785-8350-2365c4c0f7b4,37,AriaLandmarksTest,true,14,"{""landmarks"":[{""type"":""aria-role"",""role"":""navigation"",""tag"":""nav""},{""type"":""aria-role"",""role"":""navigation"",""tag"":""nav""},{""type"":""aria-role"",""role"":""navigation"",""tag"":""nav""},{""type"":""aria-role"",""role"":""navigation"",""tag"":""nav""},{""type"":""semantic"",""tag"":""header""},{""type"":""semantic"",""tag"":""nav""},{""type"":""semantic"",""tag"":""nav""},{""type"":""semantic"",""tag"":""nav""},{""type"":""semantic"",""tag"":""nav""},{""type"":""semantic"",""tag"":""main""}],""totalCount"":14,""informational"":true}",Sun Feb 01 2026 21:01:33 GMT+0100 (Midden-Europese standaardtijd)
e1929962-b156-4727-b763-5a8bd438a918,e26e8119-ae7c-4785-8350-2365c4c0f7b4,38,Element has tabindex,false,0,"{""description"":""Page has elements with tabindex"",""informational"":true}",Sun Feb 01 2026 21:01:33 GMT+0100 (Midden-Europese standaardtijd)
414d9205-e4ad-4999-a240-d8c9c3901436,e26e8119-ae7c-4785-8350-2365c4c0f7b4,39,Page has list,true,10,"{""description"":""Page has lists"",""informational"":true}",Sun Feb 01 2026 21:01:33 GMT+0100 (Midden-Europese standaardtijd)
ea798037-fd66-4264-a413-45a00b6b85c3,e26e8119-ae7c-4785-8350-2365c4c0f7b4,40,Page has elements with aria-label,true,2,"{""description"":""Elements with ARIA labels"",""informational"":true}",Sun Feb 01 2026 21:01:33 GMT+0100 (Midden-Europese standaardtijd)
71ee5a72-a2a6-438f-acb9-5adafa83f9bc,e26e8119-ae7c-4785-8350-2365c4c0f7b4,41,Page has elements with aria-expanded,true,1,"{""description"":""Expandable elements"",""informational"":true}",Sun Feb 01 2026 21:01:33 GMT+0100 (Midden-Europese standaardtijd)
3b775ef2-520e-4733-86ff-0bda88d3d53d,e26e8119-ae7c-4785-8350-2365c4c0f7b4,42,Page has pictures,false,0,"{""description"":""Page contains picture elements"",""informational"":true}",Sun Feb 01 2026 21:01:33 GMT+0100 (Midden-Europese standaardtijd)
4e32382c-cd42-4dc4-ae01-ad97eb282f81,e26e8119-ae7c-4785-8350-2365c4c0f7b4,43,Page has images,true,19,"{""description"":""Page contains images"",""informational"":true}",Sun Feb 01 2026 21:01:33 GMT+0100 (Midden-Europese standaardtijd)
363c095c-c13c-4677-8a29-9ea1d6571ba0,e26e8119-ae7c-4785-8350-2365c4c0f7b4,44,Page has decorative images or text alternative is missing,true,16,"{""description"":""Decorative or missing alt"",""informational"":true}",Sun Feb 01 2026 21:01:33 GMT+0100 (Midden-Europese standaardtijd)
d0b36cec-7b7c-4ade-a637-b57acd8b5e7a,e26e8119-ae7c-4785-8350-2365c4c0f7b4,45,Page has elements with aria-describedby,false,0,"{""description"":""Elements with descriptions"",""informational"":true}",Sun Feb 01 2026 21:01:33 GMT+0100 (Midden-Europese standaardtijd)
9137f226-25a8-4d04-9eab-bfc9bd3db3ce,e26e8119-ae7c-4785-8350-2365c4c0f7b4,46,Page has a button with aria-label,false,0,"{""description"":""Buttons with ARIA labels"",""informational"":true}",Sun Feb 01 2026 21:01:33 GMT+0100 (Midden-Europese standaardtijd)
f7ee559c-300b-41ce-8665-8785faa926de,e26e8119-ae7c-4785-8350-2365c4c0f7b4,47,Form with required input fields is validated by browser,false,0,"{""description"":""Browser-validated forms"",""informational"":true}",Sun Feb 01 2026 21:01:33 GMT+0100 (Midden-Europese standaardtijd)
513c2f59-00b8-4938-8a63-4612c87668e0,e26e8119-ae7c-4785-8350-2365c4c0f7b4,49,Page has elements with aria-labelledby,true,2,"{""description"":""Elements with labelledby"",""informational"":true}",Sun Feb 01 2026 21:01:33 GMT+0100 (Midden-Europese standaardtijd)
2d2ca966-d6a6-4f33-a9c6-1c5a20891d41,e26e8119-ae7c-4785-8350-2365c4c0f7b4,52,Page has SVG-images,true,20,"{""description"":""Page contains SVG"",""informational"":true}",Sun Feb 01 2026 21:01:33 GMT+0100 (Midden-Europese standaardtijd)
7561ce34-09b0-473f-930d-00972be41874,e26e8119-ae7c-4785-8350-2365c4c0f7b4,53,Page has elements with role=menu,false,0,"{""description"":""Menu elements"",""informational"":true}",Sun Feb 01 2026 21:01:33 GMT+0100 (Midden-Europese standaardtijd)
0b81aa52-418e-4122-8bed-28d2559ef4b6,e26e8119-ae7c-4785-8350-2365c4c0f7b4,54,Page has fieldset without legend,false,0,"{""description"":""Fieldsets missing legends"",""informational"":true}",Sun Feb 01 2026 21:01:33 GMT+0100 (Midden-Europese standaardtijd)
54cf1ea8-a545-4cb4-a2c8-95ccd6c35df1,e26e8119-ae7c-4785-8350-2365c4c0f7b4,55,Page has dialog or modal window,false,0,"{""description"":""Dialog elements"",""informational"":true}",Sun Feb 01 2026 21:01:33 GMT+0100 (Midden-Europese standaardtijd)
261385ac-e48e-4ea4-a594-94789f74210d,e26e8119-ae7c-4785-8350-2365c4c0f7b4,56,Page has interactive image,false,0,"{""description"":""Interactive images"",""informational"":true}",Sun Feb 01 2026 21:01:33 GMT+0100 (Midden-Europese standaardtijd)
49b7bd65-9c9e-42ed-a1a6-056fcdcbe246,e26e8119-ae7c-4785-8350-2365c4c0f7b4,10,Page has aria-hidden element,true,7,"{""description"":""Hidden elements"",""informational"":true}",Sun Feb 01 2026 21:01:33 GMT+0100 (Midden-Europese standaardtijd)
875e2edc-a99c-49f5-8482-4609b134817a,e26e8119-ae7c-4785-8350-2365c4c0f7b4,58,Page has input fields with autocomplete,false,0,"{""description"":""Autocomplete fields"",""informational"":true}",Sun Feb 01 2026 21:01:33 GMT+0100 (Midden-Europese standaardtijd)
88d81bf3-7668-4fda-9613-9d7d7530611f,e26e8119-ae7c-4785-8350-2365c4c0f7b4,59,Page has aria-invalid element,false,0,"{""description"":""Invalid elements"",""informational"":true}",Sun Feb 01 2026 21:01:33 GMT+0100 (Midden-Europese standaardtijd)
550628e6-a2ee-41c5-854f-d10104a0bdac,e26e8119-ae7c-4785-8350-2365c4c0f7b4,60,Page has aria-required element,false,0,"{""description"":""Required elements"",""informational"":true}",Sun Feb 01 2026 21:01:33 GMT+0100 (Midden-Europese standaardtijd)
6aa20250-58b4-4603-bb2e-fc6234e2d944,e26e8119-ae7c-4785-8350-2365c4c0f7b4,61,Page has accesskey,false,0,"{""description"":""Accesskey attributes"",""informational"":true}",Sun Feb 01 2026 21:01:33 GMT+0100 (Midden-Europese standaardtijd)
18e91bd0-247e-49b1-9ee1-d3771807677e,e26e8119-ae7c-4785-8350-2365c4c0f7b4,62,Page has aria-live element,false,0,"{""description"":""Live regions"",""informational"":true}",Sun Feb 01 2026 21:01:33 GMT+0100 (Midden-Europese standaardtijd)
304dee0e-ce4c-4583-b54f-739bbc879750,e26e8119-ae7c-4785-8350-2365c4c0f7b4,65,Page has strong or bold,false,0,"{""description"":""Bold text"",""informational"":true}",Sun Feb 01 2026 21:01:33 GMT+0100 (Midden-Europese standaardtijd)
29b4a2a1-ee9a-4890-bb89-9f43c25231db,e26e8119-ae7c-4785-8350-2365c4c0f7b4,66,Page has em or italic,false,0,"{""description"":""Italic text"",""informational"":true}",Sun Feb 01 2026 21:01:33 GMT+0100 (Midden-Europese standaardtijd)
f2ec4c78-274a-483c-93d0-2bfd6bc78a54,e26e8119-ae7c-4785-8350-2365c4c0f7b4,67,Page has preformatted text,false,0,"{""description"":""Preformatted content"",""informational"":true}",Sun Feb 01 2026 21:01:33 GMT+0100 (Midden-Europese standaardtijd)
a6537b19-d46b-4e11-8fa0-d7f9848901a6,e26e8119-ae7c-4785-8350-2365c4c0f7b4,68,Page has code block,false,0,"{""description"":""Code blocks"",""informational"":true}",Sun Feb 01 2026 21:01:33 GMT+0100 (Midden-Europese standaardtijd)
3af508c4-8473-40a8-a476-0bd2ce3730e9,e26e8119-ae7c-4785-8350-2365c4c0f7b4,69,Page has blockquote,false,0,"{""description"":""Quote blocks"",""informational"":true}",Sun Feb 01 2026 21:01:33 GMT+0100 (Midden-Europese standaardtijd)
190807ed-8919-4378-999e-ab168171874d,e26e8119-ae7c-4785-8350-2365c4c0f7b4,70,Page has abbreviation,false,0,"{""description"":""Abbreviations"",""informational"":true}",Sun Feb 01 2026 21:01:33 GMT+0100 (Midden-Europese standaardtijd)
d3da4104-9290-40b3-a237-44acfbb46b1a,e26e8119-ae7c-4785-8350-2365c4c0f7b4,71,Page has citation,false,0,"{""description"":""Citations"",""informational"":true}",Sun Feb 01 2026 21:01:33 GMT+0100 (Midden-Europese standaardtijd)
2d82abd1-3ee6-4f6f-8820-3c751790ab17,e26e8119-ae7c-4785-8350-2365c4c0f7b4,72,Page has marked text,false,0,"{""description"":""Highlighted text"",""informational"":true}",Sun Feb 01 2026 21:01:33 GMT+0100 (Midden-Europese standaardtijd)
cbc1cb1f-8cfc-42a0-a921-64d4a9268080,e26e8119-ae7c-4785-8350-2365c4c0f7b4,73,Page has subscript,false,0,"{""description"":""Subscript text"",""informational"":true}",Sun Feb 01 2026 21:01:33 GMT+0100 (Midden-Europese standaardtijd)
9e15f24e-498d-41ab-9d14-b149a41b5cbc,e26e8119-ae7c-4785-8350-2365c4c0f7b4,74,Page has superscript,false,0,"{""description"":""Superscript text"",""informational"":true}",Sun Feb 01 2026 21:01:33 GMT+0100 (Midden-Europese standaardtijd)
ad02762e-c247-4d68-98a4-51a6463fd1c4,e26e8119-ae7c-4785-8350-2365c4c0f7b4,75,Page has time,false,0,"{""description"":""Time elements"",""informational"":true}",Sun Feb 01 2026 21:01:33 GMT+0100 (Midden-Europese standaardtijd)
33709a79-3acb-436b-b828-55b76248b4e6,e26e8119-ae7c-4785-8350-2365c4c0f7b4,76,Page has data,false,0,"{""description"":""Data elements"",""informational"":true}",Sun Feb 01 2026 21:01:33 GMT+0100 (Midden-Europese standaardtijd)
2c068e96-07d5-45a2-b555-700d7bde8581,e26e8119-ae7c-4785-8350-2365c4c0f7b4,77,Page has details,false,0,"{""description"":""Details elements"",""informational"":true}",Sun Feb 01 2026 21:01:33 GMT+0100 (Midden-Europese standaardtijd)
8d2f08a2-d8c6-4a78-b7ca-9b18516217d5,e26e8119-ae7c-4785-8350-2365c4c0f7b4,78,Page has summary,false,0,"{""description"":""Summary elements"",""informational"":true}",Sun Feb 01 2026 21:01:33 GMT+0100 (Midden-Europese standaardtijd)
ee71c3b9-f005-427d-a3c5-26281931e466,e26e8119-ae7c-4785-8350-2365c4c0f7b4,79,Page has article,false,0,"{""description"":""Article elements"",""informational"":true}",Sun Feb 01 2026 21:01:33 GMT+0100 (Midden-Europese standaardtijd)
9608cb63-665a-4b24-b08d-b19dbe5b1128,e26e8119-ae7c-4785-8350-2365c4c0f7b4,80,Page has section,true,3,"{""description"":""Section elements"",""informational"":true}",Sun Feb 01 2026 21:01:33 GMT+0100 (Midden-Europese standaardtijd)
037ac1d6-8bb8-4175-8eac-46931a61b3a1,e26e8119-ae7c-4785-8350-2365c4c0f7b4,81,Page has nav,true,6,"{""description"":""Navigation elements"",""informational"":true}",Sun Feb 01 2026 21:01:33 GMT+0100 (Midden-Europese standaardtijd)
4ad2f668-f549-48fc-938f-7025ebd23787,e26e8119-ae7c-4785-8350-2365c4c0f7b4,82,Page has aside,false,0,"{""description"":""Aside elements"",""informational"":true}",Sun Feb 01 2026 21:01:33 GMT+0100 (Midden-Europese standaardtijd)
ad938a93-3e38-495f-8719-dc521359eae6,e26e8119-ae7c-4785-8350-2365c4c0f7b4,83,Page has header,true,2,"{""description"":""Header elements"",""informational"":true}",Sun Feb 01 2026 21:01:33 GMT+0100 (Midden-Europese standaardtijd)
2e5d2bd0-cf37-4ce5-b07b-ecb5d14e2447,e26e8119-ae7c-4785-8350-2365c4c0f7b4,84,Page has footer,true,1,"{""description"":""Footer elements"",""informational"":true}",Sun Feb 01 2026 21:01:33 GMT+0100 (Midden-Europese standaardtijd)
b930dc8a-d3f0-46cd-8cdd-78f61cc45a3b,e26e8119-ae7c-4785-8350-2365c4c0f7b4,85,Page has main,true,1,"{""description"":""Main content"",""informational"":true}",Sun Feb 01 2026 21:01:33 GMT+0100 (Midden-Europese standaardtijd)
3aadbdc1-e1a4-4ec7-a947-a6bfc02cb493,e26e8119-ae7c-4785-8350-2365c4c0f7b4,86,Page has figure,false,0,"{""description"":""Figure elements"",""informational"":true}",Sun Feb 01 2026 21:01:33 GMT+0100 (Midden-Europese standaardtijd)
ef99de23-641e-4b1a-889d-202c0f628c55,e26e8119-ae7c-4785-8350-2365c4c0f7b4,87,Page has figcaption,false,0,"{""description"":""Figure captions"",""informational"":true}",Sun Feb 01 2026 21:01:33 GMT+0100 (Midden-Europese standaardtijd)
82e6203e-253e-44eb-b0bc-a6d0ca844925,e26e8119-ae7c-4785-8350-2365c4c0f7b4,88,Page has address,false,0,"{""description"":""Address elements"",""informational"":true}",Sun Feb 01 2026 21:01:33 GMT+0100 (Midden-Europese standaardtijd)
55a7d6aa-c1c2-49d3-8664-8cf9adf764f2,e26e8119-ae7c-4785-8350-2365c4c0f7b4,89,Page has progress,false,0,"{""description"":""Progress bars"",""informational"":true}",Sun Feb 01 2026 21:01:33 GMT+0100 (Midden-Europese standaardtijd)
2c9f4aa2-a552-4122-89c1-2c2a5bca101c,e26e8119-ae7c-4785-8350-2365c4c0f7b4,90,Page has meter,false,0,"{""description"":""Meter elements"",""informational"":true}",Sun Feb 01 2026 21:01:33 GMT+0100 (Midden-Europese standaardtijd)
2a36a031-a30d-4cdb-b135-b451c4ac98e3,e26e8119-ae7c-4785-8350-2365c4c0f7b4,91,Page has output,false,0,"{""description"":""Output elements"",""informational"":true}",Sun Feb 01 2026 21:01:33 GMT+0100 (Midden-Europese standaardtijd)
0e648cdb-af01-4e75-b4f3-93b057b76c78,e26e8119-ae7c-4785-8350-2365c4c0f7b4,92,Page has canvas,false,0,"{""description"":""Canvas elements"",""informational"":true}",Sun Feb 01 2026 21:01:33 GMT+0100 (Midden-Europese standaardtijd)
286cad4e-aeea-4774-bb18-c53f03250398,e26e8119-ae7c-4785-8350-2365c4c0f7b4,93,Page has object,false,0,"{""description"":""Object embeds"",""informational"":true}",Sun Feb 01 2026 21:01:33 GMT+0100 (Midden-Europese standaardtijd)
1f093fcb-558b-4f14-9be5-3bb6d0697034,e26e8119-ae7c-4785-8350-2365c4c0f7b4,94,Page has embed,false,0,"{""description"":""Embed elements"",""informational"":true}",Sun Feb 01 2026 21:01:33 GMT+0100 (Midden-Europese standaardtijd)
d08314a9-2bb5-4c8e-a76d-cfdab79e8503,e26e8119-ae7c-4785-8350-2365c4c0f7b4,95,Page has param,false,0,"{""description"":""Param elements"",""informational"":true}",Sun Feb 01 2026 21:01:33 GMT+0100 (Midden-Europese standaardtijd)
a8467f4d-2ae0-4bcf-a35b-e7ca7c926ddb,e26e8119-ae7c-4785-8350-2365c4c0f7b4,96,Page has source,false,0,"{""description"":""Source elements"",""informational"":true}",Sun Feb 01 2026 21:01:33 GMT+0100 (Midden-Europese standaardtijd)
0f1acca0-473a-440b-9aa9-8d8b1b791e88,e26e8119-ae7c-4785-8350-2365c4c0f7b4,97,Page has track,false,0,"{""description"":""Track elements (captions)"",""informational"":true}",Sun Feb 01 2026 21:01:33 GMT+0100 (Midden-Europese standaardtijd)
90c0fb03-c350-4936-9e5c-4606d6f371f6,e26e8119-ae7c-4785-8350-2365c4c0f7b4,98,Page has map,false,0,"{""description"":""Image maps"",""informational"":true}",Sun Feb 01 2026 21:01:33 GMT+0100 (Midden-Europese standaardtijd)
c1168d74-5f2f-447d-8b98-6d443dddbbdb,e26e8119-ae7c-4785-8350-2365c4c0f7b4,99,Page has area,false,0,"{""description"":""Map areas"",""informational"":true}",Sun Feb 01 2026 21:01:33 GMT+0100 (Midden-Europese standaardtijd)
c053b007-c27e-404f-81aa-f54eeb747d5f,e26e8119-ae7c-4785-8350-2365c4c0f7b4,100,Page has select,false,0,"{""description"":""Select dropdowns"",""informational"":true}",Sun Feb 01 2026 21:01:33 GMT+0100 (Midden-Europese standaardtijd)
63139f94-582f-45a6-a191-e70794d31d55,e26e8119-ae7c-4785-8350-2365c4c0f7b4,101,Page has optgroup,false,0,"{""description"":""Option groups"",""informational"":true}",Sun Feb 01 2026 21:01:33 GMT+0100 (Midden-Europese standaardtijd)
ba6c19d1-495a-4b1e-8317-bacd1de2c3e6,e26e8119-ae7c-4785-8350-2365c4c0f7b4,102,Page has option,false,0,"{""description"":""Select options"",""informational"":true}",Sun Feb 01 2026 21:01:33 GMT+0100 (Midden-Europese standaardtijd)
4295943d-5b5b-49e2-b02b-625707ba2f56,e26e8119-ae7c-4785-8350-2365c4c0f7b4,103,Page has textarea,false,0,"{""description"":""Text areas"",""informational"":true}",Sun Feb 01 2026 21:01:33 GMT+0100 (Midden-Europese standaardtijd)
870f9c1b-128c-498e-8e48-65794ed26a3c,e26e8119-ae7c-4785-8350-2365c4c0f7b4,104,Page has keygen,false,0,"{""description"":""Keygen elements"",""informational"":true}",Sun Feb 01 2026 21:01:33 GMT+0100 (Midden-Europese standaardtijd)
fe69e80d-4f5a-4eb7-a936-7a6e9c7b720b,e26e8119-ae7c-4785-8350-2365c4c0f7b4,105,Page has datalist,false,0,"{""description"":""Data lists"",""informational"":true}",Sun Feb 01 2026 21:01:33 GMT+0100 (Midden-Europese standaardtijd)
786715d5-4c21-4f47-8577-8a0b4e1bd0c5,e26e8119-ae7c-4785-8350-2365c4c0f7b4,106,"Page has input type=""checkbox""",false,0,"{""description"":""Checkboxes"",""informational"":true}",Sun Feb 01 2026 21:01:33 GMT+0100 (Midden-Europese standaardtijd)
c19dafb9-eaae-4855-af4f-8248d614d7b8,e26e8119-ae7c-4785-8350-2365c4c0f7b4,107,"Page has input type=""radio""",false,0,"{""description"":""Radio buttons"",""informational"":true}",Sun Feb 01 2026 21:01:33 GMT+0100 (Midden-Europese standaardtijd)
1d464e61-2c11-49ab-9df4-771b6306abad,e26e8119-ae7c-4785-8350-2365c4c0f7b4,108,"Page has input type=""submit""",false,0,"{""description"":""Submit buttons"",""informational"":true}",Sun Feb 01 2026 21:01:33 GMT+0100 (Midden-Europese standaardtijd)
ca3eab60-60ba-40c1-b1cd-a7285cad4f1e,e26e8119-ae7c-4785-8350-2365c4c0f7b4,109,"Page has input type=""reset""",false,0,"{""description"":""Reset buttons"",""informational"":true}",Sun Feb 01 2026 21:01:33 GMT+0100 (Midden-Europese standaardtijd)
248d5847-8f3f-4af2-aab0-accf285ebdf7,e26e8119-ae7c-4785-8350-2365c4c0f7b4,110,"Page has input type=""button""",false,0,"{""description"":""Button inputs"",""informational"":true}",Sun Feb 01 2026 21:01:33 GMT+0100 (Midden-Europese standaardtijd)
1670f004-bd17-4064-944f-51b9f65fd609,e26e8119-ae7c-4785-8350-2365c4c0f7b4,111,"Page has input type=""file""",false,0,"{""description"":""File inputs"",""informational"":true}",Sun Feb 01 2026 21:01:33 GMT+0100 (Midden-Europese standaardtijd)
58b0fa5b-13eb-4402-90c2-a0725f6d4574,e26e8119-ae7c-4785-8350-2365c4c0f7b4,112,"Page has input type=""hidden""",false,0,"{""description"":""Hidden inputs"",""informational"":true}",Sun Feb 01 2026 21:01:33 GMT+0100 (Midden-Europese standaardtijd)
c108ddbc-9324-43db-8e8f-0676871f4c13,e26e8119-ae7c-4785-8350-2365c4c0f7b4,113,"Page has input type=""image""",false,0,"{""description"":""Image buttons"",""informational"":true}",Sun Feb 01 2026 21:01:33 GMT+0100 (Midden-Europese standaardtijd)
c3a4fd9b-ec1a-4e15-a53c-0e9ecf464f19,e26e8119-ae7c-4785-8350-2365c4c0f7b4,114,"Page has input type=""date""",false,0,"{""description"":""Date pickers"",""informational"":true}",Sun Feb 01 2026 21:01:33 GMT+0100 (Midden-Europese standaardtijd)
97127b6a-31aa-46c4-b6fe-19d084def05b,e26e8119-ae7c-4785-8350-2365c4c0f7b4,115,"Page has input type=""time""",false,0,"{""description"":""Time pickers"",""informational"":true}",Sun Feb 01 2026 21:01:33 GMT+0100 (Midden-Europese standaardtijd)
47babed1-41c4-43fd-91ed-a5c564a88825,e26e8119-ae7c-4785-8350-2365c4c0f7b4,116,"Page has input type=""datetime-local""",false,0,"{""description"":""Datetime pickers"",""informational"":true}",Sun Feb 01 2026 21:01:33 GMT+0100 (Midden-Europese standaardtijd)
0f1920ef-3653-46a9-985f-24494bf16366,e26e8119-ae7c-4785-8350-2365c4c0f7b4,117,"Page has input type=""month""",false,0,"{""description"":""Month pickers"",""informational"":true}",Sun Feb 01 2026 21:01:33 GMT+0100 (Midden-Europese standaardtijd)
506d33a8-7c52-4ce0-bdaa-519602261183,e26e8119-ae7c-4785-8350-2365c4c0f7b4,118,"Page has input type=""week""",false,0,"{""description"":""Week pickers"",""informational"":true}",Sun Feb 01 2026 21:01:33 GMT+0100 (Midden-Europese standaardtijd)
18501f8c-0a4b-445b-b402-07baa9bef486,e26e8119-ae7c-4785-8350-2365c4c0f7b4,119,"Page has input type=""color""",false,0,"{""description"":""Color pickers"",""informational"":true}",Sun Feb 01 2026 21:01:33 GMT+0100 (Midden-Europese standaardtijd)
3149fcf2-9d51-4837-863c-1c237583f37a,e26e8119-ae7c-4785-8350-2365c4c0f7b4,120,"Page has input type=""range""",false,0,"{""description"":""Range sliders"",""informational"":true}",Sun Feb 01 2026 21:01:33 GMT+0100 (Midden-Europese standaardtijd)
45d46a2c-d2fa-45b9-9e8c-7cc324211e79,e26e8119-ae7c-4785-8350-2365c4c0f7b4,121,"Page has input type=""search""",true,2,"{""description"":""Search inputs"",""informational"":true}",Sun Feb 01 2026 21:01:33 GMT+0100 (Midden-Europese standaardtijd)
53c9314a-cc04-4d97-8eca-41a6a745c9cf,e26e8119-ae7c-4785-8350-2365c4c0f7b4,122,"Page has input type=""tel""",false,0,"{""description"":""Telephone inputs"",""informational"":true}",Sun Feb 01 2026 21:01:33 GMT+0100 (Midden-Europese standaardtijd)
59189e48-0ac4-4f2b-bac4-c51ec4b965ef,e26e8119-ae7c-4785-8350-2365c4c0f7b4,123,"Page has input type=""url""",false,0,"{""description"":""URL inputs"",""informational"":true}",Sun Feb 01 2026 21:01:33 GMT+0100 (Midden-Europese standaardtijd)
ae309620-a1ef-40a7-8a2d-2a827bc2d1a3,e26e8119-ae7c-4785-8350-2365c4c0f7b4,124,"Page has input type=""email""",false,0,"{""description"":""Email inputs"",""informational"":true}",Sun Feb 01 2026 21:01:33 GMT+0100 (Midden-Europese standaardtijd)
11c0dbaa-1671-444f-ace3-d0a72f9b0daf,e26e8119-ae7c-4785-8350-2365c4c0f7b4,125,"Page has input type=""number""",false,0,"{""description"":""Number inputs"",""informational"":true}",Sun Feb 01 2026 21:01:33 GMT+0100 (Midden-Europese standaardtijd)
8be8c741-cf94-4217-b9d8-51eb61de8fe1,e26e8119-ae7c-4785-8350-2365c4c0f7b4,126,"Page has input type=""password""",false,0,"{""description"":""Password fields"",""informational"":true}",Sun Feb 01 2026 21:01:33 GMT+0100 (Midden-Europese standaardtijd)
14d10061-7379-4dcc-a84b-2d98d988a8f1,e26e8119-ae7c-4785-8350-2365c4c0f7b4,127,"Page has input type=""text""",false,0,"{""description"":""Text inputs"",""informational"":true}",Sun Feb 01 2026 21:01:33 GMT+0100 (Midden-Europese standaardtijd)
09b37367-ffee-47a6-856b-5d795ef5d4c5,e26e8119-ae7c-4785-8350-2365c4c0f7b4,128,Page has label,true,2,"{""description"":""Label elements"",""informational"":true}",Sun Feb 01 2026 21:01:33 GMT+0100 (Midden-Europese standaardtijd)
24ceb211-8a0b-4bc2-bfa6-9a32c3e0b0f4,e26e8119-ae7c-4785-8350-2365c4c0f7b4,129,Page has legend,false,0,"{""description"":""Legend elements"",""informational"":true}",Sun Feb 01 2026 21:01:33 GMT+0100 (Midden-Europese standaardtijd)
e8e93929-8175-4a53-9c06-892a1acc236a,e26e8119-ae7c-4785-8350-2365c4c0f7b4,130,Page has fieldset,false,0,"{""description"":""Fieldset elements"",""informational"":true}",Sun Feb 01 2026 21:01:33 GMT+0100 (Midden-Europese standaardtijd)
1d81808b-8f7a-48ea-8df0-1fb1f60f81d8,0891c4b8-b8db-4cef-90c4-f09292b1028f,48,LangAttributeMissingTest,false,0,"{""langValue"":""nl"",""wcagLevel"":""A"",""critical"":true}",Sun Feb 01 2026 21:01:34 GMT+0100 (Midden-Europese standaardtijd)
4b933a70-19ab-4091-9d9f-27d3a85319c0,0891c4b8-b8db-4cef-90c4-f09292b1028f,50,TitleMissingTest,false,0,"{""wcagLevel"":""A"",""critical"":true}",Sun Feb 01 2026 21:01:34 GMT+0100 (Midden-Europese standaardtijd)
f71bf153-4bc2-4736-9bb6-20a12c987854,0891c4b8-b8db-4cef-90c4-f09292b1028f,51,TitleEmptyTest,false,0,"{""titleText"":""Home | DigiD"",""wcagLevel"":""A"",""critical"":true}",Sun Feb 01 2026 21:01:34 GMT+0100 (Midden-Europese standaardtijd)
0a3fb1b1-da9e-4426-93a7-633a612d0d90,0891c4b8-b8db-4cef-90c4-f09292b1028f,64,ImgMissingAltTest,false,0,"{""images"":[],""totalCount"":0,""wcagLevel"":""A"",""critical"":true}",Sun Feb 01 2026 21:01:34 GMT+0100 (Midden-Europese standaardtijd)
03699cea-751a-4ec1-b32c-0c80c13929fd,0891c4b8-b8db-4cef-90c4-f09292b1028f,30,FormMissingLabelsTest,false,0,"{""forms"":[],""wcagLevel"":""A"",""critical"":true}",Sun Feb 01 2026 21:01:34 GMT+0100 (Midden-Europese standaardtijd)
b62f6f6c-e046-4898-abb6-c3dd6bfba012,0891c4b8-b8db-4cef-90c4-f09292b1028f,57,HeadingsAtLeastOneH1Test,false,0,"{""h1Count"":2,""h1Texts"":[""Laat zien wie je bent"",""""],""wcagLevel"":""A"",""critical"":true}",Sun Feb 01 2026 21:01:34 GMT+0100 (Midden-Europese standaardtijd)
29ae180a-d7e9-4a27-9625-daff3db29b6a,0891c4b8-b8db-4cef-90c4-f09292b1028f,7,IframeMissingAccessibleNameTest,false,0,"{""iframes"":[],""totalCount"":0,""wcagLevel"":""A"",""critical"":true}",Sun Feb 01 2026 21:01:34 GMT+0100 (Midden-Europese standaardtijd)
63f234c1-aa32-4876-a586-334149a1f8c4,0891c4b8-b8db-4cef-90c4-f09292b1028f,25,TableTest,false,0,"{""tables"":[],""totalCount"":0,""informational"":true}",Sun Feb 01 2026 21:01:34 GMT+0100 (Midden-Europese standaardtijd)
f64cb1b8-6bd2-48fe-a8e4-04bb9bc99381,0891c4b8-b8db-4cef-90c4-f09292b1028f,29,FormTest,true,2,"{""forms"":[{""index"":1,""action"":""#"",""method"":""GET"",""inputCount"":1},{""index"":2,""action"":""#"",""method"":""GET"",""inputCount"":1}],""totalCount"":2,""informational"":true}",Sun Feb 01 2026 21:01:34 GMT+0100 (Midden-Europese standaardtijd)
f007b26e-0a25-40a7-8f08-494a1503cce7,0891c4b8-b8db-4cef-90c4-f09292b1028f,63,ImgTest,true,19,"{""totalImages"":19,""withAlt"":19,""withoutAlt"":0,""withEmptyAlt"":16,""informational"":true}",Sun Feb 01 2026 21:01:34 GMT+0100 (Midden-Europese standaardtijd)
3682118d-6a9f-418b-9d0d-601b87bb0ac9,0891c4b8-b8db-4cef-90c4-f09292b1028f,1,IframeIsVimeoVideoWithKeysDisabledTest,false,0,"{""iframes"":[],""totalCount"":0}",Sun Feb 01 2026 21:01:34 GMT+0100 (Midden-Europese standaardtijd)
38f6392e-a84d-4ac6-82e5-c2443c8f5009,0891c4b8-b8db-4cef-90c4-f09292b1028f,2,ImgAltTooLongTest,false,0,"{""images"":[],""totalCount"":0}",Sun Feb 01 2026 21:01:34 GMT+0100 (Midden-Europese standaardtijd)
2d8119a5-3afe-4b46-9291-a89dc6fae324,0891c4b8-b8db-4cef-90c4-f09292b1028f,3,ViewportMetaRestrictsScalingTest,false,0,"{""content"":""width=device-width, initial-scale=1"",""restrictsScaling"":false}",Sun Feb 01 2026 21:01:34 GMT+0100 (Midden-Europese standaardtijd)
a7acdd5d-2dcd-4674-b409-1836645df5d9,0891c4b8-b8db-4cef-90c4-f09292b1028f,4,ImageLinkMissingAccessibleNameTest,true,1,"{""links"":[{""href"":""/nl"",""imageCount"":1}],""totalCount"":1}",Sun Feb 01 2026 21:01:34 GMT+0100 (Midden-Europese standaardtijd)
49dcf7a7-b46b-4d08-919a-a15a13983828,0891c4b8-b8db-4cef-90c4-f09292b1028f,5,PageContainsLinkReadMoreTest,false,0,"{""links"":[],""totalCount"":0}",Sun Feb 01 2026 21:01:34 GMT+0100 (Midden-Europese standaardtijd)
797bc2c4-564a-423d-8ddb-3ebe353ef4ba,0891c4b8-b8db-4cef-90c4-f09292b1028f,6,PageContainsMultipleSameLinksTest,true,15,"{""duplicateLinks"":[{""text"":""Mijn DigiD"",""occurrences"":2},{""text"":""Ik krijg een foutmelding in de DigiD app"",""occurrences"":3},{""text"":""Hoe activeer ik de DigiD app?"",""occurrences"":3},{""text"":""Hoe log ik in met de DigiD app?"",""occurrences"":2},{""text"":""Waarom lukt het activeren van mijn rijbewijs/ID-kaart niet?"",""occurrences"":3},{""text"":""Code invullen"",""occurrences"":2}],""totalCount"":15}",Sun Feb 01 2026 21:01:34 GMT+0100 (Midden-Europese standaardtijd)
b4634441-f349-4972-bf7f-62d356189c05,0891c4b8-b8db-4cef-90c4-f09292b1028f,8,IframeIsYouTubeVideoWithKeysEnabledTest,false,0,"{""iframes"":[],""totalCount"":0}",Sun Feb 01 2026 21:01:34 GMT+0100 (Midden-Europese standaardtijd)
e3760bcd-7650-4d9a-b0b4-4c9420bf138d,0891c4b8-b8db-4cef-90c4-f09292b1028f,9,TableWithHeadingsTest,false,0,"{""tables"":[],""totalCount"":0}",Sun Feb 01 2026 21:01:34 GMT+0100 (Midden-Europese standaardtijd)
308e6834-59b1-4472-bcff-5339910c52fe,0891c4b8-b8db-4cef-90c4-f09292b1028f,11,IframeIsGoogleMapTest,false,0,"{""iframes"":[],""totalCount"":0}",Sun Feb 01 2026 21:01:34 GMT+0100 (Midden-Europese standaardtijd)
cd9733cc-60f0-4261-b498-126de13f2bb6,0891c4b8-b8db-4cef-90c4-f09292b1028f,12,IframeIsScribitVideoTest,false,0,"{""iframes"":[],""totalCount"":0}",Sun Feb 01 2026 21:01:34 GMT+0100 (Midden-Europese standaardtijd)
0ba7d2b0-8e70-40d9-8a35-92249d7bc936,0891c4b8-b8db-4cef-90c4-f09292b1028f,13,IframeIsVimeoVideoWithKeysEnabledTest,false,0,"{""iframes"":[],""totalCount"":0}",Sun Feb 01 2026 21:01:34 GMT+0100 (Midden-Europese standaardtijd)
39f00e31-d041-4e35-a7ef-2de06e676dbc,0891c4b8-b8db-4cef-90c4-f09292b1028f,14,IframeIsVimeoVideoTest,false,0,"{""iframes"":[],""totalCount"":0}",Sun Feb 01 2026 21:01:34 GMT+0100 (Midden-Europese standaardtijd)
aa5123a4-7e1e-48f1-a032-38ab52fa938d,0891c4b8-b8db-4cef-90c4-f09292b1028f,15,IframeTest,false,0,"{""iframes"":[],""totalCount"":0,""informational"":true}",Sun Feb 01 2026 21:01:34 GMT+0100 (Midden-Europese standaardtijd)
86c19bb7-69a2-4462-ba1b-49b41ef119a5,0891c4b8-b8db-4cef-90c4-f09292b1028f,16,AudioHasAutoplayTest,false,0,"{""audios"":[],""totalCount"":0}",Sun Feb 01 2026 21:01:34 GMT+0100 (Midden-Europese standaardtijd)
8c7be03d-735f-4b64-b461-dca12e6a7449,0891c4b8-b8db-4cef-90c4-f09292b1028f,17,AudioControlsTest,false,0,"{""audios"":[],""totalCount"":0,""informational"":true}",Sun Feb 01 2026 21:01:34 GMT+0100 (Midden-Europese standaardtijd)
d6c14c18-d7b1-478c-adf1-93c61bf7692b,0891c4b8-b8db-4cef-90c4-f09292b1028f,18,AudioTest,false,0,"{""audios"":[],""totalCount"":0,""informational"":true}",Sun Feb 01 2026 21:01:34 GMT+0100 (Midden-Europese standaardtijd)
ca8eb9f0-03a2-46a9-afd5-4846bc101200,0891c4b8-b8db-4cef-90c4-f09292b1028f,19,VideoHasAutoplayTest,false,0,"{""videos"":[],""totalCount"":0}",Sun Feb 01 2026 21:01:34 GMT+0100 (Midden-Europese standaardtijd)
4882c626-7ee4-4396-a862-9de38715389b,0891c4b8-b8db-4cef-90c4-f09292b1028f,20,VideoMissingTitleAriaTest,false,0,"{""videos"":[],""totalCount"":0}",Sun Feb 01 2026 21:01:34 GMT+0100 (Midden-Europese standaardtijd)
9840723b-86bc-4077-b478-3c5bf3026bab,0891c4b8-b8db-4cef-90c4-f09292b1028f,21,VideoControlsTest,false,0,"{""videos"":[],""totalCount"":0,""informational"":true}",Sun Feb 01 2026 21:01:34 GMT+0100 (Midden-Europese standaardtijd)
b44d5b1b-8c47-4aa3-8031-edd0b9800634,0891c4b8-b8db-4cef-90c4-f09292b1028f,22,VideoTest,false,0,"{""videos"":[],""totalCount"":0,""informational"":true}",Sun Feb 01 2026 21:01:34 GMT+0100 (Midden-Europese standaardtijd)
8b5cf7e5-32d0-4a13-8c4e-2ce5c0d3bab1,0891c4b8-b8db-4cef-90c4-f09292b1028f,23,LinkWithoutTextTest,false,0,"{""links"":[],""totalCount"":0,""wcagLevel"":""A"",""critical"":true}",Sun Feb 01 2026 21:01:34 GMT+0100 (Midden-Europese standaardtijd)
e7fb0c98-dfaa-408f-9257-99b82d693f3b,0891c4b8-b8db-4cef-90c4-f09292b1028f,24,EmptyLinkTest,false,0,"{""links"":[],""totalCount"":0,""wcagLevel"":""A"",""critical"":true}",Sun Feb 01 2026 21:01:34 GMT+0100 (Midden-Europese standaardtijd)
027056db-f7b6-493b-854e-00d534d899fe,0891c4b8-b8db-4cef-90c4-f09292b1028f,26,TableWithoutHeadersTest,false,0,"{""tables"":[],""totalCount"":0,""wcagLevel"":""A"",""critical"":true}",Sun Feb 01 2026 21:01:34 GMT+0100 (Midden-Europese standaardtijd)
f326f197-7170-412d-b973-ee07ca3d8c77,0891c4b8-b8db-4cef-90c4-f09292b1028f,27,ListTest,true,10,"{""lists"":[{""type"":""ul"",""itemCount"":0,""index"":1},{""type"":""ul"",""itemCount"":1,""index"":2},{""type"":""ul"",""itemCount"":2,""index"":3},{""type"":""ul"",""itemCount"":5,""index"":4},{""type"":""ul"",""itemCount"":2,""index"":5},{""type"":""ul"",""itemCount"":4,""index"":6},{""type"":""ul"",""itemCount"":4,""index"":7},{""type"":""ul"",""itemCount"":3,""index"":8},{""type"":""ul"",""itemCount"":2,""index"":9},{""type"":""ul"",""itemCount"":6,""index"":10}],""totalCount"":10,""informational"":true}",Sun Feb 01 2026 21:01:34 GMT+0100 (Midden-Europese standaardtijd)
718957f9-6f28-46b4-884e-c5b03972a8a6,0891c4b8-b8db-4cef-90c4-f09292b1028f,28,DefinitionListTest,false,0,"{""lists"":[],""totalCount"":0,""informational"":true}",Sun Feb 01 2026 21:01:34 GMT+0100 (Midden-Europese standaardtijd)
85a2c4bc-8944-4ac3-b520-d128ebef79eb,0891c4b8-b8db-4cef-90c4-f09292b1028f,31,FormMissingFieldsetTest,false,0,"{""forms"":[],""totalCount"":0,""wcagLevel"":""A""}",Sun Feb 01 2026 21:01:34 GMT+0100 (Midden-Europese standaardtijd)
503f0dcd-22df-4d39-a509-6708ca08518e,0891c4b8-b8db-4cef-90c4-f09292b1028f,32,InputMissingLabelTest,false,0,"{""inputs"":[],""totalCount"":0,""wcagLevel"":""A"",""critical"":true}",Sun Feb 01 2026 21:01:34 GMT+0100 (Midden-Europese standaardtijd)
4f48578b-365f-4acd-b029-ba2e5c952ab0,0891c4b8-b8db-4cef-90c4-f09292b1028f,33,ButtonEmptyTest,false,0,"{""buttons"":[],""totalCount"":0,""wcagLevel"":""A"",""critical"":true}",Sun Feb 01 2026 21:01:34 GMT+0100 (Midden-Europese standaardtijd)
246caf0d-3373-4ad2-bf14-2f3bdcd608ea,0891c4b8-b8db-4cef-90c4-f09292b1028f,34,HeadingEmptyTest,true,1,"{""headings"":[{""level"":""h1"",""html"":""""}],""totalCount"":1,""wcagLevel"":""A"",""critical"":true}",Sun Feb 01 2026 21:01:34 GMT+0100 (Midden-Europese standaardtijd)
bef63b2f-0e70-47c3-b635-5026425d2ca7,0891c4b8-b8db-4cef-90c4-f09292b1028f,35,HeadingSkipLevelTest,false,0,"{""violations"":[],""totalCount"":0,""wcagLevel"":""AA""}",Sun Feb 01 2026 21:01:34 GMT+0100 (Midden-Europese standaardtijd)
07426fa6-8a1c-4417-835f-d609c9c0f9c4,0891c4b8-b8db-4cef-90c4-f09292b1028f,36,SkipLinkTest,false,0,"{""skipLinks"":[],""informational"":true}",Sun Feb 01 2026 21:01:34 GMT+0100 (Midden-Europese standaardtijd)
7613ad17-7f88-4d5f-a02e-a71cc0706663,0891c4b8-b8db-4cef-90c4-f09292b1028f,37,AriaLandmarksTest,true,14,"{""landmarks"":[{""type"":""aria-role"",""role"":""navigation"",""tag"":""nav""},{""type"":""aria-role"",""role"":""navigation"",""tag"":""nav""},{""type"":""aria-role"",""role"":""navigation"",""tag"":""nav""},{""type"":""aria-role"",""role"":""navigation"",""tag"":""nav""},{""type"":""semantic"",""tag"":""header""},{""type"":""semantic"",""tag"":""nav""},{""type"":""semantic"",""tag"":""nav""},{""type"":""semantic"",""tag"":""nav""},{""type"":""semantic"",""tag"":""nav""},{""type"":""semantic"",""tag"":""main""}],""totalCount"":14,""informational"":true}",Sun Feb 01 2026 21:01:34 GMT+0100 (Midden-Europese standaardtijd)
3e6bd93e-8b89-4513-9818-b57346b6ec05,0891c4b8-b8db-4cef-90c4-f09292b1028f,38,Element has tabindex,false,0,"{""description"":""Page has elements with tabindex"",""informational"":true}",Sun Feb 01 2026 21:01:34 GMT+0100 (Midden-Europese standaardtijd)
f52a885e-82ea-4161-b826-312d2fed098b,0891c4b8-b8db-4cef-90c4-f09292b1028f,39,Page has list,true,10,"{""description"":""Page has lists"",""informational"":true}",Sun Feb 01 2026 21:01:34 GMT+0100 (Midden-Europese standaardtijd)
7e2f02f7-5abc-466f-b461-3f09d07a67c3,0891c4b8-b8db-4cef-90c4-f09292b1028f,40,Page has elements with aria-label,true,2,"{""description"":""Elements with ARIA labels"",""informational"":true}",Sun Feb 01 2026 21:01:34 GMT+0100 (Midden-Europese standaardtijd)
04328851-c1b6-4fc2-99ac-a1c73c3d573d,0891c4b8-b8db-4cef-90c4-f09292b1028f,41,Page has elements with aria-expanded,true,1,"{""description"":""Expandable elements"",""informational"":true}",Sun Feb 01 2026 21:01:34 GMT+0100 (Midden-Europese standaardtijd)
3e5c3b2f-e1b2-44d2-b2db-038ea28c7545,0891c4b8-b8db-4cef-90c4-f09292b1028f,42,Page has pictures,false,0,"{""description"":""Page contains picture elements"",""informational"":true}",Sun Feb 01 2026 21:01:34 GMT+0100 (Midden-Europese standaardtijd)
6d112520-6203-4207-89fc-9cd4142a3458,0891c4b8-b8db-4cef-90c4-f09292b1028f,43,Page has images,true,19,"{""description"":""Page contains images"",""informational"":true}",Sun Feb 01 2026 21:01:34 GMT+0100 (Midden-Europese standaardtijd)
76033389-581a-4399-8839-97560a5a8d21,0891c4b8-b8db-4cef-90c4-f09292b1028f,44,Page has decorative images or text alternative is missing,true,16,"{""description"":""Decorative or missing alt"",""informational"":true}",Sun Feb 01 2026 21:01:34 GMT+0100 (Midden-Europese standaardtijd)
1df67c9f-2a41-4b94-b0f3-bdcdbc709bf5,0891c4b8-b8db-4cef-90c4-f09292b1028f,45,Page has elements with aria-describedby,false,0,"{""description"":""Elements with descriptions"",""informational"":true}",Sun Feb 01 2026 21:01:34 GMT+0100 (Midden-Europese standaardtijd)
2e83bf4a-522a-4b28-832f-9844f51f44b3,0891c4b8-b8db-4cef-90c4-f09292b1028f,46,Page has a button with aria-label,false,0,"{""description"":""Buttons with ARIA labels"",""informational"":true}",Sun Feb 01 2026 21:01:34 GMT+0100 (Midden-Europese standaardtijd)
4523523a-801f-4d55-b0b3-f6e5ded4acec,0891c4b8-b8db-4cef-90c4-f09292b1028f,47,Form with required input fields is validated by browser,false,0,"{""description"":""Browser-validated forms"",""informational"":true}",Sun Feb 01 2026 21:01:34 GMT+0100 (Midden-Europese standaardtijd)
04526337-9c92-4f91-87fb-b40eb390042c,0891c4b8-b8db-4cef-90c4-f09292b1028f,49,Page has elements with aria-labelledby,true,2,"{""description"":""Elements with labelledby"",""informational"":true}",Sun Feb 01 2026 21:01:34 GMT+0100 (Midden-Europese standaardtijd)
7c80b5c9-636d-4ee4-93bb-64e312617f0a,0891c4b8-b8db-4cef-90c4-f09292b1028f,52,Page has SVG-images,true,20,"{""description"":""Page contains SVG"",""informational"":true}",Sun Feb 01 2026 21:01:34 GMT+0100 (Midden-Europese standaardtijd)
b8c63d7d-9881-47cb-996f-8e27e8ac24e4,0891c4b8-b8db-4cef-90c4-f09292b1028f,53,Page has elements with role=menu,false,0,"{""description"":""Menu elements"",""informational"":true}",Sun Feb 01 2026 21:01:34 GMT+0100 (Midden-Europese standaardtijd)
3ac384bd-f312-444c-ac4e-4e73d413a5a4,0891c4b8-b8db-4cef-90c4-f09292b1028f,54,Page has fieldset without legend,false,0,"{""description"":""Fieldsets missing legends"",""informational"":true}",Sun Feb 01 2026 21:01:34 GMT+0100 (Midden-Europese standaardtijd)
995ed692-c13d-48ac-80cc-3b447f3d01d1,0891c4b8-b8db-4cef-90c4-f09292b1028f,55,Page has dialog or modal window,false,0,"{""description"":""Dialog elements"",""informational"":true}",Sun Feb 01 2026 21:01:34 GMT+0100 (Midden-Europese standaardtijd)
e7b47b44-737d-4584-bb20-b6a5a35469ee,0891c4b8-b8db-4cef-90c4-f09292b1028f,56,Page has interactive image,false,0,"{""description"":""Interactive images"",""informational"":true}",Sun Feb 01 2026 21:01:34 GMT+0100 (Midden-Europese standaardtijd)
88f2256e-fdea-4a7e-bc38-16c4e8526330,0891c4b8-b8db-4cef-90c4-f09292b1028f,10,Page has aria-hidden element,true,7,"{""description"":""Hidden elements"",""informational"":true}",Sun Feb 01 2026 21:01:34 GMT+0100 (Midden-Europese standaardtijd)
ebbfbe75-2466-4ce5-a012-e4d1147b408c,0891c4b8-b8db-4cef-90c4-f09292b1028f,58,Page has input fields with autocomplete,false,0,"{""description"":""Autocomplete fields"",""informational"":true}",Sun Feb 01 2026 21:01:34 GMT+0100 (Midden-Europese standaardtijd)
2f4183e8-7718-48f2-9e40-4c1bfe9b2609,0891c4b8-b8db-4cef-90c4-f09292b1028f,59,Page has aria-invalid element,false,0,"{""description"":""Invalid elements"",""informational"":true}",Sun Feb 01 2026 21:01:34 GMT+0100 (Midden-Europese standaardtijd)
0b94f05d-4b4f-49ab-ac5f-1ec4076ced6f,0891c4b8-b8db-4cef-90c4-f09292b1028f,60,Page has aria-required element,false,0,"{""description"":""Required elements"",""informational"":true}",Sun Feb 01 2026 21:01:34 GMT+0100 (Midden-Europese standaardtijd)
29b0cc1b-f3ff-4ef1-bd16-a79ee93bf6ad,0891c4b8-b8db-4cef-90c4-f09292b1028f,61,Page has accesskey,false,0,"{""description"":""Accesskey attributes"",""informational"":true}",Sun Feb 01 2026 21:01:34 GMT+0100 (Midden-Europese standaardtijd)
27daf327-bfa5-4663-bed8-454d9ca768fb,0891c4b8-b8db-4cef-90c4-f09292b1028f,62,Page has aria-live element,false,0,"{""description"":""Live regions"",""informational"":true}",Sun Feb 01 2026 21:01:34 GMT+0100 (Midden-Europese standaardtijd)
9c103a7c-556c-48d5-a54b-def557551b5e,0891c4b8-b8db-4cef-90c4-f09292b1028f,65,Page has strong or bold,false,0,"{""description"":""Bold text"",""informational"":true}",Sun Feb 01 2026 21:01:34 GMT+0100 (Midden-Europese standaardtijd)
80944cd4-318d-465e-b5ea-4bf558739f3d,0891c4b8-b8db-4cef-90c4-f09292b1028f,66,Page has em or italic,false,0,"{""description"":""Italic text"",""informational"":true}",Sun Feb 01 2026 21:01:34 GMT+0100 (Midden-Europese standaardtijd)
1740fae7-15ec-4791-90a8-f66208e72cd6,0891c4b8-b8db-4cef-90c4-f09292b1028f,67,Page has preformatted text,false,0,"{""description"":""Preformatted content"",""informational"":true}",Sun Feb 01 2026 21:01:34 GMT+0100 (Midden-Europese standaardtijd)
0b00e1fc-748d-48b6-8094-fd5d1bbf580a,0891c4b8-b8db-4cef-90c4-f09292b1028f,68,Page has code block,false,0,"{""description"":""Code blocks"",""informational"":true}",Sun Feb 01 2026 21:01:34 GMT+0100 (Midden-Europese standaardtijd)
1fd30bd3-abf5-412c-bfd4-69902aa32414,0891c4b8-b8db-4cef-90c4-f09292b1028f,69,Page has blockquote,false,0,"{""description"":""Quote blocks"",""informational"":true}",Sun Feb 01 2026 21:01:34 GMT+0100 (Midden-Europese standaardtijd)
8debc7bd-4ae7-4239-96b6-300891b845f8,0891c4b8-b8db-4cef-90c4-f09292b1028f,70,Page has abbreviation,false,0,"{""description"":""Abbreviations"",""informational"":true}",Sun Feb 01 2026 21:01:34 GMT+0100 (Midden-Europese standaardtijd)
1b34f986-ca25-4ac9-a3e6-0c3a17a59505,0891c4b8-b8db-4cef-90c4-f09292b1028f,71,Page has citation,false,0,"{""description"":""Citations"",""informational"":true}",Sun Feb 01 2026 21:01:34 GMT+0100 (Midden-Europese standaardtijd)
5ec96bd3-0795-4bf7-82bb-9b1928a0ef75,0891c4b8-b8db-4cef-90c4-f09292b1028f,72,Page has marked text,false,0,"{""description"":""Highlighted text"",""informational"":true}",Sun Feb 01 2026 21:01:34 GMT+0100 (Midden-Europese standaardtijd)
8c45b38c-cd4e-4b07-89e0-7e9e641ae9f5,0891c4b8-b8db-4cef-90c4-f09292b1028f,73,Page has subscript,false,0,"{""description"":""Subscript text"",""informational"":true}",Sun Feb 01 2026 21:01:34 GMT+0100 (Midden-Europese standaardtijd)
4ce7c07a-408e-42f1-a782-a68cc2abd828,0891c4b8-b8db-4cef-90c4-f09292b1028f,74,Page has superscript,false,0,"{""description"":""Superscript text"",""informational"":true}",Sun Feb 01 2026 21:01:34 GMT+0100 (Midden-Europese standaardtijd)
ef057723-d4f2-480a-bda2-6373bc6b6a8f,0891c4b8-b8db-4cef-90c4-f09292b1028f,75,Page has time,false,0,"{""description"":""Time elements"",""informational"":true}",Sun Feb 01 2026 21:01:34 GMT+0100 (Midden-Europese standaardtijd)
82d7ed12-7863-43c5-b903-516b1c2c1406,0891c4b8-b8db-4cef-90c4-f09292b1028f,76,Page has data,false,0,"{""description"":""Data elements"",""informational"":true}",Sun Feb 01 2026 21:01:34 GMT+0100 (Midden-Europese standaardtijd)
4c21d381-1ac8-4b18-a1b6-7aa96a1eebe3,0891c4b8-b8db-4cef-90c4-f09292b1028f,77,Page has details,false,0,"{""description"":""Details elements"",""informational"":true}",Sun Feb 01 2026 21:01:34 GMT+0100 (Midden-Europese standaardtijd)
64ac489e-bef4-424f-8d76-3c648cf8fd76,0891c4b8-b8db-4cef-90c4-f09292b1028f,78,Page has summary,false,0,"{""description"":""Summary elements"",""informational"":true}",Sun Feb 01 2026 21:01:34 GMT+0100 (Midden-Europese standaardtijd)
fe3bd420-ebfd-479a-b316-8aae28390581,0891c4b8-b8db-4cef-90c4-f09292b1028f,79,Page has article,false,0,"{""description"":""Article elements"",""informational"":true}",Sun Feb 01 2026 21:01:34 GMT+0100 (Midden-Europese standaardtijd)
24fbcd26-099e-4ca7-a8b6-c7b6fe3df2b7,0891c4b8-b8db-4cef-90c4-f09292b1028f,80,Page has section,true,3,"{""description"":""Section elements"",""informational"":true}",Sun Feb 01 2026 21:01:34 GMT+0100 (Midden-Europese standaardtijd)
cbe16b37-41b1-47ba-a763-93b63a8437ac,0891c4b8-b8db-4cef-90c4-f09292b1028f,81,Page has nav,true,6,"{""description"":""Navigation elements"",""informational"":true}",Sun Feb 01 2026 21:01:34 GMT+0100 (Midden-Europese standaardtijd)
d0b8caeb-125b-4b95-825a-7b9b2c703e59,0891c4b8-b8db-4cef-90c4-f09292b1028f,82,Page has aside,false,0,"{""description"":""Aside elements"",""informational"":true}",Sun Feb 01 2026 21:01:34 GMT+0100 (Midden-Europese standaardtijd)
9555f8aa-4bed-4736-81ca-db2ed283971a,0891c4b8-b8db-4cef-90c4-f09292b1028f,83,Page has header,true,2,"{""description"":""Header elements"",""informational"":true}",Sun Feb 01 2026 21:01:34 GMT+0100 (Midden-Europese standaardtijd)
72b380fa-3d18-4753-8b06-b9c377dc70fe,0891c4b8-b8db-4cef-90c4-f09292b1028f,84,Page has footer,true,1,"{""description"":""Footer elements"",""informational"":true}",Sun Feb 01 2026 21:01:34 GMT+0100 (Midden-Europese standaardtijd)
0bfe3917-b831-41c9-a03a-0260b8f73a58,0891c4b8-b8db-4cef-90c4-f09292b1028f,85,Page has main,true,1,"{""description"":""Main content"",""informational"":true}",Sun Feb 01 2026 21:01:34 GMT+0100 (Midden-Europese standaardtijd)
7dc5334d-df30-4649-b2d1-a306c8eadbf6,0891c4b8-b8db-4cef-90c4-f09292b1028f,86,Page has figure,false,0,"{""description"":""Figure elements"",""informational"":true}",Sun Feb 01 2026 21:01:34 GMT+0100 (Midden-Europese standaardtijd)
3d998e56-679a-4ecd-b4b1-34d1a192615d,0891c4b8-b8db-4cef-90c4-f09292b1028f,87,Page has figcaption,false,0,"{""description"":""Figure captions"",""informational"":true}",Sun Feb 01 2026 21:01:34 GMT+0100 (Midden-Europese standaardtijd)
5943ea92-24c3-4553-96b8-c322434a358a,0891c4b8-b8db-4cef-90c4-f09292b1028f,88,Page has address,false,0,"{""description"":""Address elements"",""informational"":true}",Sun Feb 01 2026 21:01:34 GMT+0100 (Midden-Europese standaardtijd)
ffb93e7f-7a86-43f5-869f-59f125f36fd2,0891c4b8-b8db-4cef-90c4-f09292b1028f,89,Page has progress,false,0,"{""description"":""Progress bars"",""informational"":true}",Sun Feb 01 2026 21:01:34 GMT+0100 (Midden-Europese standaardtijd)
58ef4260-4d4a-42ee-bae1-55009be00cfa,0891c4b8-b8db-4cef-90c4-f09292b1028f,90,Page has meter,false,0,"{""description"":""Meter elements"",""informational"":true}",Sun Feb 01 2026 21:01:34 GMT+0100 (Midden-Europese standaardtijd)
36261114-efd3-4fa1-89b7-01a62b95b7ff,0891c4b8-b8db-4cef-90c4-f09292b1028f,91,Page has output,false,0,"{""description"":""Output elements"",""informational"":true}",Sun Feb 01 2026 21:01:34 GMT+0100 (Midden-Europese standaardtijd)
7ed0818b-4733-42a8-8105-5e284a890d67,0891c4b8-b8db-4cef-90c4-f09292b1028f,92,Page has canvas,false,0,"{""description"":""Canvas elements"",""informational"":true}",Sun Feb 01 2026 21:01:34 GMT+0100 (Midden-Europese standaardtijd)
68860728-1b23-45a0-9389-4d01308115b2,0891c4b8-b8db-4cef-90c4-f09292b1028f,93,Page has object,false,0,"{""description"":""Object embeds"",""informational"":true}",Sun Feb 01 2026 21:01:34 GMT+0100 (Midden-Europese standaardtijd)
9db91a28-a917-4beb-9ca5-eb50ee0f763b,0891c4b8-b8db-4cef-90c4-f09292b1028f,94,Page has embed,false,0,"{""description"":""Embed elements"",""informational"":true}",Sun Feb 01 2026 21:01:34 GMT+0100 (Midden-Europese standaardtijd)
6c05789e-171a-4fec-b96a-f8636e10eaf6,0891c4b8-b8db-4cef-90c4-f09292b1028f,95,Page has param,false,0,"{""description"":""Param elements"",""informational"":true}",Sun Feb 01 2026 21:01:34 GMT+0100 (Midden-Europese standaardtijd)
0e58b372-7e5d-41a2-ae8a-dfe44e4b2232,0891c4b8-b8db-4cef-90c4-f09292b1028f,96,Page has source,false,0,"{""description"":""Source elements"",""informational"":true}",Sun Feb 01 2026 21:01:34 GMT+0100 (Midden-Europese standaardtijd)
cb69db2b-6738-4b49-8873-062464d8a953,0891c4b8-b8db-4cef-90c4-f09292b1028f,97,Page has track,false,0,"{""description"":""Track elements (captions)"",""informational"":true}",Sun Feb 01 2026 21:01:34 GMT+0100 (Midden-Europese standaardtijd)
10db3c3c-8fbf-4808-a54d-47820ffa4141,0891c4b8-b8db-4cef-90c4-f09292b1028f,98,Page has map,false,0,"{""description"":""Image maps"",""informational"":true}",Sun Feb 01 2026 21:01:34 GMT+0100 (Midden-Europese standaardtijd)
370b26bc-6bc6-46b4-ae0a-ab50d930d7e3,0891c4b8-b8db-4cef-90c4-f09292b1028f,99,Page has area,false,0,"{""description"":""Map areas"",""informational"":true}",Sun Feb 01 2026 21:01:34 GMT+0100 (Midden-Europese standaardtijd)
eb8dc624-f418-4a2f-a405-08a25b4f259c,0891c4b8-b8db-4cef-90c4-f09292b1028f,100,Page has select,false,0,"{""description"":""Select dropdowns"",""informational"":true}",Sun Feb 01 2026 21:01:34 GMT+0100 (Midden-Europese standaardtijd)
c4b11316-4d61-432f-ae28-de5b282333ff,0891c4b8-b8db-4cef-90c4-f09292b1028f,101,Page has optgroup,false,0,"{""description"":""Option groups"",""informational"":true}",Sun Feb 01 2026 21:01:34 GMT+0100 (Midden-Europese standaardtijd)
590b4081-e0f3-4ac4-bdff-f85afdf06bac,0891c4b8-b8db-4cef-90c4-f09292b1028f,102,Page has option,false,0,"{""description"":""Select options"",""informational"":true}",Sun Feb 01 2026 21:01:34 GMT+0100 (Midden-Europese standaardtijd)
efa725a6-81ec-44c7-82c1-84f40c1e096c,0891c4b8-b8db-4cef-90c4-f09292b1028f,103,Page has textarea,false,0,"{""description"":""Text areas"",""informational"":true}",Sun Feb 01 2026 21:01:34 GMT+0100 (Midden-Europese standaardtijd)
7a95c779-e03d-4559-bb4f-145baf9b4b61,0891c4b8-b8db-4cef-90c4-f09292b1028f,104,Page has keygen,false,0,"{""description"":""Keygen elements"",""informational"":true}",Sun Feb 01 2026 21:01:34 GMT+0100 (Midden-Europese standaardtijd)
983a3813-0a86-4d70-afc3-c2def2d747fc,0891c4b8-b8db-4cef-90c4-f09292b1028f,105,Page has datalist,false,0,"{""description"":""Data lists"",""informational"":true}",Sun Feb 01 2026 21:01:34 GMT+0100 (Midden-Europese standaardtijd)
3ab76df3-0233-4482-bea3-6f38dd413cc0,0891c4b8-b8db-4cef-90c4-f09292b1028f,106,"Page has input type=""checkbox""",false,0,"{""description"":""Checkboxes"",""informational"":true}",Sun Feb 01 2026 21:01:34 GMT+0100 (Midden-Europese standaardtijd)
a7df2643-1fe9-4ca9-a742-6b12727de66e,0891c4b8-b8db-4cef-90c4-f09292b1028f,107,"Page has input type=""radio""",false,0,"{""description"":""Radio buttons"",""informational"":true}",Sun Feb 01 2026 21:01:34 GMT+0100 (Midden-Europese standaardtijd)
c07f7a09-d472-43d6-8d12-5462c2c42a4b,0891c4b8-b8db-4cef-90c4-f09292b1028f,108,"Page has input type=""submit""",false,0,"{""description"":""Submit buttons"",""informational"":true}",Sun Feb 01 2026 21:01:34 GMT+0100 (Midden-Europese standaardtijd)
fb2f2e26-66fd-4034-b7e5-e51f4885fe3d,0891c4b8-b8db-4cef-90c4-f09292b1028f,109,"Page has input type=""reset""",false,0,"{""description"":""Reset buttons"",""informational"":true}",Sun Feb 01 2026 21:01:34 GMT+0100 (Midden-Europese standaardtijd)
11af709f-e1d8-4f33-8999-f1f24b0ec530,0891c4b8-b8db-4cef-90c4-f09292b1028f,110,"Page has input type=""button""",false,0,"{""description"":""Button inputs"",""informational"":true}",Sun Feb 01 2026 21:01:34 GMT+0100 (Midden-Europese standaardtijd)
e97b3003-9c90-4482-88ac-33115ad1a373,0891c4b8-b8db-4cef-90c4-f09292b1028f,111,"Page has input type=""file""",false,0,"{""description"":""File inputs"",""informational"":true}",Sun Feb 01 2026 21:01:34 GMT+0100 (Midden-Europese standaardtijd)
89083c82-e5e2-4bba-9789-ea901b204445,0891c4b8-b8db-4cef-90c4-f09292b1028f,112,"Page has input type=""hidden""",false,0,"{""description"":""Hidden inputs"",""informational"":true}",Sun Feb 01 2026 21:01:34 GMT+0100 (Midden-Europese standaardtijd)
5f4c704b-874e-4a38-92c6-9ddfeaac7ecc,0891c4b8-b8db-4cef-90c4-f09292b1028f,113,"Page has input type=""image""",false,0,"{""description"":""Image buttons"",""informational"":true}",Sun Feb 01 2026 21:01:34 GMT+0100 (Midden-Europese standaardtijd)
e2105aaa-bdd5-4a80-ab65-18a3f207285c,0891c4b8-b8db-4cef-90c4-f09292b1028f,114,"Page has input type=""date""",false,0,"{""description"":""Date pickers"",""informational"":true}",Sun Feb 01 2026 21:01:34 GMT+0100 (Midden-Europese standaardtijd)
1bfb3743-e376-44d9-aa92-5cde98cc5830,0891c4b8-b8db-4cef-90c4-f09292b1028f,115,"Page has input type=""time""",false,0,"{""description"":""Time pickers"",""informational"":true}",Sun Feb 01 2026 21:01:34 GMT+0100 (Midden-Europese standaardtijd)
cd8caea5-0be2-46e6-99e1-ba77ea84bc15,0891c4b8-b8db-4cef-90c4-f09292b1028f,116,"Page has input type=""datetime-local""",false,0,"{""description"":""Datetime pickers"",""informational"":true}",Sun Feb 01 2026 21:01:34 GMT+0100 (Midden-Europese standaardtijd)
9b6b3e0c-2e71-4a67-818f-3b7ee80ea686,0891c4b8-b8db-4cef-90c4-f09292b1028f,117,"Page has input type=""month""",false,0,"{""description"":""Month pickers"",""informational"":true}",Sun Feb 01 2026 21:01:34 GMT+0100 (Midden-Europese standaardtijd)
f74d502f-91f3-4f55-ad45-6fb683c0ad92,0891c4b8-b8db-4cef-90c4-f09292b1028f,118,"Page has input type=""week""",false,0,"{""description"":""Week pickers"",""informational"":true}",Sun Feb 01 2026 21:01:34 GMT+0100 (Midden-Europese standaardtijd)
f90c9c6a-b055-4bf8-88c7-c2f4b38f2012,0891c4b8-b8db-4cef-90c4-f09292b1028f,119,"Page has input type=""color""",false,0,"{""description"":""Color pickers"",""informational"":true}",Sun Feb 01 2026 21:01:34 GMT+0100 (Midden-Europese standaardtijd)
80e77eaf-029f-40d5-8782-bee1868c69e1,0891c4b8-b8db-4cef-90c4-f09292b1028f,120,"Page has input type=""range""",false,0,"{""description"":""Range sliders"",""informational"":true}",Sun Feb 01 2026 21:01:34 GMT+0100 (Midden-Europese standaardtijd)
0738222d-5729-4395-a90f-353e59b3d4b6,0891c4b8-b8db-4cef-90c4-f09292b1028f,121,"Page has input type=""search""",true,2,"{""description"":""Search inputs"",""informational"":true}",Sun Feb 01 2026 21:01:34 GMT+0100 (Midden-Europese standaardtijd)
6e2e3716-1d89-4f25-a7bc-3165b6cfecf1,0891c4b8-b8db-4cef-90c4-f09292b1028f,122,"Page has input type=""tel""",false,0,"{""description"":""Telephone inputs"",""informational"":true}",Sun Feb 01 2026 21:01:34 GMT+0100 (Midden-Europese standaardtijd)
e852504e-81d8-4ae9-b2ac-f2b7a99ab6b0,0891c4b8-b8db-4cef-90c4-f09292b1028f,123,"Page has input type=""url""",false,0,"{""description"":""URL inputs"",""informational"":true}",Sun Feb 01 2026 21:01:34 GMT+0100 (Midden-Europese standaardtijd)
3209302e-f1de-4865-a066-f6e8821183f3,0891c4b8-b8db-4cef-90c4-f09292b1028f,124,"Page has input type=""email""",false,0,"{""description"":""Email inputs"",""informational"":true}",Sun Feb 01 2026 21:01:34 GMT+0100 (Midden-Europese standaardtijd)
a00cacf4-338e-4b94-ae07-9fe833c21f7f,0891c4b8-b8db-4cef-90c4-f09292b1028f,125,"Page has input type=""number""",false,0,"{""description"":""Number inputs"",""informational"":true}",Sun Feb 01 2026 21:01:34 GMT+0100 (Midden-Europese standaardtijd)
b3b8270d-41c1-46dd-a506-ff82a1bbc564,0891c4b8-b8db-4cef-90c4-f09292b1028f,126,"Page has input type=""password""",false,0,"{""description"":""Password fields"",""informational"":true}",Sun Feb 01 2026 21:01:34 GMT+0100 (Midden-Europese standaardtijd)
8f3ae576-0478-4785-a04c-65dd66bfd621,0891c4b8-b8db-4cef-90c4-f09292b1028f,127,"Page has input type=""text""",false,0,"{""description"":""Text inputs"",""informational"":true}",Sun Feb 01 2026 21:01:34 GMT+0100 (Midden-Europese standaardtijd)
7e39a041-91a5-4705-91b1-80285d055e71,0891c4b8-b8db-4cef-90c4-f09292b1028f,128,Page has label,true,2,"{""description"":""Label elements"",""informational"":true}",Sun Feb 01 2026 21:01:34 GMT+0100 (Midden-Europese standaardtijd)
61c961d9-8b0a-4fa7-9b11-2342e370e089,0891c4b8-b8db-4cef-90c4-f09292b1028f,129,Page has legend,false,0,"{""description"":""Legend elements"",""informational"":true}",Sun Feb 01 2026 21:01:34 GMT+0100 (Midden-Europese standaardtijd)
f891bc96-8a58-4acb-bc42-80da89050d22,0891c4b8-b8db-4cef-90c4-f09292b1028f,130,Page has fieldset,false,0,"{""description"":""Fieldset elements"",""informational"":true}",Sun Feb 01 2026 21:01:34 GMT+0100 (Midden-Europese standaardtijd)
e6ecc3ab-435e-476d-843b-42622ba89ec0,ba20428e-b7ce-4473-ae04-81d19e61e7c5,48,LangAttributeMissingTest,false,0,"{""langValue"":""nl"",""wcagLevel"":""A"",""critical"":true}",Sun Feb 01 2026 21:01:36 GMT+0100 (Midden-Europese standaardtijd)
08327776-b406-4875-8543-2b0e9eaacde8,ba20428e-b7ce-4473-ae04-81d19e61e7c5,50,TitleMissingTest,false,0,"{""wcagLevel"":""A"",""critical"":true}",Sun Feb 01 2026 21:01:36 GMT+0100 (Midden-Europese standaardtijd)
fd3d7918-1af2-42fe-ba05-1a8254b393ce,ba20428e-b7ce-4473-ae04-81d19e61e7c5,51,TitleEmptyTest,false,0,"{""titleText"":""Home | DigiD"",""wcagLevel"":""A"",""critical"":true}",Sun Feb 01 2026 21:01:36 GMT+0100 (Midden-Europese standaardtijd)
dc248a5f-f883-4b99-ab7b-18914eff4a95,ba20428e-b7ce-4473-ae04-81d19e61e7c5,64,ImgMissingAltTest,false,0,"{""images"":[],""totalCount"":0,""wcagLevel"":""A"",""critical"":true}",Sun Feb 01 2026 21:01:36 GMT+0100 (Midden-Europese standaardtijd)
9bd52f6b-e3fb-470a-aba9-03d3fec495ff,ba20428e-b7ce-4473-ae04-81d19e61e7c5,30,FormMissingLabelsTest,false,0,"{""forms"":[],""wcagLevel"":""A"",""critical"":true}",Sun Feb 01 2026 21:01:36 GMT+0100 (Midden-Europese standaardtijd)
e94b2bfd-049b-4052-a040-c95e0483b6b8,ba20428e-b7ce-4473-ae04-81d19e61e7c5,57,HeadingsAtLeastOneH1Test,false,0,"{""h1Count"":2,""h1Texts"":[""Laat zien wie je bent"",""""],""wcagLevel"":""A"",""critical"":true}",Sun Feb 01 2026 21:01:36 GMT+0100 (Midden-Europese standaardtijd)
9f530a2d-3b37-4910-bde6-cceb23bbeb03,ba20428e-b7ce-4473-ae04-81d19e61e7c5,7,IframeMissingAccessibleNameTest,false,0,"{""iframes"":[],""totalCount"":0,""wcagLevel"":""A"",""critical"":true}",Sun Feb 01 2026 21:01:36 GMT+0100 (Midden-Europese standaardtijd)
0d28a461-a9a4-4a10-a130-8b6c599e22b8,ba20428e-b7ce-4473-ae04-81d19e61e7c5,25,TableTest,false,0,"{""tables"":[],""totalCount"":0,""informational"":true}",Sun Feb 01 2026 21:01:36 GMT+0100 (Midden-Europese standaardtijd)
4288a0ec-7d86-4ea4-bd78-72f9d8dbf8a4,ba20428e-b7ce-4473-ae04-81d19e61e7c5,29,FormTest,true,2,"{""forms"":[{""index"":1,""action"":""#"",""method"":""GET"",""inputCount"":1},{""index"":2,""action"":""#"",""method"":""GET"",""inputCount"":1}],""totalCount"":2,""informational"":true}",Sun Feb 01 2026 21:01:36 GMT+0100 (Midden-Europese standaardtijd)
f0d63021-23d6-4f71-85cc-1766d9d91b61,ba20428e-b7ce-4473-ae04-81d19e61e7c5,63,ImgTest,true,19,"{""totalImages"":19,""withAlt"":19,""withoutAlt"":0,""withEmptyAlt"":16,""informational"":true}",Sun Feb 01 2026 21:01:36 GMT+0100 (Midden-Europese standaardtijd)
3e65a629-8c45-4e8a-957e-7c565812c0ab,ba20428e-b7ce-4473-ae04-81d19e61e7c5,1,IframeIsVimeoVideoWithKeysDisabledTest,false,0,"{""iframes"":[],""totalCount"":0}",Sun Feb 01 2026 21:01:36 GMT+0100 (Midden-Europese standaardtijd)
3bd2fdf3-3b7a-48d7-80eb-ca2c83771454,ba20428e-b7ce-4473-ae04-81d19e61e7c5,2,ImgAltTooLongTest,false,0,"{""images"":[],""totalCount"":0}",Sun Feb 01 2026 21:01:36 GMT+0100 (Midden-Europese standaardtijd)
fea92e63-a543-4971-bb05-946bf8768cdb,ba20428e-b7ce-4473-ae04-81d19e61e7c5,3,ViewportMetaRestrictsScalingTest,false,0,"{""content"":""width=device-width, initial-scale=1"",""restrictsScaling"":false}",Sun Feb 01 2026 21:01:36 GMT+0100 (Midden-Europese standaardtijd)
7a45a5e7-af93-436f-a5df-65b24b23f4d9,ba20428e-b7ce-4473-ae04-81d19e61e7c5,4,ImageLinkMissingAccessibleNameTest,true,1,"{""links"":[{""href"":""/nl"",""imageCount"":1}],""totalCount"":1}",Sun Feb 01 2026 21:01:36 GMT+0100 (Midden-Europese standaardtijd)
6f841123-f6d6-43db-8174-54ffe3cc22e3,ba20428e-b7ce-4473-ae04-81d19e61e7c5,5,PageContainsLinkReadMoreTest,false,0,"{""links"":[],""totalCount"":0}",Sun Feb 01 2026 21:01:36 GMT+0100 (Midden-Europese standaardtijd)
9e049143-62ca-4946-a991-816243652544,ba20428e-b7ce-4473-ae04-81d19e61e7c5,6,PageContainsMultipleSameLinksTest,true,15,"{""duplicateLinks"":[{""text"":""Mijn DigiD"",""occurrences"":2},{""text"":""Ik krijg een foutmelding in de DigiD app"",""occurrences"":3},{""text"":""Hoe activeer ik de DigiD app?"",""occurrences"":3},{""text"":""Hoe log ik in met de DigiD app?"",""occurrences"":2},{""text"":""Waarom lukt het activeren van mijn rijbewijs/ID-kaart niet?"",""occurrences"":3},{""text"":""Code invullen"",""occurrences"":2}],""totalCount"":15}",Sun Feb 01 2026 21:01:36 GMT+0100 (Midden-Europese standaardtijd)
40139847-eb27-49f8-a3d2-9aef993747e2,ba20428e-b7ce-4473-ae04-81d19e61e7c5,8,IframeIsYouTubeVideoWithKeysEnabledTest,false,0,"{""iframes"":[],""totalCount"":0}",Sun Feb 01 2026 21:01:36 GMT+0100 (Midden-Europese standaardtijd)
9c3566aa-0928-4c23-b736-e988276cd675,ba20428e-b7ce-4473-ae04-81d19e61e7c5,9,TableWithHeadingsTest,false,0,"{""tables"":[],""totalCount"":0}",Sun Feb 01 2026 21:01:36 GMT+0100 (Midden-Europese standaardtijd)
599eecbb-a9e4-4356-abea-97dc887c4bf8,ba20428e-b7ce-4473-ae04-81d19e61e7c5,11,IframeIsGoogleMapTest,false,0,"{""iframes"":[],""totalCount"":0}",Sun Feb 01 2026 21:01:36 GMT+0100 (Midden-Europese standaardtijd)
04abeeef-a798-4d69-a0ef-bd63bd6893ae,ba20428e-b7ce-4473-ae04-81d19e61e7c5,12,IframeIsScribitVideoTest,false,0,"{""iframes"":[],""totalCount"":0}",Sun Feb 01 2026 21:01:36 GMT+0100 (Midden-Europese standaardtijd)
e967bfcb-98a0-4473-bb7b-1b4302f4a659,ba20428e-b7ce-4473-ae04-81d19e61e7c5,13,IframeIsVimeoVideoWithKeysEnabledTest,false,0,"{""iframes"":[],""totalCount"":0}",Sun Feb 01 2026 21:01:36 GMT+0100 (Midden-Europese standaardtijd)
789d81f7-03f8-49da-a680-354a24c10167,ba20428e-b7ce-4473-ae04-81d19e61e7c5,14,IframeIsVimeoVideoTest,false,0,"{""iframes"":[],""totalCount"":0}",Sun Feb 01 2026 21:01:36 GMT+0100 (Midden-Europese standaardtijd)
da45fcbe-63b1-4ba6-a401-e1e2785b6719,ba20428e-b7ce-4473-ae04-81d19e61e7c5,15,IframeTest,false,0,"{""iframes"":[],""totalCount"":0,""informational"":true}",Sun Feb 01 2026 21:01:36 GMT+0100 (Midden-Europese standaardtijd)
bdbd964e-5e32-43fc-9172-8aa302d7ef87,ba20428e-b7ce-4473-ae04-81d19e61e7c5,16,AudioHasAutoplayTest,false,0,"{""audios"":[],""totalCount"":0}",Sun Feb 01 2026 21:01:36 GMT+0100 (Midden-Europese standaardtijd)
98bfbe53-6cb8-4454-b49b-c4a8bb7e5ad2,ba20428e-b7ce-4473-ae04-81d19e61e7c5,17,AudioControlsTest,false,0,"{""audios"":[],""totalCount"":0,""informational"":true}",Sun Feb 01 2026 21:01:36 GMT+0100 (Midden-Europese standaardtijd)
3c203f24-374b-4a39-948c-e75cc9e78d4c,ba20428e-b7ce-4473-ae04-81d19e61e7c5,18,AudioTest,false,0,"{""audios"":[],""totalCount"":0,""informational"":true}",Sun Feb 01 2026 21:01:36 GMT+0100 (Midden-Europese standaardtijd)
faa2b618-76a6-43f9-9e98-3e74c5d62168,ba20428e-b7ce-4473-ae04-81d19e61e7c5,19,VideoHasAutoplayTest,false,0,"{""videos"":[],""totalCount"":0}",Sun Feb 01 2026 21:01:36 GMT+0100 (Midden-Europese standaardtijd)
44d6c909-a29f-4821-b5f9-59ffa272ad55,ba20428e-b7ce-4473-ae04-81d19e61e7c5,20,VideoMissingTitleAriaTest,false,0,"{""videos"":[],""totalCount"":0}",Sun Feb 01 2026 21:01:36 GMT+0100 (Midden-Europese standaardtijd)
9559aabc-32fd-4aed-8f7a-fbc4f6dadf72,ba20428e-b7ce-4473-ae04-81d19e61e7c5,21,VideoControlsTest,false,0,"{""videos"":[],""totalCount"":0,""informational"":true}",Sun Feb 01 2026 21:01:36 GMT+0100 (Midden-Europese standaardtijd)
059dd3d7-0575-4e43-84c0-e3d336e412cd,ba20428e-b7ce-4473-ae04-81d19e61e7c5,22,VideoTest,false,0,"{""videos"":[],""totalCount"":0,""informational"":true}",Sun Feb 01 2026 21:01:36 GMT+0100 (Midden-Europese standaardtijd)
1c9a8297-0344-4872-a66d-e51609fa1c82,ba20428e-b7ce-4473-ae04-81d19e61e7c5,23,LinkWithoutTextTest,false,0,"{""links"":[],""totalCount"":0,""wcagLevel"":""A"",""critical"":true}",Sun Feb 01 2026 21:01:36 GMT+0100 (Midden-Europese standaardtijd)
453ffbb6-9e68-4ccb-8a69-04fd8cbfaa58,ba20428e-b7ce-4473-ae04-81d19e61e7c5,24,EmptyLinkTest,false,0,"{""links"":[],""totalCount"":0,""wcagLevel"":""A"",""critical"":true}",Sun Feb 01 2026 21:01:36 GMT+0100 (Midden-Europese standaardtijd)
ff04fca9-7bcc-4758-8f1e-9a395299c9d2,ba20428e-b7ce-4473-ae04-81d19e61e7c5,26,TableWithoutHeadersTest,false,0,"{""tables"":[],""totalCount"":0,""wcagLevel"":""A"",""critical"":true}",Sun Feb 01 2026 21:01:36 GMT+0100 (Midden-Europese standaardtijd)
8d96419a-188a-410c-8212-b14b3dd60a9e,ba20428e-b7ce-4473-ae04-81d19e61e7c5,27,ListTest,true,10,"{""lists"":[{""type"":""ul"",""itemCount"":0,""index"":1},{""type"":""ul"",""itemCount"":1,""index"":2},{""type"":""ul"",""itemCount"":2,""index"":3},{""type"":""ul"",""itemCount"":5,""index"":4},{""type"":""ul"",""itemCount"":2,""index"":5},{""type"":""ul"",""itemCount"":4,""index"":6},{""type"":""ul"",""itemCount"":4,""index"":7},{""type"":""ul"",""itemCount"":3,""index"":8},{""type"":""ul"",""itemCount"":2,""index"":9},{""type"":""ul"",""itemCount"":6,""index"":10}],""totalCount"":10,""informational"":true}",Sun Feb 01 2026 21:01:36 GMT+0100 (Midden-Europese standaardtijd)
f0346ab4-6335-4536-a7b0-6ff9379173fa,ba20428e-b7ce-4473-ae04-81d19e61e7c5,28,DefinitionListTest,false,0,"{""lists"":[],""totalCount"":0,""informational"":true}",Sun Feb 01 2026 21:01:36 GMT+0100 (Midden-Europese standaardtijd)
92f480fa-4dd5-40b7-a591-d2274e13ef25,ba20428e-b7ce-4473-ae04-81d19e61e7c5,31,FormMissingFieldsetTest,false,0,"{""forms"":[],""totalCount"":0,""wcagLevel"":""A""}",Sun Feb 01 2026 21:01:36 GMT+0100 (Midden-Europese standaardtijd)
44bc3d2a-530c-4d94-984b-9cbfcefc6bfd,ba20428e-b7ce-4473-ae04-81d19e61e7c5,32,InputMissingLabelTest,false,0,"{""inputs"":[],""totalCount"":0,""wcagLevel"":""A"",""critical"":true}",Sun Feb 01 2026 21:01:36 GMT+0100 (Midden-Europese standaardtijd)
1509d394-edba-44be-8148-d79a91696746,ba20428e-b7ce-4473-ae04-81d19e61e7c5,33,ButtonEmptyTest,false,0,"{""buttons"":[],""totalCount"":0,""wcagLevel"":""A"",""critical"":true}",Sun Feb 01 2026 21:01:36 GMT+0100 (Midden-Europese standaardtijd)
01b5ba85-54f6-4148-93fb-a45b14c86d8f,ba20428e-b7ce-4473-ae04-81d19e61e7c5,34,HeadingEmptyTest,true,1,"{""headings"":[{""level"":""h1"",""html"":""""}],""totalCount"":1,""wcagLevel"":""A"",""critical"":true}",Sun Feb 01 2026 21:01:36 GMT+0100 (Midden-Europese standaardtijd)
968d8d82-fbd5-4a4e-8218-2678a80d7baa,ba20428e-b7ce-4473-ae04-81d19e61e7c5,35,HeadingSkipLevelTest,false,0,"{""violations"":[],""totalCount"":0,""wcagLevel"":""AA""}",Sun Feb 01 2026 21:01:36 GMT+0100 (Midden-Europese standaardtijd)
0a0e478b-a051-4d95-b8dd-3be8e958d959,ba20428e-b7ce-4473-ae04-81d19e61e7c5,36,SkipLinkTest,false,0,"{""skipLinks"":[],""informational"":true}",Sun Feb 01 2026 21:01:36 GMT+0100 (Midden-Europese standaardtijd)
65fefb25-8a09-482b-89ca-4a187b75b1fb,ba20428e-b7ce-4473-ae04-81d19e61e7c5,37,AriaLandmarksTest,true,14,"{""landmarks"":[{""type"":""aria-role"",""role"":""navigation"",""tag"":""nav""},{""type"":""aria-role"",""role"":""navigation"",""tag"":""nav""},{""type"":""aria-role"",""role"":""navigation"",""tag"":""nav""},{""type"":""aria-role"",""role"":""navigation"",""tag"":""nav""},{""type"":""semantic"",""tag"":""header""},{""type"":""semantic"",""tag"":""nav""},{""type"":""semantic"",""tag"":""nav""},{""type"":""semantic"",""tag"":""nav""},{""type"":""semantic"",""tag"":""nav""},{""type"":""semantic"",""tag"":""main""}],""totalCount"":14,""informational"":true}",Sun Feb 01 2026 21:01:36 GMT+0100 (Midden-Europese standaardtijd)
17956be9-cd40-4b86-ab59-47f6fc7a5752,ba20428e-b7ce-4473-ae04-81d19e61e7c5,38,Element has tabindex,false,0,"{""description"":""Page has elements with tabindex"",""informational"":true}",Sun Feb 01 2026 21:01:36 GMT+0100 (Midden-Europese standaardtijd)
9817ba90-3638-42b8-a23f-50d098447dec,ba20428e-b7ce-4473-ae04-81d19e61e7c5,39,Page has list,true,10,"{""description"":""Page has lists"",""informational"":true}",Sun Feb 01 2026 21:01:36 GMT+0100 (Midden-Europese standaardtijd)
630f3e58-96d3-434c-a641-af4e14c6ffdf,ba20428e-b7ce-4473-ae04-81d19e61e7c5,40,Page has elements with aria-label,true,2,"{""description"":""Elements with ARIA labels"",""informational"":true}",Sun Feb 01 2026 21:01:36 GMT+0100 (Midden-Europese standaardtijd)
5a0cb405-b4d3-4512-a873-acfef3c1d4aa,ba20428e-b7ce-4473-ae04-81d19e61e7c5,41,Page has elements with aria-expanded,true,1,"{""description"":""Expandable elements"",""informational"":true}",Sun Feb 01 2026 21:01:36 GMT+0100 (Midden-Europese standaardtijd)
dc76a127-125a-4360-a7a3-b622bdcb02cd,ba20428e-b7ce-4473-ae04-81d19e61e7c5,42,Page has pictures,false,0,"{""description"":""Page contains picture elements"",""informational"":true}",Sun Feb 01 2026 21:01:36 GMT+0100 (Midden-Europese standaardtijd)
4038743e-35f6-46df-ae25-7fce0633d1a6,ba20428e-b7ce-4473-ae04-81d19e61e7c5,43,Page has images,true,19,"{""description"":""Page contains images"",""informational"":true}",Sun Feb 01 2026 21:01:36 GMT+0100 (Midden-Europese standaardtijd)
e6b5c483-e636-45f6-a8ca-d498ea109080,ba20428e-b7ce-4473-ae04-81d19e61e7c5,44,Page has decorative images or text alternative is missing,true,16,"{""description"":""Decorative or missing alt"",""informational"":true}",Sun Feb 01 2026 21:01:36 GMT+0100 (Midden-Europese standaardtijd)
22814943-6b97-42f9-98c0-da07030c8813,ba20428e-b7ce-4473-ae04-81d19e61e7c5,45,Page has elements with aria-describedby,false,0,"{""description"":""Elements with descriptions"",""informational"":true}",Sun Feb 01 2026 21:01:36 GMT+0100 (Midden-Europese standaardtijd)
abc242a8-95a5-46ad-9462-44823430ed28,ba20428e-b7ce-4473-ae04-81d19e61e7c5,46,Page has a button with aria-label,false,0,"{""description"":""Buttons with ARIA labels"",""informational"":true}",Sun Feb 01 2026 21:01:36 GMT+0100 (Midden-Europese standaardtijd)
25e08849-c1cd-4bf9-a679-d9d3d596c190,ba20428e-b7ce-4473-ae04-81d19e61e7c5,47,Form with required input fields is validated by browser,false,0,"{""description"":""Browser-validated forms"",""informational"":true}",Sun Feb 01 2026 21:01:36 GMT+0100 (Midden-Europese standaardtijd)
ffa72c50-4582-48db-bbd4-b1031c2c1c80,ba20428e-b7ce-4473-ae04-81d19e61e7c5,49,Page has elements with aria-labelledby,true,2,"{""description"":""Elements with labelledby"",""informational"":true}",Sun Feb 01 2026 21:01:36 GMT+0100 (Midden-Europese standaardtijd)
1888891d-cf75-4c72-98db-78379f723652,ba20428e-b7ce-4473-ae04-81d19e61e7c5,52,Page has SVG-images,true,20,"{""description"":""Page contains SVG"",""informational"":true}",Sun Feb 01 2026 21:01:36 GMT+0100 (Midden-Europese standaardtijd)
5919b249-4616-4ed3-80e5-51969984f876,ba20428e-b7ce-4473-ae04-81d19e61e7c5,53,Page has elements with role=menu,false,0,"{""description"":""Menu elements"",""informational"":true}",Sun Feb 01 2026 21:01:36 GMT+0100 (Midden-Europese standaardtijd)
445d018e-cfb0-4a5a-b8aa-0b0901de692f,ba20428e-b7ce-4473-ae04-81d19e61e7c5,54,Page has fieldset without legend,false,0,"{""description"":""Fieldsets missing legends"",""informational"":true}",Sun Feb 01 2026 21:01:36 GMT+0100 (Midden-Europese standaardtijd)
56f92e03-7a8d-4d52-a5b5-ff1c64d05392,ba20428e-b7ce-4473-ae04-81d19e61e7c5,55,Page has dialog or modal window,false,0,"{""description"":""Dialog elements"",""informational"":true}",Sun Feb 01 2026 21:01:36 GMT+0100 (Midden-Europese standaardtijd)
1d5281f3-1d26-4e94-ac8e-0df3dac4b3db,ba20428e-b7ce-4473-ae04-81d19e61e7c5,56,Page has interactive image,false,0,"{""description"":""Interactive images"",""informational"":true}",Sun Feb 01 2026 21:01:36 GMT+0100 (Midden-Europese standaardtijd)
0d239c33-77f6-44f9-82ac-93fd4003ad93,ba20428e-b7ce-4473-ae04-81d19e61e7c5,10,Page has aria-hidden element,true,7,"{""description"":""Hidden elements"",""informational"":true}",Sun Feb 01 2026 21:01:36 GMT+0100 (Midden-Europese standaardtijd)
2fe0d22e-7a53-4661-a40d-9e3f92f3ab6f,ba20428e-b7ce-4473-ae04-81d19e61e7c5,58,Page has input fields with autocomplete,false,0,"{""description"":""Autocomplete fields"",""informational"":true}",Sun Feb 01 2026 21:01:36 GMT+0100 (Midden-Europese standaardtijd)
40b2b31e-4a4c-4ec8-a123-f3d73c02b10f,ba20428e-b7ce-4473-ae04-81d19e61e7c5,59,Page has aria-invalid element,false,0,"{""description"":""Invalid elements"",""informational"":true}",Sun Feb 01 2026 21:01:36 GMT+0100 (Midden-Europese standaardtijd)
c18f280f-c1b7-4066-8249-bfe9f0923f1b,ba20428e-b7ce-4473-ae04-81d19e61e7c5,60,Page has aria-required element,false,0,"{""description"":""Required elements"",""informational"":true}",Sun Feb 01 2026 21:01:36 GMT+0100 (Midden-Europese standaardtijd)
d8898a28-5dcc-4417-ac88-416e3ed718a5,ba20428e-b7ce-4473-ae04-81d19e61e7c5,61,Page has accesskey,false,0,"{""description"":""Accesskey attributes"",""informational"":true}",Sun Feb 01 2026 21:01:36 GMT+0100 (Midden-Europese standaardtijd)
60e3930e-8889-41eb-abcb-f45a37ff36ea,ba20428e-b7ce-4473-ae04-81d19e61e7c5,62,Page has aria-live element,false,0,"{""description"":""Live regions"",""informational"":true}",Sun Feb 01 2026 21:01:36 GMT+0100 (Midden-Europese standaardtijd)
63bd6519-2a20-4de5-833e-4b7d0d2292ac,ba20428e-b7ce-4473-ae04-81d19e61e7c5,65,Page has strong or bold,false,0,"{""description"":""Bold text"",""informational"":true}",Sun Feb 01 2026 21:01:36 GMT+0100 (Midden-Europese standaardtijd)
adacb860-57cf-4491-b97e-151eeb409dfd,ba20428e-b7ce-4473-ae04-81d19e61e7c5,66,Page has em or italic,false,0,"{""description"":""Italic text"",""informational"":true}",Sun Feb 01 2026 21:01:36 GMT+0100 (Midden-Europese standaardtijd)
f775c8a5-68fd-4e31-a0e0-882cba2f2bf7,ba20428e-b7ce-4473-ae04-81d19e61e7c5,67,Page has preformatted text,false,0,"{""description"":""Preformatted content"",""informational"":true}",Sun Feb 01 2026 21:01:36 GMT+0100 (Midden-Europese standaardtijd)
c049c8de-d1ff-43ca-bb3c-197ec7a91c33,ba20428e-b7ce-4473-ae04-81d19e61e7c5,68,Page has code block,false,0,"{""description"":""Code blocks"",""informational"":true}",Sun Feb 01 2026 21:01:36 GMT+0100 (Midden-Europese standaardtijd)
d15ab08a-be4e-49a6-a1da-9f63664babc6,ba20428e-b7ce-4473-ae04-81d19e61e7c5,69,Page has blockquote,false,0,"{""description"":""Quote blocks"",""informational"":true}",Sun Feb 01 2026 21:01:36 GMT+0100 (Midden-Europese standaardtijd)
7c5e04b8-b889-435d-a86a-6de9e24d0b9f,ba20428e-b7ce-4473-ae04-81d19e61e7c5,70,Page has abbreviation,false,0,"{""description"":""Abbreviations"",""informational"":true}",Sun Feb 01 2026 21:01:36 GMT+0100 (Midden-Europese standaardtijd)
ecdd1a64-6ace-4c0d-babe-71b23addfdca,ba20428e-b7ce-4473-ae04-81d19e61e7c5,71,Page has citation,false,0,"{""description"":""Citations"",""informational"":true}",Sun Feb 01 2026 21:01:36 GMT+0100 (Midden-Europese standaardtijd)
2e5910c1-71e6-441b-8483-eea809cd0450,ba20428e-b7ce-4473-ae04-81d19e61e7c5,72,Page has marked text,false,0,"{""description"":""Highlighted text"",""informational"":true}",Sun Feb 01 2026 21:01:36 GMT+0100 (Midden-Europese standaardtijd)
7edb9fb3-dc0a-4016-9617-0e3f145c6ecd,ba20428e-b7ce-4473-ae04-81d19e61e7c5,73,Page has subscript,false,0,"{""description"":""Subscript text"",""informational"":true}",Sun Feb 01 2026 21:01:36 GMT+0100 (Midden-Europese standaardtijd)
72067eab-b360-4017-9fdd-2f96e1db5c4f,ba20428e-b7ce-4473-ae04-81d19e61e7c5,74,Page has superscript,false,0,"{""description"":""Superscript text"",""informational"":true}",Sun Feb 01 2026 21:01:36 GMT+0100 (Midden-Europese standaardtijd)
187024f8-df18-49db-891a-c036e0aace6e,ba20428e-b7ce-4473-ae04-81d19e61e7c5,75,Page has time,false,0,"{""description"":""Time elements"",""informational"":true}",Sun Feb 01 2026 21:01:36 GMT+0100 (Midden-Europese standaardtijd)
fa6173c6-9eec-4c06-aae7-c61240c8fd05,ba20428e-b7ce-4473-ae04-81d19e61e7c5,76,Page has data,false,0,"{""description"":""Data elements"",""informational"":true}",Sun Feb 01 2026 21:01:36 GMT+0100 (Midden-Europese standaardtijd)
774797fa-f2b5-45b3-84bd-d912eb37a020,ba20428e-b7ce-4473-ae04-81d19e61e7c5,77,Page has details,false,0,"{""description"":""Details elements"",""informational"":true}",Sun Feb 01 2026 21:01:36 GMT+0100 (Midden-Europese standaardtijd)
1960206a-2ebe-42cc-b262-9f8a5ef94f6c,ba20428e-b7ce-4473-ae04-81d19e61e7c5,78,Page has summary,false,0,"{""description"":""Summary elements"",""informational"":true}",Sun Feb 01 2026 21:01:36 GMT+0100 (Midden-Europese standaardtijd)
b6cb51c1-e343-46a7-8dff-e0700f294dcc,ba20428e-b7ce-4473-ae04-81d19e61e7c5,79,Page has article,false,0,"{""description"":""Article elements"",""informational"":true}",Sun Feb 01 2026 21:01:36 GMT+0100 (Midden-Europese standaardtijd)
2bee4a7b-589c-4fc3-9f51-f72b859d0847,ba20428e-b7ce-4473-ae04-81d19e61e7c5,80,Page has section,true,3,"{""description"":""Section elements"",""informational"":true}",Sun Feb 01 2026 21:01:36 GMT+0100 (Midden-Europese standaardtijd)
e1eb0add-640b-4ec7-b598-fe4b4dad968b,ba20428e-b7ce-4473-ae04-81d19e61e7c5,81,Page has nav,true,6,"{""description"":""Navigation elements"",""informational"":true}",Sun Feb 01 2026 21:01:36 GMT+0100 (Midden-Europese standaardtijd)
5963281e-7da6-472f-80f7-cd770b810c0a,ba20428e-b7ce-4473-ae04-81d19e61e7c5,82,Page has aside,false,0,"{""description"":""Aside elements"",""informational"":true}",Sun Feb 01 2026 21:01:36 GMT+0100 (Midden-Europese standaardtijd)
15374281-c021-477d-b32b-54cee15fb262,ba20428e-b7ce-4473-ae04-81d19e61e7c5,83,Page has header,true,2,"{""description"":""Header elements"",""informational"":true}",Sun Feb 01 2026 21:01:36 GMT+0100 (Midden-Europese standaardtijd)
bb6517e0-165c-4651-b6db-9f912af48f70,ba20428e-b7ce-4473-ae04-81d19e61e7c5,84,Page has footer,true,1,"{""description"":""Footer elements"",""informational"":true}",Sun Feb 01 2026 21:01:36 GMT+0100 (Midden-Europese standaardtijd)
87938c0a-a2fa-4af1-91c1-ebe92b24c2b0,ba20428e-b7ce-4473-ae04-81d19e61e7c5,85,Page has main,true,1,"{""description"":""Main content"",""informational"":true}",Sun Feb 01 2026 21:01:36 GMT+0100 (Midden-Europese standaardtijd)
d60b09b8-49ff-4af4-8a76-72475bd1ca8c,ba20428e-b7ce-4473-ae04-81d19e61e7c5,86,Page has figure,false,0,"{""description"":""Figure elements"",""informational"":true}",Sun Feb 01 2026 21:01:36 GMT+0100 (Midden-Europese standaardtijd)
666476a3-2ab1-449b-a4e7-8158972209d1,ba20428e-b7ce-4473-ae04-81d19e61e7c5,87,Page has figcaption,false,0,"{""description"":""Figure captions"",""informational"":true}",Sun Feb 01 2026 21:01:36 GMT+0100 (Midden-Europese standaardtijd)
5c434924-b494-4f75-99b0-27d4f3294b86,ba20428e-b7ce-4473-ae04-81d19e61e7c5,88,Page has address,false,0,"{""description"":""Address elements"",""informational"":true}",Sun Feb 01 2026 21:01:36 GMT+0100 (Midden-Europese standaardtijd)
9e096050-c6d8-4a13-bf35-2992683e08f2,ba20428e-b7ce-4473-ae04-81d19e61e7c5,89,Page has progress,false,0,"{""description"":""Progress bars"",""informational"":true}",Sun Feb 01 2026 21:01:36 GMT+0100 (Midden-Europese standaardtijd)
08a205aa-a8e5-43bc-b4e0-f9440422bbba,ba20428e-b7ce-4473-ae04-81d19e61e7c5,90,Page has meter,false,0,"{""description"":""Meter elements"",""informational"":true}",Sun Feb 01 2026 21:01:36 GMT+0100 (Midden-Europese standaardtijd)
8f7c7fe0-c8a7-4a52-ae4e-9d81b3733d8e,ba20428e-b7ce-4473-ae04-81d19e61e7c5,91,Page has output,false,0,"{""description"":""Output elements"",""informational"":true}",Sun Feb 01 2026 21:01:36 GMT+0100 (Midden-Europese standaardtijd)
955c7122-d59e-437c-b588-5469ccb07bf8,ba20428e-b7ce-4473-ae04-81d19e61e7c5,92,Page has canvas,false,0,"{""description"":""Canvas elements"",""informational"":true}",Sun Feb 01 2026 21:01:36 GMT+0100 (Midden-Europese standaardtijd)
640d05da-5ad3-4e5f-801a-f2bb24d6f0c2,ba20428e-b7ce-4473-ae04-81d19e61e7c5,93,Page has object,false,0,"{""description"":""Object embeds"",""informational"":true}",Sun Feb 01 2026 21:01:36 GMT+0100 (Midden-Europese standaardtijd)
f0d561d6-77da-43da-b548-54a4c5974394,ba20428e-b7ce-4473-ae04-81d19e61e7c5,94,Page has embed,false,0,"{""description"":""Embed elements"",""informational"":true}",Sun Feb 01 2026 21:01:36 GMT+0100 (Midden-Europese standaardtijd)
7744b662-e4e6-4cb6-b8e7-69e98f322aec,ba20428e-b7ce-4473-ae04-81d19e61e7c5,95,Page has param,false,0,"{""description"":""Param elements"",""informational"":true}",Sun Feb 01 2026 21:01:36 GMT+0100 (Midden-Europese standaardtijd)
b109d08e-2c3d-4b08-8880-1a167b085846,ba20428e-b7ce-4473-ae04-81d19e61e7c5,96,Page has source,false,0,"{""description"":""Source elements"",""informational"":true}",Sun Feb 01 2026 21:01:36 GMT+0100 (Midden-Europese standaardtijd)
7c165f82-48a3-4948-bb5d-12c7e9330093,ba20428e-b7ce-4473-ae04-81d19e61e7c5,97,Page has track,false,0,"{""description"":""Track elements (captions)"",""informational"":true}",Sun Feb 01 2026 21:01:36 GMT+0100 (Midden-Europese standaardtijd)
69fdec62-0713-4575-998f-ca1bc8cadad3,ba20428e-b7ce-4473-ae04-81d19e61e7c5,98,Page has map,false,0,"{""description"":""Image maps"",""informational"":true}",Sun Feb 01 2026 21:01:36 GMT+0100 (Midden-Europese standaardtijd)
b3ced2c0-b852-48c9-bb41-0904fe967cdc,ba20428e-b7ce-4473-ae04-81d19e61e7c5,99,Page has area,false,0,"{""description"":""Map areas"",""informational"":true}",Sun Feb 01 2026 21:01:36 GMT+0100 (Midden-Europese standaardtijd)
02eab970-1e92-4b79-856c-37dfd36b5f0c,ba20428e-b7ce-4473-ae04-81d19e61e7c5,100,Page has select,false,0,"{""description"":""Select dropdowns"",""informational"":true}",Sun Feb 01 2026 21:01:36 GMT+0100 (Midden-Europese standaardtijd)
9d65bcc1-ab8e-46d6-a6af-0ca26add8e5a,ba20428e-b7ce-4473-ae04-81d19e61e7c5,101,Page has optgroup,false,0,"{""description"":""Option groups"",""informational"":true}",Sun Feb 01 2026 21:01:36 GMT+0100 (Midden-Europese standaardtijd)
f6a012f4-c2c9-414d-8e66-e54d81f26155,ba20428e-b7ce-4473-ae04-81d19e61e7c5,102,Page has option,false,0,"{""description"":""Select options"",""informational"":true}",Sun Feb 01 2026 21:01:36 GMT+0100 (Midden-Europese standaardtijd)
6afb3011-1590-46b2-8f6c-26e1678b04a7,ba20428e-b7ce-4473-ae04-81d19e61e7c5,103,Page has textarea,false,0,"{""description"":""Text areas"",""informational"":true}",Sun Feb 01 2026 21:01:36 GMT+0100 (Midden-Europese standaardtijd)
2541b61e-9ffc-47f0-aeda-1aa692f701cc,ba20428e-b7ce-4473-ae04-81d19e61e7c5,104,Page has keygen,false,0,"{""description"":""Keygen elements"",""informational"":true}",Sun Feb 01 2026 21:01:36 GMT+0100 (Midden-Europese standaardtijd)
ac65fdba-f502-47ae-a9f2-e9d89ef3533c,ba20428e-b7ce-4473-ae04-81d19e61e7c5,105,Page has datalist,false,0,"{""description"":""Data lists"",""informational"":true}",Sun Feb 01 2026 21:01:36 GMT+0100 (Midden-Europese standaardtijd)
6f4dcd72-a6f1-44af-bc33-d07e352ee5a5,ba20428e-b7ce-4473-ae04-81d19e61e7c5,106,"Page has input type=""checkbox""",false,0,"{""description"":""Checkboxes"",""informational"":true}",Sun Feb 01 2026 21:01:36 GMT+0100 (Midden-Europese standaardtijd)
a24148e5-60d8-4ed9-8133-339bb8f29f10,ba20428e-b7ce-4473-ae04-81d19e61e7c5,107,"Page has input type=""radio""",false,0,"{""description"":""Radio buttons"",""informational"":true}",Sun Feb 01 2026 21:01:36 GMT+0100 (Midden-Europese standaardtijd)
e090bc3f-b201-4f68-b070-f6576d552648,ba20428e-b7ce-4473-ae04-81d19e61e7c5,108,"Page has input type=""submit""",false,0,"{""description"":""Submit buttons"",""informational"":true}",Sun Feb 01 2026 21:01:36 GMT+0100 (Midden-Europese standaardtijd)
6b4f878e-eda5-4236-8f8e-2df213cadb61,ba20428e-b7ce-4473-ae04-81d19e61e7c5,109,"Page has input type=""reset""",false,0,"{""description"":""Reset buttons"",""informational"":true}",Sun Feb 01 2026 21:01:36 GMT+0100 (Midden-Europese standaardtijd)
9e43c152-b93b-45bc-a036-36934f7b8f52,ba20428e-b7ce-4473-ae04-81d19e61e7c5,110,"Page has input type=""button""",false,0,"{""description"":""Button inputs"",""informational"":true}",Sun Feb 01 2026 21:01:36 GMT+0100 (Midden-Europese standaardtijd)
8982f950-05b7-4c72-afc4-6137a4f1cdea,ba20428e-b7ce-4473-ae04-81d19e61e7c5,111,"Page has input type=""file""",false,0,"{""description"":""File inputs"",""informational"":true}",Sun Feb 01 2026 21:01:36 GMT+0100 (Midden-Europese standaardtijd)
1d67a171-0bec-49eb-947a-fcacf87b9581,ba20428e-b7ce-4473-ae04-81d19e61e7c5,112,"Page has input type=""hidden""",false,0,"{""description"":""Hidden inputs"",""informational"":true}",Sun Feb 01 2026 21:01:36 GMT+0100 (Midden-Europese standaardtijd)
53003246-ccad-41a5-a58f-48da19386da0,ba20428e-b7ce-4473-ae04-81d19e61e7c5,113,"Page has input type=""image""",false,0,"{""description"":""Image buttons"",""informational"":true}",Sun Feb 01 2026 21:01:36 GMT+0100 (Midden-Europese standaardtijd)
a8572a76-23d0-4554-80a3-2f0d37afc0c9,ba20428e-b7ce-4473-ae04-81d19e61e7c5,114,"Page has input type=""date""",false,0,"{""description"":""Date pickers"",""informational"":true}",Sun Feb 01 2026 21:01:36 GMT+0100 (Midden-Europese standaardtijd)
8002b6ec-adb8-4a7a-b6b1-05d751bc16ec,ba20428e-b7ce-4473-ae04-81d19e61e7c5,115,"Page has input type=""time""",false,0,"{""description"":""Time pickers"",""informational"":true}",Sun Feb 01 2026 21:01:36 GMT+0100 (Midden-Europese standaardtijd)
7fad78ee-6709-48d6-b29b-ffbf2f5550a9,ba20428e-b7ce-4473-ae04-81d19e61e7c5,116,"Page has input type=""datetime-local""",false,0,"{""description"":""Datetime pickers"",""informational"":true}",Sun Feb 01 2026 21:01:36 GMT+0100 (Midden-Europese standaardtijd)
9bfe5958-3b57-4574-b059-3cc07ccb7643,ba20428e-b7ce-4473-ae04-81d19e61e7c5,117,"Page has input type=""month""",false,0,"{""description"":""Month pickers"",""informational"":true}",Sun Feb 01 2026 21:01:36 GMT+0100 (Midden-Europese standaardtijd)
980e89fa-3432-4713-b10a-86b555a6d4e7,ba20428e-b7ce-4473-ae04-81d19e61e7c5,118,"Page has input type=""week""",false,0,"{""description"":""Week pickers"",""informational"":true}",Sun Feb 01 2026 21:01:36 GMT+0100 (Midden-Europese standaardtijd)
d41359fb-98f8-47e8-b1b7-9965513fd306,ba20428e-b7ce-4473-ae04-81d19e61e7c5,119,"Page has input type=""color""",false,0,"{""description"":""Color pickers"",""informational"":true}",Sun Feb 01 2026 21:01:36 GMT+0100 (Midden-Europese standaardtijd)
6d91a6ce-0522-4ab9-b225-a7a5595ca7fb,ba20428e-b7ce-4473-ae04-81d19e61e7c5,120,"Page has input type=""range""",false,0,"{""description"":""Range sliders"",""informational"":true}",Sun Feb 01 2026 21:01:36 GMT+0100 (Midden-Europese standaardtijd)
f0afe53d-48d3-4a42-ac26-c6a954a9bd7e,ba20428e-b7ce-4473-ae04-81d19e61e7c5,121,"Page has input type=""search""",true,2,"{""description"":""Search inputs"",""informational"":true}",Sun Feb 01 2026 21:01:36 GMT+0100 (Midden-Europese standaardtijd)
9de1002b-da0a-4a03-8f88-70c99a5eb13e,ba20428e-b7ce-4473-ae04-81d19e61e7c5,122,"Page has input type=""tel""",false,0,"{""description"":""Telephone inputs"",""informational"":true}",Sun Feb 01 2026 21:01:36 GMT+0100 (Midden-Europese standaardtijd)
dede1793-df14-4ae6-879d-66439e88a5e9,ba20428e-b7ce-4473-ae04-81d19e61e7c5,123,"Page has input type=""url""",false,0,"{""description"":""URL inputs"",""informational"":true}",Sun Feb 01 2026 21:01:36 GMT+0100 (Midden-Europese standaardtijd)
e19a207e-1f70-425c-9562-d972d303fb6c,ba20428e-b7ce-4473-ae04-81d19e61e7c5,124,"Page has input type=""email""",false,0,"{""description"":""Email inputs"",""informational"":true}",Sun Feb 01 2026 21:01:36 GMT+0100 (Midden-Europese standaardtijd)
e789ca88-f404-4ba1-bd40-cc9af1d2da47,ba20428e-b7ce-4473-ae04-81d19e61e7c5,125,"Page has input type=""number""",false,0,"{""description"":""Number inputs"",""informational"":true}",Sun Feb 01 2026 21:01:36 GMT+0100 (Midden-Europese standaardtijd)
16c1cd53-9fab-4c94-9aad-348c56357a25,ba20428e-b7ce-4473-ae04-81d19e61e7c5,126,"Page has input type=""password""",false,0,"{""description"":""Password fields"",""informational"":true}",Sun Feb 01 2026 21:01:36 GMT+0100 (Midden-Europese standaardtijd)
f43c452d-fa42-4115-89a6-6b3dda14d84e,ba20428e-b7ce-4473-ae04-81d19e61e7c5,127,"Page has input type=""text""",false,0,"{""description"":""Text inputs"",""informational"":true}",Sun Feb 01 2026 21:01:36 GMT+0100 (Midden-Europese standaardtijd)
a6aebc8e-0fd6-4398-b42b-72118d73f236,ba20428e-b7ce-4473-ae04-81d19e61e7c5,128,Page has label,true,2,"{""description"":""Label elements"",""informational"":true}",Sun Feb 01 2026 21:01:36 GMT+0100 (Midden-Europese standaardtijd)
507b4560-ac7b-4869-8ae2-b089d7aad5b7,ba20428e-b7ce-4473-ae04-81d19e61e7c5,129,Page has legend,false,0,"{""description"":""Legend elements"",""informational"":true}",Sun Feb 01 2026 21:01:36 GMT+0100 (Midden-Europese standaardtijd)
7f843567-b49d-4197-ae72-3f3a2252acae,ba20428e-b7ce-4473-ae04-81d19e61e7c5,130,Page has fieldset,false,0,"{""description"":""Fieldset elements"",""informational"":true}",Sun Feb 01 2026 21:01:36 GMT+0100 (Midden-Europese standaardtijd)
6afb503e-089b-4aa4-ad7f-c5b4ab312ccf,e37f89f4-b7a4-4286-a0b3-5933c9719633,48,LangAttributeMissingTest,false,0,"{""langValue"":""nl"",""wcagLevel"":""A"",""critical"":true}",Sun Feb 01 2026 21:01:38 GMT+0100 (Midden-Europese standaardtijd)
1d7529ef-1db4-4474-b704-9d8ef86551b9,e37f89f4-b7a4-4286-a0b3-5933c9719633,50,TitleMissingTest,false,0,"{""wcagLevel"":""A"",""critical"":true}",Sun Feb 01 2026 21:01:38 GMT+0100 (Midden-Europese standaardtijd)
a0d183e6-94ca-45a9-9020-7f6596fa6723,e37f89f4-b7a4-4286-a0b3-5933c9719633,51,TitleEmptyTest,false,0,"{""titleText"":""Home | DigiD"",""wcagLevel"":""A"",""critical"":true}",Sun Feb 01 2026 21:01:38 GMT+0100 (Midden-Europese standaardtijd)
2510a5f2-d616-46b5-89c0-8636849649fc,e37f89f4-b7a4-4286-a0b3-5933c9719633,64,ImgMissingAltTest,false,0,"{""images"":[],""totalCount"":0,""wcagLevel"":""A"",""critical"":true}",Sun Feb 01 2026 21:01:38 GMT+0100 (Midden-Europese standaardtijd)
af3aa822-ae38-4374-b9f3-8944862cfc5e,e37f89f4-b7a4-4286-a0b3-5933c9719633,30,FormMissingLabelsTest,false,0,"{""forms"":[],""wcagLevel"":""A"",""critical"":true}",Sun Feb 01 2026 21:01:38 GMT+0100 (Midden-Europese standaardtijd)
abe2a272-d196-462e-8b6d-88b97ee6434d,e37f89f4-b7a4-4286-a0b3-5933c9719633,57,HeadingsAtLeastOneH1Test,false,0,"{""h1Count"":2,""h1Texts"":[""Laat zien wie je bent"",""""],""wcagLevel"":""A"",""critical"":true}",Sun Feb 01 2026 21:01:38 GMT+0100 (Midden-Europese standaardtijd)
e8e4682b-425d-4d6c-aeeb-365ad9bc517b,e37f89f4-b7a4-4286-a0b3-5933c9719633,7,IframeMissingAccessibleNameTest,false,0,"{""iframes"":[],""totalCount"":0,""wcagLevel"":""A"",""critical"":true}",Sun Feb 01 2026 21:01:38 GMT+0100 (Midden-Europese standaardtijd)
a542fed1-838c-4b20-89e3-6906b078ff7a,e37f89f4-b7a4-4286-a0b3-5933c9719633,25,TableTest,false,0,"{""tables"":[],""totalCount"":0,""informational"":true}",Sun Feb 01 2026 21:01:38 GMT+0100 (Midden-Europese standaardtijd)
d830e213-8256-4253-9d17-0d8cb632ea6b,e37f89f4-b7a4-4286-a0b3-5933c9719633,29,FormTest,true,2,"{""forms"":[{""index"":1,""action"":""#"",""method"":""GET"",""inputCount"":1},{""index"":2,""action"":""#"",""method"":""GET"",""inputCount"":1}],""totalCount"":2,""informational"":true}",Sun Feb 01 2026 21:01:38 GMT+0100 (Midden-Europese standaardtijd)
31535a26-d89d-4dd6-a93d-f1a9fd808d94,e37f89f4-b7a4-4286-a0b3-5933c9719633,63,ImgTest,true,19,"{""totalImages"":19,""withAlt"":19,""withoutAlt"":0,""withEmptyAlt"":16,""informational"":true}",Sun Feb 01 2026 21:01:38 GMT+0100 (Midden-Europese standaardtijd)
153f345e-5ed3-4020-9b10-2f0c7e35ca1a,e37f89f4-b7a4-4286-a0b3-5933c9719633,1,IframeIsVimeoVideoWithKeysDisabledTest,false,0,"{""iframes"":[],""totalCount"":0}",Sun Feb 01 2026 21:01:38 GMT+0100 (Midden-Europese standaardtijd)
5c69fd0a-c6c2-4627-88d8-d2674a837540,e37f89f4-b7a4-4286-a0b3-5933c9719633,2,ImgAltTooLongTest,false,0,"{""images"":[],""totalCount"":0}",Sun Feb 01 2026 21:01:38 GMT+0100 (Midden-Europese standaardtijd)
3da3183d-eb1d-4956-a92c-63a7ca2d561c,e37f89f4-b7a4-4286-a0b3-5933c9719633,3,ViewportMetaRestrictsScalingTest,false,0,"{""content"":""width=device-width, initial-scale=1"",""restrictsScaling"":false}",Sun Feb 01 2026 21:01:38 GMT+0100 (Midden-Europese standaardtijd)
56e41dd1-11c7-4d85-bac7-559ff84cfd05,e37f89f4-b7a4-4286-a0b3-5933c9719633,4,ImageLinkMissingAccessibleNameTest,true,1,"{""links"":[{""href"":""/nl"",""imageCount"":1}],""totalCount"":1}",Sun Feb 01 2026 21:01:38 GMT+0100 (Midden-Europese standaardtijd)
a26f801b-cc03-4c49-9d33-57eaefa5697c,e37f89f4-b7a4-4286-a0b3-5933c9719633,5,PageContainsLinkReadMoreTest,false,0,"{""links"":[],""totalCount"":0}",Sun Feb 01 2026 21:01:38 GMT+0100 (Midden-Europese standaardtijd)
07fa87ce-5437-4c3f-8e8f-71af43a6634e,e37f89f4-b7a4-4286-a0b3-5933c9719633,6,PageContainsMultipleSameLinksTest,true,15,"{""duplicateLinks"":[{""text"":""Mijn DigiD"",""occurrences"":2},{""text"":""Ik krijg een foutmelding in de DigiD app"",""occurrences"":3},{""text"":""Hoe activeer ik de DigiD app?"",""occurrences"":3},{""text"":""Hoe log ik in met de DigiD app?"",""occurrences"":2},{""text"":""Waarom lukt het activeren van mijn rijbewijs/ID-kaart niet?"",""occurrences"":3},{""text"":""Code invullen"",""occurrences"":2}],""totalCount"":15}",Sun Feb 01 2026 21:01:38 GMT+0100 (Midden-Europese standaardtijd)
94e454bd-5774-4097-8f9d-37cc81a5832e,e37f89f4-b7a4-4286-a0b3-5933c9719633,8,IframeIsYouTubeVideoWithKeysEnabledTest,false,0,"{""iframes"":[],""totalCount"":0}",Sun Feb 01 2026 21:01:38 GMT+0100 (Midden-Europese standaardtijd)
6332ba58-3e35-4033-8674-974e49b68e21,e37f89f4-b7a4-4286-a0b3-5933c9719633,9,TableWithHeadingsTest,false,0,"{""tables"":[],""totalCount"":0}",Sun Feb 01 2026 21:01:38 GMT+0100 (Midden-Europese standaardtijd)
5c12bf8f-b32c-43e9-a714-74f0a23da1fd,e37f89f4-b7a4-4286-a0b3-5933c9719633,11,IframeIsGoogleMapTest,false,0,"{""iframes"":[],""totalCount"":0}",Sun Feb 01 2026 21:01:38 GMT+0100 (Midden-Europese standaardtijd)
c6e5e7b7-c47f-4d7b-93e8-add1c2107777,e37f89f4-b7a4-4286-a0b3-5933c9719633,12,IframeIsScribitVideoTest,false,0,"{""iframes"":[],""totalCount"":0}",Sun Feb 01 2026 21:01:38 GMT+0100 (Midden-Europese standaardtijd)
2b1e0f61-2cbf-4192-bc26-8de707805d53,e37f89f4-b7a4-4286-a0b3-5933c9719633,13,IframeIsVimeoVideoWithKeysEnabledTest,false,0,"{""iframes"":[],""totalCount"":0}",Sun Feb 01 2026 21:01:38 GMT+0100 (Midden-Europese standaardtijd)
708d46ca-2c02-47a1-9885-23a4944a938a,e37f89f4-b7a4-4286-a0b3-5933c9719633,14,IframeIsVimeoVideoTest,false,0,"{""iframes"":[],""totalCount"":0}",Sun Feb 01 2026 21:01:38 GMT+0100 (Midden-Europese standaardtijd)
0776dd23-bd09-44f9-b334-5ba5da0081d2,e37f89f4-b7a4-4286-a0b3-5933c9719633,15,IframeTest,false,0,"{""iframes"":[],""totalCount"":0,""informational"":true}",Sun Feb 01 2026 21:01:38 GMT+0100 (Midden-Europese standaardtijd)
e04c9b01-8bb2-4241-a218-35f8d6e67792,e37f89f4-b7a4-4286-a0b3-5933c9719633,16,AudioHasAutoplayTest,false,0,"{""audios"":[],""totalCount"":0}",Sun Feb 01 2026 21:01:38 GMT+0100 (Midden-Europese standaardtijd)
73962ceb-47e2-46e4-822f-e1c7e7a5f1bd,e37f89f4-b7a4-4286-a0b3-5933c9719633,17,AudioControlsTest,false,0,"{""audios"":[],""totalCount"":0,""informational"":true}",Sun Feb 01 2026 21:01:38 GMT+0100 (Midden-Europese standaardtijd)
e33bd211-3dde-4d19-9c9b-94592c3ce9f9,e37f89f4-b7a4-4286-a0b3-5933c9719633,18,AudioTest,false,0,"{""audios"":[],""totalCount"":0,""informational"":true}",Sun Feb 01 2026 21:01:38 GMT+0100 (Midden-Europese standaardtijd)
631f71ee-54bd-4fa1-a069-ac4882360e87,e37f89f4-b7a4-4286-a0b3-5933c9719633,19,VideoHasAutoplayTest,false,0,"{""videos"":[],""totalCount"":0}",Sun Feb 01 2026 21:01:38 GMT+0100 (Midden-Europese standaardtijd)
ae6ab6a2-2f1c-4ecf-a098-0e8bebb9487c,e37f89f4-b7a4-4286-a0b3-5933c9719633,20,VideoMissingTitleAriaTest,false,0,"{""videos"":[],""totalCount"":0}",Sun Feb 01 2026 21:01:38 GMT+0100 (Midden-Europese standaardtijd)
b655b465-ba14-43f6-9325-e19a81856c79,e37f89f4-b7a4-4286-a0b3-5933c9719633,21,VideoControlsTest,false,0,"{""videos"":[],""totalCount"":0,""informational"":true}",Sun Feb 01 2026 21:01:38 GMT+0100 (Midden-Europese standaardtijd)
88f9df79-0cc9-42ab-a765-a7add45e3755,e37f89f4-b7a4-4286-a0b3-5933c9719633,22,VideoTest,false,0,"{""videos"":[],""totalCount"":0,""informational"":true}",Sun Feb 01 2026 21:01:38 GMT+0100 (Midden-Europese standaardtijd)
ada78924-a72b-4bbc-9092-5f1ae2e2148b,e37f89f4-b7a4-4286-a0b3-5933c9719633,23,LinkWithoutTextTest,false,0,"{""links"":[],""totalCount"":0,""wcagLevel"":""A"",""critical"":true}",Sun Feb 01 2026 21:01:38 GMT+0100 (Midden-Europese standaardtijd)
7c1fbb59-629b-4440-9c77-0a57c588aeec,e37f89f4-b7a4-4286-a0b3-5933c9719633,24,EmptyLinkTest,false,0,"{""links"":[],""totalCount"":0,""wcagLevel"":""A"",""critical"":true}",Sun Feb 01 2026 21:01:38 GMT+0100 (Midden-Europese standaardtijd)
7fcf6bf8-47f4-476f-afd4-b8f51a7a3c06,e37f89f4-b7a4-4286-a0b3-5933c9719633,26,TableWithoutHeadersTest,false,0,"{""tables"":[],""totalCount"":0,""wcagLevel"":""A"",""critical"":true}",Sun Feb 01 2026 21:01:38 GMT+0100 (Midden-Europese standaardtijd)
6e281ddb-5854-4365-ae09-460e6457efe9,e37f89f4-b7a4-4286-a0b3-5933c9719633,27,ListTest,true,10,"{""lists"":[{""type"":""ul"",""itemCount"":0,""index"":1},{""type"":""ul"",""itemCount"":1,""index"":2},{""type"":""ul"",""itemCount"":2,""index"":3},{""type"":""ul"",""itemCount"":5,""index"":4},{""type"":""ul"",""itemCount"":2,""index"":5},{""type"":""ul"",""itemCount"":4,""index"":6},{""type"":""ul"",""itemCount"":4,""index"":7},{""type"":""ul"",""itemCount"":3,""index"":8},{""type"":""ul"",""itemCount"":2,""index"":9},{""type"":""ul"",""itemCount"":6,""index"":10}],""totalCount"":10,""informational"":true}",Sun Feb 01 2026 21:01:38 GMT+0100 (Midden-Europese standaardtijd)
e25bfd45-3d3a-4cf9-a5d8-4ec590c94e18,e37f89f4-b7a4-4286-a0b3-5933c9719633,28,DefinitionListTest,false,0,"{""lists"":[],""totalCount"":0,""informational"":true}",Sun Feb 01 2026 21:01:38 GMT+0100 (Midden-Europese standaardtijd)
429e9b30-1ef1-408e-a712-8d6ef4e3d97f,e37f89f4-b7a4-4286-a0b3-5933c9719633,31,FormMissingFieldsetTest,false,0,"{""forms"":[],""totalCount"":0,""wcagLevel"":""A""}",Sun Feb 01 2026 21:01:38 GMT+0100 (Midden-Europese standaardtijd)
03f6e723-9d01-4b81-8a9a-0374760196b9,e37f89f4-b7a4-4286-a0b3-5933c9719633,32,InputMissingLabelTest,false,0,"{""inputs"":[],""totalCount"":0,""wcagLevel"":""A"",""critical"":true}",Sun Feb 01 2026 21:01:38 GMT+0100 (Midden-Europese standaardtijd)
18dbe78b-4bd2-4d46-b2a8-51d56a9f85c6,e37f89f4-b7a4-4286-a0b3-5933c9719633,33,ButtonEmptyTest,false,0,"{""buttons"":[],""totalCount"":0,""wcagLevel"":""A"",""critical"":true}",Sun Feb 01 2026 21:01:38 GMT+0100 (Midden-Europese standaardtijd)
6d9572bf-4034-414a-9b72-403c07da394b,e37f89f4-b7a4-4286-a0b3-5933c9719633,34,HeadingEmptyTest,true,1,"{""headings"":[{""level"":""h1"",""html"":""""}],""totalCount"":1,""wcagLevel"":""A"",""critical"":true}",Sun Feb 01 2026 21:01:38 GMT+0100 (Midden-Europese standaardtijd)
f5b1410a-0ce6-4708-bf0f-e421f08d5235,e37f89f4-b7a4-4286-a0b3-5933c9719633,35,HeadingSkipLevelTest,false,0,"{""violations"":[],""totalCount"":0,""wcagLevel"":""AA""}",Sun Feb 01 2026 21:01:38 GMT+0100 (Midden-Europese standaardtijd)
e99cec8d-2efd-4b46-9399-106a856fd80f,e37f89f4-b7a4-4286-a0b3-5933c9719633,36,SkipLinkTest,false,0,"{""skipLinks"":[],""informational"":true}",Sun Feb 01 2026 21:01:38 GMT+0100 (Midden-Europese standaardtijd)
8c2daa6f-e23d-4f6b-8e64-ee20f2a98401,e37f89f4-b7a4-4286-a0b3-5933c9719633,37,AriaLandmarksTest,true,14,"{""landmarks"":[{""type"":""aria-role"",""role"":""navigation"",""tag"":""nav""},{""type"":""aria-role"",""role"":""navigation"",""tag"":""nav""},{""type"":""aria-role"",""role"":""navigation"",""tag"":""nav""},{""type"":""aria-role"",""role"":""navigation"",""tag"":""nav""},{""type"":""semantic"",""tag"":""header""},{""type"":""semantic"",""tag"":""nav""},{""type"":""semantic"",""tag"":""nav""},{""type"":""semantic"",""tag"":""nav""},{""type"":""semantic"",""tag"":""nav""},{""type"":""semantic"",""tag"":""main""}],""totalCount"":14,""informational"":true}",Sun Feb 01 2026 21:01:38 GMT+0100 (Midden-Europese standaardtijd)
e0e15805-545e-4dfa-8222-f5d32927f574,e37f89f4-b7a4-4286-a0b3-5933c9719633,38,Element has tabindex,false,0,"{""description"":""Page has elements with tabindex"",""informational"":true}",Sun Feb 01 2026 21:01:38 GMT+0100 (Midden-Europese standaardtijd)
0c90152e-338a-46d2-9211-a66efa700f5a,e37f89f4-b7a4-4286-a0b3-5933c9719633,39,Page has list,true,10,"{""description"":""Page has lists"",""informational"":true}",Sun Feb 01 2026 21:01:38 GMT+0100 (Midden-Europese standaardtijd)
49493f24-75a5-4866-be62-49507562ebf0,e37f89f4-b7a4-4286-a0b3-5933c9719633,40,Page has elements with aria-label,true,2,"{""description"":""Elements with ARIA labels"",""informational"":true}",Sun Feb 01 2026 21:01:38 GMT+0100 (Midden-Europese standaardtijd)
ca331920-c1ca-4ec1-a511-3a80a0efb1da,e37f89f4-b7a4-4286-a0b3-5933c9719633,41,Page has elements with aria-expanded,true,1,"{""description"":""Expandable elements"",""informational"":true}",Sun Feb 01 2026 21:01:38 GMT+0100 (Midden-Europese standaardtijd)
4cc98565-dff1-48b6-be4f-f89c793f53f6,e37f89f4-b7a4-4286-a0b3-5933c9719633,42,Page has pictures,false,0,"{""description"":""Page contains picture elements"",""informational"":true}",Sun Feb 01 2026 21:01:38 GMT+0100 (Midden-Europese standaardtijd)
24d3505a-e68b-417e-9a34-3a416b42c5ef,e37f89f4-b7a4-4286-a0b3-5933c9719633,43,Page has images,true,19,"{""description"":""Page contains images"",""informational"":true}",Sun Feb 01 2026 21:01:38 GMT+0100 (Midden-Europese standaardtijd)
5327898a-dad2-438a-88f1-5c7445ecaa54,e37f89f4-b7a4-4286-a0b3-5933c9719633,44,Page has decorative images or text alternative is missing,true,16,"{""description"":""Decorative or missing alt"",""informational"":true}",Sun Feb 01 2026 21:01:38 GMT+0100 (Midden-Europese standaardtijd)
3ff428d0-cdc4-4acb-a403-86c4a8bdcd2e,e37f89f4-b7a4-4286-a0b3-5933c9719633,45,Page has elements with aria-describedby,false,0,"{""description"":""Elements with descriptions"",""informational"":true}",Sun Feb 01 2026 21:01:38 GMT+0100 (Midden-Europese standaardtijd)
d886145b-050f-4b89-aa5e-f064d609967c,e37f89f4-b7a4-4286-a0b3-5933c9719633,46,Page has a button with aria-label,false,0,"{""description"":""Buttons with ARIA labels"",""informational"":true}",Sun Feb 01 2026 21:01:38 GMT+0100 (Midden-Europese standaardtijd)
2887f053-a764-4e49-b1dc-97d0e244745d,e37f89f4-b7a4-4286-a0b3-5933c9719633,47,Form with required input fields is validated by browser,false,0,"{""description"":""Browser-validated forms"",""informational"":true}",Sun Feb 01 2026 21:01:38 GMT+0100 (Midden-Europese standaardtijd)
359173ef-377f-4e4e-83d7-5500c0d2df5f,e37f89f4-b7a4-4286-a0b3-5933c9719633,49,Page has elements with aria-labelledby,true,2,"{""description"":""Elements with labelledby"",""informational"":true}",Sun Feb 01 2026 21:01:38 GMT+0100 (Midden-Europese standaardtijd)
569fecb1-35b6-4c94-93aa-11e75d648fbd,e37f89f4-b7a4-4286-a0b3-5933c9719633,52,Page has SVG-images,true,20,"{""description"":""Page contains SVG"",""informational"":true}",Sun Feb 01 2026 21:01:38 GMT+0100 (Midden-Europese standaardtijd)
3e873737-d547-4725-9097-3f0b6fcbfdd0,e37f89f4-b7a4-4286-a0b3-5933c9719633,53,Page has elements with role=menu,false,0,"{""description"":""Menu elements"",""informational"":true}",Sun Feb 01 2026 21:01:38 GMT+0100 (Midden-Europese standaardtijd)
bb91804d-da9f-4257-ad63-c80884288f6c,e37f89f4-b7a4-4286-a0b3-5933c9719633,54,Page has fieldset without legend,false,0,"{""description"":""Fieldsets missing legends"",""informational"":true}",Sun Feb 01 2026 21:01:38 GMT+0100 (Midden-Europese standaardtijd)
6ffc53ea-b417-487a-86f4-ba7b2b593d71,e37f89f4-b7a4-4286-a0b3-5933c9719633,55,Page has dialog or modal window,false,0,"{""description"":""Dialog elements"",""informational"":true}",Sun Feb 01 2026 21:01:38 GMT+0100 (Midden-Europese standaardtijd)
6815a789-5519-48bb-bcb9-2c2d1a0c4eb9,e37f89f4-b7a4-4286-a0b3-5933c9719633,56,Page has interactive image,false,0,"{""description"":""Interactive images"",""informational"":true}",Sun Feb 01 2026 21:01:38 GMT+0100 (Midden-Europese standaardtijd)
d07c1aa7-79cd-4519-bc9b-c1c5aa28c5ca,e37f89f4-b7a4-4286-a0b3-5933c9719633,10,Page has aria-hidden element,true,7,"{""description"":""Hidden elements"",""informational"":true}",Sun Feb 01 2026 21:01:38 GMT+0100 (Midden-Europese standaardtijd)
28a3d047-5658-4317-b4a7-f8cdc982d376,e37f89f4-b7a4-4286-a0b3-5933c9719633,58,Page has input fields with autocomplete,false,0,"{""description"":""Autocomplete fields"",""informational"":true}",Sun Feb 01 2026 21:01:38 GMT+0100 (Midden-Europese standaardtijd)
78637769-c3db-457c-ad41-44f47d6c67ca,e37f89f4-b7a4-4286-a0b3-5933c9719633,59,Page has aria-invalid element,false,0,"{""description"":""Invalid elements"",""informational"":true}",Sun Feb 01 2026 21:01:38 GMT+0100 (Midden-Europese standaardtijd)
ccefe79b-0f9f-426a-b257-ae92b6e1dd93,e37f89f4-b7a4-4286-a0b3-5933c9719633,60,Page has aria-required element,false,0,"{""description"":""Required elements"",""informational"":true}",Sun Feb 01 2026 21:01:38 GMT+0100 (Midden-Europese standaardtijd)
9b0bb608-0dba-4598-beaa-68d05c8512da,e37f89f4-b7a4-4286-a0b3-5933c9719633,61,Page has accesskey,false,0,"{""description"":""Accesskey attributes"",""informational"":true}",Sun Feb 01 2026 21:01:38 GMT+0100 (Midden-Europese standaardtijd)
85c17aad-aacd-4a85-82fb-0662398c15f2,e37f89f4-b7a4-4286-a0b3-5933c9719633,62,Page has aria-live element,false,0,"{""description"":""Live regions"",""informational"":true}",Sun Feb 01 2026 21:01:38 GMT+0100 (Midden-Europese standaardtijd)
9a11c56a-c7a6-4ae2-b2d9-6b8da673b553,e37f89f4-b7a4-4286-a0b3-5933c9719633,65,Page has strong or bold,false,0,"{""description"":""Bold text"",""informational"":true}",Sun Feb 01 2026 21:01:38 GMT+0100 (Midden-Europese standaardtijd)
cdf8f3ce-646b-4eda-a500-087b3c1bd8f8,e37f89f4-b7a4-4286-a0b3-5933c9719633,66,Page has em or italic,false,0,"{""description"":""Italic text"",""informational"":true}",Sun Feb 01 2026 21:01:38 GMT+0100 (Midden-Europese standaardtijd)
b156b0c6-c120-4d27-bcc2-5756162671e2,e37f89f4-b7a4-4286-a0b3-5933c9719633,67,Page has preformatted text,false,0,"{""description"":""Preformatted content"",""informational"":true}",Sun Feb 01 2026 21:01:38 GMT+0100 (Midden-Europese standaardtijd)
9f3b3cea-49ca-454b-a4cd-1845a71a6c60,e37f89f4-b7a4-4286-a0b3-5933c9719633,68,Page has code block,false,0,"{""description"":""Code blocks"",""informational"":true}",Sun Feb 01 2026 21:01:38 GMT+0100 (Midden-Europese standaardtijd)
17eab548-7932-4f99-b146-01aed5cc49d2,e37f89f4-b7a4-4286-a0b3-5933c9719633,69,Page has blockquote,false,0,"{""description"":""Quote blocks"",""informational"":true}",Sun Feb 01 2026 21:01:38 GMT+0100 (Midden-Europese standaardtijd)
c07c571a-5a92-4d46-84cd-580690b67c36,e37f89f4-b7a4-4286-a0b3-5933c9719633,70,Page has abbreviation,false,0,"{""description"":""Abbreviations"",""informational"":true}",Sun Feb 01 2026 21:01:38 GMT+0100 (Midden-Europese standaardtijd)
3875171d-352c-4c7c-bb62-df456b70e592,e37f89f4-b7a4-4286-a0b3-5933c9719633,71,Page has citation,false,0,"{""description"":""Citations"",""informational"":true}",Sun Feb 01 2026 21:01:38 GMT+0100 (Midden-Europese standaardtijd)
db2ae0a1-6bd1-4d06-82d9-073a5f71e7dd,e37f89f4-b7a4-4286-a0b3-5933c9719633,72,Page has marked text,false,0,"{""description"":""Highlighted text"",""informational"":true}",Sun Feb 01 2026 21:01:38 GMT+0100 (Midden-Europese standaardtijd)
7130ecdd-f332-452e-ac72-04fea126c19c,e37f89f4-b7a4-4286-a0b3-5933c9719633,73,Page has subscript,false,0,"{""description"":""Subscript text"",""informational"":true}",Sun Feb 01 2026 21:01:38 GMT+0100 (Midden-Europese standaardtijd)
e1e454b6-c898-40e0-a8b1-149c099e143a,e37f89f4-b7a4-4286-a0b3-5933c9719633,74,Page has superscript,false,0,"{""description"":""Superscript text"",""informational"":true}",Sun Feb 01 2026 21:01:38 GMT+0100 (Midden-Europese standaardtijd)
35749c13-7a47-4271-b7d1-f77ad8486039,e37f89f4-b7a4-4286-a0b3-5933c9719633,75,Page has time,false,0,"{""description"":""Time elements"",""informational"":true}",Sun Feb 01 2026 21:01:38 GMT+0100 (Midden-Europese standaardtijd)
34f8e31e-19b0-4de8-84c0-dc85caf37386,e37f89f4-b7a4-4286-a0b3-5933c9719633,76,Page has data,false,0,"{""description"":""Data elements"",""informational"":true}",Sun Feb 01 2026 21:01:38 GMT+0100 (Midden-Europese standaardtijd)
16843b11-0111-44fc-8fe1-3a44ae77fc8d,e37f89f4-b7a4-4286-a0b3-5933c9719633,77,Page has details,false,0,"{""description"":""Details elements"",""informational"":true}",Sun Feb 01 2026 21:01:38 GMT+0100 (Midden-Europese standaardtijd)
79b82b23-6367-47a6-8376-06388fd13f9d,e37f89f4-b7a4-4286-a0b3-5933c9719633,78,Page has summary,false,0,"{""description"":""Summary elements"",""informational"":true}",Sun Feb 01 2026 21:01:38 GMT+0100 (Midden-Europese standaardtijd)
80e77a9d-1fe0-4248-ae50-0d037298f86c,e37f89f4-b7a4-4286-a0b3-5933c9719633,79,Page has article,false,0,"{""description"":""Article elements"",""informational"":true}",Sun Feb 01 2026 21:01:38 GMT+0100 (Midden-Europese standaardtijd)
081d4d40-4eea-4311-8626-2bb3f7a6f8c9,e37f89f4-b7a4-4286-a0b3-5933c9719633,80,Page has section,true,3,"{""description"":""Section elements"",""informational"":true}",Sun Feb 01 2026 21:01:38 GMT+0100 (Midden-Europese standaardtijd)
4097a9f0-6289-4f63-b3b2-bba788df401f,e37f89f4-b7a4-4286-a0b3-5933c9719633,81,Page has nav,true,6,"{""description"":""Navigation elements"",""informational"":true}",Sun Feb 01 2026 21:01:38 GMT+0100 (Midden-Europese standaardtijd)
935ad8e1-7e3f-407a-aae5-ca5e34775714,e37f89f4-b7a4-4286-a0b3-5933c9719633,82,Page has aside,false,0,"{""description"":""Aside elements"",""informational"":true}",Sun Feb 01 2026 21:01:38 GMT+0100 (Midden-Europese standaardtijd)
12f3cedf-7a9b-433f-a51a-29e508e28670,e37f89f4-b7a4-4286-a0b3-5933c9719633,83,Page has header,true,2,"{""description"":""Header elements"",""informational"":true}",Sun Feb 01 2026 21:01:38 GMT+0100 (Midden-Europese standaardtijd)
cc8d9722-20c0-4292-8896-bbc245ef24e9,e37f89f4-b7a4-4286-a0b3-5933c9719633,84,Page has footer,true,1,"{""description"":""Footer elements"",""informational"":true}",Sun Feb 01 2026 21:01:38 GMT+0100 (Midden-Europese standaardtijd)
d053b588-5707-426d-95e0-e3aaa0780a57,e37f89f4-b7a4-4286-a0b3-5933c9719633,85,Page has main,true,1,"{""description"":""Main content"",""informational"":true}",Sun Feb 01 2026 21:01:38 GMT+0100 (Midden-Europese standaardtijd)
ad8ba1cc-6803-41b9-9f31-cc9de90d4f74,e37f89f4-b7a4-4286-a0b3-5933c9719633,86,Page has figure,false,0,"{""description"":""Figure elements"",""informational"":true}",Sun Feb 01 2026 21:01:38 GMT+0100 (Midden-Europese standaardtijd)
4e9cfce3-153b-4ad5-8f60-b82ff87b2036,e37f89f4-b7a4-4286-a0b3-5933c9719633,87,Page has figcaption,false,0,"{""description"":""Figure captions"",""informational"":true}",Sun Feb 01 2026 21:01:38 GMT+0100 (Midden-Europese standaardtijd)
6d18412f-d2ba-4079-82cf-6a7808e32970,e37f89f4-b7a4-4286-a0b3-5933c9719633,88,Page has address,false,0,"{""description"":""Address elements"",""informational"":true}",Sun Feb 01 2026 21:01:38 GMT+0100 (Midden-Europese standaardtijd)
cdeb9600-4269-4758-8571-781ce1781fd4,e37f89f4-b7a4-4286-a0b3-5933c9719633,89,Page has progress,false,0,"{""description"":""Progress bars"",""informational"":true}",Sun Feb 01 2026 21:01:38 GMT+0100 (Midden-Europese standaardtijd)
545f2085-4b86-443b-ad4d-c695876d18f9,e37f89f4-b7a4-4286-a0b3-5933c9719633,90,Page has meter,false,0,"{""description"":""Meter elements"",""informational"":true}",Sun Feb 01 2026 21:01:38 GMT+0100 (Midden-Europese standaardtijd)
386555da-630d-4976-8b6b-82f319f8e861,e37f89f4-b7a4-4286-a0b3-5933c9719633,91,Page has output,false,0,"{""description"":""Output elements"",""informational"":true}",Sun Feb 01 2026 21:01:38 GMT+0100 (Midden-Europese standaardtijd)
26898a99-614a-4c33-a821-bc5c2420fce1,e37f89f4-b7a4-4286-a0b3-5933c9719633,92,Page has canvas,false,0,"{""description"":""Canvas elements"",""informational"":true}",Sun Feb 01 2026 21:01:38 GMT+0100 (Midden-Europese standaardtijd)
41e32936-1348-4560-92e9-3737d08614f1,e37f89f4-b7a4-4286-a0b3-5933c9719633,93,Page has object,false,0,"{""description"":""Object embeds"",""informational"":true}",Sun Feb 01 2026 21:01:38 GMT+0100 (Midden-Europese standaardtijd)
55e44973-3b57-4278-be6b-937529219a3b,e37f89f4-b7a4-4286-a0b3-5933c9719633,94,Page has embed,false,0,"{""description"":""Embed elements"",""informational"":true}",Sun Feb 01 2026 21:01:38 GMT+0100 (Midden-Europese standaardtijd)
19462f79-ec3b-4229-b629-641dd55490a4,e37f89f4-b7a4-4286-a0b3-5933c9719633,95,Page has param,false,0,"{""description"":""Param elements"",""informational"":true}",Sun Feb 01 2026 21:01:38 GMT+0100 (Midden-Europese standaardtijd)
45e2f052-a437-4cd1-87f0-5e6b43b37826,e37f89f4-b7a4-4286-a0b3-5933c9719633,96,Page has source,false,0,"{""description"":""Source elements"",""informational"":true}",Sun Feb 01 2026 21:01:38 GMT+0100 (Midden-Europese standaardtijd)
d00dff80-5baa-485e-b10e-1dd3c05340e6,e37f89f4-b7a4-4286-a0b3-5933c9719633,97,Page has track,false,0,"{""description"":""Track elements (captions)"",""informational"":true}",Sun Feb 01 2026 21:01:38 GMT+0100 (Midden-Europese standaardtijd)
4b96c883-d9c4-444b-b91d-f713b01fc8bf,e37f89f4-b7a4-4286-a0b3-5933c9719633,98,Page has map,false,0,"{""description"":""Image maps"",""informational"":true}",Sun Feb 01 2026 21:01:38 GMT+0100 (Midden-Europese standaardtijd)
df713f21-e36d-4c61-9816-328ddb591b94,e37f89f4-b7a4-4286-a0b3-5933c9719633,99,Page has area,false,0,"{""description"":""Map areas"",""informational"":true}",Sun Feb 01 2026 21:01:38 GMT+0100 (Midden-Europese standaardtijd)
e7db34e5-5503-4853-a64d-6d5f0f3ab1ce,e37f89f4-b7a4-4286-a0b3-5933c9719633,100,Page has select,false,0,"{""description"":""Select dropdowns"",""informational"":true}",Sun Feb 01 2026 21:01:38 GMT+0100 (Midden-Europese standaardtijd)
05992536-da00-4369-92cd-e87d99f88a8c,e37f89f4-b7a4-4286-a0b3-5933c9719633,101,Page has optgroup,false,0,"{""description"":""Option groups"",""informational"":true}",Sun Feb 01 2026 21:01:38 GMT+0100 (Midden-Europese standaardtijd)
8e7814f5-ef15-4d57-9fab-1a71ceb18784,e37f89f4-b7a4-4286-a0b3-5933c9719633,102,Page has option,false,0,"{""description"":""Select options"",""informational"":true}",Sun Feb 01 2026 21:01:38 GMT+0100 (Midden-Europese standaardtijd)
598d4eac-3ed3-49fb-92ca-8edac2ad5374,e37f89f4-b7a4-4286-a0b3-5933c9719633,103,Page has textarea,false,0,"{""description"":""Text areas"",""informational"":true}",Sun Feb 01 2026 21:01:38 GMT+0100 (Midden-Europese standaardtijd)
46cc97cc-109b-4c60-aa92-2a7fd361e3b9,e37f89f4-b7a4-4286-a0b3-5933c9719633,104,Page has keygen,false,0,"{""description"":""Keygen elements"",""informational"":true}",Sun Feb 01 2026 21:01:38 GMT+0100 (Midden-Europese standaardtijd)
9c4d229b-d4db-4cc6-b33c-c70a73eadafb,e37f89f4-b7a4-4286-a0b3-5933c9719633,105,Page has datalist,false,0,"{""description"":""Data lists"",""informational"":true}",Sun Feb 01 2026 21:01:38 GMT+0100 (Midden-Europese standaardtijd)
c6785c0c-7abc-4924-a8a6-a60b052c5ca6,e37f89f4-b7a4-4286-a0b3-5933c9719633,106,"Page has input type=""checkbox""",false,0,"{""description"":""Checkboxes"",""informational"":true}",Sun Feb 01 2026 21:01:38 GMT+0100 (Midden-Europese standaardtijd)
ccfa97ad-672f-4b0d-a402-aa0b70b1d7b9,e37f89f4-b7a4-4286-a0b3-5933c9719633,107,"Page has input type=""radio""",false,0,"{""description"":""Radio buttons"",""informational"":true}",Sun Feb 01 2026 21:01:38 GMT+0100 (Midden-Europese standaardtijd)
a8388588-a8df-4ae1-804a-bab5b36f38cc,e37f89f4-b7a4-4286-a0b3-5933c9719633,108,"Page has input type=""submit""",false,0,"{""description"":""Submit buttons"",""informational"":true}",Sun Feb 01 2026 21:01:38 GMT+0100 (Midden-Europese standaardtijd)
74a92696-f968-4302-9561-7270124c9f58,e37f89f4-b7a4-4286-a0b3-5933c9719633,109,"Page has input type=""reset""",false,0,"{""description"":""Reset buttons"",""informational"":true}",Sun Feb 01 2026 21:01:38 GMT+0100 (Midden-Europese standaardtijd)
42a92f38-6f20-4376-9e1c-9aa7b2cc1271,e37f89f4-b7a4-4286-a0b3-5933c9719633,110,"Page has input type=""button""",false,0,"{""description"":""Button inputs"",""informational"":true}",Sun Feb 01 2026 21:01:38 GMT+0100 (Midden-Europese standaardtijd)
6e5b334d-d75b-47f7-b20a-605022166349,e37f89f4-b7a4-4286-a0b3-5933c9719633,111,"Page has input type=""file""",false,0,"{""description"":""File inputs"",""informational"":true}",Sun Feb 01 2026 21:01:38 GMT+0100 (Midden-Europese standaardtijd)
6c939195-68bc-4bc6-88af-f7d1f77376d6,e37f89f4-b7a4-4286-a0b3-5933c9719633,112,"Page has input type=""hidden""",false,0,"{""description"":""Hidden inputs"",""informational"":true}",Sun Feb 01 2026 21:01:38 GMT+0100 (Midden-Europese standaardtijd)
69e42989-3873-47cc-8660-a7bd2c4a164e,e37f89f4-b7a4-4286-a0b3-5933c9719633,113,"Page has input type=""image""",false,0,"{""description"":""Image buttons"",""informational"":true}",Sun Feb 01 2026 21:01:38 GMT+0100 (Midden-Europese standaardtijd)
07d4f489-2552-413b-97c5-8778aa2a7648,e37f89f4-b7a4-4286-a0b3-5933c9719633,114,"Page has input type=""date""",false,0,"{""description"":""Date pickers"",""informational"":true}",Sun Feb 01 2026 21:01:38 GMT+0100 (Midden-Europese standaardtijd)
d1fc978f-cc6f-4536-b95b-16d71bd552b3,e37f89f4-b7a4-4286-a0b3-5933c9719633,115,"Page has input type=""time""",false,0,"{""description"":""Time pickers"",""informational"":true}",Sun Feb 01 2026 21:01:38 GMT+0100 (Midden-Europese standaardtijd)
9862c2bd-590f-4b0a-9694-bc752434149e,e37f89f4-b7a4-4286-a0b3-5933c9719633,116,"Page has input type=""datetime-local""",false,0,"{""description"":""Datetime pickers"",""informational"":true}",Sun Feb 01 2026 21:01:38 GMT+0100 (Midden-Europese standaardtijd)
570f9476-2fcd-4147-bbcd-4d2570c35ec9,e37f89f4-b7a4-4286-a0b3-5933c9719633,117,"Page has input type=""month""",false,0,"{""description"":""Month pickers"",""informational"":true}",Sun Feb 01 2026 21:01:38 GMT+0100 (Midden-Europese standaardtijd)
5762b830-fa4f-42c3-818c-d5804b151101,e37f89f4-b7a4-4286-a0b3-5933c9719633,118,"Page has input type=""week""",false,0,"{""description"":""Week pickers"",""informational"":true}",Sun Feb 01 2026 21:01:38 GMT+0100 (Midden-Europese standaardtijd)
11bca00a-d169-4028-a86d-48639a71f0cf,e37f89f4-b7a4-4286-a0b3-5933c9719633,119,"Page has input type=""color""",false,0,"{""description"":""Color pickers"",""informational"":true}",Sun Feb 01 2026 21:01:38 GMT+0100 (Midden-Europese standaardtijd)
7fe27b6e-cc64-4fae-99ef-115ee583039d,e37f89f4-b7a4-4286-a0b3-5933c9719633,120,"Page has input type=""range""",false,0,"{""description"":""Range sliders"",""informational"":true}",Sun Feb 01 2026 21:01:38 GMT+0100 (Midden-Europese standaardtijd)
659c2539-ad5a-4854-bbd5-a9bc46135cdb,e37f89f4-b7a4-4286-a0b3-5933c9719633,121,"Page has input type=""search""",true,2,"{""description"":""Search inputs"",""informational"":true}",Sun Feb 01 2026 21:01:38 GMT+0100 (Midden-Europese standaardtijd)
49fc271d-66e5-4b70-a5dd-70e2c733d02f,e37f89f4-b7a4-4286-a0b3-5933c9719633,122,"Page has input type=""tel""",false,0,"{""description"":""Telephone inputs"",""informational"":true}",Sun Feb 01 2026 21:01:38 GMT+0100 (Midden-Europese standaardtijd)
309deb11-647b-406d-8293-29f2b43f6251,e37f89f4-b7a4-4286-a0b3-5933c9719633,123,"Page has input type=""url""",false,0,"{""description"":""URL inputs"",""informational"":true}",Sun Feb 01 2026 21:01:38 GMT+0100 (Midden-Europese standaardtijd)
4dbc899d-b9d5-4c5d-bcbb-1e77c084ca13,e37f89f4-b7a4-4286-a0b3-5933c9719633,124,"Page has input type=""email""",false,0,"{""description"":""Email inputs"",""informational"":true}",Sun Feb 01 2026 21:01:38 GMT+0100 (Midden-Europese standaardtijd)
25ea4030-963f-4b62-97c8-edf1f98d797e,e37f89f4-b7a4-4286-a0b3-5933c9719633,125,"Page has input type=""number""",false,0,"{""description"":""Number inputs"",""informational"":true}",Sun Feb 01 2026 21:01:38 GMT+0100 (Midden-Europese standaardtijd)
b96c3003-04b8-48b1-8d01-6aa2f944badc,e37f89f4-b7a4-4286-a0b3-5933c9719633,126,"Page has input type=""password""",false,0,"{""description"":""Password fields"",""informational"":true}",Sun Feb 01 2026 21:01:38 GMT+0100 (Midden-Europese standaardtijd)
76ae1e8f-9435-421e-b9e0-fbf6c22a6000,e37f89f4-b7a4-4286-a0b3-5933c9719633,127,"Page has input type=""text""",false,0,"{""description"":""Text inputs"",""informational"":true}",Sun Feb 01 2026 21:01:38 GMT+0100 (Midden-Europese standaardtijd)
26e6585f-7ea8-4ce4-8a6a-f8fe27a3032e,e37f89f4-b7a4-4286-a0b3-5933c9719633,128,Page has label,true,2,"{""description"":""Label elements"",""informational"":true}",Sun Feb 01 2026 21:01:38 GMT+0100 (Midden-Europese standaardtijd)
e1fd48ac-7685-4845-9c7f-e050fdfe90c3,e37f89f4-b7a4-4286-a0b3-5933c9719633,129,Page has legend,false,0,"{""description"":""Legend elements"",""informational"":true}",Sun Feb 01 2026 21:01:38 GMT+0100 (Midden-Europese standaardtijd)
0fd80a88-e160-456a-84c5-ec86d484948d,e37f89f4-b7a4-4286-a0b3-5933c9719633,130,Page has fieldset,false,0,"{""description"":""Fieldset elements"",""informational"":true}",Sun Feb 01 2026 21:01:38 GMT+0100 (Midden-Europese standaardtijd)
49a0e502-10f6-4a06-b16c-9ade0e3389bd,25678446-7f11-4bab-9887-fd6fb00488ff,48,LangAttributeMissingTest,false,0,"{""langValue"":""nl"",""wcagLevel"":""A"",""critical"":true}",Sun Feb 01 2026 21:01:39 GMT+0100 (Midden-Europese standaardtijd)
c09b9744-c013-41c7-bfd8-a4940ececeab,25678446-7f11-4bab-9887-fd6fb00488ff,50,TitleMissingTest,false,0,"{""wcagLevel"":""A"",""critical"":true}",Sun Feb 01 2026 21:01:39 GMT+0100 (Midden-Europese standaardtijd)
b0fdb68e-ef73-41df-ac05-20de62a80551,25678446-7f11-4bab-9887-fd6fb00488ff,51,TitleEmptyTest,false,0,"{""titleText"":""Home | DigiD"",""wcagLevel"":""A"",""critical"":true}",Sun Feb 01 2026 21:01:39 GMT+0100 (Midden-Europese standaardtijd)
27aa329a-f648-4d6d-9b1b-1816c94a95bd,25678446-7f11-4bab-9887-fd6fb00488ff,64,ImgMissingAltTest,false,0,"{""images"":[],""totalCount"":0,""wcagLevel"":""A"",""critical"":true}",Sun Feb 01 2026 21:01:39 GMT+0100 (Midden-Europese standaardtijd)
c9044cb4-0053-4791-b54d-104002404248,25678446-7f11-4bab-9887-fd6fb00488ff,30,FormMissingLabelsTest,false,0,"{""forms"":[],""wcagLevel"":""A"",""critical"":true}",Sun Feb 01 2026 21:01:39 GMT+0100 (Midden-Europese standaardtijd)
abef4c9a-ee63-4bd3-9905-25aaf2c931d9,25678446-7f11-4bab-9887-fd6fb00488ff,57,HeadingsAtLeastOneH1Test,false,0,"{""h1Count"":2,""h1Texts"":[""Laat zien wie je bent"",""""],""wcagLevel"":""A"",""critical"":true}",Sun Feb 01 2026 21:01:39 GMT+0100 (Midden-Europese standaardtijd)
d72bc4b9-b12e-498d-a825-e1ecee2acda3,25678446-7f11-4bab-9887-fd6fb00488ff,7,IframeMissingAccessibleNameTest,false,0,"{""iframes"":[],""totalCount"":0,""wcagLevel"":""A"",""critical"":true}",Sun Feb 01 2026 21:01:39 GMT+0100 (Midden-Europese standaardtijd)
038fedb8-bd90-4c31-8be6-2d23ee76f841,25678446-7f11-4bab-9887-fd6fb00488ff,25,TableTest,false,0,"{""tables"":[],""totalCount"":0,""informational"":true}",Sun Feb 01 2026 21:01:39 GMT+0100 (Midden-Europese standaardtijd)
2c49a66d-2a31-4a0c-9c9d-5e4b1217889a,25678446-7f11-4bab-9887-fd6fb00488ff,29,FormTest,true,2,"{""forms"":[{""index"":1,""action"":""#"",""method"":""GET"",""inputCount"":1},{""index"":2,""action"":""#"",""method"":""GET"",""inputCount"":1}],""totalCount"":2,""informational"":true}",Sun Feb 01 2026 21:01:39 GMT+0100 (Midden-Europese standaardtijd)
21fc0855-7bb8-4f57-8a7f-42185010fad2,25678446-7f11-4bab-9887-fd6fb00488ff,63,ImgTest,true,19,"{""totalImages"":19,""withAlt"":19,""withoutAlt"":0,""withEmptyAlt"":16,""informational"":true}",Sun Feb 01 2026 21:01:39 GMT+0100 (Midden-Europese standaardtijd)
0d4eba89-1026-42fd-b60f-8830acff7022,25678446-7f11-4bab-9887-fd6fb00488ff,1,IframeIsVimeoVideoWithKeysDisabledTest,false,0,"{""iframes"":[],""totalCount"":0}",Sun Feb 01 2026 21:01:39 GMT+0100 (Midden-Europese standaardtijd)
efe42e37-f483-4578-852f-db39420c876a,25678446-7f11-4bab-9887-fd6fb00488ff,2,ImgAltTooLongTest,false,0,"{""images"":[],""totalCount"":0}",Sun Feb 01 2026 21:01:39 GMT+0100 (Midden-Europese standaardtijd)
59464461-33f3-41fa-8b2a-e8ad845168ed,25678446-7f11-4bab-9887-fd6fb00488ff,3,ViewportMetaRestrictsScalingTest,false,0,"{""content"":""width=device-width, initial-scale=1"",""restrictsScaling"":false}",Sun Feb 01 2026 21:01:39 GMT+0100 (Midden-Europese standaardtijd)
b7ecd2ee-b669-4631-831b-17ec4325b23f,25678446-7f11-4bab-9887-fd6fb00488ff,4,ImageLinkMissingAccessibleNameTest,true,1,"{""links"":[{""href"":""/nl"",""imageCount"":1}],""totalCount"":1}",Sun Feb 01 2026 21:01:39 GMT+0100 (Midden-Europese standaardtijd)
8a49c0ac-3142-4d9f-bc7c-56a1baa73dcd,25678446-7f11-4bab-9887-fd6fb00488ff,5,PageContainsLinkReadMoreTest,false,0,"{""links"":[],""totalCount"":0}",Sun Feb 01 2026 21:01:39 GMT+0100 (Midden-Europese standaardtijd)
8d20da92-828d-411a-a1ea-ec11a82e4f01,25678446-7f11-4bab-9887-fd6fb00488ff,6,PageContainsMultipleSameLinksTest,true,15,"{""duplicateLinks"":[{""text"":""Mijn DigiD"",""occurrences"":2},{""text"":""Ik krijg een foutmelding in de DigiD app"",""occurrences"":3},{""text"":""Hoe activeer ik de DigiD app?"",""occurrences"":3},{""text"":""Hoe log ik in met de DigiD app?"",""occurrences"":2},{""text"":""Waarom lukt het activeren van mijn rijbewijs/ID-kaart niet?"",""occurrences"":3},{""text"":""Code invullen"",""occurrences"":2}],""totalCount"":15}",Sun Feb 01 2026 21:01:39 GMT+0100 (Midden-Europese standaardtijd)
c3943072-f6b0-4177-9731-04708c7fe00d,25678446-7f11-4bab-9887-fd6fb00488ff,8,IframeIsYouTubeVideoWithKeysEnabledTest,false,0,"{""iframes"":[],""totalCount"":0}",Sun Feb 01 2026 21:01:39 GMT+0100 (Midden-Europese standaardtijd)
8e4910e8-0d50-4fd7-b973-a5b7ff30496e,25678446-7f11-4bab-9887-fd6fb00488ff,9,TableWithHeadingsTest,false,0,"{""tables"":[],""totalCount"":0}",Sun Feb 01 2026 21:01:39 GMT+0100 (Midden-Europese standaardtijd)
9dd257c1-4365-4607-aa26-759ba6e8daeb,25678446-7f11-4bab-9887-fd6fb00488ff,11,IframeIsGoogleMapTest,false,0,"{""iframes"":[],""totalCount"":0}",Sun Feb 01 2026 21:01:39 GMT+0100 (Midden-Europese standaardtijd)
e914fcdd-7c15-4163-8018-8a8cd0b2d8cd,25678446-7f11-4bab-9887-fd6fb00488ff,12,IframeIsScribitVideoTest,false,0,"{""iframes"":[],""totalCount"":0}",Sun Feb 01 2026 21:01:39 GMT+0100 (Midden-Europese standaardtijd)
1d1f4189-5471-46eb-856b-1ed77532aa52,25678446-7f11-4bab-9887-fd6fb00488ff,13,IframeIsVimeoVideoWithKeysEnabledTest,false,0,"{""iframes"":[],""totalCount"":0}",Sun Feb 01 2026 21:01:39 GMT+0100 (Midden-Europese standaardtijd)
0213f407-1d6d-43be-a458-70e8677161b3,25678446-7f11-4bab-9887-fd6fb00488ff,14,IframeIsVimeoVideoTest,false,0,"{""iframes"":[],""totalCount"":0}",Sun Feb 01 2026 21:01:39 GMT+0100 (Midden-Europese standaardtijd)
af3984d3-b115-46fd-bff5-3037d875627b,25678446-7f11-4bab-9887-fd6fb00488ff,15,IframeTest,false,0,"{""iframes"":[],""totalCount"":0,""informational"":true}",Sun Feb 01 2026 21:01:39 GMT+0100 (Midden-Europese standaardtijd)
d201756a-4002-44ba-83e6-8a1dddc234d7,25678446-7f11-4bab-9887-fd6fb00488ff,16,AudioHasAutoplayTest,false,0,"{""audios"":[],""totalCount"":0}",Sun Feb 01 2026 21:01:39 GMT+0100 (Midden-Europese standaardtijd)
3f668a45-ab79-4d23-94e1-196be7ebfacd,25678446-7f11-4bab-9887-fd6fb00488ff,17,AudioControlsTest,false,0,"{""audios"":[],""totalCount"":0,""informational"":true}",Sun Feb 01 2026 21:01:39 GMT+0100 (Midden-Europese standaardtijd)
5c680cd7-dbe7-4bb2-8af9-b3136f917574,25678446-7f11-4bab-9887-fd6fb00488ff,18,AudioTest,false,0,"{""audios"":[],""totalCount"":0,""informational"":true}",Sun Feb 01 2026 21:01:39 GMT+0100 (Midden-Europese standaardtijd)
f61f991a-00fd-43a6-bcc9-6c8048856a97,25678446-7f11-4bab-9887-fd6fb00488ff,19,VideoHasAutoplayTest,false,0,"{""videos"":[],""totalCount"":0}",Sun Feb 01 2026 21:01:39 GMT+0100 (Midden-Europese standaardtijd)
6dcf7bdb-3b7e-4dce-a050-955e41123bd2,25678446-7f11-4bab-9887-fd6fb00488ff,20,VideoMissingTitleAriaTest,false,0,"{""videos"":[],""totalCount"":0}",Sun Feb 01 2026 21:01:39 GMT+0100 (Midden-Europese standaardtijd)
3d2527a1-a471-4568-a332-e437eca9a209,25678446-7f11-4bab-9887-fd6fb00488ff,21,VideoControlsTest,false,0,"{""videos"":[],""totalCount"":0,""informational"":true}",Sun Feb 01 2026 21:01:39 GMT+0100 (Midden-Europese standaardtijd)
ab182918-672f-4ee1-8d3a-ee2dfe087662,25678446-7f11-4bab-9887-fd6fb00488ff,22,VideoTest,false,0,"{""videos"":[],""totalCount"":0,""informational"":true}",Sun Feb 01 2026 21:01:39 GMT+0100 (Midden-Europese standaardtijd)
86fc457c-19e6-477c-a77d-7ce35b2baa6f,25678446-7f11-4bab-9887-fd6fb00488ff,23,LinkWithoutTextTest,false,0,"{""links"":[],""totalCount"":0,""wcagLevel"":""A"",""critical"":true}",Sun Feb 01 2026 21:01:39 GMT+0100 (Midden-Europese standaardtijd)
a7d854b0-4914-4b1b-b112-61165d816f9a,25678446-7f11-4bab-9887-fd6fb00488ff,24,EmptyLinkTest,false,0,"{""links"":[],""totalCount"":0,""wcagLevel"":""A"",""critical"":true}",Sun Feb 01 2026 21:01:39 GMT+0100 (Midden-Europese standaardtijd)
35086ef6-0149-4bb7-bd58-8fe8c68dcee5,25678446-7f11-4bab-9887-fd6fb00488ff,26,TableWithoutHeadersTest,false,0,"{""tables"":[],""totalCount"":0,""wcagLevel"":""A"",""critical"":true}",Sun Feb 01 2026 21:01:39 GMT+0100 (Midden-Europese standaardtijd)
d0d9ed89-0f76-4cb9-a394-ea2f1b816382,25678446-7f11-4bab-9887-fd6fb00488ff,27,ListTest,true,10,"{""lists"":[{""type"":""ul"",""itemCount"":0,""index"":1},{""type"":""ul"",""itemCount"":1,""index"":2},{""type"":""ul"",""itemCount"":2,""index"":3},{""type"":""ul"",""itemCount"":5,""index"":4},{""type"":""ul"",""itemCount"":2,""index"":5},{""type"":""ul"",""itemCount"":4,""index"":6},{""type"":""ul"",""itemCount"":4,""index"":7},{""type"":""ul"",""itemCount"":3,""index"":8},{""type"":""ul"",""itemCount"":2,""index"":9},{""type"":""ul"",""itemCount"":6,""index"":10}],""totalCount"":10,""informational"":true}",Sun Feb 01 2026 21:01:39 GMT+0100 (Midden-Europese standaardtijd)
ae1120dd-ae55-4b39-88ef-7fb2e13c0812,25678446-7f11-4bab-9887-fd6fb00488ff,28,DefinitionListTest,false,0,"{""lists"":[],""totalCount"":0,""informational"":true}",Sun Feb 01 2026 21:01:39 GMT+0100 (Midden-Europese standaardtijd)
7e107dcd-5a4a-40e9-b5e3-5efca8097710,25678446-7f11-4bab-9887-fd6fb00488ff,31,FormMissingFieldsetTest,false,0,"{""forms"":[],""totalCount"":0,""wcagLevel"":""A""}",Sun Feb 01 2026 21:01:39 GMT+0100 (Midden-Europese standaardtijd)
8a35ce9a-2f7e-4094-84b9-169d8e0e0287,25678446-7f11-4bab-9887-fd6fb00488ff,32,InputMissingLabelTest,false,0,"{""inputs"":[],""totalCount"":0,""wcagLevel"":""A"",""critical"":true}",Sun Feb 01 2026 21:01:39 GMT+0100 (Midden-Europese standaardtijd)
dc93f84e-a6fa-435f-8743-884ce021834e,25678446-7f11-4bab-9887-fd6fb00488ff,33,ButtonEmptyTest,false,0,"{""buttons"":[],""totalCount"":0,""wcagLevel"":""A"",""critical"":true}",Sun Feb 01 2026 21:01:39 GMT+0100 (Midden-Europese standaardtijd)
9cec7e50-418e-4a36-a5bb-a7cceef0cc2f,25678446-7f11-4bab-9887-fd6fb00488ff,34,HeadingEmptyTest,true,1,"{""headings"":[{""level"":""h1"",""html"":""""}],""totalCount"":1,""wcagLevel"":""A"",""critical"":true}",Sun Feb 01 2026 21:01:39 GMT+0100 (Midden-Europese standaardtijd)
5c01735f-5eb3-4850-a4ad-2798f4da25ce,25678446-7f11-4bab-9887-fd6fb00488ff,35,HeadingSkipLevelTest,false,0,"{""violations"":[],""totalCount"":0,""wcagLevel"":""AA""}",Sun Feb 01 2026 21:01:39 GMT+0100 (Midden-Europese standaardtijd)
a0f33793-5745-4bde-9898-f0cb76d3c775,25678446-7f11-4bab-9887-fd6fb00488ff,36,SkipLinkTest,false,0,"{""skipLinks"":[],""informational"":true}",Sun Feb 01 2026 21:01:39 GMT+0100 (Midden-Europese standaardtijd)
8b66c759-636f-4bfe-b92f-81a52eb63a7f,25678446-7f11-4bab-9887-fd6fb00488ff,37,AriaLandmarksTest,true,14,"{""landmarks"":[{""type"":""aria-role"",""role"":""navigation"",""tag"":""nav""},{""type"":""aria-role"",""role"":""navigation"",""tag"":""nav""},{""type"":""aria-role"",""role"":""navigation"",""tag"":""nav""},{""type"":""aria-role"",""role"":""navigation"",""tag"":""nav""},{""type"":""semantic"",""tag"":""header""},{""type"":""semantic"",""tag"":""nav""},{""type"":""semantic"",""tag"":""nav""},{""type"":""semantic"",""tag"":""nav""},{""type"":""semantic"",""tag"":""nav""},{""type"":""semantic"",""tag"":""main""}],""totalCount"":14,""informational"":true}",Sun Feb 01 2026 21:01:39 GMT+0100 (Midden-Europese standaardtijd)
66a92a5e-a3f4-4cf6-85f6-e73b79913ca6,25678446-7f11-4bab-9887-fd6fb00488ff,38,Element has tabindex,false,0,"{""description"":""Page has elements with tabindex"",""informational"":true}",Sun Feb 01 2026 21:01:39 GMT+0100 (Midden-Europese standaardtijd)
f89f8fdc-9ddf-4598-95a5-a7d1622703ed,25678446-7f11-4bab-9887-fd6fb00488ff,39,Page has list,true,10,"{""description"":""Page has lists"",""informational"":true}",Sun Feb 01 2026 21:01:39 GMT+0100 (Midden-Europese standaardtijd)
8349ef69-c3d5-4eca-8292-b8dbee5e54e9,25678446-7f11-4bab-9887-fd6fb00488ff,40,Page has elements with aria-label,true,2,"{""description"":""Elements with ARIA labels"",""informational"":true}",Sun Feb 01 2026 21:01:39 GMT+0100 (Midden-Europese standaardtijd)
c96e2b34-44b3-4e28-a812-0286a2153ef8,25678446-7f11-4bab-9887-fd6fb00488ff,41,Page has elements with aria-expanded,true,1,"{""description"":""Expandable elements"",""informational"":true}",Sun Feb 01 2026 21:01:39 GMT+0100 (Midden-Europese standaardtijd)
734b2816-b503-4415-9a13-2ab504d484dc,25678446-7f11-4bab-9887-fd6fb00488ff,42,Page has pictures,false,0,"{""description"":""Page contains picture elements"",""informational"":true}",Sun Feb 01 2026 21:01:39 GMT+0100 (Midden-Europese standaardtijd)
76a9b35f-9c74-4647-8098-1d91a7176451,25678446-7f11-4bab-9887-fd6fb00488ff,43,Page has images,true,19,"{""description"":""Page contains images"",""informational"":true}",Sun Feb 01 2026 21:01:39 GMT+0100 (Midden-Europese standaardtijd)
8fc3b104-f87d-4b17-9f9c-6a476fed3a2a,25678446-7f11-4bab-9887-fd6fb00488ff,44,Page has decorative images or text alternative is missing,true,16,"{""description"":""Decorative or missing alt"",""informational"":true}",Sun Feb 01 2026 21:01:39 GMT+0100 (Midden-Europese standaardtijd)
10b70d3e-fc33-48dd-96a0-d5b83bc88c7a,25678446-7f11-4bab-9887-fd6fb00488ff,45,Page has elements with aria-describedby,false,0,"{""description"":""Elements with descriptions"",""informational"":true}",Sun Feb 01 2026 21:01:39 GMT+0100 (Midden-Europese standaardtijd)
a4954547-3152-48ee-80f9-66667ffefc5f,25678446-7f11-4bab-9887-fd6fb00488ff,46,Page has a button with aria-label,false,0,"{""description"":""Buttons with ARIA labels"",""informational"":true}",Sun Feb 01 2026 21:01:39 GMT+0100 (Midden-Europese standaardtijd)
5b21aada-6338-4cd1-b180-ffa676e688d7,25678446-7f11-4bab-9887-fd6fb00488ff,47,Form with required input fields is validated by browser,false,0,"{""description"":""Browser-validated forms"",""informational"":true}",Sun Feb 01 2026 21:01:39 GMT+0100 (Midden-Europese standaardtijd)
ad672467-4111-436b-a107-6e90b8fb3060,25678446-7f11-4bab-9887-fd6fb00488ff,49,Page has elements with aria-labelledby,true,2,"{""description"":""Elements with labelledby"",""informational"":true}",Sun Feb 01 2026 21:01:39 GMT+0100 (Midden-Europese standaardtijd)
7cda7e9d-7398-4036-bdbc-18d08a9b6f4a,25678446-7f11-4bab-9887-fd6fb00488ff,52,Page has SVG-images,true,20,"{""description"":""Page contains SVG"",""informational"":true}",Sun Feb 01 2026 21:01:39 GMT+0100 (Midden-Europese standaardtijd)
db6f5072-e5c3-4543-9bad-b8247a84efb9,25678446-7f11-4bab-9887-fd6fb00488ff,53,Page has elements with role=menu,false,0,"{""description"":""Menu elements"",""informational"":true}",Sun Feb 01 2026 21:01:39 GMT+0100 (Midden-Europese standaardtijd)
b18cb32b-2cdc-4f87-838d-6bae2c24c0a0,25678446-7f11-4bab-9887-fd6fb00488ff,54,Page has fieldset without legend,false,0,"{""description"":""Fieldsets missing legends"",""informational"":true}",Sun Feb 01 2026 21:01:39 GMT+0100 (Midden-Europese standaardtijd)
de443181-b98f-4de9-a607-fc096c5443c1,25678446-7f11-4bab-9887-fd6fb00488ff,55,Page has dialog or modal window,false,0,"{""description"":""Dialog elements"",""informational"":true}",Sun Feb 01 2026 21:01:39 GMT+0100 (Midden-Europese standaardtijd)
ab4e1f87-c98f-4b75-b997-7250751ddd6c,25678446-7f11-4bab-9887-fd6fb00488ff,56,Page has interactive image,false,0,"{""description"":""Interactive images"",""informational"":true}",Sun Feb 01 2026 21:01:39 GMT+0100 (Midden-Europese standaardtijd)
17b05dff-e5d7-40b4-b314-23e1e25ffd12,25678446-7f11-4bab-9887-fd6fb00488ff,10,Page has aria-hidden element,true,7,"{""description"":""Hidden elements"",""informational"":true}",Sun Feb 01 2026 21:01:39 GMT+0100 (Midden-Europese standaardtijd)
8f758659-8f45-4d3d-8e24-180f629808f5,25678446-7f11-4bab-9887-fd6fb00488ff,58,Page has input fields with autocomplete,false,0,"{""description"":""Autocomplete fields"",""informational"":true}",Sun Feb 01 2026 21:01:39 GMT+0100 (Midden-Europese standaardtijd)
5a870aa8-33db-45fb-804f-47ce4c5cc042,25678446-7f11-4bab-9887-fd6fb00488ff,59,Page has aria-invalid element,false,0,"{""description"":""Invalid elements"",""informational"":true}",Sun Feb 01 2026 21:01:39 GMT+0100 (Midden-Europese standaardtijd)
6006f94c-f9e3-4ce3-84e4-ee0f3139f260,25678446-7f11-4bab-9887-fd6fb00488ff,60,Page has aria-required element,false,0,"{""description"":""Required elements"",""informational"":true}",Sun Feb 01 2026 21:01:39 GMT+0100 (Midden-Europese standaardtijd)
3bdeca40-b7e5-48f9-b117-ecece0461031,25678446-7f11-4bab-9887-fd6fb00488ff,61,Page has accesskey,false,0,"{""description"":""Accesskey attributes"",""informational"":true}",Sun Feb 01 2026 21:01:39 GMT+0100 (Midden-Europese standaardtijd)
db037fa0-8515-4e39-87b4-5021dc18d0a2,25678446-7f11-4bab-9887-fd6fb00488ff,62,Page has aria-live element,false,0,"{""description"":""Live regions"",""informational"":true}",Sun Feb 01 2026 21:01:39 GMT+0100 (Midden-Europese standaardtijd)
05ebc498-73d8-4c86-9e2e-0dfb81e6a205,25678446-7f11-4bab-9887-fd6fb00488ff,65,Page has strong or bold,false,0,"{""description"":""Bold text"",""informational"":true}",Sun Feb 01 2026 21:01:39 GMT+0100 (Midden-Europese standaardtijd)
8b2195ef-8e17-429f-ac07-b725a0f9ae55,25678446-7f11-4bab-9887-fd6fb00488ff,66,Page has em or italic,false,0,"{""description"":""Italic text"",""informational"":true}",Sun Feb 01 2026 21:01:39 GMT+0100 (Midden-Europese standaardtijd)
4fbdad91-8c8f-43fa-b34f-7d66467cc78d,25678446-7f11-4bab-9887-fd6fb00488ff,67,Page has preformatted text,false,0,"{""description"":""Preformatted content"",""informational"":true}",Sun Feb 01 2026 21:01:39 GMT+0100 (Midden-Europese standaardtijd)
a4a178d1-9fc5-4d6f-8aab-3433d20b9040,25678446-7f11-4bab-9887-fd6fb00488ff,68,Page has code block,false,0,"{""description"":""Code blocks"",""informational"":true}",Sun Feb 01 2026 21:01:39 GMT+0100 (Midden-Europese standaardtijd)
8689402b-e651-4e8f-888c-7ebb4614c76a,25678446-7f11-4bab-9887-fd6fb00488ff,69,Page has blockquote,false,0,"{""description"":""Quote blocks"",""informational"":true}",Sun Feb 01 2026 21:01:39 GMT+0100 (Midden-Europese standaardtijd)
3bdf4dd3-a043-4029-9afc-a99f090ad886,25678446-7f11-4bab-9887-fd6fb00488ff,70,Page has abbreviation,false,0,"{""description"":""Abbreviations"",""informational"":true}",Sun Feb 01 2026 21:01:39 GMT+0100 (Midden-Europese standaardtijd)
5ba8d67f-0529-4eb7-817c-aa6f2aeb50a8,25678446-7f11-4bab-9887-fd6fb00488ff,71,Page has citation,false,0,"{""description"":""Citations"",""informational"":true}",Sun Feb 01 2026 21:01:39 GMT+0100 (Midden-Europese standaardtijd)
b0b1231c-37cd-4a25-a353-1c0ac1bd1515,25678446-7f11-4bab-9887-fd6fb00488ff,72,Page has marked text,false,0,"{""description"":""Highlighted text"",""informational"":true}",Sun Feb 01 2026 21:01:39 GMT+0100 (Midden-Europese standaardtijd)
c9b75775-c6be-451c-b28a-aa9e2e3a8a78,25678446-7f11-4bab-9887-fd6fb00488ff,73,Page has subscript,false,0,"{""description"":""Subscript text"",""informational"":true}",Sun Feb 01 2026 21:01:39 GMT+0100 (Midden-Europese standaardtijd)
dcee4e4c-f2ba-406b-9704-fc0cef0c2fbc,25678446-7f11-4bab-9887-fd6fb00488ff,74,Page has superscript,false,0,"{""description"":""Superscript text"",""informational"":true}",Sun Feb 01 2026 21:01:39 GMT+0100 (Midden-Europese standaardtijd)
a0e31ecb-dc9d-471a-b082-bac8b9cec490,25678446-7f11-4bab-9887-fd6fb00488ff,75,Page has time,false,0,"{""description"":""Time elements"",""informational"":true}",Sun Feb 01 2026 21:01:39 GMT+0100 (Midden-Europese standaardtijd)
fd68a4ce-274c-4f6c-92b4-c9fee444a4ec,25678446-7f11-4bab-9887-fd6fb00488ff,76,Page has data,false,0,"{""description"":""Data elements"",""informational"":true}",Sun Feb 01 2026 21:01:39 GMT+0100 (Midden-Europese standaardtijd)
cf53cbed-2e4d-4df3-862c-3815795eedf9,25678446-7f11-4bab-9887-fd6fb00488ff,77,Page has details,false,0,"{""description"":""Details elements"",""informational"":true}",Sun Feb 01 2026 21:01:39 GMT+0100 (Midden-Europese standaardtijd)
53e191c2-ef5d-4c5c-a9b1-943a5d487635,25678446-7f11-4bab-9887-fd6fb00488ff,78,Page has summary,false,0,"{""description"":""Summary elements"",""informational"":true}",Sun Feb 01 2026 21:01:39 GMT+0100 (Midden-Europese standaardtijd)
eddd4f0f-a8ad-45ee-95a0-d1a0b1882834,25678446-7f11-4bab-9887-fd6fb00488ff,79,Page has article,false,0,"{""description"":""Article elements"",""informational"":true}",Sun Feb 01 2026 21:01:39 GMT+0100 (Midden-Europese standaardtijd)
a04595d1-fe1f-400b-8584-b09a31af05fc,25678446-7f11-4bab-9887-fd6fb00488ff,80,Page has section,true,3,"{""description"":""Section elements"",""informational"":true}",Sun Feb 01 2026 21:01:39 GMT+0100 (Midden-Europese standaardtijd)
6807de9e-cc18-46bd-a0ce-9dde44dc17fa,25678446-7f11-4bab-9887-fd6fb00488ff,81,Page has nav,true,6,"{""description"":""Navigation elements"",""informational"":true}",Sun Feb 01 2026 21:01:39 GMT+0100 (Midden-Europese standaardtijd)
88ba7bed-2840-4f54-950c-c88f45be06a8,25678446-7f11-4bab-9887-fd6fb00488ff,82,Page has aside,false,0,"{""description"":""Aside elements"",""informational"":true}",Sun Feb 01 2026 21:01:39 GMT+0100 (Midden-Europese standaardtijd)
091d71ee-0ef7-450d-b184-8eff62888ffc,25678446-7f11-4bab-9887-fd6fb00488ff,83,Page has header,true,2,"{""description"":""Header elements"",""informational"":true}",Sun Feb 01 2026 21:01:39 GMT+0100 (Midden-Europese standaardtijd)
213334df-94c7-4ef4-b794-a7ab6ef13e04,25678446-7f11-4bab-9887-fd6fb00488ff,84,Page has footer,true,1,"{""description"":""Footer elements"",""informational"":true}",Sun Feb 01 2026 21:01:39 GMT+0100 (Midden-Europese standaardtijd)
7ede0082-755c-492f-8b27-ebcc7fec5f7d,25678446-7f11-4bab-9887-fd6fb00488ff,85,Page has main,true,1,"{""description"":""Main content"",""informational"":true}",Sun Feb 01 2026 21:01:39 GMT+0100 (Midden-Europese standaardtijd)
43c93d87-b71e-405f-a0ac-e8b555cacc6a,25678446-7f11-4bab-9887-fd6fb00488ff,86,Page has figure,false,0,"{""description"":""Figure elements"",""informational"":true}",Sun Feb 01 2026 21:01:39 GMT+0100 (Midden-Europese standaardtijd)
e62740b8-e987-4ece-a532-bbcd164a66fd,25678446-7f11-4bab-9887-fd6fb00488ff,87,Page has figcaption,false,0,"{""description"":""Figure captions"",""informational"":true}",Sun Feb 01 2026 21:01:39 GMT+0100 (Midden-Europese standaardtijd)
2f628511-ec95-4a52-8315-0870dd7c0bab,25678446-7f11-4bab-9887-fd6fb00488ff,88,Page has address,false,0,"{""description"":""Address elements"",""informational"":true}",Sun Feb 01 2026 21:01:39 GMT+0100 (Midden-Europese standaardtijd)
7fc3fa58-987f-4823-8d54-43741a358454,25678446-7f11-4bab-9887-fd6fb00488ff,89,Page has progress,false,0,"{""description"":""Progress bars"",""informational"":true}",Sun Feb 01 2026 21:01:39 GMT+0100 (Midden-Europese standaardtijd)
9b65ada3-5170-49cb-b487-c64dea210960,25678446-7f11-4bab-9887-fd6fb00488ff,90,Page has meter,false,0,"{""description"":""Meter elements"",""informational"":true}",Sun Feb 01 2026 21:01:39 GMT+0100 (Midden-Europese standaardtijd)
0e816142-3993-45af-bdaf-4e9d5a40d2cf,25678446-7f11-4bab-9887-fd6fb00488ff,91,Page has output,false,0,"{""description"":""Output elements"",""informational"":true}",Sun Feb 01 2026 21:01:39 GMT+0100 (Midden-Europese standaardtijd)
79a6cf30-a849-4c25-88c7-e2de00628329,25678446-7f11-4bab-9887-fd6fb00488ff,92,Page has canvas,false,0,"{""description"":""Canvas elements"",""informational"":true}",Sun Feb 01 2026 21:01:39 GMT+0100 (Midden-Europese standaardtijd)
2c85b727-3782-46a5-b41e-6b8872afb05b,25678446-7f11-4bab-9887-fd6fb00488ff,93,Page has object,false,0,"{""description"":""Object embeds"",""informational"":true}",Sun Feb 01 2026 21:01:39 GMT+0100 (Midden-Europese standaardtijd)
fc02d74d-6d3c-46e4-bebc-e1f4cea3b2cd,25678446-7f11-4bab-9887-fd6fb00488ff,94,Page has embed,false,0,"{""description"":""Embed elements"",""informational"":true}",Sun Feb 01 2026 21:01:39 GMT+0100 (Midden-Europese standaardtijd)
8e245031-c1c4-4128-aa76-e2ba965360a1,25678446-7f11-4bab-9887-fd6fb00488ff,95,Page has param,false,0,"{""description"":""Param elements"",""informational"":true}",Sun Feb 01 2026 21:01:39 GMT+0100 (Midden-Europese standaardtijd)
fad89f00-133f-4aea-93b5-688b1dca0431,25678446-7f11-4bab-9887-fd6fb00488ff,96,Page has source,false,0,"{""description"":""Source elements"",""informational"":true}",Sun Feb 01 2026 21:01:39 GMT+0100 (Midden-Europese standaardtijd)
9ef1d696-0551-4b5e-9f19-e2282f4ca4e9,25678446-7f11-4bab-9887-fd6fb00488ff,97,Page has track,false,0,"{""description"":""Track elements (captions)"",""informational"":true}",Sun Feb 01 2026 21:01:39 GMT+0100 (Midden-Europese standaardtijd)
4b889497-c756-4cc9-8f88-efa41aaa4571,25678446-7f11-4bab-9887-fd6fb00488ff,98,Page has map,false,0,"{""description"":""Image maps"",""informational"":true}",Sun Feb 01 2026 21:01:39 GMT+0100 (Midden-Europese standaardtijd)
104be140-4c7d-4769-85b3-6fbed72e368b,25678446-7f11-4bab-9887-fd6fb00488ff,99,Page has area,false,0,"{""description"":""Map areas"",""informational"":true}",Sun Feb 01 2026 21:01:39 GMT+0100 (Midden-Europese standaardtijd)
d99b178d-eb87-4093-8444-ff21c546b2e7,25678446-7f11-4bab-9887-fd6fb00488ff,100,Page has select,false,0,"{""description"":""Select dropdowns"",""informational"":true}",Sun Feb 01 2026 21:01:39 GMT+0100 (Midden-Europese standaardtijd)
ba64d97c-2868-4259-bacf-ae071709bdf7,25678446-7f11-4bab-9887-fd6fb00488ff,101,Page has optgroup,false,0,"{""description"":""Option groups"",""informational"":true}",Sun Feb 01 2026 21:01:39 GMT+0100 (Midden-Europese standaardtijd)
370ffd54-f7a3-4243-89e7-7692b927abfa,25678446-7f11-4bab-9887-fd6fb00488ff,102,Page has option,false,0,"{""description"":""Select options"",""informational"":true}",Sun Feb 01 2026 21:01:39 GMT+0100 (Midden-Europese standaardtijd)
64dc8081-4060-40fa-a1b6-493171b181f1,25678446-7f11-4bab-9887-fd6fb00488ff,103,Page has textarea,false,0,"{""description"":""Text areas"",""informational"":true}",Sun Feb 01 2026 21:01:39 GMT+0100 (Midden-Europese standaardtijd)
d8274e3e-71a1-4c30-8993-f298524740ae,25678446-7f11-4bab-9887-fd6fb00488ff,104,Page has keygen,false,0,"{""description"":""Keygen elements"",""informational"":true}",Sun Feb 01 2026 21:01:39 GMT+0100 (Midden-Europese standaardtijd)
318e8d26-2298-49a1-929e-c1711c91e8f3,25678446-7f11-4bab-9887-fd6fb00488ff,105,Page has datalist,false,0,"{""description"":""Data lists"",""informational"":true}",Sun Feb 01 2026 21:01:39 GMT+0100 (Midden-Europese standaardtijd)
b199c18d-8d43-4602-8102-3797dbc06f3e,25678446-7f11-4bab-9887-fd6fb00488ff,106,"Page has input type=""checkbox""",false,0,"{""description"":""Checkboxes"",""informational"":true}",Sun Feb 01 2026 21:01:39 GMT+0100 (Midden-Europese standaardtijd)
1dbf6f1e-ba10-40eb-a0b5-7fb75d0fe4a4,25678446-7f11-4bab-9887-fd6fb00488ff,107,"Page has input type=""radio""",false,0,"{""description"":""Radio buttons"",""informational"":true}",Sun Feb 01 2026 21:01:39 GMT+0100 (Midden-Europese standaardtijd)
b0895b4d-0d90-4b9f-a9da-eaf0a46964f4,25678446-7f11-4bab-9887-fd6fb00488ff,108,"Page has input type=""submit""",false,0,"{""description"":""Submit buttons"",""informational"":true}",Sun Feb 01 2026 21:01:39 GMT+0100 (Midden-Europese standaardtijd)
cd41de37-7148-4857-a810-b84d96727076,25678446-7f11-4bab-9887-fd6fb00488ff,109,"Page has input type=""reset""",false,0,"{""description"":""Reset buttons"",""informational"":true}",Sun Feb 01 2026 21:01:39 GMT+0100 (Midden-Europese standaardtijd)
30614afc-fde9-4581-8c63-fa92c78b4691,25678446-7f11-4bab-9887-fd6fb00488ff,110,"Page has input type=""button""",false,0,"{""description"":""Button inputs"",""informational"":true}",Sun Feb 01 2026 21:01:39 GMT+0100 (Midden-Europese standaardtijd)
42356be3-3840-4584-a4df-13cdbb9bc88b,25678446-7f11-4bab-9887-fd6fb00488ff,111,"Page has input type=""file""",false,0,"{""description"":""File inputs"",""informational"":true}",Sun Feb 01 2026 21:01:39 GMT+0100 (Midden-Europese standaardtijd)
c8117030-d9ed-4797-bb54-41a386f95856,25678446-7f11-4bab-9887-fd6fb00488ff,112,"Page has input type=""hidden""",false,0,"{""description"":""Hidden inputs"",""informational"":true}",Sun Feb 01 2026 21:01:39 GMT+0100 (Midden-Europese standaardtijd)
45c6235f-c953-40ff-90b1-42d2e7a577a5,25678446-7f11-4bab-9887-fd6fb00488ff,113,"Page has input type=""image""",false,0,"{""description"":""Image buttons"",""informational"":true}",Sun Feb 01 2026 21:01:39 GMT+0100 (Midden-Europese standaardtijd)
2454d733-b264-4be9-a541-b740ac72ee25,25678446-7f11-4bab-9887-fd6fb00488ff,114,"Page has input type=""date""",false,0,"{""description"":""Date pickers"",""informational"":true}",Sun Feb 01 2026 21:01:39 GMT+0100 (Midden-Europese standaardtijd)
d24827ca-206b-4f83-acc4-d0a6dd2e6a63,25678446-7f11-4bab-9887-fd6fb00488ff,115,"Page has input type=""time""",false,0,"{""description"":""Time pickers"",""informational"":true}",Sun Feb 01 2026 21:01:39 GMT+0100 (Midden-Europese standaardtijd)
f745b22d-cddd-4900-8ecd-8cf623b932b2,25678446-7f11-4bab-9887-fd6fb00488ff,116,"Page has input type=""datetime-local""",false,0,"{""description"":""Datetime pickers"",""informational"":true}",Sun Feb 01 2026 21:01:39 GMT+0100 (Midden-Europese standaardtijd)
ae325466-fde3-4d32-9e2b-87253e901e3f,25678446-7f11-4bab-9887-fd6fb00488ff,117,"Page has input type=""month""",false,0,"{""description"":""Month pickers"",""informational"":true}",Sun Feb 01 2026 21:01:39 GMT+0100 (Midden-Europese standaardtijd)
d8492951-d6d1-4e47-a604-e42b0d1efef2,25678446-7f11-4bab-9887-fd6fb00488ff,118,"Page has input type=""week""",false,0,"{""description"":""Week pickers"",""informational"":true}",Sun Feb 01 2026 21:01:39 GMT+0100 (Midden-Europese standaardtijd)
14cb632a-5540-4919-b71a-4f3b82855ad0,25678446-7f11-4bab-9887-fd6fb00488ff,119,"Page has input type=""color""",false,0,"{""description"":""Color pickers"",""informational"":true}",Sun Feb 01 2026 21:01:39 GMT+0100 (Midden-Europese standaardtijd)
c5be2208-60ad-4cc0-91c8-a2bfd68de070,25678446-7f11-4bab-9887-fd6fb00488ff,120,"Page has input type=""range""",false,0,"{""description"":""Range sliders"",""informational"":true}",Sun Feb 01 2026 21:01:39 GMT+0100 (Midden-Europese standaardtijd)
8fd253df-7ea5-4da4-96e5-18341b570146,25678446-7f11-4bab-9887-fd6fb00488ff,121,"Page has input type=""search""",true,2,"{""description"":""Search inputs"",""informational"":true}",Sun Feb 01 2026 21:01:39 GMT+0100 (Midden-Europese standaardtijd)
8bdd9ac4-bd7b-49a8-babc-718671632f2c,25678446-7f11-4bab-9887-fd6fb00488ff,122,"Page has input type=""tel""",false,0,"{""description"":""Telephone inputs"",""informational"":true}",Sun Feb 01 2026 21:01:39 GMT+0100 (Midden-Europese standaardtijd)
3c42e8f3-7b74-4075-896d-dec012d3af8c,25678446-7f11-4bab-9887-fd6fb00488ff,123,"Page has input type=""url""",false,0,"{""description"":""URL inputs"",""informational"":true}",Sun Feb 01 2026 21:01:39 GMT+0100 (Midden-Europese standaardtijd)
8767bd20-b925-4dc7-99f3-a9b553be84ae,25678446-7f11-4bab-9887-fd6fb00488ff,124,"Page has input type=""email""",false,0,"{""description"":""Email inputs"",""informational"":true}",Sun Feb 01 2026 21:01:39 GMT+0100 (Midden-Europese standaardtijd)
6df0937e-c1e3-4d2a-8540-81d9c62440b7,25678446-7f11-4bab-9887-fd6fb00488ff,125,"Page has input type=""number""",false,0,"{""description"":""Number inputs"",""informational"":true}",Sun Feb 01 2026 21:01:39 GMT+0100 (Midden-Europese standaardtijd)
8f0ed525-4199-45b8-b42e-fe1f3495f2b3,25678446-7f11-4bab-9887-fd6fb00488ff,126,"Page has input type=""password""",false,0,"{""description"":""Password fields"",""informational"":true}",Sun Feb 01 2026 21:01:39 GMT+0100 (Midden-Europese standaardtijd)
ce46958d-bdcd-4ab5-8c3c-25a4ceadd8cc,25678446-7f11-4bab-9887-fd6fb00488ff,127,"Page has input type=""text""",false,0,"{""description"":""Text inputs"",""informational"":true}",Sun Feb 01 2026 21:01:39 GMT+0100 (Midden-Europese standaardtijd)
d1a8ec45-ce16-4e0f-a4e9-b10f76c63b24,25678446-7f11-4bab-9887-fd6fb00488ff,128,Page has label,true,2,"{""description"":""Label elements"",""informational"":true}",Sun Feb 01 2026 21:01:39 GMT+0100 (Midden-Europese standaardtijd)
f43d388a-81ca-4a62-8527-fda30aef0a6d,25678446-7f11-4bab-9887-fd6fb00488ff,129,Page has legend,false,0,"{""description"":""Legend elements"",""informational"":true}",Sun Feb 01 2026 21:01:39 GMT+0100 (Midden-Europese standaardtijd)
62462653-d6fa-46f1-b405-51e5474a47d3,25678446-7f11-4bab-9887-fd6fb00488ff,130,Page has fieldset,false,0,"{""description"":""Fieldset elements"",""informational"":true}",Sun Feb 01 2026 21:01:39 GMT+0100 (Midden-Europese standaardtijd)
8bb7beda-6131-4d43-99a7-86d286c10d3c,9dc174f3-80da-4344-a033-14d3bd1c4847,48,LangAttributeMissingTest,false,0,"{""langValue"":""nl"",""wcagLevel"":""A"",""critical"":true}",Sun Feb 01 2026 21:01:41 GMT+0100 (Midden-Europese standaardtijd)
eb7e9f3b-fe93-4083-ac46-178bfe8f0e10,9dc174f3-80da-4344-a033-14d3bd1c4847,50,TitleMissingTest,false,0,"{""wcagLevel"":""A"",""critical"":true}",Sun Feb 01 2026 21:01:41 GMT+0100 (Midden-Europese standaardtijd)
302dea99-9f1d-4282-9a68-7fc9fedb6a11,9dc174f3-80da-4344-a033-14d3bd1c4847,51,TitleEmptyTest,false,0,"{""titleText"":""Home | DigiD"",""wcagLevel"":""A"",""critical"":true}",Sun Feb 01 2026 21:01:41 GMT+0100 (Midden-Europese standaardtijd)
ab26da0a-739a-43b8-a4e3-f26077fe0978,9dc174f3-80da-4344-a033-14d3bd1c4847,64,ImgMissingAltTest,false,0,"{""images"":[],""totalCount"":0,""wcagLevel"":""A"",""critical"":true}",Sun Feb 01 2026 21:01:41 GMT+0100 (Midden-Europese standaardtijd)
3fcec3d5-b313-4bb4-8659-a5d25186787f,9dc174f3-80da-4344-a033-14d3bd1c4847,30,FormMissingLabelsTest,false,0,"{""forms"":[],""wcagLevel"":""A"",""critical"":true}",Sun Feb 01 2026 21:01:41 GMT+0100 (Midden-Europese standaardtijd)
31cb6e55-0fbf-47ec-b0d0-459aa179161c,9dc174f3-80da-4344-a033-14d3bd1c4847,57,HeadingsAtLeastOneH1Test,false,0,"{""h1Count"":2,""h1Texts"":[""Laat zien wie je bent"",""""],""wcagLevel"":""A"",""critical"":true}",Sun Feb 01 2026 21:01:41 GMT+0100 (Midden-Europese standaardtijd)
069eee40-50b7-460a-baac-220c40fb9151,9dc174f3-80da-4344-a033-14d3bd1c4847,7,IframeMissingAccessibleNameTest,false,0,"{""iframes"":[],""totalCount"":0,""wcagLevel"":""A"",""critical"":true}",Sun Feb 01 2026 21:01:41 GMT+0100 (Midden-Europese standaardtijd)
d621f4af-824c-44f5-a1f6-9ac504bc076b,9dc174f3-80da-4344-a033-14d3bd1c4847,25,TableTest,false,0,"{""tables"":[],""totalCount"":0,""informational"":true}",Sun Feb 01 2026 21:01:41 GMT+0100 (Midden-Europese standaardtijd)
89a038e5-7c52-4c57-b5c7-7d69a82e64b9,9dc174f3-80da-4344-a033-14d3bd1c4847,29,FormTest,true,2,"{""forms"":[{""index"":1,""action"":""#"",""method"":""GET"",""inputCount"":1},{""index"":2,""action"":""#"",""method"":""GET"",""inputCount"":1}],""totalCount"":2,""informational"":true}",Sun Feb 01 2026 21:01:41 GMT+0100 (Midden-Europese standaardtijd)
f9daa6b8-87c2-4d9b-927d-ba93aba744fc,9dc174f3-80da-4344-a033-14d3bd1c4847,63,ImgTest,true,19,"{""totalImages"":19,""withAlt"":19,""withoutAlt"":0,""withEmptyAlt"":16,""informational"":true}",Sun Feb 01 2026 21:01:41 GMT+0100 (Midden-Europese standaardtijd)
1987446b-2427-41e7-804a-ebd7eb766c23,9dc174f3-80da-4344-a033-14d3bd1c4847,1,IframeIsVimeoVideoWithKeysDisabledTest,false,0,"{""iframes"":[],""totalCount"":0}",Sun Feb 01 2026 21:01:41 GMT+0100 (Midden-Europese standaardtijd)
7cc0fe56-87cf-48bb-88bf-3daed728a3b0,9dc174f3-80da-4344-a033-14d3bd1c4847,2,ImgAltTooLongTest,false,0,"{""images"":[],""totalCount"":0}",Sun Feb 01 2026 21:01:41 GMT+0100 (Midden-Europese standaardtijd)
49826c2b-2d61-4435-a010-5adbb2d12bc9,9dc174f3-80da-4344-a033-14d3bd1c4847,3,ViewportMetaRestrictsScalingTest,false,0,"{""content"":""width=device-width, initial-scale=1"",""restrictsScaling"":false}",Sun Feb 01 2026 21:01:41 GMT+0100 (Midden-Europese standaardtijd)
ef13f384-2c3f-433a-b459-9f968c832bfe,9dc174f3-80da-4344-a033-14d3bd1c4847,4,ImageLinkMissingAccessibleNameTest,true,1,"{""links"":[{""href"":""/nl"",""imageCount"":1}],""totalCount"":1}",Sun Feb 01 2026 21:01:41 GMT+0100 (Midden-Europese standaardtijd)
8a03d712-6761-466a-8eb6-d88402324593,9dc174f3-80da-4344-a033-14d3bd1c4847,5,PageContainsLinkReadMoreTest,false,0,"{""links"":[],""totalCount"":0}",Sun Feb 01 2026 21:01:41 GMT+0100 (Midden-Europese standaardtijd)
7c4bedab-c739-4cf9-a858-382b2a5d113f,9dc174f3-80da-4344-a033-14d3bd1c4847,6,PageContainsMultipleSameLinksTest,true,15,"{""duplicateLinks"":[{""text"":""Mijn DigiD"",""occurrences"":2},{""text"":""Ik krijg een foutmelding in de DigiD app"",""occurrences"":3},{""text"":""Hoe activeer ik de DigiD app?"",""occurrences"":3},{""text"":""Hoe log ik in met de DigiD app?"",""occurrences"":2},{""text"":""Waarom lukt het activeren van mijn rijbewijs/ID-kaart niet?"",""occurrences"":3},{""text"":""Code invullen"",""occurrences"":2}],""totalCount"":15}",Sun Feb 01 2026 21:01:41 GMT+0100 (Midden-Europese standaardtijd)
59c3c9d4-352c-4303-b299-8b2b3e172623,9dc174f3-80da-4344-a033-14d3bd1c4847,8,IframeIsYouTubeVideoWithKeysEnabledTest,false,0,"{""iframes"":[],""totalCount"":0}",Sun Feb 01 2026 21:01:41 GMT+0100 (Midden-Europese standaardtijd)
e188f50a-0e21-4084-b1ed-ecd1b8b5b1d8,9dc174f3-80da-4344-a033-14d3bd1c4847,9,TableWithHeadingsTest,false,0,"{""tables"":[],""totalCount"":0}",Sun Feb 01 2026 21:01:41 GMT+0100 (Midden-Europese standaardtijd)
40b481a1-d523-44b7-9d08-af0e41b33ec4,9dc174f3-80da-4344-a033-14d3bd1c4847,11,IframeIsGoogleMapTest,false,0,"{""iframes"":[],""totalCount"":0}",Sun Feb 01 2026 21:01:41 GMT+0100 (Midden-Europese standaardtijd)
78f897a2-c9a3-44fe-a1a0-189399e4c74a,9dc174f3-80da-4344-a033-14d3bd1c4847,12,IframeIsScribitVideoTest,false,0,"{""iframes"":[],""totalCount"":0}",Sun Feb 01 2026 21:01:41 GMT+0100 (Midden-Europese standaardtijd)
da7749e7-cdce-4b9f-aa51-0824c766b01a,9dc174f3-80da-4344-a033-14d3bd1c4847,13,IframeIsVimeoVideoWithKeysEnabledTest,false,0,"{""iframes"":[],""totalCount"":0}",Sun Feb 01 2026 21:01:41 GMT+0100 (Midden-Europese standaardtijd)
bdc4bfba-11eb-4083-a3b5-0499a84ad0ca,9dc174f3-80da-4344-a033-14d3bd1c4847,14,IframeIsVimeoVideoTest,false,0,"{""iframes"":[],""totalCount"":0}",Sun Feb 01 2026 21:01:41 GMT+0100 (Midden-Europese standaardtijd)
3dc16b46-f195-451d-834c-2ccb4dbc53c9,9dc174f3-80da-4344-a033-14d3bd1c4847,15,IframeTest,false,0,"{""iframes"":[],""totalCount"":0,""informational"":true}",Sun Feb 01 2026 21:01:41 GMT+0100 (Midden-Europese standaardtijd)
a94a01e8-38fd-4a89-aa36-7763bb7a7a2b,9dc174f3-80da-4344-a033-14d3bd1c4847,16,AudioHasAutoplayTest,false,0,"{""audios"":[],""totalCount"":0}",Sun Feb 01 2026 21:01:41 GMT+0100 (Midden-Europese standaardtijd)
386070c4-d84d-473f-b8c3-6e7b283b72eb,9dc174f3-80da-4344-a033-14d3bd1c4847,17,AudioControlsTest,false,0,"{""audios"":[],""totalCount"":0,""informational"":true}",Sun Feb 01 2026 21:01:41 GMT+0100 (Midden-Europese standaardtijd)
d9b0d245-f43c-4620-9411-11b580276c8d,9dc174f3-80da-4344-a033-14d3bd1c4847,18,AudioTest,false,0,"{""audios"":[],""totalCount"":0,""informational"":true}",Sun Feb 01 2026 21:01:41 GMT+0100 (Midden-Europese standaardtijd)
226c0ba7-7733-43b0-b65a-aa5190f10bfa,9dc174f3-80da-4344-a033-14d3bd1c4847,19,VideoHasAutoplayTest,false,0,"{""videos"":[],""totalCount"":0}",Sun Feb 01 2026 21:01:41 GMT+0100 (Midden-Europese standaardtijd)
df121775-2916-4395-a42f-0294f70f6a6d,9dc174f3-80da-4344-a033-14d3bd1c4847,20,VideoMissingTitleAriaTest,false,0,"{""videos"":[],""totalCount"":0}",Sun Feb 01 2026 21:01:41 GMT+0100 (Midden-Europese standaardtijd)
67227396-8a62-4327-9ea6-a6bafb625b1a,9dc174f3-80da-4344-a033-14d3bd1c4847,21,VideoControlsTest,false,0,"{""videos"":[],""totalCount"":0,""informational"":true}",Sun Feb 01 2026 21:01:41 GMT+0100 (Midden-Europese standaardtijd)
80218f65-c7d6-4b90-91c0-703ab75885f3,9dc174f3-80da-4344-a033-14d3bd1c4847,22,VideoTest,false,0,"{""videos"":[],""totalCount"":0,""informational"":true}",Sun Feb 01 2026 21:01:41 GMT+0100 (Midden-Europese standaardtijd)
d1164426-0d99-4520-8930-a961a9900fcc,9dc174f3-80da-4344-a033-14d3bd1c4847,23,LinkWithoutTextTest,false,0,"{""links"":[],""totalCount"":0,""wcagLevel"":""A"",""critical"":true}",Sun Feb 01 2026 21:01:41 GMT+0100 (Midden-Europese standaardtijd)
47dc31d4-70e6-47bb-9c99-05f7b254bdcb,9dc174f3-80da-4344-a033-14d3bd1c4847,24,EmptyLinkTest,false,0,"{""links"":[],""totalCount"":0,""wcagLevel"":""A"",""critical"":true}",Sun Feb 01 2026 21:01:41 GMT+0100 (Midden-Europese standaardtijd)
54f5a9d8-c11c-4b8b-99dc-8bd3968507c6,9dc174f3-80da-4344-a033-14d3bd1c4847,26,TableWithoutHeadersTest,false,0,"{""tables"":[],""totalCount"":0,""wcagLevel"":""A"",""critical"":true}",Sun Feb 01 2026 21:01:41 GMT+0100 (Midden-Europese standaardtijd)
3779cd8d-47a6-4962-8f99-79418d54e69f,9dc174f3-80da-4344-a033-14d3bd1c4847,27,ListTest,true,10,"{""lists"":[{""type"":""ul"",""itemCount"":0,""index"":1},{""type"":""ul"",""itemCount"":1,""index"":2},{""type"":""ul"",""itemCount"":2,""index"":3},{""type"":""ul"",""itemCount"":5,""index"":4},{""type"":""ul"",""itemCount"":2,""index"":5},{""type"":""ul"",""itemCount"":4,""index"":6},{""type"":""ul"",""itemCount"":4,""index"":7},{""type"":""ul"",""itemCount"":3,""index"":8},{""type"":""ul"",""itemCount"":2,""index"":9},{""type"":""ul"",""itemCount"":6,""index"":10}],""totalCount"":10,""informational"":true}",Sun Feb 01 2026 21:01:41 GMT+0100 (Midden-Europese standaardtijd)
5f42f660-021c-406c-ae55-c8e07bf54f01,9dc174f3-80da-4344-a033-14d3bd1c4847,28,DefinitionListTest,false,0,"{""lists"":[],""totalCount"":0,""informational"":true}",Sun Feb 01 2026 21:01:41 GMT+0100 (Midden-Europese standaardtijd)
c874eaaf-4b70-4e60-936b-f69c936ed389,9dc174f3-80da-4344-a033-14d3bd1c4847,31,FormMissingFieldsetTest,false,0,"{""forms"":[],""totalCount"":0,""wcagLevel"":""A""}",Sun Feb 01 2026 21:01:41 GMT+0100 (Midden-Europese standaardtijd)
5eeb201d-2995-41dd-bca3-fd1fe12f7511,9dc174f3-80da-4344-a033-14d3bd1c4847,32,InputMissingLabelTest,false,0,"{""inputs"":[],""totalCount"":0,""wcagLevel"":""A"",""critical"":true}",Sun Feb 01 2026 21:01:41 GMT+0100 (Midden-Europese standaardtijd)
bc991215-1c68-4da2-9494-e91225c4ec26,9dc174f3-80da-4344-a033-14d3bd1c4847,33,ButtonEmptyTest,false,0,"{""buttons"":[],""totalCount"":0,""wcagLevel"":""A"",""critical"":true}",Sun Feb 01 2026 21:01:41 GMT+0100 (Midden-Europese standaardtijd)
82ce2888-a671-4280-b507-3aedae5b1f12,9dc174f3-80da-4344-a033-14d3bd1c4847,34,HeadingEmptyTest,true,1,"{""headings"":[{""level"":""h1"",""html"":""""}],""totalCount"":1,""wcagLevel"":""A"",""critical"":true}",Sun Feb 01 2026 21:01:41 GMT+0100 (Midden-Europese standaardtijd)
6a71ee70-e3f6-4573-8d37-c18f3cc6d451,9dc174f3-80da-4344-a033-14d3bd1c4847,35,HeadingSkipLevelTest,false,0,"{""violations"":[],""totalCount"":0,""wcagLevel"":""AA""}",Sun Feb 01 2026 21:01:41 GMT+0100 (Midden-Europese standaardtijd)
89cb78ff-e4c8-488f-8024-c1489fb8a429,9dc174f3-80da-4344-a033-14d3bd1c4847,36,SkipLinkTest,false,0,"{""skipLinks"":[],""informational"":true}",Sun Feb 01 2026 21:01:41 GMT+0100 (Midden-Europese standaardtijd)
be8a7f09-4f20-4b98-962a-4539fb8d50d8,9dc174f3-80da-4344-a033-14d3bd1c4847,79,Page has article,false,0,"{""description"":""Article elements"",""informational"":true}",Sun Feb 01 2026 21:01:41 GMT+0100 (Midden-Europese standaardtijd)
a10e0853-cda6-467d-b39e-5bed6451b522,9dc174f3-80da-4344-a033-14d3bd1c4847,80,Page has section,true,3,"{""description"":""Section elements"",""informational"":true}",Sun Feb 01 2026 21:01:41 GMT+0100 (Midden-Europese standaardtijd)
027ab2c8-c7c8-4195-a756-9f48351217a8,9dc174f3-80da-4344-a033-14d3bd1c4847,37,AriaLandmarksTest,true,14,"{""landmarks"":[{""type"":""aria-role"",""role"":""navigation"",""tag"":""nav""},{""type"":""aria-role"",""role"":""navigation"",""tag"":""nav""},{""type"":""aria-role"",""role"":""navigation"",""tag"":""nav""},{""type"":""aria-role"",""role"":""navigation"",""tag"":""nav""},{""type"":""semantic"",""tag"":""header""},{""type"":""semantic"",""tag"":""nav""},{""type"":""semantic"",""tag"":""nav""},{""type"":""semantic"",""tag"":""nav""},{""type"":""semantic"",""tag"":""nav""},{""type"":""semantic"",""tag"":""main""}],""totalCount"":14,""informational"":true}",Sun Feb 01 2026 21:01:41 GMT+0100 (Midden-Europese standaardtijd)
aa25d529-abf6-4057-9398-d504c4a628fb,9dc174f3-80da-4344-a033-14d3bd1c4847,38,Element has tabindex,false,0,"{""description"":""Page has elements with tabindex"",""informational"":true}",Sun Feb 01 2026 21:01:41 GMT+0100 (Midden-Europese standaardtijd)
9717b277-1af7-493f-a275-ba2113cc801d,9dc174f3-80da-4344-a033-14d3bd1c4847,39,Page has list,true,10,"{""description"":""Page has lists"",""informational"":true}",Sun Feb 01 2026 21:01:41 GMT+0100 (Midden-Europese standaardtijd)
159ee536-35b7-4fde-b60b-b4d73123d27b,9dc174f3-80da-4344-a033-14d3bd1c4847,40,Page has elements with aria-label,true,2,"{""description"":""Elements with ARIA labels"",""informational"":true}",Sun Feb 01 2026 21:01:41 GMT+0100 (Midden-Europese standaardtijd)
7fc43854-9bdc-4f90-aaac-b30fb9f6f4b6,9dc174f3-80da-4344-a033-14d3bd1c4847,41,Page has elements with aria-expanded,true,1,"{""description"":""Expandable elements"",""informational"":true}",Sun Feb 01 2026 21:01:41 GMT+0100 (Midden-Europese standaardtijd)
fc2ad054-21da-4c03-8d15-157a7581b60e,9dc174f3-80da-4344-a033-14d3bd1c4847,42,Page has pictures,false,0,"{""description"":""Page contains picture elements"",""informational"":true}",Sun Feb 01 2026 21:01:41 GMT+0100 (Midden-Europese standaardtijd)
4b114a7b-30b5-4e90-a1e2-dbb999d04e9f,9dc174f3-80da-4344-a033-14d3bd1c4847,43,Page has images,true,19,"{""description"":""Page contains images"",""informational"":true}",Sun Feb 01 2026 21:01:41 GMT+0100 (Midden-Europese standaardtijd)
daf4c584-55ae-44c4-bb50-bfd4d1f852a1,9dc174f3-80da-4344-a033-14d3bd1c4847,44,Page has decorative images or text alternative is missing,true,16,"{""description"":""Decorative or missing alt"",""informational"":true}",Sun Feb 01 2026 21:01:41 GMT+0100 (Midden-Europese standaardtijd)
91a859c9-f84c-4414-a20d-c9d3f5e5d4e4,9dc174f3-80da-4344-a033-14d3bd1c4847,45,Page has elements with aria-describedby,false,0,"{""description"":""Elements with descriptions"",""informational"":true}",Sun Feb 01 2026 21:01:41 GMT+0100 (Midden-Europese standaardtijd)
d28f6c0d-3987-4105-b5e6-98a339cb852c,9dc174f3-80da-4344-a033-14d3bd1c4847,46,Page has a button with aria-label,false,0,"{""description"":""Buttons with ARIA labels"",""informational"":true}",Sun Feb 01 2026 21:01:41 GMT+0100 (Midden-Europese standaardtijd)
5ee0c6db-20bf-474e-85d2-d27a9eecce55,9dc174f3-80da-4344-a033-14d3bd1c4847,47,Form with required input fields is validated by browser,false,0,"{""description"":""Browser-validated forms"",""informational"":true}",Sun Feb 01 2026 21:01:41 GMT+0100 (Midden-Europese standaardtijd)
a74e1704-385f-4800-b366-731f310c50a3,9dc174f3-80da-4344-a033-14d3bd1c4847,49,Page has elements with aria-labelledby,true,2,"{""description"":""Elements with labelledby"",""informational"":true}",Sun Feb 01 2026 21:01:41 GMT+0100 (Midden-Europese standaardtijd)
677fb463-fbf9-4382-9e1b-bfc116dd3890,9dc174f3-80da-4344-a033-14d3bd1c4847,52,Page has SVG-images,true,20,"{""description"":""Page contains SVG"",""informational"":true}",Sun Feb 01 2026 21:01:41 GMT+0100 (Midden-Europese standaardtijd)
c3349949-5e7d-4435-91da-0f326817be16,9dc174f3-80da-4344-a033-14d3bd1c4847,53,Page has elements with role=menu,false,0,"{""description"":""Menu elements"",""informational"":true}",Sun Feb 01 2026 21:01:41 GMT+0100 (Midden-Europese standaardtijd)
8f900494-f42a-40d9-b0e6-1f35f82c205b,9dc174f3-80da-4344-a033-14d3bd1c4847,54,Page has fieldset without legend,false,0,"{""description"":""Fieldsets missing legends"",""informational"":true}",Sun Feb 01 2026 21:01:41 GMT+0100 (Midden-Europese standaardtijd)
c569d8ca-ebed-47f7-b2db-4dbe11cf1d08,9dc174f3-80da-4344-a033-14d3bd1c4847,55,Page has dialog or modal window,false,0,"{""description"":""Dialog elements"",""informational"":true}",Sun Feb 01 2026 21:01:41 GMT+0100 (Midden-Europese standaardtijd)
09d793d6-cc98-4640-9298-e1885d4e88f9,9dc174f3-80da-4344-a033-14d3bd1c4847,56,Page has interactive image,false,0,"{""description"":""Interactive images"",""informational"":true}",Sun Feb 01 2026 21:01:41 GMT+0100 (Midden-Europese standaardtijd)
44605061-c942-4353-a51e-3a68627e08fe,9dc174f3-80da-4344-a033-14d3bd1c4847,10,Page has aria-hidden element,true,7,"{""description"":""Hidden elements"",""informational"":true}",Sun Feb 01 2026 21:01:41 GMT+0100 (Midden-Europese standaardtijd)
0c9ecff4-e2ac-4169-83d2-453d46d7ea3b,9dc174f3-80da-4344-a033-14d3bd1c4847,58,Page has input fields with autocomplete,false,0,"{""description"":""Autocomplete fields"",""informational"":true}",Sun Feb 01 2026 21:01:41 GMT+0100 (Midden-Europese standaardtijd)
e89c0914-18eb-464d-b711-8671c4ec5136,9dc174f3-80da-4344-a033-14d3bd1c4847,59,Page has aria-invalid element,false,0,"{""description"":""Invalid elements"",""informational"":true}",Sun Feb 01 2026 21:01:41 GMT+0100 (Midden-Europese standaardtijd)
4d11692e-aea2-4662-977e-b64d81ff1492,9dc174f3-80da-4344-a033-14d3bd1c4847,60,Page has aria-required element,false,0,"{""description"":""Required elements"",""informational"":true}",Sun Feb 01 2026 21:01:41 GMT+0100 (Midden-Europese standaardtijd)
76684407-7af8-421b-893c-87f542091470,9dc174f3-80da-4344-a033-14d3bd1c4847,61,Page has accesskey,false,0,"{""description"":""Accesskey attributes"",""informational"":true}",Sun Feb 01 2026 21:01:41 GMT+0100 (Midden-Europese standaardtijd)
6ea587ed-2861-444c-8c00-ddf65bf58216,9dc174f3-80da-4344-a033-14d3bd1c4847,62,Page has aria-live element,false,0,"{""description"":""Live regions"",""informational"":true}",Sun Feb 01 2026 21:01:41 GMT+0100 (Midden-Europese standaardtijd)
ce340e87-c0d1-4e8a-b2c4-69466172e825,9dc174f3-80da-4344-a033-14d3bd1c4847,65,Page has strong or bold,false,0,"{""description"":""Bold text"",""informational"":true}",Sun Feb 01 2026 21:01:41 GMT+0100 (Midden-Europese standaardtijd)
388e549b-e28f-42a6-b261-89687d1427a9,9dc174f3-80da-4344-a033-14d3bd1c4847,66,Page has em or italic,false,0,"{""description"":""Italic text"",""informational"":true}",Sun Feb 01 2026 21:01:41 GMT+0100 (Midden-Europese standaardtijd)
59cbf324-7d7a-4745-bdbd-31cc1bdff97f,9dc174f3-80da-4344-a033-14d3bd1c4847,67,Page has preformatted text,false,0,"{""description"":""Preformatted content"",""informational"":true}",Sun Feb 01 2026 21:01:41 GMT+0100 (Midden-Europese standaardtijd)
67ceff83-0166-4a21-b6ef-e67e64ef9b31,9dc174f3-80da-4344-a033-14d3bd1c4847,68,Page has code block,false,0,"{""description"":""Code blocks"",""informational"":true}",Sun Feb 01 2026 21:01:41 GMT+0100 (Midden-Europese standaardtijd)
c88f280d-c5ee-4439-a63f-cfdbd6e3f33a,9dc174f3-80da-4344-a033-14d3bd1c4847,69,Page has blockquote,false,0,"{""description"":""Quote blocks"",""informational"":true}",Sun Feb 01 2026 21:01:41 GMT+0100 (Midden-Europese standaardtijd)
93db53c8-0efa-4680-a50e-5d334493f26a,9dc174f3-80da-4344-a033-14d3bd1c4847,70,Page has abbreviation,false,0,"{""description"":""Abbreviations"",""informational"":true}",Sun Feb 01 2026 21:01:41 GMT+0100 (Midden-Europese standaardtijd)
f0d4d524-be58-409f-8fd9-0628a714130f,9dc174f3-80da-4344-a033-14d3bd1c4847,71,Page has citation,false,0,"{""description"":""Citations"",""informational"":true}",Sun Feb 01 2026 21:01:41 GMT+0100 (Midden-Europese standaardtijd)
60a15412-f722-48bb-947a-015b0228debd,9dc174f3-80da-4344-a033-14d3bd1c4847,72,Page has marked text,false,0,"{""description"":""Highlighted text"",""informational"":true}",Sun Feb 01 2026 21:01:41 GMT+0100 (Midden-Europese standaardtijd)
50d2d697-9fad-44c9-b74f-375d5f9be9d1,9dc174f3-80da-4344-a033-14d3bd1c4847,73,Page has subscript,false,0,"{""description"":""Subscript text"",""informational"":true}",Sun Feb 01 2026 21:01:41 GMT+0100 (Midden-Europese standaardtijd)
dc735dcf-6d13-405b-8fc3-1f835e84c5a8,9dc174f3-80da-4344-a033-14d3bd1c4847,74,Page has superscript,false,0,"{""description"":""Superscript text"",""informational"":true}",Sun Feb 01 2026 21:01:41 GMT+0100 (Midden-Europese standaardtijd)
acaec2fb-f341-4516-998a-95d97fa613e3,9dc174f3-80da-4344-a033-14d3bd1c4847,75,Page has time,false,0,"{""description"":""Time elements"",""informational"":true}",Sun Feb 01 2026 21:01:41 GMT+0100 (Midden-Europese standaardtijd)
c46f1805-6e0a-4b75-b925-d07d6ba6035d,9dc174f3-80da-4344-a033-14d3bd1c4847,76,Page has data,false,0,"{""description"":""Data elements"",""informational"":true}",Sun Feb 01 2026 21:01:41 GMT+0100 (Midden-Europese standaardtijd)
6fa71307-df1b-423f-8bbe-77d829e1b657,9dc174f3-80da-4344-a033-14d3bd1c4847,77,Page has details,false,0,"{""description"":""Details elements"",""informational"":true}",Sun Feb 01 2026 21:01:41 GMT+0100 (Midden-Europese standaardtijd)
f9f5a091-10d2-4711-97fd-38255b20149d,9dc174f3-80da-4344-a033-14d3bd1c4847,78,Page has summary,false,0,"{""description"":""Summary elements"",""informational"":true}",Sun Feb 01 2026 21:01:41 GMT+0100 (Midden-Europese standaardtijd)
5bc9c38a-b04f-4327-84b9-936a5cf12b65,9dc174f3-80da-4344-a033-14d3bd1c4847,81,Page has nav,true,6,"{""description"":""Navigation elements"",""informational"":true}",Sun Feb 01 2026 21:01:41 GMT+0100 (Midden-Europese standaardtijd)
607131ee-f9f7-4a35-89fc-0f596cf584cb,9dc174f3-80da-4344-a033-14d3bd1c4847,82,Page has aside,false,0,"{""description"":""Aside elements"",""informational"":true}",Sun Feb 01 2026 21:01:41 GMT+0100 (Midden-Europese standaardtijd)
1df5d090-45b9-4768-bc85-f79141a0b515,9dc174f3-80da-4344-a033-14d3bd1c4847,83,Page has header,true,2,"{""description"":""Header elements"",""informational"":true}",Sun Feb 01 2026 21:01:41 GMT+0100 (Midden-Europese standaardtijd)
280d41ca-206c-4e62-9d7b-1e5d596fb003,9dc174f3-80da-4344-a033-14d3bd1c4847,84,Page has footer,true,1,"{""description"":""Footer elements"",""informational"":true}",Sun Feb 01 2026 21:01:41 GMT+0100 (Midden-Europese standaardtijd)
beecedea-8224-42a6-b56a-c4564ed12525,9dc174f3-80da-4344-a033-14d3bd1c4847,85,Page has main,true,1,"{""description"":""Main content"",""informational"":true}",Sun Feb 01 2026 21:01:41 GMT+0100 (Midden-Europese standaardtijd)
4c49cbc5-49fb-4679-95be-3591fe8264fc,9dc174f3-80da-4344-a033-14d3bd1c4847,86,Page has figure,false,0,"{""description"":""Figure elements"",""informational"":true}",Sun Feb 01 2026 21:01:41 GMT+0100 (Midden-Europese standaardtijd)
064a9901-43dc-4316-a9a2-9c58b3bed134,9dc174f3-80da-4344-a033-14d3bd1c4847,87,Page has figcaption,false,0,"{""description"":""Figure captions"",""informational"":true}",Sun Feb 01 2026 21:01:41 GMT+0100 (Midden-Europese standaardtijd)
e97ba52e-6764-433a-b7d1-99ad379f7bf7,9dc174f3-80da-4344-a033-14d3bd1c4847,88,Page has address,false,0,"{""description"":""Address elements"",""informational"":true}",Sun Feb 01 2026 21:01:41 GMT+0100 (Midden-Europese standaardtijd)
c48a62bf-4ea5-4fcf-97c9-68739145d274,9dc174f3-80da-4344-a033-14d3bd1c4847,89,Page has progress,false,0,"{""description"":""Progress bars"",""informational"":true}",Sun Feb 01 2026 21:01:41 GMT+0100 (Midden-Europese standaardtijd)
c1027b51-c72c-4423-9726-fea62cb899a9,9dc174f3-80da-4344-a033-14d3bd1c4847,90,Page has meter,false,0,"{""description"":""Meter elements"",""informational"":true}",Sun Feb 01 2026 21:01:41 GMT+0100 (Midden-Europese standaardtijd)
950aae8f-3506-4390-8d72-f23371dd1a43,9dc174f3-80da-4344-a033-14d3bd1c4847,91,Page has output,false,0,"{""description"":""Output elements"",""informational"":true}",Sun Feb 01 2026 21:01:41 GMT+0100 (Midden-Europese standaardtijd)
3e66b943-b9ce-4ba2-83ee-99fa00cd2a24,9dc174f3-80da-4344-a033-14d3bd1c4847,92,Page has canvas,false,0,"{""description"":""Canvas elements"",""informational"":true}",Sun Feb 01 2026 21:01:41 GMT+0100 (Midden-Europese standaardtijd)
208c9bc1-47aa-488c-9e21-14ea0f9858e7,9dc174f3-80da-4344-a033-14d3bd1c4847,93,Page has object,false,0,"{""description"":""Object embeds"",""informational"":true}",Sun Feb 01 2026 21:01:41 GMT+0100 (Midden-Europese standaardtijd)
5879e019-6a91-4637-9cc0-be8b6f9efdfa,9dc174f3-80da-4344-a033-14d3bd1c4847,94,Page has embed,false,0,"{""description"":""Embed elements"",""informational"":true}",Sun Feb 01 2026 21:01:41 GMT+0100 (Midden-Europese standaardtijd)
25e902ff-641b-4d4a-ae37-f9b5683d0685,9dc174f3-80da-4344-a033-14d3bd1c4847,95,Page has param,false,0,"{""description"":""Param elements"",""informational"":true}",Sun Feb 01 2026 21:01:41 GMT+0100 (Midden-Europese standaardtijd)
a7e97268-d8cc-4edc-a960-9a7d92345bed,9dc174f3-80da-4344-a033-14d3bd1c4847,96,Page has source,false,0,"{""description"":""Source elements"",""informational"":true}",Sun Feb 01 2026 21:01:41 GMT+0100 (Midden-Europese standaardtijd)
547e0c1d-d973-4184-a4d1-d2579f34620e,9dc174f3-80da-4344-a033-14d3bd1c4847,97,Page has track,false,0,"{""description"":""Track elements (captions)"",""informational"":true}",Sun Feb 01 2026 21:01:41 GMT+0100 (Midden-Europese standaardtijd)
198f603d-5f05-4170-a0e6-0d52c58a2098,9dc174f3-80da-4344-a033-14d3bd1c4847,98,Page has map,false,0,"{""description"":""Image maps"",""informational"":true}",Sun Feb 01 2026 21:01:41 GMT+0100 (Midden-Europese standaardtijd)
78bd903d-dc52-4ebc-8ad2-52e3140c932a,9dc174f3-80da-4344-a033-14d3bd1c4847,99,Page has area,false,0,"{""description"":""Map areas"",""informational"":true}",Sun Feb 01 2026 21:01:41 GMT+0100 (Midden-Europese standaardtijd)
59ceb551-b795-416f-9e4b-195860f28678,9dc174f3-80da-4344-a033-14d3bd1c4847,100,Page has select,false,0,"{""description"":""Select dropdowns"",""informational"":true}",Sun Feb 01 2026 21:01:41 GMT+0100 (Midden-Europese standaardtijd)
4294cca2-026a-4bd0-bbc4-cc984158cf3e,9dc174f3-80da-4344-a033-14d3bd1c4847,101,Page has optgroup,false,0,"{""description"":""Option groups"",""informational"":true}",Sun Feb 01 2026 21:01:41 GMT+0100 (Midden-Europese standaardtijd)
a43042e9-831b-4df2-9595-6c50f87834c0,9dc174f3-80da-4344-a033-14d3bd1c4847,102,Page has option,false,0,"{""description"":""Select options"",""informational"":true}",Sun Feb 01 2026 21:01:41 GMT+0100 (Midden-Europese standaardtijd)
f276b303-fc39-495e-8a0d-05ff7ce4be89,9dc174f3-80da-4344-a033-14d3bd1c4847,103,Page has textarea,false,0,"{""description"":""Text areas"",""informational"":true}",Sun Feb 01 2026 21:01:41 GMT+0100 (Midden-Europese standaardtijd)
0ace4526-39d8-415b-bbfb-0f7aabb9e518,9dc174f3-80da-4344-a033-14d3bd1c4847,104,Page has keygen,false,0,"{""description"":""Keygen elements"",""informational"":true}",Sun Feb 01 2026 21:01:41 GMT+0100 (Midden-Europese standaardtijd)
ad3455b4-fb4f-4177-9947-097a3e3b3444,9dc174f3-80da-4344-a033-14d3bd1c4847,105,Page has datalist,false,0,"{""description"":""Data lists"",""informational"":true}",Sun Feb 01 2026 21:01:41 GMT+0100 (Midden-Europese standaardtijd)
bc444364-ba83-46ac-bb93-cd5b5c656575,9dc174f3-80da-4344-a033-14d3bd1c4847,106,"Page has input type=""checkbox""",false,0,"{""description"":""Checkboxes"",""informational"":true}",Sun Feb 01 2026 21:01:41 GMT+0100 (Midden-Europese standaardtijd)
73a8e475-e336-4075-94e1-c90dbfc7b1a1,9dc174f3-80da-4344-a033-14d3bd1c4847,107,"Page has input type=""radio""",false,0,"{""description"":""Radio buttons"",""informational"":true}",Sun Feb 01 2026 21:01:41 GMT+0100 (Midden-Europese standaardtijd)
3b1ebc15-34b5-4155-b3e7-2a0171eddd53,9dc174f3-80da-4344-a033-14d3bd1c4847,108,"Page has input type=""submit""",false,0,"{""description"":""Submit buttons"",""informational"":true}",Sun Feb 01 2026 21:01:41 GMT+0100 (Midden-Europese standaardtijd)
4b9a37c9-0b28-473b-ad1b-953f64f7c2e0,9dc174f3-80da-4344-a033-14d3bd1c4847,109,"Page has input type=""reset""",false,0,"{""description"":""Reset buttons"",""informational"":true}",Sun Feb 01 2026 21:01:41 GMT+0100 (Midden-Europese standaardtijd)
1dff83b0-3757-44b3-afc6-6d51369a4097,9dc174f3-80da-4344-a033-14d3bd1c4847,110,"Page has input type=""button""",false,0,"{""description"":""Button inputs"",""informational"":true}",Sun Feb 01 2026 21:01:41 GMT+0100 (Midden-Europese standaardtijd)
ef9091a1-c8a1-4372-bd44-53b38f6f3056,9dc174f3-80da-4344-a033-14d3bd1c4847,111,"Page has input type=""file""",false,0,"{""description"":""File inputs"",""informational"":true}",Sun Feb 01 2026 21:01:41 GMT+0100 (Midden-Europese standaardtijd)
e168d21d-f188-4b5f-8133-8246123c30a1,9dc174f3-80da-4344-a033-14d3bd1c4847,112,"Page has input type=""hidden""",false,0,"{""description"":""Hidden inputs"",""informational"":true}",Sun Feb 01 2026 21:01:41 GMT+0100 (Midden-Europese standaardtijd)
765cea91-3cf1-449a-a084-2dc4ebf1fed1,9dc174f3-80da-4344-a033-14d3bd1c4847,113,"Page has input type=""image""",false,0,"{""description"":""Image buttons"",""informational"":true}",Sun Feb 01 2026 21:01:41 GMT+0100 (Midden-Europese standaardtijd)
a9e17725-551e-4bd3-b5d3-ad368ac981f2,9dc174f3-80da-4344-a033-14d3bd1c4847,114,"Page has input type=""date""",false,0,"{""description"":""Date pickers"",""informational"":true}",Sun Feb 01 2026 21:01:41 GMT+0100 (Midden-Europese standaardtijd)
e613485f-e23f-4ff0-a2bc-bdf4e1654b4e,9dc174f3-80da-4344-a033-14d3bd1c4847,115,"Page has input type=""time""",false,0,"{""description"":""Time pickers"",""informational"":true}",Sun Feb 01 2026 21:01:41 GMT+0100 (Midden-Europese standaardtijd)
4fc11657-9cd4-429d-b23a-1a1ebe718e56,9dc174f3-80da-4344-a033-14d3bd1c4847,116,"Page has input type=""datetime-local""",false,0,"{""description"":""Datetime pickers"",""informational"":true}",Sun Feb 01 2026 21:01:41 GMT+0100 (Midden-Europese standaardtijd)
7025f5ee-e021-4747-923a-d520fc8856e9,9dc174f3-80da-4344-a033-14d3bd1c4847,117,"Page has input type=""month""",false,0,"{""description"":""Month pickers"",""informational"":true}",Sun Feb 01 2026 21:01:41 GMT+0100 (Midden-Europese standaardtijd)
26a5f1ab-5078-4ce5-9bd9-cf9f263e3fbe,9dc174f3-80da-4344-a033-14d3bd1c4847,118,"Page has input type=""week""",false,0,"{""description"":""Week pickers"",""informational"":true}",Sun Feb 01 2026 21:01:41 GMT+0100 (Midden-Europese standaardtijd)
cb4cde32-970c-4080-abc8-54f988dcbe35,9dc174f3-80da-4344-a033-14d3bd1c4847,119,"Page has input type=""color""",false,0,"{""description"":""Color pickers"",""informational"":true}",Sun Feb 01 2026 21:01:41 GMT+0100 (Midden-Europese standaardtijd)
c6211e92-cbd5-4847-ac8c-ad776c75a1e4,9dc174f3-80da-4344-a033-14d3bd1c4847,120,"Page has input type=""range""",false,0,"{""description"":""Range sliders"",""informational"":true}",Sun Feb 01 2026 21:01:41 GMT+0100 (Midden-Europese standaardtijd)
ece10111-2b32-4c56-8b32-cf9f9717db1d,9dc174f3-80da-4344-a033-14d3bd1c4847,121,"Page has input type=""search""",true,2,"{""description"":""Search inputs"",""informational"":true}",Sun Feb 01 2026 21:01:41 GMT+0100 (Midden-Europese standaardtijd)
a472cbc0-38a7-4765-baaa-3ed53bab180f,9dc174f3-80da-4344-a033-14d3bd1c4847,122,"Page has input type=""tel""",false,0,"{""description"":""Telephone inputs"",""informational"":true}",Sun Feb 01 2026 21:01:41 GMT+0100 (Midden-Europese standaardtijd)
87e8447e-dd78-44c9-bb90-2ef675496e5a,9dc174f3-80da-4344-a033-14d3bd1c4847,123,"Page has input type=""url""",false,0,"{""description"":""URL inputs"",""informational"":true}",Sun Feb 01 2026 21:01:41 GMT+0100 (Midden-Europese standaardtijd)
dc559522-c4af-4d79-8b66-c07b69efad86,9dc174f3-80da-4344-a033-14d3bd1c4847,124,"Page has input type=""email""",false,0,"{""description"":""Email inputs"",""informational"":true}",Sun Feb 01 2026 21:01:41 GMT+0100 (Midden-Europese standaardtijd)
49bb6687-f914-42be-8d15-5a19441adde8,9dc174f3-80da-4344-a033-14d3bd1c4847,125,"Page has input type=""number""",false,0,"{""description"":""Number inputs"",""informational"":true}",Sun Feb 01 2026 21:01:41 GMT+0100 (Midden-Europese standaardtijd)
d48b0fbd-42e0-4c51-a0a0-003d4d0db199,9dc174f3-80da-4344-a033-14d3bd1c4847,126,"Page has input type=""password""",false,0,"{""description"":""Password fields"",""informational"":true}",Sun Feb 01 2026 21:01:41 GMT+0100 (Midden-Europese standaardtijd)
fd51ccb2-df60-4786-8d74-0e04ef5c7997,9dc174f3-80da-4344-a033-14d3bd1c4847,127,"Page has input type=""text""",false,0,"{""description"":""Text inputs"",""informational"":true}",Sun Feb 01 2026 21:01:41 GMT+0100 (Midden-Europese standaardtijd)
34256837-2afe-4224-81ec-f525c9db951d,9dc174f3-80da-4344-a033-14d3bd1c4847,128,Page has label,true,2,"{""description"":""Label elements"",""informational"":true}",Sun Feb 01 2026 21:01:41 GMT+0100 (Midden-Europese standaardtijd)
7182a407-2879-440c-a197-9d0213abb4e3,9dc174f3-80da-4344-a033-14d3bd1c4847,129,Page has legend,false,0,"{""description"":""Legend elements"",""informational"":true}",Sun Feb 01 2026 21:01:41 GMT+0100 (Midden-Europese standaardtijd)
9b1d5e83-81b9-40a6-a530-f91841848fe4,9dc174f3-80da-4344-a033-14d3bd1c4847,130,Page has fieldset,false,0,"{""description"":""Fieldset elements"",""informational"":true}",Sun Feb 01 2026 21:01:41 GMT+0100 (Midden-Europese standaardtijd)
81c5a515-17db-452c-9d2e-0e7d8f52b00a,0a17a48b-aa63-4d1c-b9e0-307e83225a7a,48,LangAttributeMissingTest,false,0,"{""langValue"":""nl"",""wcagLevel"":""A"",""critical"":true}",Sun Feb 01 2026 21:01:43 GMT+0100 (Midden-Europese standaardtijd)
fbf8cb30-43d8-4372-bc57-c39d56cb2272,0a17a48b-aa63-4d1c-b9e0-307e83225a7a,50,TitleMissingTest,false,0,"{""wcagLevel"":""A"",""critical"":true}",Sun Feb 01 2026 21:01:43 GMT+0100 (Midden-Europese standaardtijd)
6f592a32-6678-4825-9daa-548fbf520164,0a17a48b-aa63-4d1c-b9e0-307e83225a7a,51,TitleEmptyTest,false,0,"{""titleText"":""Home | DigiD"",""wcagLevel"":""A"",""critical"":true}",Sun Feb 01 2026 21:01:43 GMT+0100 (Midden-Europese standaardtijd)
4f4826ca-a1cb-4794-a2fe-7e54a0222137,0a17a48b-aa63-4d1c-b9e0-307e83225a7a,64,ImgMissingAltTest,false,0,"{""images"":[],""totalCount"":0,""wcagLevel"":""A"",""critical"":true}",Sun Feb 01 2026 21:01:43 GMT+0100 (Midden-Europese standaardtijd)
2eeca280-86e2-4df0-a112-2a0a8fbe9f5e,0a17a48b-aa63-4d1c-b9e0-307e83225a7a,30,FormMissingLabelsTest,false,0,"{""forms"":[],""wcagLevel"":""A"",""critical"":true}",Sun Feb 01 2026 21:01:43 GMT+0100 (Midden-Europese standaardtijd)
769af1b9-38e9-4be4-8117-482c019a8ffb,0a17a48b-aa63-4d1c-b9e0-307e83225a7a,57,HeadingsAtLeastOneH1Test,false,0,"{""h1Count"":2,""h1Texts"":[""Laat zien wie je bent"",""""],""wcagLevel"":""A"",""critical"":true}",Sun Feb 01 2026 21:01:43 GMT+0100 (Midden-Europese standaardtijd)
a2e7698b-03f8-4b28-ba15-07702cfed53f,0a17a48b-aa63-4d1c-b9e0-307e83225a7a,7,IframeMissingAccessibleNameTest,false,0,"{""iframes"":[],""totalCount"":0,""wcagLevel"":""A"",""critical"":true}",Sun Feb 01 2026 21:01:43 GMT+0100 (Midden-Europese standaardtijd)
8b24ce14-6126-4737-b772-457421712765,0a17a48b-aa63-4d1c-b9e0-307e83225a7a,25,TableTest,false,0,"{""tables"":[],""totalCount"":0,""informational"":true}",Sun Feb 01 2026 21:01:43 GMT+0100 (Midden-Europese standaardtijd)
e6cee75f-c44d-439b-baeb-7c0b4d25111d,0a17a48b-aa63-4d1c-b9e0-307e83225a7a,29,FormTest,true,2,"{""forms"":[{""index"":1,""action"":""#"",""method"":""GET"",""inputCount"":1},{""index"":2,""action"":""#"",""method"":""GET"",""inputCount"":1}],""totalCount"":2,""informational"":true}",Sun Feb 01 2026 21:01:43 GMT+0100 (Midden-Europese standaardtijd)
2ddef416-ecd8-4e7a-ac7e-4127080d4510,0a17a48b-aa63-4d1c-b9e0-307e83225a7a,63,ImgTest,true,19,"{""totalImages"":19,""withAlt"":19,""withoutAlt"":0,""withEmptyAlt"":16,""informational"":true}",Sun Feb 01 2026 21:01:43 GMT+0100 (Midden-Europese standaardtijd)
6683a714-0df8-4fe1-8b71-e18a3aad39fb,0a17a48b-aa63-4d1c-b9e0-307e83225a7a,1,IframeIsVimeoVideoWithKeysDisabledTest,false,0,"{""iframes"":[],""totalCount"":0}",Sun Feb 01 2026 21:01:43 GMT+0100 (Midden-Europese standaardtijd)
15011176-4bf1-42bf-be0a-a860898f70e8,0a17a48b-aa63-4d1c-b9e0-307e83225a7a,2,ImgAltTooLongTest,false,0,"{""images"":[],""totalCount"":0}",Sun Feb 01 2026 21:01:43 GMT+0100 (Midden-Europese standaardtijd)
b337b65a-7089-4027-ae40-216acfca22da,0a17a48b-aa63-4d1c-b9e0-307e83225a7a,3,ViewportMetaRestrictsScalingTest,false,0,"{""content"":""width=device-width, initial-scale=1"",""restrictsScaling"":false}",Sun Feb 01 2026 21:01:43 GMT+0100 (Midden-Europese standaardtijd)
2685892a-e7ae-423c-ab90-b9f30883061d,0a17a48b-aa63-4d1c-b9e0-307e83225a7a,4,ImageLinkMissingAccessibleNameTest,true,1,"{""links"":[{""href"":""/nl"",""imageCount"":1}],""totalCount"":1}",Sun Feb 01 2026 21:01:43 GMT+0100 (Midden-Europese standaardtijd)
8fff6a59-e4f3-4efa-a748-1e124e25b67e,0a17a48b-aa63-4d1c-b9e0-307e83225a7a,5,PageContainsLinkReadMoreTest,false,0,"{""links"":[],""totalCount"":0}",Sun Feb 01 2026 21:01:43 GMT+0100 (Midden-Europese standaardtijd)
38eb37c2-b58b-4fe6-bd5d-2c61268ce749,0a17a48b-aa63-4d1c-b9e0-307e83225a7a,6,PageContainsMultipleSameLinksTest,true,15,"{""duplicateLinks"":[{""text"":""Mijn DigiD"",""occurrences"":2},{""text"":""Ik krijg een foutmelding in de DigiD app"",""occurrences"":3},{""text"":""Hoe activeer ik de DigiD app?"",""occurrences"":3},{""text"":""Hoe log ik in met de DigiD app?"",""occurrences"":2},{""text"":""Waarom lukt het activeren van mijn rijbewijs/ID-kaart niet?"",""occurrences"":3},{""text"":""Code invullen"",""occurrences"":2}],""totalCount"":15}",Sun Feb 01 2026 21:01:43 GMT+0100 (Midden-Europese standaardtijd)
b0815aab-37b2-49a4-a9fc-e96bbf9c8f6e,0a17a48b-aa63-4d1c-b9e0-307e83225a7a,8,IframeIsYouTubeVideoWithKeysEnabledTest,false,0,"{""iframes"":[],""totalCount"":0}",Sun Feb 01 2026 21:01:43 GMT+0100 (Midden-Europese standaardtijd)
1c7d7a58-b45f-4b0b-90d2-3a8372987297,0a17a48b-aa63-4d1c-b9e0-307e83225a7a,9,TableWithHeadingsTest,false,0,"{""tables"":[],""totalCount"":0}",Sun Feb 01 2026 21:01:43 GMT+0100 (Midden-Europese standaardtijd)
72cb36a1-ec51-4cc8-9fba-e90dbfe7a998,0a17a48b-aa63-4d1c-b9e0-307e83225a7a,11,IframeIsGoogleMapTest,false,0,"{""iframes"":[],""totalCount"":0}",Sun Feb 01 2026 21:01:43 GMT+0100 (Midden-Europese standaardtijd)
07eaa426-8bd7-42f8-8e8b-53e375396f7d,0a17a48b-aa63-4d1c-b9e0-307e83225a7a,12,IframeIsScribitVideoTest,false,0,"{""iframes"":[],""totalCount"":0}",Sun Feb 01 2026 21:01:43 GMT+0100 (Midden-Europese standaardtijd)
14a7d1d9-eefd-4bbe-997f-3a2ed683def6,0a17a48b-aa63-4d1c-b9e0-307e83225a7a,13,IframeIsVimeoVideoWithKeysEnabledTest,false,0,"{""iframes"":[],""totalCount"":0}",Sun Feb 01 2026 21:01:43 GMT+0100 (Midden-Europese standaardtijd)
e6899244-9b66-4e79-a780-bf1cd4c0b608,0a17a48b-aa63-4d1c-b9e0-307e83225a7a,14,IframeIsVimeoVideoTest,false,0,"{""iframes"":[],""totalCount"":0}",Sun Feb 01 2026 21:01:43 GMT+0100 (Midden-Europese standaardtijd)
3a542ff4-bc22-4895-b8ff-d537323a6d76,0a17a48b-aa63-4d1c-b9e0-307e83225a7a,15,IframeTest,false,0,"{""iframes"":[],""totalCount"":0,""informational"":true}",Sun Feb 01 2026 21:01:43 GMT+0100 (Midden-Europese standaardtijd)
05ba317d-f7e3-4ade-94c5-96085b13bd90,0a17a48b-aa63-4d1c-b9e0-307e83225a7a,16,AudioHasAutoplayTest,false,0,"{""audios"":[],""totalCount"":0}",Sun Feb 01 2026 21:01:43 GMT+0100 (Midden-Europese standaardtijd)
851f878e-de28-4be8-8ef0-6f33c444aea9,0a17a48b-aa63-4d1c-b9e0-307e83225a7a,17,AudioControlsTest,false,0,"{""audios"":[],""totalCount"":0,""informational"":true}",Sun Feb 01 2026 21:01:43 GMT+0100 (Midden-Europese standaardtijd)
b03f143d-dc09-4af2-a937-64a05f4148d1,0a17a48b-aa63-4d1c-b9e0-307e83225a7a,18,AudioTest,false,0,"{""audios"":[],""totalCount"":0,""informational"":true}",Sun Feb 01 2026 21:01:43 GMT+0100 (Midden-Europese standaardtijd)
9c36453a-0bc8-4a61-b991-4adb708364b3,0a17a48b-aa63-4d1c-b9e0-307e83225a7a,19,VideoHasAutoplayTest,false,0,"{""videos"":[],""totalCount"":0}",Sun Feb 01 2026 21:01:43 GMT+0100 (Midden-Europese standaardtijd)
377fa38c-d90f-4f5c-9c4b-b85ee4d9b363,0a17a48b-aa63-4d1c-b9e0-307e83225a7a,20,VideoMissingTitleAriaTest,false,0,"{""videos"":[],""totalCount"":0}",Sun Feb 01 2026 21:01:43 GMT+0100 (Midden-Europese standaardtijd)
85fefb3e-64b3-40ce-8574-c798b9d3d734,0a17a48b-aa63-4d1c-b9e0-307e83225a7a,21,VideoControlsTest,false,0,"{""videos"":[],""totalCount"":0,""informational"":true}",Sun Feb 01 2026 21:01:43 GMT+0100 (Midden-Europese standaardtijd)
83e883c0-95cf-4709-89cf-c00ae733a107,0a17a48b-aa63-4d1c-b9e0-307e83225a7a,22,VideoTest,false,0,"{""videos"":[],""totalCount"":0,""informational"":true}",Sun Feb 01 2026 21:01:43 GMT+0100 (Midden-Europese standaardtijd)
2a76fbf3-745f-4731-ba20-7bcef96ef418,0a17a48b-aa63-4d1c-b9e0-307e83225a7a,23,LinkWithoutTextTest,false,0,"{""links"":[],""totalCount"":0,""wcagLevel"":""A"",""critical"":true}",Sun Feb 01 2026 21:01:43 GMT+0100 (Midden-Europese standaardtijd)
387a82cb-7f73-427c-8143-beb30830d1e4,0a17a48b-aa63-4d1c-b9e0-307e83225a7a,24,EmptyLinkTest,false,0,"{""links"":[],""totalCount"":0,""wcagLevel"":""A"",""critical"":true}",Sun Feb 01 2026 21:01:43 GMT+0100 (Midden-Europese standaardtijd)
a2d0b643-d33e-4e1f-8453-809f8025f80f,0a17a48b-aa63-4d1c-b9e0-307e83225a7a,26,TableWithoutHeadersTest,false,0,"{""tables"":[],""totalCount"":0,""wcagLevel"":""A"",""critical"":true}",Sun Feb 01 2026 21:01:43 GMT+0100 (Midden-Europese standaardtijd)
e1a7da5a-c8b6-40f5-97fd-02c4784a9f8a,0a17a48b-aa63-4d1c-b9e0-307e83225a7a,27,ListTest,true,10,"{""lists"":[{""type"":""ul"",""itemCount"":0,""index"":1},{""type"":""ul"",""itemCount"":1,""index"":2},{""type"":""ul"",""itemCount"":2,""index"":3},{""type"":""ul"",""itemCount"":5,""index"":4},{""type"":""ul"",""itemCount"":2,""index"":5},{""type"":""ul"",""itemCount"":4,""index"":6},{""type"":""ul"",""itemCount"":4,""index"":7},{""type"":""ul"",""itemCount"":3,""index"":8},{""type"":""ul"",""itemCount"":2,""index"":9},{""type"":""ul"",""itemCount"":6,""index"":10}],""totalCount"":10,""informational"":true}",Sun Feb 01 2026 21:01:43 GMT+0100 (Midden-Europese standaardtijd)
0da9ee09-111f-462b-bb2f-bc575940888d,0a17a48b-aa63-4d1c-b9e0-307e83225a7a,28,DefinitionListTest,false,0,"{""lists"":[],""totalCount"":0,""informational"":true}",Sun Feb 01 2026 21:01:43 GMT+0100 (Midden-Europese standaardtijd)
7e72ee1e-ef0c-4d2c-9a6e-324b8b9b186c,0a17a48b-aa63-4d1c-b9e0-307e83225a7a,31,FormMissingFieldsetTest,false,0,"{""forms"":[],""totalCount"":0,""wcagLevel"":""A""}",Sun Feb 01 2026 21:01:43 GMT+0100 (Midden-Europese standaardtijd)
04482c6b-c725-4bab-bb0d-eabd37254b35,0a17a48b-aa63-4d1c-b9e0-307e83225a7a,32,InputMissingLabelTest,false,0,"{""inputs"":[],""totalCount"":0,""wcagLevel"":""A"",""critical"":true}",Sun Feb 01 2026 21:01:43 GMT+0100 (Midden-Europese standaardtijd)
056d89ee-a720-40cf-be18-4abfbcc5dd83,0a17a48b-aa63-4d1c-b9e0-307e83225a7a,33,ButtonEmptyTest,false,0,"{""buttons"":[],""totalCount"":0,""wcagLevel"":""A"",""critical"":true}",Sun Feb 01 2026 21:01:43 GMT+0100 (Midden-Europese standaardtijd)
8e3350e4-29af-432d-8427-075a4bf9caa2,0a17a48b-aa63-4d1c-b9e0-307e83225a7a,34,HeadingEmptyTest,true,1,"{""headings"":[{""level"":""h1"",""html"":""""}],""totalCount"":1,""wcagLevel"":""A"",""critical"":true}",Sun Feb 01 2026 21:01:43 GMT+0100 (Midden-Europese standaardtijd)
7952b7cf-b3be-4877-962b-ac3a0cc4be61,0a17a48b-aa63-4d1c-b9e0-307e83225a7a,35,HeadingSkipLevelTest,false,0,"{""violations"":[],""totalCount"":0,""wcagLevel"":""AA""}",Sun Feb 01 2026 21:01:43 GMT+0100 (Midden-Europese standaardtijd)
bca504a7-4e6a-4b44-9b9c-1fe690057078,0a17a48b-aa63-4d1c-b9e0-307e83225a7a,36,SkipLinkTest,false,0,"{""skipLinks"":[],""informational"":true}",Sun Feb 01 2026 21:01:43 GMT+0100 (Midden-Europese standaardtijd)
30bbcc30-be3f-4509-a8ad-420aa0dacc5b,0a17a48b-aa63-4d1c-b9e0-307e83225a7a,37,AriaLandmarksTest,true,14,"{""landmarks"":[{""type"":""aria-role"",""role"":""navigation"",""tag"":""nav""},{""type"":""aria-role"",""role"":""navigation"",""tag"":""nav""},{""type"":""aria-role"",""role"":""navigation"",""tag"":""nav""},{""type"":""aria-role"",""role"":""navigation"",""tag"":""nav""},{""type"":""semantic"",""tag"":""header""},{""type"":""semantic"",""tag"":""nav""},{""type"":""semantic"",""tag"":""nav""},{""type"":""semantic"",""tag"":""nav""},{""type"":""semantic"",""tag"":""nav""},{""type"":""semantic"",""tag"":""main""}],""totalCount"":14,""informational"":true}",Sun Feb 01 2026 21:01:43 GMT+0100 (Midden-Europese standaardtijd)
4339aabe-d073-42e1-bef6-ceda71484b39,0a17a48b-aa63-4d1c-b9e0-307e83225a7a,38,Element has tabindex,false,0,"{""description"":""Page has elements with tabindex"",""informational"":true}",Sun Feb 01 2026 21:01:43 GMT+0100 (Midden-Europese standaardtijd)
8d2212dc-fd75-4a54-9ab4-ffc22365d069,0a17a48b-aa63-4d1c-b9e0-307e83225a7a,39,Page has list,true,10,"{""description"":""Page has lists"",""informational"":true}",Sun Feb 01 2026 21:01:43 GMT+0100 (Midden-Europese standaardtijd)
2507281d-7637-49df-9ca1-a5cbf3b3704b,0a17a48b-aa63-4d1c-b9e0-307e83225a7a,40,Page has elements with aria-label,true,2,"{""description"":""Elements with ARIA labels"",""informational"":true}",Sun Feb 01 2026 21:01:43 GMT+0100 (Midden-Europese standaardtijd)
f837a4a4-bc17-411c-a1ca-7bf46247930c,0a17a48b-aa63-4d1c-b9e0-307e83225a7a,41,Page has elements with aria-expanded,true,1,"{""description"":""Expandable elements"",""informational"":true}",Sun Feb 01 2026 21:01:43 GMT+0100 (Midden-Europese standaardtijd)
8f596093-4675-4d09-9531-ec45ad03276f,0a17a48b-aa63-4d1c-b9e0-307e83225a7a,42,Page has pictures,false,0,"{""description"":""Page contains picture elements"",""informational"":true}",Sun Feb 01 2026 21:01:43 GMT+0100 (Midden-Europese standaardtijd)
165c418a-9f77-4e88-9a01-3a06559c9925,0a17a48b-aa63-4d1c-b9e0-307e83225a7a,43,Page has images,true,19,"{""description"":""Page contains images"",""informational"":true}",Sun Feb 01 2026 21:01:43 GMT+0100 (Midden-Europese standaardtijd)
1a1f956b-081a-4ac2-8adc-37bf3a768e91,0a17a48b-aa63-4d1c-b9e0-307e83225a7a,44,Page has decorative images or text alternative is missing,true,16,"{""description"":""Decorative or missing alt"",""informational"":true}",Sun Feb 01 2026 21:01:43 GMT+0100 (Midden-Europese standaardtijd)
54023797-a831-41a4-81b1-361aebfa3a32,0a17a48b-aa63-4d1c-b9e0-307e83225a7a,45,Page has elements with aria-describedby,false,0,"{""description"":""Elements with descriptions"",""informational"":true}",Sun Feb 01 2026 21:01:43 GMT+0100 (Midden-Europese standaardtijd)
c9ce7cbe-9aa5-45c1-8c00-3a330906118f,0a17a48b-aa63-4d1c-b9e0-307e83225a7a,46,Page has a button with aria-label,false,0,"{""description"":""Buttons with ARIA labels"",""informational"":true}",Sun Feb 01 2026 21:01:43 GMT+0100 (Midden-Europese standaardtijd)
49560952-94cb-45f2-88dd-e2a4844e1cf5,0a17a48b-aa63-4d1c-b9e0-307e83225a7a,47,Form with required input fields is validated by browser,false,0,"{""description"":""Browser-validated forms"",""informational"":true}",Sun Feb 01 2026 21:01:43 GMT+0100 (Midden-Europese standaardtijd)
e1a0a052-fb53-46a8-8db5-d970ff2d6c9b,0a17a48b-aa63-4d1c-b9e0-307e83225a7a,49,Page has elements with aria-labelledby,true,2,"{""description"":""Elements with labelledby"",""informational"":true}",Sun Feb 01 2026 21:01:43 GMT+0100 (Midden-Europese standaardtijd)
ae8942d1-597f-49cc-b4b8-625ecd10f28c,0a17a48b-aa63-4d1c-b9e0-307e83225a7a,52,Page has SVG-images,true,20,"{""description"":""Page contains SVG"",""informational"":true}",Sun Feb 01 2026 21:01:43 GMT+0100 (Midden-Europese standaardtijd)
e3cd65a0-bf36-401c-b94c-43c0866a376b,0a17a48b-aa63-4d1c-b9e0-307e83225a7a,53,Page has elements with role=menu,false,0,"{""description"":""Menu elements"",""informational"":true}",Sun Feb 01 2026 21:01:43 GMT+0100 (Midden-Europese standaardtijd)
f612e4d7-9dd3-4cc9-9780-acbee574c584,0a17a48b-aa63-4d1c-b9e0-307e83225a7a,54,Page has fieldset without legend,false,0,"{""description"":""Fieldsets missing legends"",""informational"":true}",Sun Feb 01 2026 21:01:43 GMT+0100 (Midden-Europese standaardtijd)
811eb785-d190-46af-9040-4ebd064c02d9,0a17a48b-aa63-4d1c-b9e0-307e83225a7a,55,Page has dialog or modal window,false,0,"{""description"":""Dialog elements"",""informational"":true}",Sun Feb 01 2026 21:01:43 GMT+0100 (Midden-Europese standaardtijd)
cde8f53e-e458-412a-98f7-b48e34a95a96,0a17a48b-aa63-4d1c-b9e0-307e83225a7a,56,Page has interactive image,false,0,"{""description"":""Interactive images"",""informational"":true}",Sun Feb 01 2026 21:01:43 GMT+0100 (Midden-Europese standaardtijd)
4c46d1b4-e659-4046-930d-cee77448a232,0a17a48b-aa63-4d1c-b9e0-307e83225a7a,10,Page has aria-hidden element,true,7,"{""description"":""Hidden elements"",""informational"":true}",Sun Feb 01 2026 21:01:43 GMT+0100 (Midden-Europese standaardtijd)
4ec80bb3-ffa0-42c1-8617-d12c5e13b4f3,0a17a48b-aa63-4d1c-b9e0-307e83225a7a,58,Page has input fields with autocomplete,false,0,"{""description"":""Autocomplete fields"",""informational"":true}",Sun Feb 01 2026 21:01:43 GMT+0100 (Midden-Europese standaardtijd)
9dbb9eb3-c68b-4721-ab51-d08b49b6cbdd,0a17a48b-aa63-4d1c-b9e0-307e83225a7a,59,Page has aria-invalid element,false,0,"{""description"":""Invalid elements"",""informational"":true}",Sun Feb 01 2026 21:01:43 GMT+0100 (Midden-Europese standaardtijd)
4a66ebf4-e198-41a9-84d4-63dd2afb7e96,0a17a48b-aa63-4d1c-b9e0-307e83225a7a,60,Page has aria-required element,false,0,"{""description"":""Required elements"",""informational"":true}",Sun Feb 01 2026 21:01:43 GMT+0100 (Midden-Europese standaardtijd)
ab6fc98e-2592-4e93-9b04-a465a75b3fba,0a17a48b-aa63-4d1c-b9e0-307e83225a7a,61,Page has accesskey,false,0,"{""description"":""Accesskey attributes"",""informational"":true}",Sun Feb 01 2026 21:01:43 GMT+0100 (Midden-Europese standaardtijd)
23b61da3-01d1-44d4-82d8-b1b340d6d338,0a17a48b-aa63-4d1c-b9e0-307e83225a7a,62,Page has aria-live element,false,0,"{""description"":""Live regions"",""informational"":true}",Sun Feb 01 2026 21:01:43 GMT+0100 (Midden-Europese standaardtijd)
726664b0-6f97-4160-8312-def42e5ecde8,0a17a48b-aa63-4d1c-b9e0-307e83225a7a,65,Page has strong or bold,false,0,"{""description"":""Bold text"",""informational"":true}",Sun Feb 01 2026 21:01:43 GMT+0100 (Midden-Europese standaardtijd)
6670b926-db59-4d16-bf9c-de21dc7366c5,0a17a48b-aa63-4d1c-b9e0-307e83225a7a,66,Page has em or italic,false,0,"{""description"":""Italic text"",""informational"":true}",Sun Feb 01 2026 21:01:43 GMT+0100 (Midden-Europese standaardtijd)
b1914015-cc18-47b0-bb36-a214d2af7c20,0a17a48b-aa63-4d1c-b9e0-307e83225a7a,67,Page has preformatted text,false,0,"{""description"":""Preformatted content"",""informational"":true}",Sun Feb 01 2026 21:01:43 GMT+0100 (Midden-Europese standaardtijd)
14322449-4d8d-48d9-9141-d7907e3c3072,0a17a48b-aa63-4d1c-b9e0-307e83225a7a,68,Page has code block,false,0,"{""description"":""Code blocks"",""informational"":true}",Sun Feb 01 2026 21:01:43 GMT+0100 (Midden-Europese standaardtijd)
823ce5e8-71cb-497b-9c3c-1e218d5d8d26,0a17a48b-aa63-4d1c-b9e0-307e83225a7a,69,Page has blockquote,false,0,"{""description"":""Quote blocks"",""informational"":true}",Sun Feb 01 2026 21:01:43 GMT+0100 (Midden-Europese standaardtijd)
17758eac-67c2-4686-8bd3-b855364a7cce,0a17a48b-aa63-4d1c-b9e0-307e83225a7a,70,Page has abbreviation,false,0,"{""description"":""Abbreviations"",""informational"":true}",Sun Feb 01 2026 21:01:43 GMT+0100 (Midden-Europese standaardtijd)
c63de7c8-5668-4090-8b3a-8c3c0ad7c292,0a17a48b-aa63-4d1c-b9e0-307e83225a7a,71,Page has citation,false,0,"{""description"":""Citations"",""informational"":true}",Sun Feb 01 2026 21:01:43 GMT+0100 (Midden-Europese standaardtijd)
c57e7ee8-7176-4e25-99a7-975f1542920d,0a17a48b-aa63-4d1c-b9e0-307e83225a7a,72,Page has marked text,false,0,"{""description"":""Highlighted text"",""informational"":true}",Sun Feb 01 2026 21:01:43 GMT+0100 (Midden-Europese standaardtijd)
3fe5f1e0-8842-4938-ab4d-742033323ca1,0a17a48b-aa63-4d1c-b9e0-307e83225a7a,73,Page has subscript,false,0,"{""description"":""Subscript text"",""informational"":true}",Sun Feb 01 2026 21:01:43 GMT+0100 (Midden-Europese standaardtijd)
1e80d4e5-cd13-47d7-a450-b1b50c3e9166,0a17a48b-aa63-4d1c-b9e0-307e83225a7a,74,Page has superscript,false,0,"{""description"":""Superscript text"",""informational"":true}",Sun Feb 01 2026 21:01:43 GMT+0100 (Midden-Europese standaardtijd)
30aae980-12c3-48f4-9f83-d2bf0473fa43,0a17a48b-aa63-4d1c-b9e0-307e83225a7a,75,Page has time,false,0,"{""description"":""Time elements"",""informational"":true}",Sun Feb 01 2026 21:01:43 GMT+0100 (Midden-Europese standaardtijd)
8ac3b1dd-ea7e-4a27-9e7c-59adcfdfa637,0a17a48b-aa63-4d1c-b9e0-307e83225a7a,76,Page has data,false,0,"{""description"":""Data elements"",""informational"":true}",Sun Feb 01 2026 21:01:43 GMT+0100 (Midden-Europese standaardtijd)
99739a61-e22f-4fc5-b311-8f43f0b6bd03,0a17a48b-aa63-4d1c-b9e0-307e83225a7a,77,Page has details,false,0,"{""description"":""Details elements"",""informational"":true}",Sun Feb 01 2026 21:01:43 GMT+0100 (Midden-Europese standaardtijd)
8834ef6b-f964-4d01-8de2-7eaa5f21f438,0a17a48b-aa63-4d1c-b9e0-307e83225a7a,78,Page has summary,false,0,"{""description"":""Summary elements"",""informational"":true}",Sun Feb 01 2026 21:01:43 GMT+0100 (Midden-Europese standaardtijd)
68fa4eee-00fa-4748-8d90-b514ad4e699b,0a17a48b-aa63-4d1c-b9e0-307e83225a7a,79,Page has article,false,0,"{""description"":""Article elements"",""informational"":true}",Sun Feb 01 2026 21:01:43 GMT+0100 (Midden-Europese standaardtijd)
a70d1131-2f01-4a07-95ab-7020acca7131,0a17a48b-aa63-4d1c-b9e0-307e83225a7a,80,Page has section,true,3,"{""description"":""Section elements"",""informational"":true}",Sun Feb 01 2026 21:01:43 GMT+0100 (Midden-Europese standaardtijd)
a595d758-54cc-4d37-bff0-219157c90448,0a17a48b-aa63-4d1c-b9e0-307e83225a7a,81,Page has nav,true,6,"{""description"":""Navigation elements"",""informational"":true}",Sun Feb 01 2026 21:01:43 GMT+0100 (Midden-Europese standaardtijd)
69f405a1-ae4f-4e12-9f4a-fd389b7f36ec,0a17a48b-aa63-4d1c-b9e0-307e83225a7a,82,Page has aside,false,0,"{""description"":""Aside elements"",""informational"":true}",Sun Feb 01 2026 21:01:43 GMT+0100 (Midden-Europese standaardtijd)
ccace780-ec83-4bdf-bf84-4a42f0ee68e0,0a17a48b-aa63-4d1c-b9e0-307e83225a7a,83,Page has header,true,2,"{""description"":""Header elements"",""informational"":true}",Sun Feb 01 2026 21:01:43 GMT+0100 (Midden-Europese standaardtijd)
690f4f5e-5d2d-44c0-b6b0-e43b5d7afa59,0a17a48b-aa63-4d1c-b9e0-307e83225a7a,84,Page has footer,true,1,"{""description"":""Footer elements"",""informational"":true}",Sun Feb 01 2026 21:01:43 GMT+0100 (Midden-Europese standaardtijd)
42cccf21-6081-40ff-99f2-f971d989fb30,0a17a48b-aa63-4d1c-b9e0-307e83225a7a,85,Page has main,true,1,"{""description"":""Main content"",""informational"":true}",Sun Feb 01 2026 21:01:43 GMT+0100 (Midden-Europese standaardtijd)
6a88dd31-e586-414a-9256-e4d6ccfe44d4,0a17a48b-aa63-4d1c-b9e0-307e83225a7a,86,Page has figure,false,0,"{""description"":""Figure elements"",""informational"":true}",Sun Feb 01 2026 21:01:43 GMT+0100 (Midden-Europese standaardtijd)
37fbc5e9-47f0-4ba5-bacc-dca09ebbbf8f,0a17a48b-aa63-4d1c-b9e0-307e83225a7a,87,Page has figcaption,false,0,"{""description"":""Figure captions"",""informational"":true}",Sun Feb 01 2026 21:01:43 GMT+0100 (Midden-Europese standaardtijd)
a4ff1c0e-5617-4c73-9093-d36d6966ca93,0a17a48b-aa63-4d1c-b9e0-307e83225a7a,88,Page has address,false,0,"{""description"":""Address elements"",""informational"":true}",Sun Feb 01 2026 21:01:43 GMT+0100 (Midden-Europese standaardtijd)
4b92c35d-03a9-4ff6-af6c-cb7b7f4a0520,0a17a48b-aa63-4d1c-b9e0-307e83225a7a,89,Page has progress,false,0,"{""description"":""Progress bars"",""informational"":true}",Sun Feb 01 2026 21:01:43 GMT+0100 (Midden-Europese standaardtijd)
39d8993e-b677-42e5-9e11-408d42517804,0a17a48b-aa63-4d1c-b9e0-307e83225a7a,90,Page has meter,false,0,"{""description"":""Meter elements"",""informational"":true}",Sun Feb 01 2026 21:01:43 GMT+0100 (Midden-Europese standaardtijd)
3abe776d-37f9-43a8-8963-5635c077a587,0a17a48b-aa63-4d1c-b9e0-307e83225a7a,91,Page has output,false,0,"{""description"":""Output elements"",""informational"":true}",Sun Feb 01 2026 21:01:43 GMT+0100 (Midden-Europese standaardtijd)
afc66256-17a1-4bbf-9815-7aa224bc65f9,0a17a48b-aa63-4d1c-b9e0-307e83225a7a,92,Page has canvas,false,0,"{""description"":""Canvas elements"",""informational"":true}",Sun Feb 01 2026 21:01:43 GMT+0100 (Midden-Europese standaardtijd)
906e5d1e-f7c2-41d6-8b48-98b072209c1f,0a17a48b-aa63-4d1c-b9e0-307e83225a7a,93,Page has object,false,0,"{""description"":""Object embeds"",""informational"":true}",Sun Feb 01 2026 21:01:43 GMT+0100 (Midden-Europese standaardtijd)
4cf0a6ea-f660-4a9f-b782-5a4b386a296a,0a17a48b-aa63-4d1c-b9e0-307e83225a7a,94,Page has embed,false,0,"{""description"":""Embed elements"",""informational"":true}",Sun Feb 01 2026 21:01:43 GMT+0100 (Midden-Europese standaardtijd)
0bd9d8b5-b044-4341-97c3-2a721978ac54,0a17a48b-aa63-4d1c-b9e0-307e83225a7a,95,Page has param,false,0,"{""description"":""Param elements"",""informational"":true}",Sun Feb 01 2026 21:01:43 GMT+0100 (Midden-Europese standaardtijd)
0a37abaf-d7a9-4b17-9aab-8a5e4bb3c22c,0a17a48b-aa63-4d1c-b9e0-307e83225a7a,96,Page has source,false,0,"{""description"":""Source elements"",""informational"":true}",Sun Feb 01 2026 21:01:43 GMT+0100 (Midden-Europese standaardtijd)
02772814-8422-45fc-8fe3-297c3fe599f9,0a17a48b-aa63-4d1c-b9e0-307e83225a7a,97,Page has track,false,0,"{""description"":""Track elements (captions)"",""informational"":true}",Sun Feb 01 2026 21:01:43 GMT+0100 (Midden-Europese standaardtijd)
2e22eeb7-30c5-445e-9100-ae2e555b3d18,0a17a48b-aa63-4d1c-b9e0-307e83225a7a,98,Page has map,false,0,"{""description"":""Image maps"",""informational"":true}",Sun Feb 01 2026 21:01:43 GMT+0100 (Midden-Europese standaardtijd)
ea79e12e-a631-41b6-8055-28c17d02918b,0a17a48b-aa63-4d1c-b9e0-307e83225a7a,99,Page has area,false,0,"{""description"":""Map areas"",""informational"":true}",Sun Feb 01 2026 21:01:43 GMT+0100 (Midden-Europese standaardtijd)
72b83998-0bd5-4c02-98a4-43ff95a83156,0a17a48b-aa63-4d1c-b9e0-307e83225a7a,100,Page has select,false,0,"{""description"":""Select dropdowns"",""informational"":true}",Sun Feb 01 2026 21:01:43 GMT+0100 (Midden-Europese standaardtijd)
dcd7980d-6383-47ed-8a05-24f480adcbf9,0a17a48b-aa63-4d1c-b9e0-307e83225a7a,101,Page has optgroup,false,0,"{""description"":""Option groups"",""informational"":true}",Sun Feb 01 2026 21:01:43 GMT+0100 (Midden-Europese standaardtijd)
489a2638-b16f-4def-9465-59dde3be1165,0a17a48b-aa63-4d1c-b9e0-307e83225a7a,102,Page has option,false,0,"{""description"":""Select options"",""informational"":true}",Sun Feb 01 2026 21:01:43 GMT+0100 (Midden-Europese standaardtijd)
4d0dcb82-4899-46d2-9b59-9cb082560476,0a17a48b-aa63-4d1c-b9e0-307e83225a7a,103,Page has textarea,false,0,"{""description"":""Text areas"",""informational"":true}",Sun Feb 01 2026 21:01:43 GMT+0100 (Midden-Europese standaardtijd)
b1e3ccab-a06f-4247-97dc-67f6a49b19ee,0a17a48b-aa63-4d1c-b9e0-307e83225a7a,104,Page has keygen,false,0,"{""description"":""Keygen elements"",""informational"":true}",Sun Feb 01 2026 21:01:43 GMT+0100 (Midden-Europese standaardtijd)
b27e41ec-9070-4bb4-8e84-40ddef69404b,0a17a48b-aa63-4d1c-b9e0-307e83225a7a,105,Page has datalist,false,0,"{""description"":""Data lists"",""informational"":true}",Sun Feb 01 2026 21:01:43 GMT+0100 (Midden-Europese standaardtijd)
be950642-a0ed-4879-8d80-b6851c7eac48,0a17a48b-aa63-4d1c-b9e0-307e83225a7a,106,"Page has input type=""checkbox""",false,0,"{""description"":""Checkboxes"",""informational"":true}",Sun Feb 01 2026 21:01:43 GMT+0100 (Midden-Europese standaardtijd)
f83677f7-63b3-4f57-8c2a-0d433e9d9d68,0a17a48b-aa63-4d1c-b9e0-307e83225a7a,107,"Page has input type=""radio""",false,0,"{""description"":""Radio buttons"",""informational"":true}",Sun Feb 01 2026 21:01:43 GMT+0100 (Midden-Europese standaardtijd)
805fc355-a241-45d3-b20a-63a1b819eebc,0a17a48b-aa63-4d1c-b9e0-307e83225a7a,108,"Page has input type=""submit""",false,0,"{""description"":""Submit buttons"",""informational"":true}",Sun Feb 01 2026 21:01:43 GMT+0100 (Midden-Europese standaardtijd)
ce16184f-454a-4746-b5e2-1dffea5aa96a,0a17a48b-aa63-4d1c-b9e0-307e83225a7a,109,"Page has input type=""reset""",false,0,"{""description"":""Reset buttons"",""informational"":true}",Sun Feb 01 2026 21:01:43 GMT+0100 (Midden-Europese standaardtijd)
8d6c771a-74ea-4bf3-bced-63c5fc89fef3,0a17a48b-aa63-4d1c-b9e0-307e83225a7a,110,"Page has input type=""button""",false,0,"{""description"":""Button inputs"",""informational"":true}",Sun Feb 01 2026 21:01:43 GMT+0100 (Midden-Europese standaardtijd)
0bd6923b-605a-4834-8424-b63ded55ad21,0a17a48b-aa63-4d1c-b9e0-307e83225a7a,111,"Page has input type=""file""",false,0,"{""description"":""File inputs"",""informational"":true}",Sun Feb 01 2026 21:01:43 GMT+0100 (Midden-Europese standaardtijd)
c582b91e-bc6e-422c-82a0-dd019a859b6c,0a17a48b-aa63-4d1c-b9e0-307e83225a7a,112,"Page has input type=""hidden""",false,0,"{""description"":""Hidden inputs"",""informational"":true}",Sun Feb 01 2026 21:01:43 GMT+0100 (Midden-Europese standaardtijd)
019de631-ee31-4753-9efd-1fcac671e32a,0a17a48b-aa63-4d1c-b9e0-307e83225a7a,113,"Page has input type=""image""",false,0,"{""description"":""Image buttons"",""informational"":true}",Sun Feb 01 2026 21:01:43 GMT+0100 (Midden-Europese standaardtijd)
f89f6ee2-f474-4794-a467-85b43dce7385,0a17a48b-aa63-4d1c-b9e0-307e83225a7a,114,"Page has input type=""date""",false,0,"{""description"":""Date pickers"",""informational"":true}",Sun Feb 01 2026 21:01:43 GMT+0100 (Midden-Europese standaardtijd)
071615dc-780d-4640-9e08-e87be4ee416c,0a17a48b-aa63-4d1c-b9e0-307e83225a7a,115,"Page has input type=""time""",false,0,"{""description"":""Time pickers"",""informational"":true}",Sun Feb 01 2026 21:01:43 GMT+0100 (Midden-Europese standaardtijd)
664aee9c-461e-4b01-9039-b44bcc13c582,0a17a48b-aa63-4d1c-b9e0-307e83225a7a,116,"Page has input type=""datetime-local""",false,0,"{""description"":""Datetime pickers"",""informational"":true}",Sun Feb 01 2026 21:01:43 GMT+0100 (Midden-Europese standaardtijd)
1b776171-7973-4811-8a18-3592a4d47109,0a17a48b-aa63-4d1c-b9e0-307e83225a7a,117,"Page has input type=""month""",false,0,"{""description"":""Month pickers"",""informational"":true}",Sun Feb 01 2026 21:01:43 GMT+0100 (Midden-Europese standaardtijd)
86bcdd2a-2d29-4682-b2fb-43ac7455e16b,0a17a48b-aa63-4d1c-b9e0-307e83225a7a,118,"Page has input type=""week""",false,0,"{""description"":""Week pickers"",""informational"":true}",Sun Feb 01 2026 21:01:43 GMT+0100 (Midden-Europese standaardtijd)
b0970086-d90e-4534-8f17-b7a695efb9a9,0a17a48b-aa63-4d1c-b9e0-307e83225a7a,119,"Page has input type=""color""",false,0,"{""description"":""Color pickers"",""informational"":true}",Sun Feb 01 2026 21:01:43 GMT+0100 (Midden-Europese standaardtijd)
126c25c5-182b-45b2-9cd1-fc747b475247,0a17a48b-aa63-4d1c-b9e0-307e83225a7a,120,"Page has input type=""range""",false,0,"{""description"":""Range sliders"",""informational"":true}",Sun Feb 01 2026 21:01:43 GMT+0100 (Midden-Europese standaardtijd)
64797515-b4f1-4acd-9dae-3d74f87f82c5,0a17a48b-aa63-4d1c-b9e0-307e83225a7a,121,"Page has input type=""search""",true,2,"{""description"":""Search inputs"",""informational"":true}",Sun Feb 01 2026 21:01:43 GMT+0100 (Midden-Europese standaardtijd)
8d2e4236-feb0-4d75-98a9-590d3530194c,0a17a48b-aa63-4d1c-b9e0-307e83225a7a,122,"Page has input type=""tel""",false,0,"{""description"":""Telephone inputs"",""informational"":true}",Sun Feb 01 2026 21:01:43 GMT+0100 (Midden-Europese standaardtijd)
59feea0c-2aaf-4a0d-94ad-349f62c0d4d8,0a17a48b-aa63-4d1c-b9e0-307e83225a7a,123,"Page has input type=""url""",false,0,"{""description"":""URL inputs"",""informational"":true}",Sun Feb 01 2026 21:01:43 GMT+0100 (Midden-Europese standaardtijd)
07f77f20-52e8-4aaa-a12e-e2bc260750fc,0a17a48b-aa63-4d1c-b9e0-307e83225a7a,124,"Page has input type=""email""",false,0,"{""description"":""Email inputs"",""informational"":true}",Sun Feb 01 2026 21:01:43 GMT+0100 (Midden-Europese standaardtijd)
98691dc9-1db4-4be7-bc7d-fffe0a0b9f6b,0a17a48b-aa63-4d1c-b9e0-307e83225a7a,125,"Page has input type=""number""",false,0,"{""description"":""Number inputs"",""informational"":true}",Sun Feb 01 2026 21:01:43 GMT+0100 (Midden-Europese standaardtijd)
623e37c2-08f5-4bad-9cd3-3bcc5a517434,0a17a48b-aa63-4d1c-b9e0-307e83225a7a,126,"Page has input type=""password""",false,0,"{""description"":""Password fields"",""informational"":true}",Sun Feb 01 2026 21:01:43 GMT+0100 (Midden-Europese standaardtijd)
fb829a65-1b40-4ed6-ab06-878684d0634b,0a17a48b-aa63-4d1c-b9e0-307e83225a7a,127,"Page has input type=""text""",false,0,"{""description"":""Text inputs"",""informational"":true}",Sun Feb 01 2026 21:01:43 GMT+0100 (Midden-Europese standaardtijd)
4ec7de51-31ef-435c-9cd2-3e45d22255da,0a17a48b-aa63-4d1c-b9e0-307e83225a7a,128,Page has label,true,2,"{""description"":""Label elements"",""informational"":true}",Sun Feb 01 2026 21:01:43 GMT+0100 (Midden-Europese standaardtijd)
56a7a947-df3c-4a6b-81f6-e607d7e9fa48,0a17a48b-aa63-4d1c-b9e0-307e83225a7a,129,Page has legend,false,0,"{""description"":""Legend elements"",""informational"":true}",Sun Feb 01 2026 21:01:43 GMT+0100 (Midden-Europese standaardtijd)
9a71fbfd-969b-4470-af84-d90b6305a95a,0a17a48b-aa63-4d1c-b9e0-307e83225a7a,130,Page has fieldset,false,0,"{""description"":""Fieldset elements"",""informational"":true}",Sun Feb 01 2026 21:01:43 GMT+0100 (Midden-Europese standaardtijd)
7c23b258-f559-4308-b759-2c7dfe79464f,820d5778-16cf-431d-bba9-c6127e257d27,48,LangAttributeMissingTest,false,0,"{""langValue"":""nl"",""wcagLevel"":""A"",""critical"":true}",Sun Feb 01 2026 21:01:44 GMT+0100 (Midden-Europese standaardtijd)
f785cbc8-4fdb-4892-a54d-00bb086709b5,820d5778-16cf-431d-bba9-c6127e257d27,50,TitleMissingTest,false,0,"{""wcagLevel"":""A"",""critical"":true}",Sun Feb 01 2026 21:01:44 GMT+0100 (Midden-Europese standaardtijd)
212599a9-63b3-45c7-803f-903ea9b49c8f,820d5778-16cf-431d-bba9-c6127e257d27,51,TitleEmptyTest,false,0,"{""titleText"":""Home | DigiD"",""wcagLevel"":""A"",""critical"":true}",Sun Feb 01 2026 21:01:44 GMT+0100 (Midden-Europese standaardtijd)
0eb82d14-7d69-4f56-846b-15d135f743e2,820d5778-16cf-431d-bba9-c6127e257d27,64,ImgMissingAltTest,false,0,"{""images"":[],""totalCount"":0,""wcagLevel"":""A"",""critical"":true}",Sun Feb 01 2026 21:01:44 GMT+0100 (Midden-Europese standaardtijd)
50636cd7-9055-474e-9fcb-b0d063dcefcb,820d5778-16cf-431d-bba9-c6127e257d27,30,FormMissingLabelsTest,false,0,"{""forms"":[],""wcagLevel"":""A"",""critical"":true}",Sun Feb 01 2026 21:01:44 GMT+0100 (Midden-Europese standaardtijd)
080ec84f-2cbd-4a96-b3f0-e2096a9e92f2,820d5778-16cf-431d-bba9-c6127e257d27,57,HeadingsAtLeastOneH1Test,false,0,"{""h1Count"":2,""h1Texts"":[""Laat zien wie je bent"",""""],""wcagLevel"":""A"",""critical"":true}",Sun Feb 01 2026 21:01:44 GMT+0100 (Midden-Europese standaardtijd)
19cb0495-4160-452a-83ce-709a9dc45d31,820d5778-16cf-431d-bba9-c6127e257d27,7,IframeMissingAccessibleNameTest,false,0,"{""iframes"":[],""totalCount"":0,""wcagLevel"":""A"",""critical"":true}",Sun Feb 01 2026 21:01:44 GMT+0100 (Midden-Europese standaardtijd)
04fe9ad4-de01-44fc-ad5e-4f085ad6258c,820d5778-16cf-431d-bba9-c6127e257d27,25,TableTest,false,0,"{""tables"":[],""totalCount"":0,""informational"":true}",Sun Feb 01 2026 21:01:44 GMT+0100 (Midden-Europese standaardtijd)
3cf9a791-4347-49dc-aebc-c42d100931c5,820d5778-16cf-431d-bba9-c6127e257d27,29,FormTest,true,2,"{""forms"":[{""index"":1,""action"":""#"",""method"":""GET"",""inputCount"":1},{""index"":2,""action"":""#"",""method"":""GET"",""inputCount"":1}],""totalCount"":2,""informational"":true}",Sun Feb 01 2026 21:01:44 GMT+0100 (Midden-Europese standaardtijd)
548a88ac-27d7-413d-acc7-f02d10512d57,820d5778-16cf-431d-bba9-c6127e257d27,63,ImgTest,true,19,"{""totalImages"":19,""withAlt"":19,""withoutAlt"":0,""withEmptyAlt"":16,""informational"":true}",Sun Feb 01 2026 21:01:44 GMT+0100 (Midden-Europese standaardtijd)
15ddb13a-1d6a-4d64-b3e7-60c84672418d,820d5778-16cf-431d-bba9-c6127e257d27,1,IframeIsVimeoVideoWithKeysDisabledTest,false,0,"{""iframes"":[],""totalCount"":0}",Sun Feb 01 2026 21:01:44 GMT+0100 (Midden-Europese standaardtijd)
e96968b9-d179-499e-ab8d-2e22b0ed3cd9,820d5778-16cf-431d-bba9-c6127e257d27,2,ImgAltTooLongTest,false,0,"{""images"":[],""totalCount"":0}",Sun Feb 01 2026 21:01:44 GMT+0100 (Midden-Europese standaardtijd)
d1331fcf-0af7-4b81-a6ff-b4a8b2d4f476,820d5778-16cf-431d-bba9-c6127e257d27,3,ViewportMetaRestrictsScalingTest,false,0,"{""content"":""width=device-width, initial-scale=1"",""restrictsScaling"":false}",Sun Feb 01 2026 21:01:44 GMT+0100 (Midden-Europese standaardtijd)
58f2d1c0-e77f-4408-9b59-f98313e181ce,820d5778-16cf-431d-bba9-c6127e257d27,4,ImageLinkMissingAccessibleNameTest,true,1,"{""links"":[{""href"":""/nl"",""imageCount"":1}],""totalCount"":1}",Sun Feb 01 2026 21:01:44 GMT+0100 (Midden-Europese standaardtijd)
f0f0f1cf-3857-4010-926a-cbb58c218b2c,820d5778-16cf-431d-bba9-c6127e257d27,5,PageContainsLinkReadMoreTest,false,0,"{""links"":[],""totalCount"":0}",Sun Feb 01 2026 21:01:44 GMT+0100 (Midden-Europese standaardtijd)
79b2bbaa-2e04-474d-b515-caae79fe514a,820d5778-16cf-431d-bba9-c6127e257d27,6,PageContainsMultipleSameLinksTest,true,15,"{""duplicateLinks"":[{""text"":""Mijn DigiD"",""occurrences"":2},{""text"":""Ik krijg een foutmelding in de DigiD app"",""occurrences"":3},{""text"":""Hoe activeer ik de DigiD app?"",""occurrences"":3},{""text"":""Hoe log ik in met de DigiD app?"",""occurrences"":2},{""text"":""Waarom lukt het activeren van mijn rijbewijs/ID-kaart niet?"",""occurrences"":3},{""text"":""Code invullen"",""occurrences"":2}],""totalCount"":15}",Sun Feb 01 2026 21:01:44 GMT+0100 (Midden-Europese standaardtijd)
fcb7c06d-d38a-43b0-a495-44ec7d4ab733,820d5778-16cf-431d-bba9-c6127e257d27,8,IframeIsYouTubeVideoWithKeysEnabledTest,false,0,"{""iframes"":[],""totalCount"":0}",Sun Feb 01 2026 21:01:44 GMT+0100 (Midden-Europese standaardtijd)
a60cfa1f-88a0-43e2-b571-407f1ed584b4,820d5778-16cf-431d-bba9-c6127e257d27,9,TableWithHeadingsTest,false,0,"{""tables"":[],""totalCount"":0}",Sun Feb 01 2026 21:01:44 GMT+0100 (Midden-Europese standaardtijd)
5dce09f2-9da0-4ead-94b0-91a9b27b6c03,820d5778-16cf-431d-bba9-c6127e257d27,11,IframeIsGoogleMapTest,false,0,"{""iframes"":[],""totalCount"":0}",Sun Feb 01 2026 21:01:44 GMT+0100 (Midden-Europese standaardtijd)
2fa7bd6a-db2d-4b7e-9f67-ad43cc442487,820d5778-16cf-431d-bba9-c6127e257d27,12,IframeIsScribitVideoTest,false,0,"{""iframes"":[],""totalCount"":0}",Sun Feb 01 2026 21:01:44 GMT+0100 (Midden-Europese standaardtijd)
754e09c3-ad21-432d-89aa-4e5c8255febf,820d5778-16cf-431d-bba9-c6127e257d27,13,IframeIsVimeoVideoWithKeysEnabledTest,false,0,"{""iframes"":[],""totalCount"":0}",Sun Feb 01 2026 21:01:44 GMT+0100 (Midden-Europese standaardtijd)
ade6533e-73ca-49b2-868c-10482467beb3,820d5778-16cf-431d-bba9-c6127e257d27,14,IframeIsVimeoVideoTest,false,0,"{""iframes"":[],""totalCount"":0}",Sun Feb 01 2026 21:01:44 GMT+0100 (Midden-Europese standaardtijd)
c5a01f24-34a8-4f63-9fb3-94dd45bd608c,820d5778-16cf-431d-bba9-c6127e257d27,15,IframeTest,false,0,"{""iframes"":[],""totalCount"":0,""informational"":true}",Sun Feb 01 2026 21:01:44 GMT+0100 (Midden-Europese standaardtijd)
872d5295-5b88-4187-97ea-5549d64a2385,820d5778-16cf-431d-bba9-c6127e257d27,16,AudioHasAutoplayTest,false,0,"{""audios"":[],""totalCount"":0}",Sun Feb 01 2026 21:01:44 GMT+0100 (Midden-Europese standaardtijd)
59d71653-b8ec-4f4b-99a4-e0e987d5535e,820d5778-16cf-431d-bba9-c6127e257d27,17,AudioControlsTest,false,0,"{""audios"":[],""totalCount"":0,""informational"":true}",Sun Feb 01 2026 21:01:44 GMT+0100 (Midden-Europese standaardtijd)
a0f55bb8-8a8f-4a59-8119-b27d95fbdb06,820d5778-16cf-431d-bba9-c6127e257d27,18,AudioTest,false,0,"{""audios"":[],""totalCount"":0,""informational"":true}",Sun Feb 01 2026 21:01:44 GMT+0100 (Midden-Europese standaardtijd)
dd74a09b-9113-4c78-aa99-4a646ab764fd,820d5778-16cf-431d-bba9-c6127e257d27,19,VideoHasAutoplayTest,false,0,"{""videos"":[],""totalCount"":0}",Sun Feb 01 2026 21:01:44 GMT+0100 (Midden-Europese standaardtijd)
4f0116df-54e5-4b3e-9db0-4c42fe753c89,820d5778-16cf-431d-bba9-c6127e257d27,20,VideoMissingTitleAriaTest,false,0,"{""videos"":[],""totalCount"":0}",Sun Feb 01 2026 21:01:44 GMT+0100 (Midden-Europese standaardtijd)
b76b996a-3840-43ca-900b-810bd855c197,820d5778-16cf-431d-bba9-c6127e257d27,21,VideoControlsTest,false,0,"{""videos"":[],""totalCount"":0,""informational"":true}",Sun Feb 01 2026 21:01:44 GMT+0100 (Midden-Europese standaardtijd)
c3179a98-895f-4469-9fc5-cd737117837f,820d5778-16cf-431d-bba9-c6127e257d27,22,VideoTest,false,0,"{""videos"":[],""totalCount"":0,""informational"":true}",Sun Feb 01 2026 21:01:44 GMT+0100 (Midden-Europese standaardtijd)
641a2568-36c0-4cd5-aa9f-2b5d627be7a7,820d5778-16cf-431d-bba9-c6127e257d27,23,LinkWithoutTextTest,false,0,"{""links"":[],""totalCount"":0,""wcagLevel"":""A"",""critical"":true}",Sun Feb 01 2026 21:01:44 GMT+0100 (Midden-Europese standaardtijd)
9603e677-ccb2-443c-bdec-4a385ddc627f,820d5778-16cf-431d-bba9-c6127e257d27,24,EmptyLinkTest,false,0,"{""links"":[],""totalCount"":0,""wcagLevel"":""A"",""critical"":true}",Sun Feb 01 2026 21:01:44 GMT+0100 (Midden-Europese standaardtijd)
75acb715-d6f7-4c73-9b67-baa63c95337e,820d5778-16cf-431d-bba9-c6127e257d27,26,TableWithoutHeadersTest,false,0,"{""tables"":[],""totalCount"":0,""wcagLevel"":""A"",""critical"":true}",Sun Feb 01 2026 21:01:44 GMT+0100 (Midden-Europese standaardtijd)
78522832-0d43-44e5-8428-f7a057a25624,820d5778-16cf-431d-bba9-c6127e257d27,27,ListTest,true,10,"{""lists"":[{""type"":""ul"",""itemCount"":0,""index"":1},{""type"":""ul"",""itemCount"":1,""index"":2},{""type"":""ul"",""itemCount"":2,""index"":3},{""type"":""ul"",""itemCount"":5,""index"":4},{""type"":""ul"",""itemCount"":2,""index"":5},{""type"":""ul"",""itemCount"":4,""index"":6},{""type"":""ul"",""itemCount"":4,""index"":7},{""type"":""ul"",""itemCount"":3,""index"":8},{""type"":""ul"",""itemCount"":2,""index"":9},{""type"":""ul"",""itemCount"":6,""index"":10}],""totalCount"":10,""informational"":true}",Sun Feb 01 2026 21:01:44 GMT+0100 (Midden-Europese standaardtijd)
b216af0b-9392-4ad6-aa1c-cf7b46c68b8e,820d5778-16cf-431d-bba9-c6127e257d27,28,DefinitionListTest,false,0,"{""lists"":[],""totalCount"":0,""informational"":true}",Sun Feb 01 2026 21:01:44 GMT+0100 (Midden-Europese standaardtijd)
f04328b8-dbce-45ed-bf00-4bb2e75651a8,820d5778-16cf-431d-bba9-c6127e257d27,31,FormMissingFieldsetTest,false,0,"{""forms"":[],""totalCount"":0,""wcagLevel"":""A""}",Sun Feb 01 2026 21:01:44 GMT+0100 (Midden-Europese standaardtijd)
e0d62190-f4a2-4afa-b26d-c9683edf04ee,820d5778-16cf-431d-bba9-c6127e257d27,32,InputMissingLabelTest,false,0,"{""inputs"":[],""totalCount"":0,""wcagLevel"":""A"",""critical"":true}",Sun Feb 01 2026 21:01:44 GMT+0100 (Midden-Europese standaardtijd)
4f197fac-5568-4150-b1dd-588e8c9776f2,820d5778-16cf-431d-bba9-c6127e257d27,33,ButtonEmptyTest,false,0,"{""buttons"":[],""totalCount"":0,""wcagLevel"":""A"",""critical"":true}",Sun Feb 01 2026 21:01:44 GMT+0100 (Midden-Europese standaardtijd)
0ae1ee0b-e7dc-451e-ab87-75890462b06a,820d5778-16cf-431d-bba9-c6127e257d27,34,HeadingEmptyTest,true,1,"{""headings"":[{""level"":""h1"",""html"":""""}],""totalCount"":1,""wcagLevel"":""A"",""critical"":true}",Sun Feb 01 2026 21:01:44 GMT+0100 (Midden-Europese standaardtijd)
5a07f6f6-b18d-49a1-941f-0d461cb4defc,820d5778-16cf-431d-bba9-c6127e257d27,35,HeadingSkipLevelTest,false,0,"{""violations"":[],""totalCount"":0,""wcagLevel"":""AA""}",Sun Feb 01 2026 21:01:44 GMT+0100 (Midden-Europese standaardtijd)
96b6d73f-27f4-4114-b289-24280226f770,820d5778-16cf-431d-bba9-c6127e257d27,36,SkipLinkTest,false,0,"{""skipLinks"":[],""informational"":true}",Sun Feb 01 2026 21:01:44 GMT+0100 (Midden-Europese standaardtijd)
a6149c55-ee30-4d21-bb92-0acc3dfa1cfc,820d5778-16cf-431d-bba9-c6127e257d27,37,AriaLandmarksTest,true,14,"{""landmarks"":[{""type"":""aria-role"",""role"":""navigation"",""tag"":""nav""},{""type"":""aria-role"",""role"":""navigation"",""tag"":""nav""},{""type"":""aria-role"",""role"":""navigation"",""tag"":""nav""},{""type"":""aria-role"",""role"":""navigation"",""tag"":""nav""},{""type"":""semantic"",""tag"":""header""},{""type"":""semantic"",""tag"":""nav""},{""type"":""semantic"",""tag"":""nav""},{""type"":""semantic"",""tag"":""nav""},{""type"":""semantic"",""tag"":""nav""},{""type"":""semantic"",""tag"":""main""}],""totalCount"":14,""informational"":true}",Sun Feb 01 2026 21:01:44 GMT+0100 (Midden-Europese standaardtijd)
2c6c582a-f640-4856-86a4-701a4468eb3b,820d5778-16cf-431d-bba9-c6127e257d27,38,Element has tabindex,false,0,"{""description"":""Page has elements with tabindex"",""informational"":true}",Sun Feb 01 2026 21:01:44 GMT+0100 (Midden-Europese standaardtijd)
dd81cd86-a592-4002-bbbb-fb0bb171892a,820d5778-16cf-431d-bba9-c6127e257d27,39,Page has list,true,10,"{""description"":""Page has lists"",""informational"":true}",Sun Feb 01 2026 21:01:44 GMT+0100 (Midden-Europese standaardtijd)
8e1ce7b5-16b8-46cc-bdf7-f0b46b3d2f88,820d5778-16cf-431d-bba9-c6127e257d27,40,Page has elements with aria-label,true,2,"{""description"":""Elements with ARIA labels"",""informational"":true}",Sun Feb 01 2026 21:01:44 GMT+0100 (Midden-Europese standaardtijd)
12412ec4-35e6-4be2-85b1-d5ab73630d88,820d5778-16cf-431d-bba9-c6127e257d27,41,Page has elements with aria-expanded,true,1,"{""description"":""Expandable elements"",""informational"":true}",Sun Feb 01 2026 21:01:44 GMT+0100 (Midden-Europese standaardtijd)
84e4148b-7b12-42d8-9a3b-64f186e03999,820d5778-16cf-431d-bba9-c6127e257d27,42,Page has pictures,false,0,"{""description"":""Page contains picture elements"",""informational"":true}",Sun Feb 01 2026 21:01:44 GMT+0100 (Midden-Europese standaardtijd)
327d9964-3030-4257-866c-cf57d7ec18d2,820d5778-16cf-431d-bba9-c6127e257d27,43,Page has images,true,19,"{""description"":""Page contains images"",""informational"":true}",Sun Feb 01 2026 21:01:44 GMT+0100 (Midden-Europese standaardtijd)
4fcadbd1-fb86-42d3-9288-be2e8193186f,820d5778-16cf-431d-bba9-c6127e257d27,44,Page has decorative images or text alternative is missing,true,16,"{""description"":""Decorative or missing alt"",""informational"":true}",Sun Feb 01 2026 21:01:44 GMT+0100 (Midden-Europese standaardtijd)
82f1e1df-b5a7-4bff-8f49-2e969a815e89,820d5778-16cf-431d-bba9-c6127e257d27,45,Page has elements with aria-describedby,false,0,"{""description"":""Elements with descriptions"",""informational"":true}",Sun Feb 01 2026 21:01:44 GMT+0100 (Midden-Europese standaardtijd)
22320890-159e-4da7-b9d2-6be86143e738,820d5778-16cf-431d-bba9-c6127e257d27,91,Page has output,false,0,"{""description"":""Output elements"",""informational"":true}",Sun Feb 01 2026 21:01:44 GMT+0100 (Midden-Europese standaardtijd)
fabd63d3-25e4-41ab-a0ff-69cece3dcc9d,820d5778-16cf-431d-bba9-c6127e257d27,46,Page has a button with aria-label,false,0,"{""description"":""Buttons with ARIA labels"",""informational"":true}",Sun Feb 01 2026 21:01:44 GMT+0100 (Midden-Europese standaardtijd)
359c2f3b-6203-4bc0-baeb-2a21b318166d,820d5778-16cf-431d-bba9-c6127e257d27,47,Form with required input fields is validated by browser,false,0,"{""description"":""Browser-validated forms"",""informational"":true}",Sun Feb 01 2026 21:01:44 GMT+0100 (Midden-Europese standaardtijd)
21838dc5-4beb-4eeb-b733-f1fbd03ad4ef,820d5778-16cf-431d-bba9-c6127e257d27,49,Page has elements with aria-labelledby,true,2,"{""description"":""Elements with labelledby"",""informational"":true}",Sun Feb 01 2026 21:01:44 GMT+0100 (Midden-Europese standaardtijd)
7be78135-b2ed-4b4c-990e-6faeed659181,820d5778-16cf-431d-bba9-c6127e257d27,52,Page has SVG-images,true,20,"{""description"":""Page contains SVG"",""informational"":true}",Sun Feb 01 2026 21:01:44 GMT+0100 (Midden-Europese standaardtijd)
9209b52f-d858-4358-9b4f-59c81c22dca0,820d5778-16cf-431d-bba9-c6127e257d27,53,Page has elements with role=menu,false,0,"{""description"":""Menu elements"",""informational"":true}",Sun Feb 01 2026 21:01:44 GMT+0100 (Midden-Europese standaardtijd)
dcd2214a-1d0c-480b-a250-572e66e293d4,820d5778-16cf-431d-bba9-c6127e257d27,54,Page has fieldset without legend,false,0,"{""description"":""Fieldsets missing legends"",""informational"":true}",Sun Feb 01 2026 21:01:44 GMT+0100 (Midden-Europese standaardtijd)
7eb8ac85-93e5-4f2f-ba37-0917131f2bf4,820d5778-16cf-431d-bba9-c6127e257d27,55,Page has dialog or modal window,false,0,"{""description"":""Dialog elements"",""informational"":true}",Sun Feb 01 2026 21:01:44 GMT+0100 (Midden-Europese standaardtijd)
af68ab0d-3596-4a49-9e82-dc7613c2ba68,820d5778-16cf-431d-bba9-c6127e257d27,56,Page has interactive image,false,0,"{""description"":""Interactive images"",""informational"":true}",Sun Feb 01 2026 21:01:44 GMT+0100 (Midden-Europese standaardtijd)
9410c01d-a18e-4cf5-bbde-41e80a7abcdc,820d5778-16cf-431d-bba9-c6127e257d27,10,Page has aria-hidden element,true,7,"{""description"":""Hidden elements"",""informational"":true}",Sun Feb 01 2026 21:01:44 GMT+0100 (Midden-Europese standaardtijd)
b4ccda8a-7b1e-4aca-8514-6a51413a8fe2,820d5778-16cf-431d-bba9-c6127e257d27,58,Page has input fields with autocomplete,false,0,"{""description"":""Autocomplete fields"",""informational"":true}",Sun Feb 01 2026 21:01:44 GMT+0100 (Midden-Europese standaardtijd)
cacdbfbf-6752-4328-afc9-080b103f56e0,820d5778-16cf-431d-bba9-c6127e257d27,59,Page has aria-invalid element,false,0,"{""description"":""Invalid elements"",""informational"":true}",Sun Feb 01 2026 21:01:44 GMT+0100 (Midden-Europese standaardtijd)
a01feee9-5efc-4893-bd84-d263c8c8d06c,820d5778-16cf-431d-bba9-c6127e257d27,60,Page has aria-required element,false,0,"{""description"":""Required elements"",""informational"":true}",Sun Feb 01 2026 21:01:44 GMT+0100 (Midden-Europese standaardtijd)
d6b43667-7aba-4e00-b861-a16064aff751,820d5778-16cf-431d-bba9-c6127e257d27,61,Page has accesskey,false,0,"{""description"":""Accesskey attributes"",""informational"":true}",Sun Feb 01 2026 21:01:44 GMT+0100 (Midden-Europese standaardtijd)
a4477878-c765-4c7a-8299-3dae7eb21dd0,820d5778-16cf-431d-bba9-c6127e257d27,62,Page has aria-live element,false,0,"{""description"":""Live regions"",""informational"":true}",Sun Feb 01 2026 21:01:44 GMT+0100 (Midden-Europese standaardtijd)
b43e8ef4-de6a-476e-9de0-77ca74714625,820d5778-16cf-431d-bba9-c6127e257d27,65,Page has strong or bold,false,0,"{""description"":""Bold text"",""informational"":true}",Sun Feb 01 2026 21:01:44 GMT+0100 (Midden-Europese standaardtijd)
2509bec8-a22f-4ce8-ae9a-73c226347f83,820d5778-16cf-431d-bba9-c6127e257d27,66,Page has em or italic,false,0,"{""description"":""Italic text"",""informational"":true}",Sun Feb 01 2026 21:01:44 GMT+0100 (Midden-Europese standaardtijd)
89a71e14-fd52-4d85-9b96-81a86696dd14,820d5778-16cf-431d-bba9-c6127e257d27,67,Page has preformatted text,false,0,"{""description"":""Preformatted content"",""informational"":true}",Sun Feb 01 2026 21:01:44 GMT+0100 (Midden-Europese standaardtijd)
06cc37ab-00dc-43d0-9945-00dc82e4439e,820d5778-16cf-431d-bba9-c6127e257d27,68,Page has code block,false,0,"{""description"":""Code blocks"",""informational"":true}",Sun Feb 01 2026 21:01:44 GMT+0100 (Midden-Europese standaardtijd)
dcf30faa-a0c3-4b82-b537-48d5921b0f91,820d5778-16cf-431d-bba9-c6127e257d27,69,Page has blockquote,false,0,"{""description"":""Quote blocks"",""informational"":true}",Sun Feb 01 2026 21:01:44 GMT+0100 (Midden-Europese standaardtijd)
2a7a0922-c5c4-43e1-bafa-8bbdbd1f4b79,820d5778-16cf-431d-bba9-c6127e257d27,70,Page has abbreviation,false,0,"{""description"":""Abbreviations"",""informational"":true}",Sun Feb 01 2026 21:01:44 GMT+0100 (Midden-Europese standaardtijd)
2998c354-64c1-48bd-9f4c-10519ea273a2,820d5778-16cf-431d-bba9-c6127e257d27,71,Page has citation,false,0,"{""description"":""Citations"",""informational"":true}",Sun Feb 01 2026 21:01:44 GMT+0100 (Midden-Europese standaardtijd)
b22f2d8b-a931-491c-b1cf-09ca33b6dd2a,820d5778-16cf-431d-bba9-c6127e257d27,72,Page has marked text,false,0,"{""description"":""Highlighted text"",""informational"":true}",Sun Feb 01 2026 21:01:44 GMT+0100 (Midden-Europese standaardtijd)
499b56fb-3139-4103-b652-0fee24445d4d,820d5778-16cf-431d-bba9-c6127e257d27,73,Page has subscript,false,0,"{""description"":""Subscript text"",""informational"":true}",Sun Feb 01 2026 21:01:44 GMT+0100 (Midden-Europese standaardtijd)
b6b0161e-8062-4e3b-af92-36bc542a511e,820d5778-16cf-431d-bba9-c6127e257d27,74,Page has superscript,false,0,"{""description"":""Superscript text"",""informational"":true}",Sun Feb 01 2026 21:01:44 GMT+0100 (Midden-Europese standaardtijd)
703b9c2e-36ab-4bba-95ee-39c7a8ee3ae9,820d5778-16cf-431d-bba9-c6127e257d27,75,Page has time,false,0,"{""description"":""Time elements"",""informational"":true}",Sun Feb 01 2026 21:01:44 GMT+0100 (Midden-Europese standaardtijd)
da12b410-216f-49bf-8265-a643d34c2ead,820d5778-16cf-431d-bba9-c6127e257d27,76,Page has data,false,0,"{""description"":""Data elements"",""informational"":true}",Sun Feb 01 2026 21:01:44 GMT+0100 (Midden-Europese standaardtijd)
22f78b7e-6c11-4cdb-a901-38b8f6d000a3,820d5778-16cf-431d-bba9-c6127e257d27,77,Page has details,false,0,"{""description"":""Details elements"",""informational"":true}",Sun Feb 01 2026 21:01:44 GMT+0100 (Midden-Europese standaardtijd)
1cbb2e4d-a1d9-4762-85e5-9b9e0f6657cf,820d5778-16cf-431d-bba9-c6127e257d27,78,Page has summary,false,0,"{""description"":""Summary elements"",""informational"":true}",Sun Feb 01 2026 21:01:44 GMT+0100 (Midden-Europese standaardtijd)
fcc5dd1f-3393-4408-9c0b-abc51bd66df6,820d5778-16cf-431d-bba9-c6127e257d27,79,Page has article,false,0,"{""description"":""Article elements"",""informational"":true}",Sun Feb 01 2026 21:01:44 GMT+0100 (Midden-Europese standaardtijd)
57dac5e3-b6f2-4ab2-bf1e-43958bf13e5c,820d5778-16cf-431d-bba9-c6127e257d27,80,Page has section,true,3,"{""description"":""Section elements"",""informational"":true}",Sun Feb 01 2026 21:01:44 GMT+0100 (Midden-Europese standaardtijd)
53e25783-578b-4476-b96b-dff81d7eb711,820d5778-16cf-431d-bba9-c6127e257d27,81,Page has nav,true,6,"{""description"":""Navigation elements"",""informational"":true}",Sun Feb 01 2026 21:01:44 GMT+0100 (Midden-Europese standaardtijd)
9c58304d-8323-4b25-94a4-f8c0946748c9,820d5778-16cf-431d-bba9-c6127e257d27,82,Page has aside,false,0,"{""description"":""Aside elements"",""informational"":true}",Sun Feb 01 2026 21:01:44 GMT+0100 (Midden-Europese standaardtijd)
de52ab80-88bc-41df-b3f0-d8c9e87a94b3,820d5778-16cf-431d-bba9-c6127e257d27,83,Page has header,true,2,"{""description"":""Header elements"",""informational"":true}",Sun Feb 01 2026 21:01:44 GMT+0100 (Midden-Europese standaardtijd)
b4ebc068-fb6d-480b-8046-6f7559407284,820d5778-16cf-431d-bba9-c6127e257d27,84,Page has footer,true,1,"{""description"":""Footer elements"",""informational"":true}",Sun Feb 01 2026 21:01:44 GMT+0100 (Midden-Europese standaardtijd)
ac1b1a55-8412-4c40-af62-24d4cfb68ec9,820d5778-16cf-431d-bba9-c6127e257d27,85,Page has main,true,1,"{""description"":""Main content"",""informational"":true}",Sun Feb 01 2026 21:01:44 GMT+0100 (Midden-Europese standaardtijd)
baafa7b9-60f2-4db2-adde-fd7ea3e06df8,820d5778-16cf-431d-bba9-c6127e257d27,86,Page has figure,false,0,"{""description"":""Figure elements"",""informational"":true}",Sun Feb 01 2026 21:01:44 GMT+0100 (Midden-Europese standaardtijd)
fe35930f-bb97-41cb-8494-d187f3bb6be8,820d5778-16cf-431d-bba9-c6127e257d27,87,Page has figcaption,false,0,"{""description"":""Figure captions"",""informational"":true}",Sun Feb 01 2026 21:01:44 GMT+0100 (Midden-Europese standaardtijd)
8feadf27-4550-4a31-87d2-81fad9977fcb,820d5778-16cf-431d-bba9-c6127e257d27,88,Page has address,false,0,"{""description"":""Address elements"",""informational"":true}",Sun Feb 01 2026 21:01:44 GMT+0100 (Midden-Europese standaardtijd)
80b36fec-44c3-47c0-a08a-d9314f7d8a41,820d5778-16cf-431d-bba9-c6127e257d27,89,Page has progress,false,0,"{""description"":""Progress bars"",""informational"":true}",Sun Feb 01 2026 21:01:44 GMT+0100 (Midden-Europese standaardtijd)
ce6a36d1-2986-48f6-9c7c-2d0a87f91288,820d5778-16cf-431d-bba9-c6127e257d27,90,Page has meter,false,0,"{""description"":""Meter elements"",""informational"":true}",Sun Feb 01 2026 21:01:44 GMT+0100 (Midden-Europese standaardtijd)
7b0a5e07-b40d-4bbb-98e7-85d6b955b79e,820d5778-16cf-431d-bba9-c6127e257d27,92,Page has canvas,false,0,"{""description"":""Canvas elements"",""informational"":true}",Sun Feb 01 2026 21:01:44 GMT+0100 (Midden-Europese standaardtijd)
43167bb5-c654-422f-a4d1-840bafa7b2ce,820d5778-16cf-431d-bba9-c6127e257d27,93,Page has object,false,0,"{""description"":""Object embeds"",""informational"":true}",Sun Feb 01 2026 21:01:44 GMT+0100 (Midden-Europese standaardtijd)
8c65ca10-05ce-436b-bbe3-bf464b1bfe4d,820d5778-16cf-431d-bba9-c6127e257d27,94,Page has embed,false,0,"{""description"":""Embed elements"",""informational"":true}",Sun Feb 01 2026 21:01:44 GMT+0100 (Midden-Europese standaardtijd)
9debef6f-1914-488f-be22-7cedaea198f3,820d5778-16cf-431d-bba9-c6127e257d27,95,Page has param,false,0,"{""description"":""Param elements"",""informational"":true}",Sun Feb 01 2026 21:01:44 GMT+0100 (Midden-Europese standaardtijd)
350b4653-ad6f-4db0-ab42-0a128ae531e7,820d5778-16cf-431d-bba9-c6127e257d27,96,Page has source,false,0,"{""description"":""Source elements"",""informational"":true}",Sun Feb 01 2026 21:01:44 GMT+0100 (Midden-Europese standaardtijd)
4cd76a1e-025c-4491-8edc-fc14aa3792cb,820d5778-16cf-431d-bba9-c6127e257d27,97,Page has track,false,0,"{""description"":""Track elements (captions)"",""informational"":true}",Sun Feb 01 2026 21:01:44 GMT+0100 (Midden-Europese standaardtijd)
436cd39c-5753-4f49-9f0b-dc4dff9ec576,820d5778-16cf-431d-bba9-c6127e257d27,98,Page has map,false,0,"{""description"":""Image maps"",""informational"":true}",Sun Feb 01 2026 21:01:44 GMT+0100 (Midden-Europese standaardtijd)
ca76e443-6e5d-42a8-a307-baa3ec5c77e7,820d5778-16cf-431d-bba9-c6127e257d27,99,Page has area,false,0,"{""description"":""Map areas"",""informational"":true}",Sun Feb 01 2026 21:01:44 GMT+0100 (Midden-Europese standaardtijd)
6ea5568f-01d6-4a9e-898a-72d50cfd34f1,820d5778-16cf-431d-bba9-c6127e257d27,100,Page has select,false,0,"{""description"":""Select dropdowns"",""informational"":true}",Sun Feb 01 2026 21:01:44 GMT+0100 (Midden-Europese standaardtijd)
01e2f2c5-a834-40b4-9bf2-74c3bfc0bbb8,820d5778-16cf-431d-bba9-c6127e257d27,101,Page has optgroup,false,0,"{""description"":""Option groups"",""informational"":true}",Sun Feb 01 2026 21:01:44 GMT+0100 (Midden-Europese standaardtijd)
c82350fb-c854-45dd-abcf-4a1f9d679401,820d5778-16cf-431d-bba9-c6127e257d27,102,Page has option,false,0,"{""description"":""Select options"",""informational"":true}",Sun Feb 01 2026 21:01:44 GMT+0100 (Midden-Europese standaardtijd)
37162005-d7ce-4411-866e-950e80baa0c5,820d5778-16cf-431d-bba9-c6127e257d27,103,Page has textarea,false,0,"{""description"":""Text areas"",""informational"":true}",Sun Feb 01 2026 21:01:44 GMT+0100 (Midden-Europese standaardtijd)
5a372b64-c900-4d99-845d-b0c57a1150ae,820d5778-16cf-431d-bba9-c6127e257d27,104,Page has keygen,false,0,"{""description"":""Keygen elements"",""informational"":true}",Sun Feb 01 2026 21:01:44 GMT+0100 (Midden-Europese standaardtijd)
d0b76e72-86b9-462b-9b13-19d3124a20f7,820d5778-16cf-431d-bba9-c6127e257d27,105,Page has datalist,false,0,"{""description"":""Data lists"",""informational"":true}",Sun Feb 01 2026 21:01:44 GMT+0100 (Midden-Europese standaardtijd)
57b94e48-54d3-40c9-a1ab-b221fbf32335,820d5778-16cf-431d-bba9-c6127e257d27,106,"Page has input type=""checkbox""",false,0,"{""description"":""Checkboxes"",""informational"":true}",Sun Feb 01 2026 21:01:44 GMT+0100 (Midden-Europese standaardtijd)
4077e2f3-2931-4faa-8538-7464b26f534f,820d5778-16cf-431d-bba9-c6127e257d27,107,"Page has input type=""radio""",false,0,"{""description"":""Radio buttons"",""informational"":true}",Sun Feb 01 2026 21:01:44 GMT+0100 (Midden-Europese standaardtijd)
6b13b3ea-ead8-4588-81ea-3d05fa3c333d,820d5778-16cf-431d-bba9-c6127e257d27,108,"Page has input type=""submit""",false,0,"{""description"":""Submit buttons"",""informational"":true}",Sun Feb 01 2026 21:01:44 GMT+0100 (Midden-Europese standaardtijd)
eac2fe28-91dc-4f8f-9609-9297b99cb1ff,820d5778-16cf-431d-bba9-c6127e257d27,109,"Page has input type=""reset""",false,0,"{""description"":""Reset buttons"",""informational"":true}",Sun Feb 01 2026 21:01:44 GMT+0100 (Midden-Europese standaardtijd)
8d1b24d6-a20c-4d75-a6b2-2391e58eab9f,820d5778-16cf-431d-bba9-c6127e257d27,110,"Page has input type=""button""",false,0,"{""description"":""Button inputs"",""informational"":true}",Sun Feb 01 2026 21:01:44 GMT+0100 (Midden-Europese standaardtijd)
924ddd67-9fef-43d1-931c-eeea6b0c4b24,820d5778-16cf-431d-bba9-c6127e257d27,111,"Page has input type=""file""",false,0,"{""description"":""File inputs"",""informational"":true}",Sun Feb 01 2026 21:01:44 GMT+0100 (Midden-Europese standaardtijd)
93400a89-0518-4222-9dfd-5fa7f866220e,820d5778-16cf-431d-bba9-c6127e257d27,112,"Page has input type=""hidden""",false,0,"{""description"":""Hidden inputs"",""informational"":true}",Sun Feb 01 2026 21:01:44 GMT+0100 (Midden-Europese standaardtijd)
f468b64b-080c-4b4f-a03a-758834bb4957,820d5778-16cf-431d-bba9-c6127e257d27,113,"Page has input type=""image""",false,0,"{""description"":""Image buttons"",""informational"":true}",Sun Feb 01 2026 21:01:44 GMT+0100 (Midden-Europese standaardtijd)
49dbe8ad-7e98-40c8-8daa-3764017b3a6f,820d5778-16cf-431d-bba9-c6127e257d27,114,"Page has input type=""date""",false,0,"{""description"":""Date pickers"",""informational"":true}",Sun Feb 01 2026 21:01:44 GMT+0100 (Midden-Europese standaardtijd)
0fe60224-f108-4dcd-a21c-f9fd91e206ee,820d5778-16cf-431d-bba9-c6127e257d27,115,"Page has input type=""time""",false,0,"{""description"":""Time pickers"",""informational"":true}",Sun Feb 01 2026 21:01:44 GMT+0100 (Midden-Europese standaardtijd)
5948b918-a84a-4dcc-8264-640a78357d83,820d5778-16cf-431d-bba9-c6127e257d27,116,"Page has input type=""datetime-local""",false,0,"{""description"":""Datetime pickers"",""informational"":true}",Sun Feb 01 2026 21:01:44 GMT+0100 (Midden-Europese standaardtijd)
28fe98d8-e566-46a7-9132-31e67d92dd52,820d5778-16cf-431d-bba9-c6127e257d27,117,"Page has input type=""month""",false,0,"{""description"":""Month pickers"",""informational"":true}",Sun Feb 01 2026 21:01:44 GMT+0100 (Midden-Europese standaardtijd)
6cc2b212-e599-4d88-af40-184730f9e6a9,820d5778-16cf-431d-bba9-c6127e257d27,118,"Page has input type=""week""",false,0,"{""description"":""Week pickers"",""informational"":true}",Sun Feb 01 2026 21:01:44 GMT+0100 (Midden-Europese standaardtijd)
810a53c6-e6ec-456a-ba44-584ca54aea5b,820d5778-16cf-431d-bba9-c6127e257d27,119,"Page has input type=""color""",false,0,"{""description"":""Color pickers"",""informational"":true}",Sun Feb 01 2026 21:01:44 GMT+0100 (Midden-Europese standaardtijd)
9e863c12-7aaf-4fb1-be2c-cdd700db7255,820d5778-16cf-431d-bba9-c6127e257d27,120,"Page has input type=""range""",false,0,"{""description"":""Range sliders"",""informational"":true}",Sun Feb 01 2026 21:01:44 GMT+0100 (Midden-Europese standaardtijd)
74c1604e-26e0-48d2-9fb4-20efa34a86f9,820d5778-16cf-431d-bba9-c6127e257d27,121,"Page has input type=""search""",true,2,"{""description"":""Search inputs"",""informational"":true}",Sun Feb 01 2026 21:01:44 GMT+0100 (Midden-Europese standaardtijd)
7de82199-eb58-438e-bcb3-5e7f719a2fe7,820d5778-16cf-431d-bba9-c6127e257d27,122,"Page has input type=""tel""",false,0,"{""description"":""Telephone inputs"",""informational"":true}",Sun Feb 01 2026 21:01:44 GMT+0100 (Midden-Europese standaardtijd)
56edeee9-ee8c-40ad-b2d5-992585e4dfc2,820d5778-16cf-431d-bba9-c6127e257d27,123,"Page has input type=""url""",false,0,"{""description"":""URL inputs"",""informational"":true}",Sun Feb 01 2026 21:01:44 GMT+0100 (Midden-Europese standaardtijd)
46847c2d-e0f0-4759-b387-d632ded6e14d,820d5778-16cf-431d-bba9-c6127e257d27,124,"Page has input type=""email""",false,0,"{""description"":""Email inputs"",""informational"":true}",Sun Feb 01 2026 21:01:44 GMT+0100 (Midden-Europese standaardtijd)
118274ba-faae-4149-a95b-aaf9893a52bf,820d5778-16cf-431d-bba9-c6127e257d27,125,"Page has input type=""number""",false,0,"{""description"":""Number inputs"",""informational"":true}",Sun Feb 01 2026 21:01:44 GMT+0100 (Midden-Europese standaardtijd)
de47a4ca-3880-4edc-a88a-c762547fd561,820d5778-16cf-431d-bba9-c6127e257d27,126,"Page has input type=""password""",false,0,"{""description"":""Password fields"",""informational"":true}",Sun Feb 01 2026 21:01:44 GMT+0100 (Midden-Europese standaardtijd)
d0657e44-8268-4f94-824d-bc178bce8c40,820d5778-16cf-431d-bba9-c6127e257d27,127,"Page has input type=""text""",false,0,"{""description"":""Text inputs"",""informational"":true}",Sun Feb 01 2026 21:01:44 GMT+0100 (Midden-Europese standaardtijd)
b487462c-a87c-42ac-be98-5f04ade1707f,820d5778-16cf-431d-bba9-c6127e257d27,128,Page has label,true,2,"{""description"":""Label elements"",""informational"":true}",Sun Feb 01 2026 21:01:44 GMT+0100 (Midden-Europese standaardtijd)
e199acd2-1d60-4436-8889-c5dd09cbaf85,820d5778-16cf-431d-bba9-c6127e257d27,129,Page has legend,false,0,"{""description"":""Legend elements"",""informational"":true}",Sun Feb 01 2026 21:01:44 GMT+0100 (Midden-Europese standaardtijd)
8ebb91ff-fc52-44bf-9dae-b4b30276eb96,820d5778-16cf-431d-bba9-c6127e257d27,130,Page has fieldset,false,0,"{""description"":""Fieldset elements"",""informational"":true}",Sun Feb 01 2026 21:01:44 GMT+0100 (Midden-Europese standaardtijd)
2576e1dc-edc9-4877-acbb-cc47d17ebdd1,e6526ff9-637c-4174-90c1-26278a4ba374,48,LangAttributeMissingTest,false,0,"{""langValue"":""nl"",""wcagLevel"":""A"",""critical"":true}",Sun Feb 01 2026 21:01:46 GMT+0100 (Midden-Europese standaardtijd)
9d21b6e0-7010-4e2e-bc0e-9277d9cdf32f,e6526ff9-637c-4174-90c1-26278a4ba374,50,TitleMissingTest,false,0,"{""wcagLevel"":""A"",""critical"":true}",Sun Feb 01 2026 21:01:46 GMT+0100 (Midden-Europese standaardtijd)
4875484e-031c-4928-ab17-a799834bd406,e6526ff9-637c-4174-90c1-26278a4ba374,51,TitleEmptyTest,false,0,"{""titleText"":""Home | DigiD"",""wcagLevel"":""A"",""critical"":true}",Sun Feb 01 2026 21:01:46 GMT+0100 (Midden-Europese standaardtijd)
000b2032-324e-4acc-8125-cdacf5ffdae1,e6526ff9-637c-4174-90c1-26278a4ba374,64,ImgMissingAltTest,false,0,"{""images"":[],""totalCount"":0,""wcagLevel"":""A"",""critical"":true}",Sun Feb 01 2026 21:01:46 GMT+0100 (Midden-Europese standaardtijd)
5085438a-8304-4504-b478-4f0836b08156,e6526ff9-637c-4174-90c1-26278a4ba374,30,FormMissingLabelsTest,false,0,"{""forms"":[],""wcagLevel"":""A"",""critical"":true}",Sun Feb 01 2026 21:01:46 GMT+0100 (Midden-Europese standaardtijd)
1fff7f2c-a3b5-4c73-8be1-1227a69e622f,e6526ff9-637c-4174-90c1-26278a4ba374,57,HeadingsAtLeastOneH1Test,false,0,"{""h1Count"":2,""h1Texts"":[""Laat zien wie je bent"",""""],""wcagLevel"":""A"",""critical"":true}",Sun Feb 01 2026 21:01:46 GMT+0100 (Midden-Europese standaardtijd)
58eff2ee-4d7f-4e3b-b83b-177c71a497b9,e6526ff9-637c-4174-90c1-26278a4ba374,7,IframeMissingAccessibleNameTest,false,0,"{""iframes"":[],""totalCount"":0,""wcagLevel"":""A"",""critical"":true}",Sun Feb 01 2026 21:01:46 GMT+0100 (Midden-Europese standaardtijd)
de9e303f-10df-4b87-891a-5232cbe06623,e6526ff9-637c-4174-90c1-26278a4ba374,25,TableTest,false,0,"{""tables"":[],""totalCount"":0,""informational"":true}",Sun Feb 01 2026 21:01:46 GMT+0100 (Midden-Europese standaardtijd)
fedefddc-ff1e-4d98-b717-1de49d3a84ad,e6526ff9-637c-4174-90c1-26278a4ba374,29,FormTest,true,2,"{""forms"":[{""index"":1,""action"":""#"",""method"":""GET"",""inputCount"":1},{""index"":2,""action"":""#"",""method"":""GET"",""inputCount"":1}],""totalCount"":2,""informational"":true}",Sun Feb 01 2026 21:01:46 GMT+0100 (Midden-Europese standaardtijd)
ca04a473-534d-476e-affc-77c043151853,e6526ff9-637c-4174-90c1-26278a4ba374,63,ImgTest,true,19,"{""totalImages"":19,""withAlt"":19,""withoutAlt"":0,""withEmptyAlt"":16,""informational"":true}",Sun Feb 01 2026 21:01:46 GMT+0100 (Midden-Europese standaardtijd)
6a67009a-5c08-4375-acc6-f83711aa67b9,e6526ff9-637c-4174-90c1-26278a4ba374,1,IframeIsVimeoVideoWithKeysDisabledTest,false,0,"{""iframes"":[],""totalCount"":0}",Sun Feb 01 2026 21:01:46 GMT+0100 (Midden-Europese standaardtijd)
c4b67125-50e9-4166-ad68-5fe830c06070,e6526ff9-637c-4174-90c1-26278a4ba374,2,ImgAltTooLongTest,false,0,"{""images"":[],""totalCount"":0}",Sun Feb 01 2026 21:01:46 GMT+0100 (Midden-Europese standaardtijd)
63277a72-2551-4da4-9b62-7d4c5685228f,e6526ff9-637c-4174-90c1-26278a4ba374,3,ViewportMetaRestrictsScalingTest,false,0,"{""content"":""width=device-width, initial-scale=1"",""restrictsScaling"":false}",Sun Feb 01 2026 21:01:46 GMT+0100 (Midden-Europese standaardtijd)
7281a530-9dc8-415a-92d3-3eaa79fabdaa,e6526ff9-637c-4174-90c1-26278a4ba374,4,ImageLinkMissingAccessibleNameTest,true,1,"{""links"":[{""href"":""/nl"",""imageCount"":1}],""totalCount"":1}",Sun Feb 01 2026 21:01:46 GMT+0100 (Midden-Europese standaardtijd)
6f91d55c-4e61-4cfd-be0a-82f123e13412,e6526ff9-637c-4174-90c1-26278a4ba374,5,PageContainsLinkReadMoreTest,false,0,"{""links"":[],""totalCount"":0}",Sun Feb 01 2026 21:01:46 GMT+0100 (Midden-Europese standaardtijd)
80479fb9-1542-4f5c-a79a-4306e3e4e4e5,e6526ff9-637c-4174-90c1-26278a4ba374,6,PageContainsMultipleSameLinksTest,true,15,"{""duplicateLinks"":[{""text"":""Mijn DigiD"",""occurrences"":2},{""text"":""Ik krijg een foutmelding in de DigiD app"",""occurrences"":3},{""text"":""Hoe activeer ik de DigiD app?"",""occurrences"":3},{""text"":""Hoe log ik in met de DigiD app?"",""occurrences"":2},{""text"":""Waarom lukt het activeren van mijn rijbewijs/ID-kaart niet?"",""occurrences"":3},{""text"":""Code invullen"",""occurrences"":2}],""totalCount"":15}",Sun Feb 01 2026 21:01:46 GMT+0100 (Midden-Europese standaardtijd)
effb6e29-9bb5-44eb-8c11-f9c151b8c05f,e6526ff9-637c-4174-90c1-26278a4ba374,8,IframeIsYouTubeVideoWithKeysEnabledTest,false,0,"{""iframes"":[],""totalCount"":0}",Sun Feb 01 2026 21:01:46 GMT+0100 (Midden-Europese standaardtijd)
a62862e5-c209-4285-a0b7-929c9a5c02c7,e6526ff9-637c-4174-90c1-26278a4ba374,9,TableWithHeadingsTest,false,0,"{""tables"":[],""totalCount"":0}",Sun Feb 01 2026 21:01:46 GMT+0100 (Midden-Europese standaardtijd)
3ec2b882-1f6e-45a4-afa9-fd1adc2718c5,e6526ff9-637c-4174-90c1-26278a4ba374,11,IframeIsGoogleMapTest,false,0,"{""iframes"":[],""totalCount"":0}",Sun Feb 01 2026 21:01:46 GMT+0100 (Midden-Europese standaardtijd)
41b79e36-39df-4561-bb46-d9cdc4cf47cf,e6526ff9-637c-4174-90c1-26278a4ba374,12,IframeIsScribitVideoTest,false,0,"{""iframes"":[],""totalCount"":0}",Sun Feb 01 2026 21:01:46 GMT+0100 (Midden-Europese standaardtijd)
45785483-115e-4615-b6ea-20c5b447cf8f,e6526ff9-637c-4174-90c1-26278a4ba374,13,IframeIsVimeoVideoWithKeysEnabledTest,false,0,"{""iframes"":[],""totalCount"":0}",Sun Feb 01 2026 21:01:46 GMT+0100 (Midden-Europese standaardtijd)
664c197f-cdee-498a-b8d6-6d7df62f7ad3,e6526ff9-637c-4174-90c1-26278a4ba374,14,IframeIsVimeoVideoTest,false,0,"{""iframes"":[],""totalCount"":0}",Sun Feb 01 2026 21:01:46 GMT+0100 (Midden-Europese standaardtijd)
13dbf0be-7202-406d-a021-ccdcbaef42ee,e6526ff9-637c-4174-90c1-26278a4ba374,15,IframeTest,false,0,"{""iframes"":[],""totalCount"":0,""informational"":true}",Sun Feb 01 2026 21:01:46 GMT+0100 (Midden-Europese standaardtijd)
3d85e023-0281-4bbb-ad6a-9e4512c39ea8,e6526ff9-637c-4174-90c1-26278a4ba374,16,AudioHasAutoplayTest,false,0,"{""audios"":[],""totalCount"":0}",Sun Feb 01 2026 21:01:46 GMT+0100 (Midden-Europese standaardtijd)
f86c3c90-2557-4106-95da-9503c1943fe3,e6526ff9-637c-4174-90c1-26278a4ba374,17,AudioControlsTest,false,0,"{""audios"":[],""totalCount"":0,""informational"":true}",Sun Feb 01 2026 21:01:46 GMT+0100 (Midden-Europese standaardtijd)
5ba5b7e1-d3cf-4351-83d7-83f9a39689c5,e6526ff9-637c-4174-90c1-26278a4ba374,18,AudioTest,false,0,"{""audios"":[],""totalCount"":0,""informational"":true}",Sun Feb 01 2026 21:01:46 GMT+0100 (Midden-Europese standaardtijd)
2c5ac2b8-bd9f-42bb-8f9b-44f5013b9fe6,e6526ff9-637c-4174-90c1-26278a4ba374,19,VideoHasAutoplayTest,false,0,"{""videos"":[],""totalCount"":0}",Sun Feb 01 2026 21:01:46 GMT+0100 (Midden-Europese standaardtijd)
fd7c530a-90ad-4f2f-b2fd-0a63f3f4e4cb,e6526ff9-637c-4174-90c1-26278a4ba374,20,VideoMissingTitleAriaTest,false,0,"{""videos"":[],""totalCount"":0}",Sun Feb 01 2026 21:01:46 GMT+0100 (Midden-Europese standaardtijd)
b705ebc3-0f8b-4716-bd1b-51e761ff39f1,e6526ff9-637c-4174-90c1-26278a4ba374,21,VideoControlsTest,false,0,"{""videos"":[],""totalCount"":0,""informational"":true}",Sun Feb 01 2026 21:01:46 GMT+0100 (Midden-Europese standaardtijd)
3f19aef8-9848-4eea-bfc0-cc79230c1a34,e6526ff9-637c-4174-90c1-26278a4ba374,22,VideoTest,false,0,"{""videos"":[],""totalCount"":0,""informational"":true}",Sun Feb 01 2026 21:01:46 GMT+0100 (Midden-Europese standaardtijd)
df250044-4956-42eb-92b0-87b2754f259f,e6526ff9-637c-4174-90c1-26278a4ba374,23,LinkWithoutTextTest,false,0,"{""links"":[],""totalCount"":0,""wcagLevel"":""A"",""critical"":true}",Sun Feb 01 2026 21:01:46 GMT+0100 (Midden-Europese standaardtijd)
8e798b3c-b7c1-4a77-8a32-38c63d1ad794,e6526ff9-637c-4174-90c1-26278a4ba374,24,EmptyLinkTest,false,0,"{""links"":[],""totalCount"":0,""wcagLevel"":""A"",""critical"":true}",Sun Feb 01 2026 21:01:46 GMT+0100 (Midden-Europese standaardtijd)
d71367dd-cb35-4664-9f76-93c408284541,e6526ff9-637c-4174-90c1-26278a4ba374,26,TableWithoutHeadersTest,false,0,"{""tables"":[],""totalCount"":0,""wcagLevel"":""A"",""critical"":true}",Sun Feb 01 2026 21:01:46 GMT+0100 (Midden-Europese standaardtijd)
155f7ca2-6479-4aff-9518-597bf8cbadf6,e6526ff9-637c-4174-90c1-26278a4ba374,27,ListTest,true,10,"{""lists"":[{""type"":""ul"",""itemCount"":0,""index"":1},{""type"":""ul"",""itemCount"":1,""index"":2},{""type"":""ul"",""itemCount"":2,""index"":3},{""type"":""ul"",""itemCount"":5,""index"":4},{""type"":""ul"",""itemCount"":2,""index"":5},{""type"":""ul"",""itemCount"":4,""index"":6},{""type"":""ul"",""itemCount"":4,""index"":7},{""type"":""ul"",""itemCount"":3,""index"":8},{""type"":""ul"",""itemCount"":2,""index"":9},{""type"":""ul"",""itemCount"":6,""index"":10}],""totalCount"":10,""informational"":true}",Sun Feb 01 2026 21:01:46 GMT+0100 (Midden-Europese standaardtijd)
23c4aa14-7539-4e9c-8f6b-36c8ce0fd126,e6526ff9-637c-4174-90c1-26278a4ba374,28,DefinitionListTest,false,0,"{""lists"":[],""totalCount"":0,""informational"":true}",Sun Feb 01 2026 21:01:46 GMT+0100 (Midden-Europese standaardtijd)
47810580-b531-432a-a1b3-47625d06bc7b,e6526ff9-637c-4174-90c1-26278a4ba374,31,FormMissingFieldsetTest,false,0,"{""forms"":[],""totalCount"":0,""wcagLevel"":""A""}",Sun Feb 01 2026 21:01:46 GMT+0100 (Midden-Europese standaardtijd)
9eb0d9fb-82f1-435e-95fd-d7bb3e50396c,e6526ff9-637c-4174-90c1-26278a4ba374,32,InputMissingLabelTest,false,0,"{""inputs"":[],""totalCount"":0,""wcagLevel"":""A"",""critical"":true}",Sun Feb 01 2026 21:01:46 GMT+0100 (Midden-Europese standaardtijd)
37c50d3e-8d9e-4e45-bb8d-b795d214d889,e6526ff9-637c-4174-90c1-26278a4ba374,33,ButtonEmptyTest,false,0,"{""buttons"":[],""totalCount"":0,""wcagLevel"":""A"",""critical"":true}",Sun Feb 01 2026 21:01:46 GMT+0100 (Midden-Europese standaardtijd)
3d664d99-69b1-48be-8a39-992b8fce54dc,e6526ff9-637c-4174-90c1-26278a4ba374,76,Page has data,false,0,"{""description"":""Data elements"",""informational"":true}",Sun Feb 01 2026 21:01:46 GMT+0100 (Midden-Europese standaardtijd)
58eb16fb-fb89-43f6-acfb-7f6617f2a4ae,e6526ff9-637c-4174-90c1-26278a4ba374,34,HeadingEmptyTest,true,1,"{""headings"":[{""level"":""h1"",""html"":""""}],""totalCount"":1,""wcagLevel"":""A"",""critical"":true}",Sun Feb 01 2026 21:01:46 GMT+0100 (Midden-Europese standaardtijd)
aefaedb6-be7d-499d-939f-c15612539d6b,e6526ff9-637c-4174-90c1-26278a4ba374,35,HeadingSkipLevelTest,false,0,"{""violations"":[],""totalCount"":0,""wcagLevel"":""AA""}",Sun Feb 01 2026 21:01:46 GMT+0100 (Midden-Europese standaardtijd)
9e8b1081-1f5d-48c1-9590-2b3bbcaee668,e6526ff9-637c-4174-90c1-26278a4ba374,36,SkipLinkTest,false,0,"{""skipLinks"":[],""informational"":true}",Sun Feb 01 2026 21:01:46 GMT+0100 (Midden-Europese standaardtijd)
283018ac-9e51-4161-902b-806e2fa0dec6,e6526ff9-637c-4174-90c1-26278a4ba374,37,AriaLandmarksTest,true,14,"{""landmarks"":[{""type"":""aria-role"",""role"":""navigation"",""tag"":""nav""},{""type"":""aria-role"",""role"":""navigation"",""tag"":""nav""},{""type"":""aria-role"",""role"":""navigation"",""tag"":""nav""},{""type"":""aria-role"",""role"":""navigation"",""tag"":""nav""},{""type"":""semantic"",""tag"":""header""},{""type"":""semantic"",""tag"":""nav""},{""type"":""semantic"",""tag"":""nav""},{""type"":""semantic"",""tag"":""nav""},{""type"":""semantic"",""tag"":""nav""},{""type"":""semantic"",""tag"":""main""}],""totalCount"":14,""informational"":true}",Sun Feb 01 2026 21:01:46 GMT+0100 (Midden-Europese standaardtijd)
d5a6c9f7-481a-4097-a0cb-df2d86d9e184,e6526ff9-637c-4174-90c1-26278a4ba374,38,Element has tabindex,false,0,"{""description"":""Page has elements with tabindex"",""informational"":true}",Sun Feb 01 2026 21:01:46 GMT+0100 (Midden-Europese standaardtijd)
6f02f5f4-978d-4dec-8912-560d65a7dc2b,e6526ff9-637c-4174-90c1-26278a4ba374,39,Page has list,true,10,"{""description"":""Page has lists"",""informational"":true}",Sun Feb 01 2026 21:01:46 GMT+0100 (Midden-Europese standaardtijd)
988682d3-28bb-47e0-a079-ec57ca004f59,e6526ff9-637c-4174-90c1-26278a4ba374,40,Page has elements with aria-label,true,2,"{""description"":""Elements with ARIA labels"",""informational"":true}",Sun Feb 01 2026 21:01:46 GMT+0100 (Midden-Europese standaardtijd)
d74901bc-f6c3-4095-a75b-a2b9ce685aeb,e6526ff9-637c-4174-90c1-26278a4ba374,41,Page has elements with aria-expanded,true,1,"{""description"":""Expandable elements"",""informational"":true}",Sun Feb 01 2026 21:01:46 GMT+0100 (Midden-Europese standaardtijd)
2d143b69-4e36-40b1-8cb8-c646aed64f37,e6526ff9-637c-4174-90c1-26278a4ba374,42,Page has pictures,false,0,"{""description"":""Page contains picture elements"",""informational"":true}",Sun Feb 01 2026 21:01:46 GMT+0100 (Midden-Europese standaardtijd)
dd8288ce-3765-479f-97a3-7da40d92d5e0,e6526ff9-637c-4174-90c1-26278a4ba374,43,Page has images,true,19,"{""description"":""Page contains images"",""informational"":true}",Sun Feb 01 2026 21:01:46 GMT+0100 (Midden-Europese standaardtijd)
1f468116-3086-4422-931f-008c7374b060,e6526ff9-637c-4174-90c1-26278a4ba374,44,Page has decorative images or text alternative is missing,true,16,"{""description"":""Decorative or missing alt"",""informational"":true}",Sun Feb 01 2026 21:01:46 GMT+0100 (Midden-Europese standaardtijd)
7b6f6659-dd14-4498-b746-24fe7c6d5bc3,e6526ff9-637c-4174-90c1-26278a4ba374,45,Page has elements with aria-describedby,false,0,"{""description"":""Elements with descriptions"",""informational"":true}",Sun Feb 01 2026 21:01:46 GMT+0100 (Midden-Europese standaardtijd)
46741367-b12c-438e-a1b8-30a9b7d30f7a,e6526ff9-637c-4174-90c1-26278a4ba374,46,Page has a button with aria-label,false,0,"{""description"":""Buttons with ARIA labels"",""informational"":true}",Sun Feb 01 2026 21:01:46 GMT+0100 (Midden-Europese standaardtijd)
0d4500a8-5376-448b-a4c9-820e18d18ac9,e6526ff9-637c-4174-90c1-26278a4ba374,47,Form with required input fields is validated by browser,false,0,"{""description"":""Browser-validated forms"",""informational"":true}",Sun Feb 01 2026 21:01:46 GMT+0100 (Midden-Europese standaardtijd)
2f37c52e-d3a2-44e2-92a2-9473d6771747,e6526ff9-637c-4174-90c1-26278a4ba374,49,Page has elements with aria-labelledby,true,2,"{""description"":""Elements with labelledby"",""informational"":true}",Sun Feb 01 2026 21:01:46 GMT+0100 (Midden-Europese standaardtijd)
ffd256b4-48bb-4030-88f3-5a10d39f341c,e6526ff9-637c-4174-90c1-26278a4ba374,52,Page has SVG-images,true,20,"{""description"":""Page contains SVG"",""informational"":true}",Sun Feb 01 2026 21:01:46 GMT+0100 (Midden-Europese standaardtijd)
7484726a-4aab-4bbb-91c4-192ab5cd77e3,e6526ff9-637c-4174-90c1-26278a4ba374,53,Page has elements with role=menu,false,0,"{""description"":""Menu elements"",""informational"":true}",Sun Feb 01 2026 21:01:46 GMT+0100 (Midden-Europese standaardtijd)
d1fbeed3-5c90-4709-8065-e484f90b36a4,e6526ff9-637c-4174-90c1-26278a4ba374,54,Page has fieldset without legend,false,0,"{""description"":""Fieldsets missing legends"",""informational"":true}",Sun Feb 01 2026 21:01:46 GMT+0100 (Midden-Europese standaardtijd)
54236b00-3641-4906-bec5-543f09bbbb81,e6526ff9-637c-4174-90c1-26278a4ba374,55,Page has dialog or modal window,false,0,"{""description"":""Dialog elements"",""informational"":true}",Sun Feb 01 2026 21:01:46 GMT+0100 (Midden-Europese standaardtijd)
ca3ed9b5-c1e6-4d3f-a629-69bdd8415709,e6526ff9-637c-4174-90c1-26278a4ba374,56,Page has interactive image,false,0,"{""description"":""Interactive images"",""informational"":true}",Sun Feb 01 2026 21:01:46 GMT+0100 (Midden-Europese standaardtijd)
38a05c06-eb07-4096-88d8-ee7b729d0eed,e6526ff9-637c-4174-90c1-26278a4ba374,10,Page has aria-hidden element,true,7,"{""description"":""Hidden elements"",""informational"":true}",Sun Feb 01 2026 21:01:46 GMT+0100 (Midden-Europese standaardtijd)
4a8533bf-a4a3-49b5-a5cd-0747190b3e18,e6526ff9-637c-4174-90c1-26278a4ba374,58,Page has input fields with autocomplete,false,0,"{""description"":""Autocomplete fields"",""informational"":true}",Sun Feb 01 2026 21:01:46 GMT+0100 (Midden-Europese standaardtijd)
a942666f-1a96-467b-8fa0-772451b00f1d,e6526ff9-637c-4174-90c1-26278a4ba374,59,Page has aria-invalid element,false,0,"{""description"":""Invalid elements"",""informational"":true}",Sun Feb 01 2026 21:01:46 GMT+0100 (Midden-Europese standaardtijd)
fa955352-93c8-470b-98b5-392a8148a1a9,e6526ff9-637c-4174-90c1-26278a4ba374,60,Page has aria-required element,false,0,"{""description"":""Required elements"",""informational"":true}",Sun Feb 01 2026 21:01:46 GMT+0100 (Midden-Europese standaardtijd)
d253ca73-b1c1-4ff2-b6e5-833ec4021425,e6526ff9-637c-4174-90c1-26278a4ba374,61,Page has accesskey,false,0,"{""description"":""Accesskey attributes"",""informational"":true}",Sun Feb 01 2026 21:01:46 GMT+0100 (Midden-Europese standaardtijd)
e9d2d6ad-f3b0-4f9c-82be-b9173c733149,e6526ff9-637c-4174-90c1-26278a4ba374,62,Page has aria-live element,false,0,"{""description"":""Live regions"",""informational"":true}",Sun Feb 01 2026 21:01:46 GMT+0100 (Midden-Europese standaardtijd)
b0fb726f-6f67-4a21-9d51-e2454bb022fb,e6526ff9-637c-4174-90c1-26278a4ba374,65,Page has strong or bold,false,0,"{""description"":""Bold text"",""informational"":true}",Sun Feb 01 2026 21:01:46 GMT+0100 (Midden-Europese standaardtijd)
d474bb92-b2a3-43f7-8487-9f02a8745abc,e6526ff9-637c-4174-90c1-26278a4ba374,66,Page has em or italic,false,0,"{""description"":""Italic text"",""informational"":true}",Sun Feb 01 2026 21:01:46 GMT+0100 (Midden-Europese standaardtijd)
4cb07292-d738-45cf-9463-8f68cc5391ed,e6526ff9-637c-4174-90c1-26278a4ba374,67,Page has preformatted text,false,0,"{""description"":""Preformatted content"",""informational"":true}",Sun Feb 01 2026 21:01:46 GMT+0100 (Midden-Europese standaardtijd)
2b484265-4845-4181-9d61-a14750252f36,e6526ff9-637c-4174-90c1-26278a4ba374,68,Page has code block,false,0,"{""description"":""Code blocks"",""informational"":true}",Sun Feb 01 2026 21:01:46 GMT+0100 (Midden-Europese standaardtijd)
d357b52b-5c19-429f-bb83-d777e7172f87,e6526ff9-637c-4174-90c1-26278a4ba374,69,Page has blockquote,false,0,"{""description"":""Quote blocks"",""informational"":true}",Sun Feb 01 2026 21:01:46 GMT+0100 (Midden-Europese standaardtijd)
d7e9237a-d281-463d-a8dd-6006e9827190,e6526ff9-637c-4174-90c1-26278a4ba374,70,Page has abbreviation,false,0,"{""description"":""Abbreviations"",""informational"":true}",Sun Feb 01 2026 21:01:46 GMT+0100 (Midden-Europese standaardtijd)
8126aac5-9071-4637-b861-d2e2e2c79142,e6526ff9-637c-4174-90c1-26278a4ba374,71,Page has citation,false,0,"{""description"":""Citations"",""informational"":true}",Sun Feb 01 2026 21:01:46 GMT+0100 (Midden-Europese standaardtijd)
c2aed3b7-0d58-4293-8831-c27e5de6f6d6,e6526ff9-637c-4174-90c1-26278a4ba374,72,Page has marked text,false,0,"{""description"":""Highlighted text"",""informational"":true}",Sun Feb 01 2026 21:01:46 GMT+0100 (Midden-Europese standaardtijd)
4cd93122-3747-40f6-83e5-9139eadb7057,e6526ff9-637c-4174-90c1-26278a4ba374,73,Page has subscript,false,0,"{""description"":""Subscript text"",""informational"":true}",Sun Feb 01 2026 21:01:46 GMT+0100 (Midden-Europese standaardtijd)
91ed1203-b5db-4ea1-bc41-a21966115085,e6526ff9-637c-4174-90c1-26278a4ba374,74,Page has superscript,false,0,"{""description"":""Superscript text"",""informational"":true}",Sun Feb 01 2026 21:01:46 GMT+0100 (Midden-Europese standaardtijd)
295c8aed-68ef-4c37-8cee-5432557c861d,e6526ff9-637c-4174-90c1-26278a4ba374,75,Page has time,false,0,"{""description"":""Time elements"",""informational"":true}",Sun Feb 01 2026 21:01:46 GMT+0100 (Midden-Europese standaardtijd)
a9bbdbaa-0b74-4277-a557-989f736b348f,e6526ff9-637c-4174-90c1-26278a4ba374,77,Page has details,false,0,"{""description"":""Details elements"",""informational"":true}",Sun Feb 01 2026 21:01:46 GMT+0100 (Midden-Europese standaardtijd)
4c5eb33c-9d33-4e0d-977a-3d1d37107e24,e6526ff9-637c-4174-90c1-26278a4ba374,78,Page has summary,false,0,"{""description"":""Summary elements"",""informational"":true}",Sun Feb 01 2026 21:01:46 GMT+0100 (Midden-Europese standaardtijd)
287fc23b-ceac-45f0-818b-7a60944c6f3d,e6526ff9-637c-4174-90c1-26278a4ba374,79,Page has article,false,0,"{""description"":""Article elements"",""informational"":true}",Sun Feb 01 2026 21:01:46 GMT+0100 (Midden-Europese standaardtijd)
bc8c8019-5664-4dd9-bc15-9c527d4f43b3,e6526ff9-637c-4174-90c1-26278a4ba374,80,Page has section,true,3,"{""description"":""Section elements"",""informational"":true}",Sun Feb 01 2026 21:01:46 GMT+0100 (Midden-Europese standaardtijd)
4f5ea611-6636-4501-9088-1c09cb4ee9c3,e6526ff9-637c-4174-90c1-26278a4ba374,81,Page has nav,true,6,"{""description"":""Navigation elements"",""informational"":true}",Sun Feb 01 2026 21:01:46 GMT+0100 (Midden-Europese standaardtijd)
031c4105-95f8-430e-89f5-7f70f4efc61a,e6526ff9-637c-4174-90c1-26278a4ba374,82,Page has aside,false,0,"{""description"":""Aside elements"",""informational"":true}",Sun Feb 01 2026 21:01:46 GMT+0100 (Midden-Europese standaardtijd)
9babb6a6-774e-472e-baea-52e646a5d5ab,e6526ff9-637c-4174-90c1-26278a4ba374,83,Page has header,true,2,"{""description"":""Header elements"",""informational"":true}",Sun Feb 01 2026 21:01:46 GMT+0100 (Midden-Europese standaardtijd)
3bb74066-020a-4301-94eb-3fcc2bf5b9e7,e6526ff9-637c-4174-90c1-26278a4ba374,84,Page has footer,true,1,"{""description"":""Footer elements"",""informational"":true}",Sun Feb 01 2026 21:01:46 GMT+0100 (Midden-Europese standaardtijd)
65ce99f9-29f7-4f5a-9b69-832c02a39289,e6526ff9-637c-4174-90c1-26278a4ba374,85,Page has main,true,1,"{""description"":""Main content"",""informational"":true}",Sun Feb 01 2026 21:01:46 GMT+0100 (Midden-Europese standaardtijd)
1563ee9e-390a-4e54-b7a1-2cc2f871c172,e6526ff9-637c-4174-90c1-26278a4ba374,86,Page has figure,false,0,"{""description"":""Figure elements"",""informational"":true}",Sun Feb 01 2026 21:01:46 GMT+0100 (Midden-Europese standaardtijd)
c8fa8cc0-84ed-4418-9eb5-04688fb4be93,e6526ff9-637c-4174-90c1-26278a4ba374,87,Page has figcaption,false,0,"{""description"":""Figure captions"",""informational"":true}",Sun Feb 01 2026 21:01:46 GMT+0100 (Midden-Europese standaardtijd)
bf107e13-89df-4ff8-9241-2b26cbb845aa,e6526ff9-637c-4174-90c1-26278a4ba374,88,Page has address,false,0,"{""description"":""Address elements"",""informational"":true}",Sun Feb 01 2026 21:01:46 GMT+0100 (Midden-Europese standaardtijd)
c6bb2023-6fd3-4c74-95c0-f012edc4074f,e6526ff9-637c-4174-90c1-26278a4ba374,89,Page has progress,false,0,"{""description"":""Progress bars"",""informational"":true}",Sun Feb 01 2026 21:01:46 GMT+0100 (Midden-Europese standaardtijd)
4eed186b-03ff-4067-adf2-f99dd0b9b8ca,e6526ff9-637c-4174-90c1-26278a4ba374,90,Page has meter,false,0,"{""description"":""Meter elements"",""informational"":true}",Sun Feb 01 2026 21:01:46 GMT+0100 (Midden-Europese standaardtijd)
78c520d8-13b8-4191-b70a-da245c993ce4,e6526ff9-637c-4174-90c1-26278a4ba374,91,Page has output,false,0,"{""description"":""Output elements"",""informational"":true}",Sun Feb 01 2026 21:01:46 GMT+0100 (Midden-Europese standaardtijd)
172b1cf6-d152-4c79-9597-1bbf738453ed,e6526ff9-637c-4174-90c1-26278a4ba374,92,Page has canvas,false,0,"{""description"":""Canvas elements"",""informational"":true}",Sun Feb 01 2026 21:01:46 GMT+0100 (Midden-Europese standaardtijd)
7f4cdc3b-12f6-4052-8094-2b1dc97752e7,e6526ff9-637c-4174-90c1-26278a4ba374,93,Page has object,false,0,"{""description"":""Object embeds"",""informational"":true}",Sun Feb 01 2026 21:01:46 GMT+0100 (Midden-Europese standaardtijd)
b0e024e3-f621-448f-9ea8-6d367f5d47ae,e6526ff9-637c-4174-90c1-26278a4ba374,94,Page has embed,false,0,"{""description"":""Embed elements"",""informational"":true}",Sun Feb 01 2026 21:01:46 GMT+0100 (Midden-Europese standaardtijd)
8749f13e-d5c3-4a0a-9525-326301cd2e5a,e6526ff9-637c-4174-90c1-26278a4ba374,95,Page has param,false,0,"{""description"":""Param elements"",""informational"":true}",Sun Feb 01 2026 21:01:46 GMT+0100 (Midden-Europese standaardtijd)
72a52f65-4cc9-45c8-8c5b-f2edcc1dcf84,e6526ff9-637c-4174-90c1-26278a4ba374,96,Page has source,false,0,"{""description"":""Source elements"",""informational"":true}",Sun Feb 01 2026 21:01:46 GMT+0100 (Midden-Europese standaardtijd)
e546bb70-9b17-4101-980a-2b1569a1ed0d,e6526ff9-637c-4174-90c1-26278a4ba374,97,Page has track,false,0,"{""description"":""Track elements (captions)"",""informational"":true}",Sun Feb 01 2026 21:01:46 GMT+0100 (Midden-Europese standaardtijd)
000ac2ab-f4c8-4173-bdfe-a3a44106cf9f,e6526ff9-637c-4174-90c1-26278a4ba374,98,Page has map,false,0,"{""description"":""Image maps"",""informational"":true}",Sun Feb 01 2026 21:01:46 GMT+0100 (Midden-Europese standaardtijd)
3bd0fe6e-f3d7-4780-9d8a-eb326a1b3655,e6526ff9-637c-4174-90c1-26278a4ba374,99,Page has area,false,0,"{""description"":""Map areas"",""informational"":true}",Sun Feb 01 2026 21:01:46 GMT+0100 (Midden-Europese standaardtijd)
84c80dd2-3d1d-4586-a7e1-abdbe9425031,e6526ff9-637c-4174-90c1-26278a4ba374,100,Page has select,false,0,"{""description"":""Select dropdowns"",""informational"":true}",Sun Feb 01 2026 21:01:46 GMT+0100 (Midden-Europese standaardtijd)
eea2e6af-1ed1-43d0-b17d-2d73dc814fa2,e6526ff9-637c-4174-90c1-26278a4ba374,101,Page has optgroup,false,0,"{""description"":""Option groups"",""informational"":true}",Sun Feb 01 2026 21:01:46 GMT+0100 (Midden-Europese standaardtijd)
1991ce2a-2eed-47d4-b439-b10e36fb6792,e6526ff9-637c-4174-90c1-26278a4ba374,102,Page has option,false,0,"{""description"":""Select options"",""informational"":true}",Sun Feb 01 2026 21:01:46 GMT+0100 (Midden-Europese standaardtijd)
6131cf7c-d90c-434f-9387-9df1a316e934,e6526ff9-637c-4174-90c1-26278a4ba374,103,Page has textarea,false,0,"{""description"":""Text areas"",""informational"":true}",Sun Feb 01 2026 21:01:46 GMT+0100 (Midden-Europese standaardtijd)
f4c0fdae-ee6c-482d-afdf-984b68813772,e6526ff9-637c-4174-90c1-26278a4ba374,104,Page has keygen,false,0,"{""description"":""Keygen elements"",""informational"":true}",Sun Feb 01 2026 21:01:46 GMT+0100 (Midden-Europese standaardtijd)
7e695505-b53a-42c2-b94d-9e1d50be23d4,e6526ff9-637c-4174-90c1-26278a4ba374,105,Page has datalist,false,0,"{""description"":""Data lists"",""informational"":true}",Sun Feb 01 2026 21:01:46 GMT+0100 (Midden-Europese standaardtijd)
97a1cfb9-c372-42c2-9d52-fea036dfb618,e6526ff9-637c-4174-90c1-26278a4ba374,106,"Page has input type=""checkbox""",false,0,"{""description"":""Checkboxes"",""informational"":true}",Sun Feb 01 2026 21:01:46 GMT+0100 (Midden-Europese standaardtijd)
93f2e35e-5db4-4d82-8455-719c7c012cd4,e6526ff9-637c-4174-90c1-26278a4ba374,107,"Page has input type=""radio""",false,0,"{""description"":""Radio buttons"",""informational"":true}",Sun Feb 01 2026 21:01:46 GMT+0100 (Midden-Europese standaardtijd)
ce5dd6c4-82c8-444d-8e35-b4270aede207,e6526ff9-637c-4174-90c1-26278a4ba374,108,"Page has input type=""submit""",false,0,"{""description"":""Submit buttons"",""informational"":true}",Sun Feb 01 2026 21:01:46 GMT+0100 (Midden-Europese standaardtijd)
7e1516c0-dc60-4936-ab85-a2d349c84697,e6526ff9-637c-4174-90c1-26278a4ba374,109,"Page has input type=""reset""",false,0,"{""description"":""Reset buttons"",""informational"":true}",Sun Feb 01 2026 21:01:46 GMT+0100 (Midden-Europese standaardtijd)
de9b3d62-257a-400c-84a2-a55d38821b35,e6526ff9-637c-4174-90c1-26278a4ba374,110,"Page has input type=""button""",false,0,"{""description"":""Button inputs"",""informational"":true}",Sun Feb 01 2026 21:01:46 GMT+0100 (Midden-Europese standaardtijd)
d1fc18a4-2251-4625-ad98-94fea79cca75,e6526ff9-637c-4174-90c1-26278a4ba374,111,"Page has input type=""file""",false,0,"{""description"":""File inputs"",""informational"":true}",Sun Feb 01 2026 21:01:46 GMT+0100 (Midden-Europese standaardtijd)
972c29ee-8882-4f19-8c58-3d874d6bd41a,e6526ff9-637c-4174-90c1-26278a4ba374,112,"Page has input type=""hidden""",false,0,"{""description"":""Hidden inputs"",""informational"":true}",Sun Feb 01 2026 21:01:46 GMT+0100 (Midden-Europese standaardtijd)
63ec97f7-77a9-4964-8b94-2b1fd72caed7,e6526ff9-637c-4174-90c1-26278a4ba374,113,"Page has input type=""image""",false,0,"{""description"":""Image buttons"",""informational"":true}",Sun Feb 01 2026 21:01:46 GMT+0100 (Midden-Europese standaardtijd)
25472d54-5809-4f02-be70-705372612414,e6526ff9-637c-4174-90c1-26278a4ba374,114,"Page has input type=""date""",false,0,"{""description"":""Date pickers"",""informational"":true}",Sun Feb 01 2026 21:01:46 GMT+0100 (Midden-Europese standaardtijd)
a202ac68-4862-49bf-8e6c-de5184cd048e,e6526ff9-637c-4174-90c1-26278a4ba374,115,"Page has input type=""time""",false,0,"{""description"":""Time pickers"",""informational"":true}",Sun Feb 01 2026 21:01:46 GMT+0100 (Midden-Europese standaardtijd)
72491133-441d-4224-9704-bcdee800271d,e6526ff9-637c-4174-90c1-26278a4ba374,116,"Page has input type=""datetime-local""",false,0,"{""description"":""Datetime pickers"",""informational"":true}",Sun Feb 01 2026 21:01:46 GMT+0100 (Midden-Europese standaardtijd)
e360ba08-cf60-4e2d-a4b1-3edb7238441e,e6526ff9-637c-4174-90c1-26278a4ba374,117,"Page has input type=""month""",false,0,"{""description"":""Month pickers"",""informational"":true}",Sun Feb 01 2026 21:01:46 GMT+0100 (Midden-Europese standaardtijd)
04b128c7-d430-4feb-ac23-5c9918df9108,e6526ff9-637c-4174-90c1-26278a4ba374,118,"Page has input type=""week""",false,0,"{""description"":""Week pickers"",""informational"":true}",Sun Feb 01 2026 21:01:46 GMT+0100 (Midden-Europese standaardtijd)
41e3958a-c4fc-4453-b949-0c318e0c16f1,e6526ff9-637c-4174-90c1-26278a4ba374,119,"Page has input type=""color""",false,0,"{""description"":""Color pickers"",""informational"":true}",Sun Feb 01 2026 21:01:46 GMT+0100 (Midden-Europese standaardtijd)
bd6936c7-344b-45cc-b7e6-4a2613b7caef,e6526ff9-637c-4174-90c1-26278a4ba374,120,"Page has input type=""range""",false,0,"{""description"":""Range sliders"",""informational"":true}",Sun Feb 01 2026 21:01:46 GMT+0100 (Midden-Europese standaardtijd)
ca19939c-c2f8-4bf8-9dcc-db545cf47cb2,e6526ff9-637c-4174-90c1-26278a4ba374,121,"Page has input type=""search""",true,2,"{""description"":""Search inputs"",""informational"":true}",Sun Feb 01 2026 21:01:46 GMT+0100 (Midden-Europese standaardtijd)
8f988991-9764-4f7b-90cd-157561c82812,e6526ff9-637c-4174-90c1-26278a4ba374,122,"Page has input type=""tel""",false,0,"{""description"":""Telephone inputs"",""informational"":true}",Sun Feb 01 2026 21:01:46 GMT+0100 (Midden-Europese standaardtijd)
b2f628f3-893f-4792-bf91-3ad10d1e8901,e6526ff9-637c-4174-90c1-26278a4ba374,123,"Page has input type=""url""",false,0,"{""description"":""URL inputs"",""informational"":true}",Sun Feb 01 2026 21:01:46 GMT+0100 (Midden-Europese standaardtijd)
0d5902ca-e39e-40e1-be1f-85b5ddf9ec55,e6526ff9-637c-4174-90c1-26278a4ba374,124,"Page has input type=""email""",false,0,"{""description"":""Email inputs"",""informational"":true}",Sun Feb 01 2026 21:01:46 GMT+0100 (Midden-Europese standaardtijd)
fe9435f4-0714-4bb8-8718-61b6637c92a9,e6526ff9-637c-4174-90c1-26278a4ba374,125,"Page has input type=""number""",false,0,"{""description"":""Number inputs"",""informational"":true}",Sun Feb 01 2026 21:01:46 GMT+0100 (Midden-Europese standaardtijd)
7352284e-1672-4a91-838e-c12f1e28cb91,e6526ff9-637c-4174-90c1-26278a4ba374,126,"Page has input type=""password""",false,0,"{""description"":""Password fields"",""informational"":true}",Sun Feb 01 2026 21:01:46 GMT+0100 (Midden-Europese standaardtijd)
ba2009e5-591a-4ceb-b87c-e3871975b63c,e6526ff9-637c-4174-90c1-26278a4ba374,127,"Page has input type=""text""",false,0,"{""description"":""Text inputs"",""informational"":true}",Sun Feb 01 2026 21:01:46 GMT+0100 (Midden-Europese standaardtijd)
60b86823-8db6-4e1e-a839-42907e460b36,e6526ff9-637c-4174-90c1-26278a4ba374,128,Page has label,true,2,"{""description"":""Label elements"",""informational"":true}",Sun Feb 01 2026 21:01:46 GMT+0100 (Midden-Europese standaardtijd)
60ea7c53-287a-4e2c-b7eb-75b76d97e670,e6526ff9-637c-4174-90c1-26278a4ba374,129,Page has legend,false,0,"{""description"":""Legend elements"",""informational"":true}",Sun Feb 01 2026 21:01:46 GMT+0100 (Midden-Europese standaardtijd)
db3d88d1-8ec5-41a4-982c-3910a68133fb,e6526ff9-637c-4174-90c1-26278a4ba374,130,Page has fieldset,false,0,"{""description"":""Fieldset elements"",""informational"":true}",Sun Feb 01 2026 21:01:46 GMT+0100 (Midden-Europese standaardtijd)
802e4d4d-cbf7-44c3-900e-fbe62b2fd0b5,1772834f-b7ca-420a-a9df-7db507c96913,48,LangAttributeMissingTest,false,0,"{""langValue"":""nl"",""wcagLevel"":""A"",""critical"":true}",Sun Feb 01 2026 21:01:48 GMT+0100 (Midden-Europese standaardtijd)
8fc86f9e-1e68-46bd-aa0f-f7c6e2730909,1772834f-b7ca-420a-a9df-7db507c96913,50,TitleMissingTest,false,0,"{""wcagLevel"":""A"",""critical"":true}",Sun Feb 01 2026 21:01:48 GMT+0100 (Midden-Europese standaardtijd)
7d1fc321-5af5-4ccd-901a-7adf67591a47,1772834f-b7ca-420a-a9df-7db507c96913,51,TitleEmptyTest,false,0,"{""titleText"":""Home | DigiD"",""wcagLevel"":""A"",""critical"":true}",Sun Feb 01 2026 21:01:48 GMT+0100 (Midden-Europese standaardtijd)
6bf1a381-c6ab-4378-a3cc-6dc50af70cf9,1772834f-b7ca-420a-a9df-7db507c96913,64,ImgMissingAltTest,false,0,"{""images"":[],""totalCount"":0,""wcagLevel"":""A"",""critical"":true}",Sun Feb 01 2026 21:01:48 GMT+0100 (Midden-Europese standaardtijd)
cabd5bfb-148b-41ad-ba45-6e197e18f7d0,1772834f-b7ca-420a-a9df-7db507c96913,30,FormMissingLabelsTest,false,0,"{""forms"":[],""wcagLevel"":""A"",""critical"":true}",Sun Feb 01 2026 21:01:48 GMT+0100 (Midden-Europese standaardtijd)
e7620b29-4f5c-4a71-889d-6a6ceff82c6e,1772834f-b7ca-420a-a9df-7db507c96913,57,HeadingsAtLeastOneH1Test,false,0,"{""h1Count"":2,""h1Texts"":[""Laat zien wie je bent"",""""],""wcagLevel"":""A"",""critical"":true}",Sun Feb 01 2026 21:01:48 GMT+0100 (Midden-Europese standaardtijd)
1ed06153-866b-486d-9bda-eb73ae338ee1,1772834f-b7ca-420a-a9df-7db507c96913,7,IframeMissingAccessibleNameTest,false,0,"{""iframes"":[],""totalCount"":0,""wcagLevel"":""A"",""critical"":true}",Sun Feb 01 2026 21:01:48 GMT+0100 (Midden-Europese standaardtijd)
c0301796-e91e-4d9a-bc03-3daf4d243f83,1772834f-b7ca-420a-a9df-7db507c96913,25,TableTest,false,0,"{""tables"":[],""totalCount"":0,""informational"":true}",Sun Feb 01 2026 21:01:48 GMT+0100 (Midden-Europese standaardtijd)
0d11e9a2-7438-4649-98e1-d9ed942e94e3,1772834f-b7ca-420a-a9df-7db507c96913,29,FormTest,true,2,"{""forms"":[{""index"":1,""action"":""#"",""method"":""GET"",""inputCount"":1},{""index"":2,""action"":""#"",""method"":""GET"",""inputCount"":1}],""totalCount"":2,""informational"":true}",Sun Feb 01 2026 21:01:48 GMT+0100 (Midden-Europese standaardtijd)
288f986b-9b1c-447a-b5d5-c7b0c82ecb41,1772834f-b7ca-420a-a9df-7db507c96913,63,ImgTest,true,19,"{""totalImages"":19,""withAlt"":19,""withoutAlt"":0,""withEmptyAlt"":16,""informational"":true}",Sun Feb 01 2026 21:01:48 GMT+0100 (Midden-Europese standaardtijd)
6ad38c90-4a64-4036-92ee-5bc1b4e5ae6b,1772834f-b7ca-420a-a9df-7db507c96913,1,IframeIsVimeoVideoWithKeysDisabledTest,false,0,"{""iframes"":[],""totalCount"":0}",Sun Feb 01 2026 21:01:48 GMT+0100 (Midden-Europese standaardtijd)
3a775272-4611-44a8-b874-0a519c08d83f,1772834f-b7ca-420a-a9df-7db507c96913,2,ImgAltTooLongTest,false,0,"{""images"":[],""totalCount"":0}",Sun Feb 01 2026 21:01:48 GMT+0100 (Midden-Europese standaardtijd)
5d33185f-bd53-41e0-85bc-ddb6fd02f68c,1772834f-b7ca-420a-a9df-7db507c96913,3,ViewportMetaRestrictsScalingTest,false,0,"{""content"":""width=device-width, initial-scale=1"",""restrictsScaling"":false}",Sun Feb 01 2026 21:01:48 GMT+0100 (Midden-Europese standaardtijd)
4c890ee0-b09e-490a-ac76-63939f081d3e,1772834f-b7ca-420a-a9df-7db507c96913,4,ImageLinkMissingAccessibleNameTest,true,1,"{""links"":[{""href"":""/nl"",""imageCount"":1}],""totalCount"":1}",Sun Feb 01 2026 21:01:48 GMT+0100 (Midden-Europese standaardtijd)
a558494d-300b-4c1f-b2ad-2c2de1ad752a,1772834f-b7ca-420a-a9df-7db507c96913,5,PageContainsLinkReadMoreTest,false,0,"{""links"":[],""totalCount"":0}",Sun Feb 01 2026 21:01:48 GMT+0100 (Midden-Europese standaardtijd)
95e2ec7a-036d-42e7-9d9a-a885e15a9dc4,1772834f-b7ca-420a-a9df-7db507c96913,6,PageContainsMultipleSameLinksTest,true,15,"{""duplicateLinks"":[{""text"":""Mijn DigiD"",""occurrences"":2},{""text"":""Ik krijg een foutmelding in de DigiD app"",""occurrences"":3},{""text"":""Hoe activeer ik de DigiD app?"",""occurrences"":3},{""text"":""Hoe log ik in met de DigiD app?"",""occurrences"":2},{""text"":""Waarom lukt het activeren van mijn rijbewijs/ID-kaart niet?"",""occurrences"":3},{""text"":""Code invullen"",""occurrences"":2}],""totalCount"":15}",Sun Feb 01 2026 21:01:48 GMT+0100 (Midden-Europese standaardtijd)
82b2aa2a-c6a3-438b-8323-c7bbc76769c8,1772834f-b7ca-420a-a9df-7db507c96913,8,IframeIsYouTubeVideoWithKeysEnabledTest,false,0,"{""iframes"":[],""totalCount"":0}",Sun Feb 01 2026 21:01:48 GMT+0100 (Midden-Europese standaardtijd)
5acee455-2c27-48d9-862b-7b2fb3584c46,1772834f-b7ca-420a-a9df-7db507c96913,9,TableWithHeadingsTest,false,0,"{""tables"":[],""totalCount"":0}",Sun Feb 01 2026 21:01:48 GMT+0100 (Midden-Europese standaardtijd)
f18e92d6-0955-409c-aff1-a73e44e1346a,1772834f-b7ca-420a-a9df-7db507c96913,11,IframeIsGoogleMapTest,false,0,"{""iframes"":[],""totalCount"":0}",Sun Feb 01 2026 21:01:48 GMT+0100 (Midden-Europese standaardtijd)
ee9af0dc-03a1-4b1b-aff8-593f18505df2,1772834f-b7ca-420a-a9df-7db507c96913,12,IframeIsScribitVideoTest,false,0,"{""iframes"":[],""totalCount"":0}",Sun Feb 01 2026 21:01:48 GMT+0100 (Midden-Europese standaardtijd)
81f62b83-a529-4bed-b5e7-ab229a1cc83a,1772834f-b7ca-420a-a9df-7db507c96913,13,IframeIsVimeoVideoWithKeysEnabledTest,false,0,"{""iframes"":[],""totalCount"":0}",Sun Feb 01 2026 21:01:48 GMT+0100 (Midden-Europese standaardtijd)
2042e680-a12f-4ade-857d-e749b1e9233a,1772834f-b7ca-420a-a9df-7db507c96913,14,IframeIsVimeoVideoTest,false,0,"{""iframes"":[],""totalCount"":0}",Sun Feb 01 2026 21:01:48 GMT+0100 (Midden-Europese standaardtijd)
ab5c200e-99d1-4628-b48f-9d9ccb3a1456,1772834f-b7ca-420a-a9df-7db507c96913,15,IframeTest,false,0,"{""iframes"":[],""totalCount"":0,""informational"":true}",Sun Feb 01 2026 21:01:48 GMT+0100 (Midden-Europese standaardtijd)
b48cfaca-03e3-4bba-b2bb-05173a7a7b4f,1772834f-b7ca-420a-a9df-7db507c96913,16,AudioHasAutoplayTest,false,0,"{""audios"":[],""totalCount"":0}",Sun Feb 01 2026 21:01:48 GMT+0100 (Midden-Europese standaardtijd)
6a5ddae0-a6c1-4e92-8abb-11e75ac7d112,1772834f-b7ca-420a-a9df-7db507c96913,17,AudioControlsTest,false,0,"{""audios"":[],""totalCount"":0,""informational"":true}",Sun Feb 01 2026 21:01:48 GMT+0100 (Midden-Europese standaardtijd)
787c273b-9938-4ced-8946-d0c02ddce7ac,1772834f-b7ca-420a-a9df-7db507c96913,18,AudioTest,false,0,"{""audios"":[],""totalCount"":0,""informational"":true}",Sun Feb 01 2026 21:01:48 GMT+0100 (Midden-Europese standaardtijd)
dca7e5f9-a5fd-4b6a-9c54-0c06a01dbd65,1772834f-b7ca-420a-a9df-7db507c96913,19,VideoHasAutoplayTest,false,0,"{""videos"":[],""totalCount"":0}",Sun Feb 01 2026 21:01:48 GMT+0100 (Midden-Europese standaardtijd)
d4bb6c10-c495-4f8b-a043-57c980414cd9,1772834f-b7ca-420a-a9df-7db507c96913,20,VideoMissingTitleAriaTest,false,0,"{""videos"":[],""totalCount"":0}",Sun Feb 01 2026 21:01:48 GMT+0100 (Midden-Europese standaardtijd)
8558e7f3-6139-4751-9fdb-6dd6625864d3,1772834f-b7ca-420a-a9df-7db507c96913,21,VideoControlsTest,false,0,"{""videos"":[],""totalCount"":0,""informational"":true}",Sun Feb 01 2026 21:01:48 GMT+0100 (Midden-Europese standaardtijd)
8811e1f6-2710-465d-b788-84c9b062aa83,1772834f-b7ca-420a-a9df-7db507c96913,22,VideoTest,false,0,"{""videos"":[],""totalCount"":0,""informational"":true}",Sun Feb 01 2026 21:01:48 GMT+0100 (Midden-Europese standaardtijd)
6bb2f37e-294d-454e-a250-4ba82a31951f,1772834f-b7ca-420a-a9df-7db507c96913,23,LinkWithoutTextTest,false,0,"{""links"":[],""totalCount"":0,""wcagLevel"":""A"",""critical"":true}",Sun Feb 01 2026 21:01:48 GMT+0100 (Midden-Europese standaardtijd)
a1b3fb8a-dfa3-4ab9-b67e-af9ce11509ba,1772834f-b7ca-420a-a9df-7db507c96913,24,EmptyLinkTest,false,0,"{""links"":[],""totalCount"":0,""wcagLevel"":""A"",""critical"":true}",Sun Feb 01 2026 21:01:48 GMT+0100 (Midden-Europese standaardtijd)
aa60f2d5-07e9-4750-87ef-1a88afcf4057,1772834f-b7ca-420a-a9df-7db507c96913,26,TableWithoutHeadersTest,false,0,"{""tables"":[],""totalCount"":0,""wcagLevel"":""A"",""critical"":true}",Sun Feb 01 2026 21:01:48 GMT+0100 (Midden-Europese standaardtijd)
f2dfde10-f79f-4c3b-bf81-97112e04bf83,1772834f-b7ca-420a-a9df-7db507c96913,27,ListTest,true,10,"{""lists"":[{""type"":""ul"",""itemCount"":0,""index"":1},{""type"":""ul"",""itemCount"":1,""index"":2},{""type"":""ul"",""itemCount"":2,""index"":3},{""type"":""ul"",""itemCount"":5,""index"":4},{""type"":""ul"",""itemCount"":2,""index"":5},{""type"":""ul"",""itemCount"":4,""index"":6},{""type"":""ul"",""itemCount"":4,""index"":7},{""type"":""ul"",""itemCount"":3,""index"":8},{""type"":""ul"",""itemCount"":2,""index"":9},{""type"":""ul"",""itemCount"":6,""index"":10}],""totalCount"":10,""informational"":true}",Sun Feb 01 2026 21:01:48 GMT+0100 (Midden-Europese standaardtijd)
7673247b-45ca-44af-aacf-dd4f1d97a232,1772834f-b7ca-420a-a9df-7db507c96913,28,DefinitionListTest,false,0,"{""lists"":[],""totalCount"":0,""informational"":true}",Sun Feb 01 2026 21:01:48 GMT+0100 (Midden-Europese standaardtijd)
d685d2b7-8153-4a94-95c8-438cb4672a42,1772834f-b7ca-420a-a9df-7db507c96913,31,FormMissingFieldsetTest,false,0,"{""forms"":[],""totalCount"":0,""wcagLevel"":""A""}",Sun Feb 01 2026 21:01:48 GMT+0100 (Midden-Europese standaardtijd)
ab675a94-28b7-4efb-bda6-4ec7fa2795f6,1772834f-b7ca-420a-a9df-7db507c96913,32,InputMissingLabelTest,false,0,"{""inputs"":[],""totalCount"":0,""wcagLevel"":""A"",""critical"":true}",Sun Feb 01 2026 21:01:48 GMT+0100 (Midden-Europese standaardtijd)
be6e1695-8861-44f6-b98b-1afe060df4cd,1772834f-b7ca-420a-a9df-7db507c96913,33,ButtonEmptyTest,false,0,"{""buttons"":[],""totalCount"":0,""wcagLevel"":""A"",""critical"":true}",Sun Feb 01 2026 21:01:48 GMT+0100 (Midden-Europese standaardtijd)
8b80d927-d3e1-4a18-80a8-f34d7714b326,1772834f-b7ca-420a-a9df-7db507c96913,34,HeadingEmptyTest,true,1,"{""headings"":[{""level"":""h1"",""html"":""""}],""totalCount"":1,""wcagLevel"":""A"",""critical"":true}",Sun Feb 01 2026 21:01:48 GMT+0100 (Midden-Europese standaardtijd)
83151524-e1fb-4301-9fd7-d5b67b6d28a0,1772834f-b7ca-420a-a9df-7db507c96913,35,HeadingSkipLevelTest,false,0,"{""violations"":[],""totalCount"":0,""wcagLevel"":""AA""}",Sun Feb 01 2026 21:01:48 GMT+0100 (Midden-Europese standaardtijd)
1edc0ae0-6370-4805-89ae-2ba2da903745,1772834f-b7ca-420a-a9df-7db507c96913,36,SkipLinkTest,false,0,"{""skipLinks"":[],""informational"":true}",Sun Feb 01 2026 21:01:48 GMT+0100 (Midden-Europese standaardtijd)
c3d0be24-5af4-4e07-95d5-2f17f62ed0a0,1772834f-b7ca-420a-a9df-7db507c96913,37,AriaLandmarksTest,true,14,"{""landmarks"":[{""type"":""aria-role"",""role"":""navigation"",""tag"":""nav""},{""type"":""aria-role"",""role"":""navigation"",""tag"":""nav""},{""type"":""aria-role"",""role"":""navigation"",""tag"":""nav""},{""type"":""aria-role"",""role"":""navigation"",""tag"":""nav""},{""type"":""semantic"",""tag"":""header""},{""type"":""semantic"",""tag"":""nav""},{""type"":""semantic"",""tag"":""nav""},{""type"":""semantic"",""tag"":""nav""},{""type"":""semantic"",""tag"":""nav""},{""type"":""semantic"",""tag"":""main""}],""totalCount"":14,""informational"":true}",Sun Feb 01 2026 21:01:48 GMT+0100 (Midden-Europese standaardtijd)
09b8ede8-edc7-49df-8ec2-01803559c7c1,1772834f-b7ca-420a-a9df-7db507c96913,38,Element has tabindex,false,0,"{""description"":""Page has elements with tabindex"",""informational"":true}",Sun Feb 01 2026 21:01:48 GMT+0100 (Midden-Europese standaardtijd)
2fb11da7-9127-4e1b-bc7f-e124448972b0,1772834f-b7ca-420a-a9df-7db507c96913,39,Page has list,true,10,"{""description"":""Page has lists"",""informational"":true}",Sun Feb 01 2026 21:01:48 GMT+0100 (Midden-Europese standaardtijd)
da9cf3ad-6d39-4447-9eff-21b2948303f8,1772834f-b7ca-420a-a9df-7db507c96913,40,Page has elements with aria-label,true,2,"{""description"":""Elements with ARIA labels"",""informational"":true}",Sun Feb 01 2026 21:01:48 GMT+0100 (Midden-Europese standaardtijd)
18a2e31c-afb0-4b70-a805-957054649aa9,1772834f-b7ca-420a-a9df-7db507c96913,41,Page has elements with aria-expanded,true,1,"{""description"":""Expandable elements"",""informational"":true}",Sun Feb 01 2026 21:01:48 GMT+0100 (Midden-Europese standaardtijd)
4b228513-77af-4308-a1d8-0f700a253378,1772834f-b7ca-420a-a9df-7db507c96913,42,Page has pictures,false,0,"{""description"":""Page contains picture elements"",""informational"":true}",Sun Feb 01 2026 21:01:48 GMT+0100 (Midden-Europese standaardtijd)
3a93f2a8-2189-48ce-ac38-2aa4c057b9ce,1772834f-b7ca-420a-a9df-7db507c96913,43,Page has images,true,19,"{""description"":""Page contains images"",""informational"":true}",Sun Feb 01 2026 21:01:48 GMT+0100 (Midden-Europese standaardtijd)
aa05a025-e054-47f4-842c-896de3cf3941,1772834f-b7ca-420a-a9df-7db507c96913,44,Page has decorative images or text alternative is missing,true,16,"{""description"":""Decorative or missing alt"",""informational"":true}",Sun Feb 01 2026 21:01:48 GMT+0100 (Midden-Europese standaardtijd)
2f3d7d63-77ae-4000-bdd6-367b685d46b7,1772834f-b7ca-420a-a9df-7db507c96913,45,Page has elements with aria-describedby,false,0,"{""description"":""Elements with descriptions"",""informational"":true}",Sun Feb 01 2026 21:01:48 GMT+0100 (Midden-Europese standaardtijd)
818f9629-764c-44b7-a41a-2756a6a4929d,1772834f-b7ca-420a-a9df-7db507c96913,46,Page has a button with aria-label,false,0,"{""description"":""Buttons with ARIA labels"",""informational"":true}",Sun Feb 01 2026 21:01:48 GMT+0100 (Midden-Europese standaardtijd)
ba9871a8-5367-4a59-b876-9671cf70ba5c,1772834f-b7ca-420a-a9df-7db507c96913,47,Form with required input fields is validated by browser,false,0,"{""description"":""Browser-validated forms"",""informational"":true}",Sun Feb 01 2026 21:01:48 GMT+0100 (Midden-Europese standaardtijd)
703d6e26-59c5-4673-99a7-8eb5ee0d3a5b,1772834f-b7ca-420a-a9df-7db507c96913,49,Page has elements with aria-labelledby,true,2,"{""description"":""Elements with labelledby"",""informational"":true}",Sun Feb 01 2026 21:01:48 GMT+0100 (Midden-Europese standaardtijd)
d9c1bf0b-a7de-4bf8-ab25-132cb1740419,1772834f-b7ca-420a-a9df-7db507c96913,52,Page has SVG-images,true,20,"{""description"":""Page contains SVG"",""informational"":true}",Sun Feb 01 2026 21:01:48 GMT+0100 (Midden-Europese standaardtijd)
c266f1df-b1c6-40cf-b14c-d811c942c053,1772834f-b7ca-420a-a9df-7db507c96913,53,Page has elements with role=menu,false,0,"{""description"":""Menu elements"",""informational"":true}",Sun Feb 01 2026 21:01:48 GMT+0100 (Midden-Europese standaardtijd)
bed96d14-7a6b-47f1-8aa3-00d5a3a26ba3,1772834f-b7ca-420a-a9df-7db507c96913,54,Page has fieldset without legend,false,0,"{""description"":""Fieldsets missing legends"",""informational"":true}",Sun Feb 01 2026 21:01:48 GMT+0100 (Midden-Europese standaardtijd)
e20c9e9b-0ff3-402e-90e8-4ea2d70b1be2,1772834f-b7ca-420a-a9df-7db507c96913,55,Page has dialog or modal window,false,0,"{""description"":""Dialog elements"",""informational"":true}",Sun Feb 01 2026 21:01:48 GMT+0100 (Midden-Europese standaardtijd)
7e5e4243-0325-4992-a06f-02b3e0ba4e5c,1772834f-b7ca-420a-a9df-7db507c96913,56,Page has interactive image,false,0,"{""description"":""Interactive images"",""informational"":true}",Sun Feb 01 2026 21:01:48 GMT+0100 (Midden-Europese standaardtijd)
758d0eeb-d78f-4311-b103-ba9033b74a35,1772834f-b7ca-420a-a9df-7db507c96913,10,Page has aria-hidden element,true,7,"{""description"":""Hidden elements"",""informational"":true}",Sun Feb 01 2026 21:01:48 GMT+0100 (Midden-Europese standaardtijd)
25f8d92e-738c-46f6-b46b-68c36d20d428,1772834f-b7ca-420a-a9df-7db507c96913,58,Page has input fields with autocomplete,false,0,"{""description"":""Autocomplete fields"",""informational"":true}",Sun Feb 01 2026 21:01:48 GMT+0100 (Midden-Europese standaardtijd)
6ca2791e-dca9-4864-aec4-9926dfd2227a,1772834f-b7ca-420a-a9df-7db507c96913,59,Page has aria-invalid element,false,0,"{""description"":""Invalid elements"",""informational"":true}",Sun Feb 01 2026 21:01:48 GMT+0100 (Midden-Europese standaardtijd)
28c8eadc-1f67-49cf-80f3-26c01f01694b,1772834f-b7ca-420a-a9df-7db507c96913,60,Page has aria-required element,false,0,"{""description"":""Required elements"",""informational"":true}",Sun Feb 01 2026 21:01:48 GMT+0100 (Midden-Europese standaardtijd)
50ca8e0d-8090-42f4-add6-b124270a4c6c,1772834f-b7ca-420a-a9df-7db507c96913,61,Page has accesskey,false,0,"{""description"":""Accesskey attributes"",""informational"":true}",Sun Feb 01 2026 21:01:48 GMT+0100 (Midden-Europese standaardtijd)
d5ab7f1a-58e1-40b8-801c-cbb1e202de10,1772834f-b7ca-420a-a9df-7db507c96913,62,Page has aria-live element,false,0,"{""description"":""Live regions"",""informational"":true}",Sun Feb 01 2026 21:01:48 GMT+0100 (Midden-Europese standaardtijd)
09c33298-a744-48ca-ab19-753f090b7172,1772834f-b7ca-420a-a9df-7db507c96913,65,Page has strong or bold,false,0,"{""description"":""Bold text"",""informational"":true}",Sun Feb 01 2026 21:01:48 GMT+0100 (Midden-Europese standaardtijd)
633dc5b9-d88d-4792-befc-d33baa333532,1772834f-b7ca-420a-a9df-7db507c96913,66,Page has em or italic,false,0,"{""description"":""Italic text"",""informational"":true}",Sun Feb 01 2026 21:01:48 GMT+0100 (Midden-Europese standaardtijd)
17f63d57-91d8-41fb-9467-247a9f8e5b2c,1772834f-b7ca-420a-a9df-7db507c96913,67,Page has preformatted text,false,0,"{""description"":""Preformatted content"",""informational"":true}",Sun Feb 01 2026 21:01:48 GMT+0100 (Midden-Europese standaardtijd)
3b1d70a1-8bd7-486d-b341-e4d3ce42d84a,1772834f-b7ca-420a-a9df-7db507c96913,68,Page has code block,false,0,"{""description"":""Code blocks"",""informational"":true}",Sun Feb 01 2026 21:01:48 GMT+0100 (Midden-Europese standaardtijd)
25d35d5e-d835-489a-bf9a-f1792ac9f185,1772834f-b7ca-420a-a9df-7db507c96913,69,Page has blockquote,false,0,"{""description"":""Quote blocks"",""informational"":true}",Sun Feb 01 2026 21:01:48 GMT+0100 (Midden-Europese standaardtijd)
3a036769-9f76-4c2f-a689-966f79b4a2d2,1772834f-b7ca-420a-a9df-7db507c96913,70,Page has abbreviation,false,0,"{""description"":""Abbreviations"",""informational"":true}",Sun Feb 01 2026 21:01:48 GMT+0100 (Midden-Europese standaardtijd)
ae5d96a5-cb48-4f39-a9a4-f3086d289654,1772834f-b7ca-420a-a9df-7db507c96913,71,Page has citation,false,0,"{""description"":""Citations"",""informational"":true}",Sun Feb 01 2026 21:01:48 GMT+0100 (Midden-Europese standaardtijd)
d0bfac8b-4f04-454a-a8ca-4995b4da1faf,1772834f-b7ca-420a-a9df-7db507c96913,72,Page has marked text,false,0,"{""description"":""Highlighted text"",""informational"":true}",Sun Feb 01 2026 21:01:48 GMT+0100 (Midden-Europese standaardtijd)
458262b5-ea50-4bc8-9516-34edc452c9c7,1772834f-b7ca-420a-a9df-7db507c96913,73,Page has subscript,false,0,"{""description"":""Subscript text"",""informational"":true}",Sun Feb 01 2026 21:01:48 GMT+0100 (Midden-Europese standaardtijd)
6709ff3e-1f30-42b1-96a8-179eca7b8e67,1772834f-b7ca-420a-a9df-7db507c96913,74,Page has superscript,false,0,"{""description"":""Superscript text"",""informational"":true}",Sun Feb 01 2026 21:01:48 GMT+0100 (Midden-Europese standaardtijd)
8d1f9b2d-a4af-4bc4-b08c-f83a67a81f55,1772834f-b7ca-420a-a9df-7db507c96913,75,Page has time,false,0,"{""description"":""Time elements"",""informational"":true}",Sun Feb 01 2026 21:01:48 GMT+0100 (Midden-Europese standaardtijd)
b71cfa7c-e367-4920-853d-c7608490fe92,1772834f-b7ca-420a-a9df-7db507c96913,76,Page has data,false,0,"{""description"":""Data elements"",""informational"":true}",Sun Feb 01 2026 21:01:48 GMT+0100 (Midden-Europese standaardtijd)
a892fc4f-5ec6-4555-b773-8c162c980023,1772834f-b7ca-420a-a9df-7db507c96913,77,Page has details,false,0,"{""description"":""Details elements"",""informational"":true}",Sun Feb 01 2026 21:01:48 GMT+0100 (Midden-Europese standaardtijd)
c255557e-e32f-4357-904e-6b337b54a9ab,1772834f-b7ca-420a-a9df-7db507c96913,78,Page has summary,false,0,"{""description"":""Summary elements"",""informational"":true}",Sun Feb 01 2026 21:01:48 GMT+0100 (Midden-Europese standaardtijd)
d3286106-813b-4a38-aebf-ec0abea29e73,1772834f-b7ca-420a-a9df-7db507c96913,79,Page has article,false,0,"{""description"":""Article elements"",""informational"":true}",Sun Feb 01 2026 21:01:48 GMT+0100 (Midden-Europese standaardtijd)
3abfb778-c6e1-4b4a-9dcf-a213a3b4846a,1772834f-b7ca-420a-a9df-7db507c96913,80,Page has section,true,3,"{""description"":""Section elements"",""informational"":true}",Sun Feb 01 2026 21:01:48 GMT+0100 (Midden-Europese standaardtijd)
9f3c18f8-bb61-4b77-b792-0bdcfe3ff763,1772834f-b7ca-420a-a9df-7db507c96913,81,Page has nav,true,6,"{""description"":""Navigation elements"",""informational"":true}",Sun Feb 01 2026 21:01:48 GMT+0100 (Midden-Europese standaardtijd)
d80689ae-84d1-4d03-b42d-552b8c4ff356,1772834f-b7ca-420a-a9df-7db507c96913,82,Page has aside,false,0,"{""description"":""Aside elements"",""informational"":true}",Sun Feb 01 2026 21:01:48 GMT+0100 (Midden-Europese standaardtijd)
a8eeca4a-3e3b-45c1-9060-3f32354beb58,1772834f-b7ca-420a-a9df-7db507c96913,83,Page has header,true,2,"{""description"":""Header elements"",""informational"":true}",Sun Feb 01 2026 21:01:48 GMT+0100 (Midden-Europese standaardtijd)
abe673bd-0dcf-4312-801f-d2b37e57c59a,1772834f-b7ca-420a-a9df-7db507c96913,84,Page has footer,true,1,"{""description"":""Footer elements"",""informational"":true}",Sun Feb 01 2026 21:01:48 GMT+0100 (Midden-Europese standaardtijd)
1ff7daa6-7586-47b0-b7a8-553dd1f86d15,1772834f-b7ca-420a-a9df-7db507c96913,85,Page has main,true,1,"{""description"":""Main content"",""informational"":true}",Sun Feb 01 2026 21:01:48 GMT+0100 (Midden-Europese standaardtijd)
2fdd35ec-faab-4aa1-87c1-6a36a10f69f8,1772834f-b7ca-420a-a9df-7db507c96913,86,Page has figure,false,0,"{""description"":""Figure elements"",""informational"":true}",Sun Feb 01 2026 21:01:48 GMT+0100 (Midden-Europese standaardtijd)
4548dcef-3a63-4b20-b7c4-b0dd1147c71f,1772834f-b7ca-420a-a9df-7db507c96913,87,Page has figcaption,false,0,"{""description"":""Figure captions"",""informational"":true}",Sun Feb 01 2026 21:01:48 GMT+0100 (Midden-Europese standaardtijd)
6c3eeaa5-0bdf-4918-b3fd-c4acf1f45fe0,1772834f-b7ca-420a-a9df-7db507c96913,88,Page has address,false,0,"{""description"":""Address elements"",""informational"":true}",Sun Feb 01 2026 21:01:48 GMT+0100 (Midden-Europese standaardtijd)
53b0d950-3ca0-4de9-b495-4fc1d64d45c4,1772834f-b7ca-420a-a9df-7db507c96913,89,Page has progress,false,0,"{""description"":""Progress bars"",""informational"":true}",Sun Feb 01 2026 21:01:48 GMT+0100 (Midden-Europese standaardtijd)
af180588-5a41-4876-8e49-1b316322b3b4,1772834f-b7ca-420a-a9df-7db507c96913,90,Page has meter,false,0,"{""description"":""Meter elements"",""informational"":true}",Sun Feb 01 2026 21:01:48 GMT+0100 (Midden-Europese standaardtijd)
f9073f7b-0b53-44cb-8561-cf03b9d8fae0,1772834f-b7ca-420a-a9df-7db507c96913,91,Page has output,false,0,"{""description"":""Output elements"",""informational"":true}",Sun Feb 01 2026 21:01:48 GMT+0100 (Midden-Europese standaardtijd)
5cb61e56-2846-4bda-bc9e-9a1e5bf87c86,1772834f-b7ca-420a-a9df-7db507c96913,92,Page has canvas,false,0,"{""description"":""Canvas elements"",""informational"":true}",Sun Feb 01 2026 21:01:48 GMT+0100 (Midden-Europese standaardtijd)
f70fd1ba-0fb6-4e94-985e-901c03771fe9,1772834f-b7ca-420a-a9df-7db507c96913,93,Page has object,false,0,"{""description"":""Object embeds"",""informational"":true}",Sun Feb 01 2026 21:01:48 GMT+0100 (Midden-Europese standaardtijd)
d42310ec-bd57-41c9-9e4e-d9c1e92afa3e,1772834f-b7ca-420a-a9df-7db507c96913,94,Page has embed,false,0,"{""description"":""Embed elements"",""informational"":true}",Sun Feb 01 2026 21:01:48 GMT+0100 (Midden-Europese standaardtijd)
9365d08b-afc9-43ee-84b7-7a05af77a6f5,1772834f-b7ca-420a-a9df-7db507c96913,95,Page has param,false,0,"{""description"":""Param elements"",""informational"":true}",Sun Feb 01 2026 21:01:48 GMT+0100 (Midden-Europese standaardtijd)
5df530de-456a-4140-ab6b-ed1f7a152626,1772834f-b7ca-420a-a9df-7db507c96913,96,Page has source,false,0,"{""description"":""Source elements"",""informational"":true}",Sun Feb 01 2026 21:01:48 GMT+0100 (Midden-Europese standaardtijd)
14a04e07-8b1f-4b2e-b362-82d0272f7696,1772834f-b7ca-420a-a9df-7db507c96913,97,Page has track,false,0,"{""description"":""Track elements (captions)"",""informational"":true}",Sun Feb 01 2026 21:01:48 GMT+0100 (Midden-Europese standaardtijd)
5bfab9ab-8a14-4420-9828-8670416cb33d,1772834f-b7ca-420a-a9df-7db507c96913,98,Page has map,false,0,"{""description"":""Image maps"",""informational"":true}",Sun Feb 01 2026 21:01:48 GMT+0100 (Midden-Europese standaardtijd)
c5e52b5b-0c9a-4a92-8167-82cea7c30ee7,1772834f-b7ca-420a-a9df-7db507c96913,99,Page has area,false,0,"{""description"":""Map areas"",""informational"":true}",Sun Feb 01 2026 21:01:48 GMT+0100 (Midden-Europese standaardtijd)
632c332f-ad2a-4172-8373-36ea1e481837,1772834f-b7ca-420a-a9df-7db507c96913,100,Page has select,false,0,"{""description"":""Select dropdowns"",""informational"":true}",Sun Feb 01 2026 21:01:48 GMT+0100 (Midden-Europese standaardtijd)
bda471f6-5049-4a6f-a163-d1d54745dfda,1772834f-b7ca-420a-a9df-7db507c96913,101,Page has optgroup,false,0,"{""description"":""Option groups"",""informational"":true}",Sun Feb 01 2026 21:01:48 GMT+0100 (Midden-Europese standaardtijd)
3c404783-bc4e-49a7-a13e-9db0e3bf51dd,1772834f-b7ca-420a-a9df-7db507c96913,102,Page has option,false,0,"{""description"":""Select options"",""informational"":true}",Sun Feb 01 2026 21:01:48 GMT+0100 (Midden-Europese standaardtijd)
4c954ab2-0b4d-47b3-a059-fd4953725560,1772834f-b7ca-420a-a9df-7db507c96913,103,Page has textarea,false,0,"{""description"":""Text areas"",""informational"":true}",Sun Feb 01 2026 21:01:48 GMT+0100 (Midden-Europese standaardtijd)
e400e0e1-5497-4a09-ba36-8330c83a8344,1772834f-b7ca-420a-a9df-7db507c96913,104,Page has keygen,false,0,"{""description"":""Keygen elements"",""informational"":true}",Sun Feb 01 2026 21:01:48 GMT+0100 (Midden-Europese standaardtijd)
6156c0ac-9042-4a32-8062-4bf526f719cd,1772834f-b7ca-420a-a9df-7db507c96913,105,Page has datalist,false,0,"{""description"":""Data lists"",""informational"":true}",Sun Feb 01 2026 21:01:48 GMT+0100 (Midden-Europese standaardtijd)
abb7fc24-2513-473e-92b8-bdbb02b42d88,1772834f-b7ca-420a-a9df-7db507c96913,106,"Page has input type=""checkbox""",false,0,"{""description"":""Checkboxes"",""informational"":true}",Sun Feb 01 2026 21:01:48 GMT+0100 (Midden-Europese standaardtijd)
bf422b61-c371-4277-b875-2c9ca605f890,1772834f-b7ca-420a-a9df-7db507c96913,107,"Page has input type=""radio""",false,0,"{""description"":""Radio buttons"",""informational"":true}",Sun Feb 01 2026 21:01:48 GMT+0100 (Midden-Europese standaardtijd)
5baf8782-d6d0-4ca3-b9e2-d728603f43b7,1772834f-b7ca-420a-a9df-7db507c96913,108,"Page has input type=""submit""",false,0,"{""description"":""Submit buttons"",""informational"":true}",Sun Feb 01 2026 21:01:48 GMT+0100 (Midden-Europese standaardtijd)
786fc98e-972e-4f27-98af-9bbc28c4ff27,1772834f-b7ca-420a-a9df-7db507c96913,109,"Page has input type=""reset""",false,0,"{""description"":""Reset buttons"",""informational"":true}",Sun Feb 01 2026 21:01:48 GMT+0100 (Midden-Europese standaardtijd)
07fef925-6b24-4a46-b32d-09df10c2194b,1772834f-b7ca-420a-a9df-7db507c96913,110,"Page has input type=""button""",false,0,"{""description"":""Button inputs"",""informational"":true}",Sun Feb 01 2026 21:01:48 GMT+0100 (Midden-Europese standaardtijd)
dd12fb37-12aa-4e24-8799-eba2e562b329,1772834f-b7ca-420a-a9df-7db507c96913,111,"Page has input type=""file""",false,0,"{""description"":""File inputs"",""informational"":true}",Sun Feb 01 2026 21:01:48 GMT+0100 (Midden-Europese standaardtijd)
1b9c3195-dc46-45d6-9c11-9c60de0c603f,1772834f-b7ca-420a-a9df-7db507c96913,112,"Page has input type=""hidden""",false,0,"{""description"":""Hidden inputs"",""informational"":true}",Sun Feb 01 2026 21:01:48 GMT+0100 (Midden-Europese standaardtijd)
a41c0802-4c3f-485b-966f-a69448faa9ac,1772834f-b7ca-420a-a9df-7db507c96913,113,"Page has input type=""image""",false,0,"{""description"":""Image buttons"",""informational"":true}",Sun Feb 01 2026 21:01:48 GMT+0100 (Midden-Europese standaardtijd)
33a62995-9837-487a-af24-a2bf612ab557,1772834f-b7ca-420a-a9df-7db507c96913,114,"Page has input type=""date""",false,0,"{""description"":""Date pickers"",""informational"":true}",Sun Feb 01 2026 21:01:48 GMT+0100 (Midden-Europese standaardtijd)
a2300988-eda3-48d6-968b-14c7f4f5149e,1772834f-b7ca-420a-a9df-7db507c96913,115,"Page has input type=""time""",false,0,"{""description"":""Time pickers"",""informational"":true}",Sun Feb 01 2026 21:01:48 GMT+0100 (Midden-Europese standaardtijd)
47fe7bbc-5f23-4f7b-b1ea-d09f1ba1d85b,1772834f-b7ca-420a-a9df-7db507c96913,116,"Page has input type=""datetime-local""",false,0,"{""description"":""Datetime pickers"",""informational"":true}",Sun Feb 01 2026 21:01:48 GMT+0100 (Midden-Europese standaardtijd)
24c22849-9fa2-4e59-8c1a-5b494cc78389,1772834f-b7ca-420a-a9df-7db507c96913,117,"Page has input type=""month""",false,0,"{""description"":""Month pickers"",""informational"":true}",Sun Feb 01 2026 21:01:48 GMT+0100 (Midden-Europese standaardtijd)
88b55b6d-40dd-4b5b-a0f4-5c8f22c0f22b,1772834f-b7ca-420a-a9df-7db507c96913,118,"Page has input type=""week""",false,0,"{""description"":""Week pickers"",""informational"":true}",Sun Feb 01 2026 21:01:48 GMT+0100 (Midden-Europese standaardtijd)
011b816a-79d8-4a6c-8f07-d871aa22b7ac,1772834f-b7ca-420a-a9df-7db507c96913,119,"Page has input type=""color""",false,0,"{""description"":""Color pickers"",""informational"":true}",Sun Feb 01 2026 21:01:48 GMT+0100 (Midden-Europese standaardtijd)
14d329ff-eeca-4401-89f8-4a7aa3748503,1772834f-b7ca-420a-a9df-7db507c96913,120,"Page has input type=""range""",false,0,"{""description"":""Range sliders"",""informational"":true}",Sun Feb 01 2026 21:01:48 GMT+0100 (Midden-Europese standaardtijd)
9bf70793-b417-4ef0-bd3b-14d8e8473e80,1772834f-b7ca-420a-a9df-7db507c96913,121,"Page has input type=""search""",true,2,"{""description"":""Search inputs"",""informational"":true}",Sun Feb 01 2026 21:01:48 GMT+0100 (Midden-Europese standaardtijd)
1fb561c5-f0bb-47b0-9fc4-876262aca8c4,1772834f-b7ca-420a-a9df-7db507c96913,122,"Page has input type=""tel""",false,0,"{""description"":""Telephone inputs"",""informational"":true}",Sun Feb 01 2026 21:01:48 GMT+0100 (Midden-Europese standaardtijd)
4725c2a9-51d0-4384-95a9-4912d2ca292f,1772834f-b7ca-420a-a9df-7db507c96913,123,"Page has input type=""url""",false,0,"{""description"":""URL inputs"",""informational"":true}",Sun Feb 01 2026 21:01:48 GMT+0100 (Midden-Europese standaardtijd)
1b781706-1fef-481d-8314-0b3702e6e948,1772834f-b7ca-420a-a9df-7db507c96913,124,"Page has input type=""email""",false,0,"{""description"":""Email inputs"",""informational"":true}",Sun Feb 01 2026 21:01:48 GMT+0100 (Midden-Europese standaardtijd)
c6d70af9-1c84-45b4-a0fe-dc883f4aca0f,1772834f-b7ca-420a-a9df-7db507c96913,125,"Page has input type=""number""",false,0,"{""description"":""Number inputs"",""informational"":true}",Sun Feb 01 2026 21:01:48 GMT+0100 (Midden-Europese standaardtijd)
27a3ee21-295b-43b4-a00a-f22366685846,1772834f-b7ca-420a-a9df-7db507c96913,126,"Page has input type=""password""",false,0,"{""description"":""Password fields"",""informational"":true}",Sun Feb 01 2026 21:01:48 GMT+0100 (Midden-Europese standaardtijd)
8704b5c8-bf57-4eaf-86a8-f96a84ed7ee7,1772834f-b7ca-420a-a9df-7db507c96913,127,"Page has input type=""text""",false,0,"{""description"":""Text inputs"",""informational"":true}",Sun Feb 01 2026 21:01:48 GMT+0100 (Midden-Europese standaardtijd)
209a3999-0ddf-4d34-a133-19bf08f72f40,1772834f-b7ca-420a-a9df-7db507c96913,128,Page has label,true,2,"{""description"":""Label elements"",""informational"":true}",Sun Feb 01 2026 21:01:48 GMT+0100 (Midden-Europese standaardtijd)
2af7cc2e-5f50-463f-a395-784b2bad751c,1772834f-b7ca-420a-a9df-7db507c96913,129,Page has legend,false,0,"{""description"":""Legend elements"",""informational"":true}",Sun Feb 01 2026 21:01:48 GMT+0100 (Midden-Europese standaardtijd)
eec74ae2-9b88-4412-9311-452af22e8829,1772834f-b7ca-420a-a9df-7db507c96913,130,Page has fieldset,false,0,"{""description"":""Fieldset elements"",""informational"":true}",Sun Feb 01 2026 21:01:48 GMT+0100 (Midden-Europese standaardtijd)
819a3297-93dc-46ec-bfc0-ee45e7f7bfad,b4b565c0-fb75-4421-a764-8542e078d452,48,LangAttributeMissingTest,false,0,"{""langValue"":""nl"",""wcagLevel"":""A"",""critical"":true}",Sun Feb 01 2026 21:01:49 GMT+0100 (Midden-Europese standaardtijd)
ce8aea9b-7b12-4ce2-b9f3-007ecf9591e2,b4b565c0-fb75-4421-a764-8542e078d452,50,TitleMissingTest,false,0,"{""wcagLevel"":""A"",""critical"":true}",Sun Feb 01 2026 21:01:49 GMT+0100 (Midden-Europese standaardtijd)
6ba606cd-7788-4487-a731-1d23f3a79115,b4b565c0-fb75-4421-a764-8542e078d452,51,TitleEmptyTest,false,0,"{""titleText"":""Home | DigiD"",""wcagLevel"":""A"",""critical"":true}",Sun Feb 01 2026 21:01:49 GMT+0100 (Midden-Europese standaardtijd)
3921721d-aff1-4aef-a224-1834ba36743e,b4b565c0-fb75-4421-a764-8542e078d452,64,ImgMissingAltTest,false,0,"{""images"":[],""totalCount"":0,""wcagLevel"":""A"",""critical"":true}",Sun Feb 01 2026 21:01:49 GMT+0100 (Midden-Europese standaardtijd)
85f5e734-7197-4e11-96ba-5f9fb8ac8c43,b4b565c0-fb75-4421-a764-8542e078d452,30,FormMissingLabelsTest,false,0,"{""forms"":[],""wcagLevel"":""A"",""critical"":true}",Sun Feb 01 2026 21:01:49 GMT+0100 (Midden-Europese standaardtijd)
32960614-27ed-470e-b489-49a736da7f53,b4b565c0-fb75-4421-a764-8542e078d452,57,HeadingsAtLeastOneH1Test,false,0,"{""h1Count"":2,""h1Texts"":[""Laat zien wie je bent"",""""],""wcagLevel"":""A"",""critical"":true}",Sun Feb 01 2026 21:01:49 GMT+0100 (Midden-Europese standaardtijd)
f20abf4c-8ed3-414c-a867-c5eb8c7677c1,b4b565c0-fb75-4421-a764-8542e078d452,7,IframeMissingAccessibleNameTest,false,0,"{""iframes"":[],""totalCount"":0,""wcagLevel"":""A"",""critical"":true}",Sun Feb 01 2026 21:01:49 GMT+0100 (Midden-Europese standaardtijd)
352549a9-c25c-46fe-8f42-45b5f8512355,b4b565c0-fb75-4421-a764-8542e078d452,25,TableTest,false,0,"{""tables"":[],""totalCount"":0,""informational"":true}",Sun Feb 01 2026 21:01:49 GMT+0100 (Midden-Europese standaardtijd)
b0a011b7-5f2a-4ccc-8f49-975e027f2b11,b4b565c0-fb75-4421-a764-8542e078d452,29,FormTest,true,2,"{""forms"":[{""index"":1,""action"":""#"",""method"":""GET"",""inputCount"":1},{""index"":2,""action"":""#"",""method"":""GET"",""inputCount"":1}],""totalCount"":2,""informational"":true}",Sun Feb 01 2026 21:01:49 GMT+0100 (Midden-Europese standaardtijd)
b2bb4db0-5ef7-4124-86e4-6e2b3ebd01df,b4b565c0-fb75-4421-a764-8542e078d452,63,ImgTest,true,19,"{""totalImages"":19,""withAlt"":19,""withoutAlt"":0,""withEmptyAlt"":16,""informational"":true}",Sun Feb 01 2026 21:01:49 GMT+0100 (Midden-Europese standaardtijd)
d45cfc06-ff73-4b20-952c-b48e5e464710,b4b565c0-fb75-4421-a764-8542e078d452,1,IframeIsVimeoVideoWithKeysDisabledTest,false,0,"{""iframes"":[],""totalCount"":0}",Sun Feb 01 2026 21:01:49 GMT+0100 (Midden-Europese standaardtijd)
fbeaea9c-72da-4582-bae0-86d1ed86be3a,b4b565c0-fb75-4421-a764-8542e078d452,2,ImgAltTooLongTest,false,0,"{""images"":[],""totalCount"":0}",Sun Feb 01 2026 21:01:49 GMT+0100 (Midden-Europese standaardtijd)
2be0246e-b6b5-4441-975b-51d673cc8fc6,b4b565c0-fb75-4421-a764-8542e078d452,3,ViewportMetaRestrictsScalingTest,false,0,"{""content"":""width=device-width, initial-scale=1"",""restrictsScaling"":false}",Sun Feb 01 2026 21:01:49 GMT+0100 (Midden-Europese standaardtijd)
70db0c3b-98c6-4082-9948-bff386af20c6,b4b565c0-fb75-4421-a764-8542e078d452,4,ImageLinkMissingAccessibleNameTest,true,1,"{""links"":[{""href"":""/nl"",""imageCount"":1}],""totalCount"":1}",Sun Feb 01 2026 21:01:49 GMT+0100 (Midden-Europese standaardtijd)
bf34fc67-d43c-40e8-b2e8-a2cf25802fc4,b4b565c0-fb75-4421-a764-8542e078d452,5,PageContainsLinkReadMoreTest,false,0,"{""links"":[],""totalCount"":0}",Sun Feb 01 2026 21:01:49 GMT+0100 (Midden-Europese standaardtijd)
4860899d-7d0b-4836-81c6-2bcb95948514,b4b565c0-fb75-4421-a764-8542e078d452,6,PageContainsMultipleSameLinksTest,true,15,"{""duplicateLinks"":[{""text"":""Mijn DigiD"",""occurrences"":2},{""text"":""Ik krijg een foutmelding in de DigiD app"",""occurrences"":3},{""text"":""Hoe activeer ik de DigiD app?"",""occurrences"":3},{""text"":""Hoe log ik in met de DigiD app?"",""occurrences"":2},{""text"":""Waarom lukt het activeren van mijn rijbewijs/ID-kaart niet?"",""occurrences"":3},{""text"":""Code invullen"",""occurrences"":2}],""totalCount"":15}",Sun Feb 01 2026 21:01:49 GMT+0100 (Midden-Europese standaardtijd)
e4bd6773-1c9f-4b66-a48a-92dbec083cca,b4b565c0-fb75-4421-a764-8542e078d452,8,IframeIsYouTubeVideoWithKeysEnabledTest,false,0,"{""iframes"":[],""totalCount"":0}",Sun Feb 01 2026 21:01:49 GMT+0100 (Midden-Europese standaardtijd)
834ac98b-eb7e-49aa-920a-059199eb0170,b4b565c0-fb75-4421-a764-8542e078d452,9,TableWithHeadingsTest,false,0,"{""tables"":[],""totalCount"":0}",Sun Feb 01 2026 21:01:49 GMT+0100 (Midden-Europese standaardtijd)
8e3a9d59-b278-4d7d-a2c2-758f9b02abcf,b4b565c0-fb75-4421-a764-8542e078d452,11,IframeIsGoogleMapTest,false,0,"{""iframes"":[],""totalCount"":0}",Sun Feb 01 2026 21:01:49 GMT+0100 (Midden-Europese standaardtijd)
90a0dc54-b458-49a4-a401-65a0af5144a2,b4b565c0-fb75-4421-a764-8542e078d452,12,IframeIsScribitVideoTest,false,0,"{""iframes"":[],""totalCount"":0}",Sun Feb 01 2026 21:01:49 GMT+0100 (Midden-Europese standaardtijd)
60956d8f-838c-4eb4-92cc-04533db54aa6,b4b565c0-fb75-4421-a764-8542e078d452,13,IframeIsVimeoVideoWithKeysEnabledTest,false,0,"{""iframes"":[],""totalCount"":0}",Sun Feb 01 2026 21:01:49 GMT+0100 (Midden-Europese standaardtijd)
bdc52fc9-6edf-4dc7-b54c-a3a32921a498,b4b565c0-fb75-4421-a764-8542e078d452,14,IframeIsVimeoVideoTest,false,0,"{""iframes"":[],""totalCount"":0}",Sun Feb 01 2026 21:01:49 GMT+0100 (Midden-Europese standaardtijd)
08a97168-d9c4-48c2-9267-7ccd6db6c477,b4b565c0-fb75-4421-a764-8542e078d452,15,IframeTest,false,0,"{""iframes"":[],""totalCount"":0,""informational"":true}",Sun Feb 01 2026 21:01:49 GMT+0100 (Midden-Europese standaardtijd)
f530fd32-cb57-4c6b-8972-a5dbde0dff4d,b4b565c0-fb75-4421-a764-8542e078d452,16,AudioHasAutoplayTest,false,0,"{""audios"":[],""totalCount"":0}",Sun Feb 01 2026 21:01:49 GMT+0100 (Midden-Europese standaardtijd)
7e514188-c41e-404a-a050-2fc961c538e4,b4b565c0-fb75-4421-a764-8542e078d452,17,AudioControlsTest,false,0,"{""audios"":[],""totalCount"":0,""informational"":true}",Sun Feb 01 2026 21:01:49 GMT+0100 (Midden-Europese standaardtijd)
b2fc72d7-1244-4b84-a3ba-6d21b5433a40,b4b565c0-fb75-4421-a764-8542e078d452,18,AudioTest,false,0,"{""audios"":[],""totalCount"":0,""informational"":true}",Sun Feb 01 2026 21:01:49 GMT+0100 (Midden-Europese standaardtijd)
9fb917e0-ad9c-486d-ba20-affa26e74aa7,b4b565c0-fb75-4421-a764-8542e078d452,19,VideoHasAutoplayTest,false,0,"{""videos"":[],""totalCount"":0}",Sun Feb 01 2026 21:01:49 GMT+0100 (Midden-Europese standaardtijd)
24cc1bcb-59f7-4c44-8669-681ee9bbc5b0,b4b565c0-fb75-4421-a764-8542e078d452,20,VideoMissingTitleAriaTest,false,0,"{""videos"":[],""totalCount"":0}",Sun Feb 01 2026 21:01:49 GMT+0100 (Midden-Europese standaardtijd)
0f53cf22-6133-4f73-89a6-4f725c5f7352,b4b565c0-fb75-4421-a764-8542e078d452,21,VideoControlsTest,false,0,"{""videos"":[],""totalCount"":0,""informational"":true}",Sun Feb 01 2026 21:01:49 GMT+0100 (Midden-Europese standaardtijd)
eb04462d-f74f-480c-b3a5-660b871e27d4,b4b565c0-fb75-4421-a764-8542e078d452,22,VideoTest,false,0,"{""videos"":[],""totalCount"":0,""informational"":true}",Sun Feb 01 2026 21:01:49 GMT+0100 (Midden-Europese standaardtijd)
468bdef6-94c3-4d59-94a2-9005280eb3e5,b4b565c0-fb75-4421-a764-8542e078d452,23,LinkWithoutTextTest,false,0,"{""links"":[],""totalCount"":0,""wcagLevel"":""A"",""critical"":true}",Sun Feb 01 2026 21:01:49 GMT+0100 (Midden-Europese standaardtijd)
d9900904-a575-44ae-bfa9-8cc45c4b776b,b4b565c0-fb75-4421-a764-8542e078d452,24,EmptyLinkTest,false,0,"{""links"":[],""totalCount"":0,""wcagLevel"":""A"",""critical"":true}",Sun Feb 01 2026 21:01:49 GMT+0100 (Midden-Europese standaardtijd)
52d702c4-244c-48c8-97b4-00501d17a644,b4b565c0-fb75-4421-a764-8542e078d452,26,TableWithoutHeadersTest,false,0,"{""tables"":[],""totalCount"":0,""wcagLevel"":""A"",""critical"":true}",Sun Feb 01 2026 21:01:49 GMT+0100 (Midden-Europese standaardtijd)
696ec260-ae2b-4e52-a08a-a52959be3f99,b4b565c0-fb75-4421-a764-8542e078d452,27,ListTest,true,10,"{""lists"":[{""type"":""ul"",""itemCount"":0,""index"":1},{""type"":""ul"",""itemCount"":1,""index"":2},{""type"":""ul"",""itemCount"":2,""index"":3},{""type"":""ul"",""itemCount"":5,""index"":4},{""type"":""ul"",""itemCount"":2,""index"":5},{""type"":""ul"",""itemCount"":4,""index"":6},{""type"":""ul"",""itemCount"":4,""index"":7},{""type"":""ul"",""itemCount"":3,""index"":8},{""type"":""ul"",""itemCount"":2,""index"":9},{""type"":""ul"",""itemCount"":6,""index"":10}],""totalCount"":10,""informational"":true}",Sun Feb 01 2026 21:01:49 GMT+0100 (Midden-Europese standaardtijd)
073d282b-54e9-4410-a8ff-51a005190dcc,b4b565c0-fb75-4421-a764-8542e078d452,28,DefinitionListTest,false,0,"{""lists"":[],""totalCount"":0,""informational"":true}",Sun Feb 01 2026 21:01:49 GMT+0100 (Midden-Europese standaardtijd)
900e6394-d736-4262-98a8-91a5f9e50e10,b4b565c0-fb75-4421-a764-8542e078d452,31,FormMissingFieldsetTest,false,0,"{""forms"":[],""totalCount"":0,""wcagLevel"":""A""}",Sun Feb 01 2026 21:01:49 GMT+0100 (Midden-Europese standaardtijd)
bc877023-c35f-4d9e-828c-a615620e7fa2,b4b565c0-fb75-4421-a764-8542e078d452,32,InputMissingLabelTest,false,0,"{""inputs"":[],""totalCount"":0,""wcagLevel"":""A"",""critical"":true}",Sun Feb 01 2026 21:01:49 GMT+0100 (Midden-Europese standaardtijd)
d6c652d6-47ef-42e0-aec1-064048271233,b4b565c0-fb75-4421-a764-8542e078d452,33,ButtonEmptyTest,false,0,"{""buttons"":[],""totalCount"":0,""wcagLevel"":""A"",""critical"":true}",Sun Feb 01 2026 21:01:49 GMT+0100 (Midden-Europese standaardtijd)
30448611-3de7-4350-938f-efb38af7e7b4,b4b565c0-fb75-4421-a764-8542e078d452,34,HeadingEmptyTest,true,1,"{""headings"":[{""level"":""h1"",""html"":""""}],""totalCount"":1,""wcagLevel"":""A"",""critical"":true}",Sun Feb 01 2026 21:01:49 GMT+0100 (Midden-Europese standaardtijd)
e8cc38da-33b1-4fb7-8782-b97ddeb39d5c,b4b565c0-fb75-4421-a764-8542e078d452,35,HeadingSkipLevelTest,false,0,"{""violations"":[],""totalCount"":0,""wcagLevel"":""AA""}",Sun Feb 01 2026 21:01:49 GMT+0100 (Midden-Europese standaardtijd)
509cfaf4-0b40-47fa-b0ba-1fc877ea9328,b4b565c0-fb75-4421-a764-8542e078d452,36,SkipLinkTest,false,0,"{""skipLinks"":[],""informational"":true}",Sun Feb 01 2026 21:01:49 GMT+0100 (Midden-Europese standaardtijd)
6ca2f186-a235-46a6-9f25-0369ff8290eb,b4b565c0-fb75-4421-a764-8542e078d452,37,AriaLandmarksTest,true,14,"{""landmarks"":[{""type"":""aria-role"",""role"":""navigation"",""tag"":""nav""},{""type"":""aria-role"",""role"":""navigation"",""tag"":""nav""},{""type"":""aria-role"",""role"":""navigation"",""tag"":""nav""},{""type"":""aria-role"",""role"":""navigation"",""tag"":""nav""},{""type"":""semantic"",""tag"":""header""},{""type"":""semantic"",""tag"":""nav""},{""type"":""semantic"",""tag"":""nav""},{""type"":""semantic"",""tag"":""nav""},{""type"":""semantic"",""tag"":""nav""},{""type"":""semantic"",""tag"":""main""}],""totalCount"":14,""informational"":true}",Sun Feb 01 2026 21:01:49 GMT+0100 (Midden-Europese standaardtijd)
3380b43d-2fe6-4a96-a7b2-ce01dbd7f563,b4b565c0-fb75-4421-a764-8542e078d452,38,Element has tabindex,false,0,"{""description"":""Page has elements with tabindex"",""informational"":true}",Sun Feb 01 2026 21:01:49 GMT+0100 (Midden-Europese standaardtijd)
d38a9e61-c777-42ea-b252-978562eb5666,b4b565c0-fb75-4421-a764-8542e078d452,39,Page has list,true,10,"{""description"":""Page has lists"",""informational"":true}",Sun Feb 01 2026 21:01:49 GMT+0100 (Midden-Europese standaardtijd)
a76fcd61-939e-4227-91f8-4b54470d518b,b4b565c0-fb75-4421-a764-8542e078d452,40,Page has elements with aria-label,true,2,"{""description"":""Elements with ARIA labels"",""informational"":true}",Sun Feb 01 2026 21:01:49 GMT+0100 (Midden-Europese standaardtijd)
822ea39d-6001-45b0-8f5b-b03eb210413c,b4b565c0-fb75-4421-a764-8542e078d452,41,Page has elements with aria-expanded,true,1,"{""description"":""Expandable elements"",""informational"":true}",Sun Feb 01 2026 21:01:49 GMT+0100 (Midden-Europese standaardtijd)
bae99ce2-d811-4714-a84e-9f62b3c04d3f,b4b565c0-fb75-4421-a764-8542e078d452,42,Page has pictures,false,0,"{""description"":""Page contains picture elements"",""informational"":true}",Sun Feb 01 2026 21:01:49 GMT+0100 (Midden-Europese standaardtijd)
0959f93b-3c43-44ab-9bd6-da56bd8e15cf,b4b565c0-fb75-4421-a764-8542e078d452,43,Page has images,true,19,"{""description"":""Page contains images"",""informational"":true}",Sun Feb 01 2026 21:01:49 GMT+0100 (Midden-Europese standaardtijd)
484a5d65-25b7-47fa-84f4-ed1ee84e49fc,b4b565c0-fb75-4421-a764-8542e078d452,44,Page has decorative images or text alternative is missing,true,16,"{""description"":""Decorative or missing alt"",""informational"":true}",Sun Feb 01 2026 21:01:49 GMT+0100 (Midden-Europese standaardtijd)
20d42703-d1b9-4578-9b41-e17ae26183ea,b4b565c0-fb75-4421-a764-8542e078d452,45,Page has elements with aria-describedby,false,0,"{""description"":""Elements with descriptions"",""informational"":true}",Sun Feb 01 2026 21:01:49 GMT+0100 (Midden-Europese standaardtijd)
cf70f219-a811-4ecd-8954-e639312fd4ac,b4b565c0-fb75-4421-a764-8542e078d452,46,Page has a button with aria-label,false,0,"{""description"":""Buttons with ARIA labels"",""informational"":true}",Sun Feb 01 2026 21:01:49 GMT+0100 (Midden-Europese standaardtijd)
8bbbab28-af07-4479-867d-37bb0c220d2e,b4b565c0-fb75-4421-a764-8542e078d452,47,Form with required input fields is validated by browser,false,0,"{""description"":""Browser-validated forms"",""informational"":true}",Sun Feb 01 2026 21:01:49 GMT+0100 (Midden-Europese standaardtijd)
4fca950d-ab9e-4663-afe8-af44c9ad9cee,b4b565c0-fb75-4421-a764-8542e078d452,49,Page has elements with aria-labelledby,true,2,"{""description"":""Elements with labelledby"",""informational"":true}",Sun Feb 01 2026 21:01:49 GMT+0100 (Midden-Europese standaardtijd)
2ba5e03f-a88d-43f5-9e50-f73023106a11,b4b565c0-fb75-4421-a764-8542e078d452,52,Page has SVG-images,true,20,"{""description"":""Page contains SVG"",""informational"":true}",Sun Feb 01 2026 21:01:49 GMT+0100 (Midden-Europese standaardtijd)
f1894774-726a-41ee-9d30-ec4b83079563,b4b565c0-fb75-4421-a764-8542e078d452,53,Page has elements with role=menu,false,0,"{""description"":""Menu elements"",""informational"":true}",Sun Feb 01 2026 21:01:49 GMT+0100 (Midden-Europese standaardtijd)
fd5dff84-1c39-44fd-b4b3-a049b79d5c45,b4b565c0-fb75-4421-a764-8542e078d452,54,Page has fieldset without legend,false,0,"{""description"":""Fieldsets missing legends"",""informational"":true}",Sun Feb 01 2026 21:01:49 GMT+0100 (Midden-Europese standaardtijd)
ea258bf0-563f-4bb7-874a-073f8c72c550,b4b565c0-fb75-4421-a764-8542e078d452,55,Page has dialog or modal window,false,0,"{""description"":""Dialog elements"",""informational"":true}",Sun Feb 01 2026 21:01:49 GMT+0100 (Midden-Europese standaardtijd)
f6e6c662-09b3-4293-8366-b4eed0819303,b4b565c0-fb75-4421-a764-8542e078d452,56,Page has interactive image,false,0,"{""description"":""Interactive images"",""informational"":true}",Sun Feb 01 2026 21:01:49 GMT+0100 (Midden-Europese standaardtijd)
4bc53a9d-53fc-4732-864d-7feac3eca1d0,b4b565c0-fb75-4421-a764-8542e078d452,10,Page has aria-hidden element,true,7,"{""description"":""Hidden elements"",""informational"":true}",Sun Feb 01 2026 21:01:49 GMT+0100 (Midden-Europese standaardtijd)
900b4dfb-b375-4c65-9297-3c7aea735bdb,b4b565c0-fb75-4421-a764-8542e078d452,58,Page has input fields with autocomplete,false,0,"{""description"":""Autocomplete fields"",""informational"":true}",Sun Feb 01 2026 21:01:49 GMT+0100 (Midden-Europese standaardtijd)
e71744e7-332e-4387-8b34-5175614b8a37,b4b565c0-fb75-4421-a764-8542e078d452,59,Page has aria-invalid element,false,0,"{""description"":""Invalid elements"",""informational"":true}",Sun Feb 01 2026 21:01:49 GMT+0100 (Midden-Europese standaardtijd)
27988cb7-1eee-414e-984f-3efdd134586d,b4b565c0-fb75-4421-a764-8542e078d452,60,Page has aria-required element,false,0,"{""description"":""Required elements"",""informational"":true}",Sun Feb 01 2026 21:01:49 GMT+0100 (Midden-Europese standaardtijd)
7a8b3e1b-5e92-4f0e-a46d-837af9b4eab8,b4b565c0-fb75-4421-a764-8542e078d452,61,Page has accesskey,false,0,"{""description"":""Accesskey attributes"",""informational"":true}",Sun Feb 01 2026 21:01:49 GMT+0100 (Midden-Europese standaardtijd)
5ffd00d6-54c6-48fa-ba1e-ec9ce3b71692,b4b565c0-fb75-4421-a764-8542e078d452,62,Page has aria-live element,false,0,"{""description"":""Live regions"",""informational"":true}",Sun Feb 01 2026 21:01:49 GMT+0100 (Midden-Europese standaardtijd)
d72afa66-0942-4435-b444-96a84cede26c,b4b565c0-fb75-4421-a764-8542e078d452,65,Page has strong or bold,false,0,"{""description"":""Bold text"",""informational"":true}",Sun Feb 01 2026 21:01:49 GMT+0100 (Midden-Europese standaardtijd)
b12cb904-9179-4fe7-8cc3-617433102edf,b4b565c0-fb75-4421-a764-8542e078d452,66,Page has em or italic,false,0,"{""description"":""Italic text"",""informational"":true}",Sun Feb 01 2026 21:01:49 GMT+0100 (Midden-Europese standaardtijd)
8a0fe396-e255-4cbc-b28e-b091132b5a89,b4b565c0-fb75-4421-a764-8542e078d452,67,Page has preformatted text,false,0,"{""description"":""Preformatted content"",""informational"":true}",Sun Feb 01 2026 21:01:49 GMT+0100 (Midden-Europese standaardtijd)
bd668420-f6bf-4370-880e-18e4141c0af7,b4b565c0-fb75-4421-a764-8542e078d452,68,Page has code block,false,0,"{""description"":""Code blocks"",""informational"":true}",Sun Feb 01 2026 21:01:49 GMT+0100 (Midden-Europese standaardtijd)
73dd0996-6264-424b-9b6a-97077918a4be,b4b565c0-fb75-4421-a764-8542e078d452,69,Page has blockquote,false,0,"{""description"":""Quote blocks"",""informational"":true}",Sun Feb 01 2026 21:01:49 GMT+0100 (Midden-Europese standaardtijd)
98b9f60b-002e-42d8-bca8-93e921f930a3,b4b565c0-fb75-4421-a764-8542e078d452,70,Page has abbreviation,false,0,"{""description"":""Abbreviations"",""informational"":true}",Sun Feb 01 2026 21:01:49 GMT+0100 (Midden-Europese standaardtijd)
cccd37c7-59ba-4f6f-a1d2-becad3b61adc,b4b565c0-fb75-4421-a764-8542e078d452,71,Page has citation,false,0,"{""description"":""Citations"",""informational"":true}",Sun Feb 01 2026 21:01:49 GMT+0100 (Midden-Europese standaardtijd)
0f0e3ee0-e21a-41a6-b293-688da0b1ae43,b4b565c0-fb75-4421-a764-8542e078d452,72,Page has marked text,false,0,"{""description"":""Highlighted text"",""informational"":true}",Sun Feb 01 2026 21:01:49 GMT+0100 (Midden-Europese standaardtijd)
f4d0ac37-e680-4d81-a9f3-af1084b82fee,b4b565c0-fb75-4421-a764-8542e078d452,73,Page has subscript,false,0,"{""description"":""Subscript text"",""informational"":true}",Sun Feb 01 2026 21:01:49 GMT+0100 (Midden-Europese standaardtijd)
59f200d0-95a7-4a9a-a93c-f3dfddd5980f,b4b565c0-fb75-4421-a764-8542e078d452,74,Page has superscript,false,0,"{""description"":""Superscript text"",""informational"":true}",Sun Feb 01 2026 21:01:49 GMT+0100 (Midden-Europese standaardtijd)
adf13c1d-82ad-4551-a44d-7d4f7ca5b886,b4b565c0-fb75-4421-a764-8542e078d452,75,Page has time,false,0,"{""description"":""Time elements"",""informational"":true}",Sun Feb 01 2026 21:01:49 GMT+0100 (Midden-Europese standaardtijd)
5ed5b097-003f-4bd3-bdec-0043a6e65bd2,b4b565c0-fb75-4421-a764-8542e078d452,76,Page has data,false,0,"{""description"":""Data elements"",""informational"":true}",Sun Feb 01 2026 21:01:49 GMT+0100 (Midden-Europese standaardtijd)
7a6e264a-f670-4ad1-89bc-3f16f212cebf,b4b565c0-fb75-4421-a764-8542e078d452,77,Page has details,false,0,"{""description"":""Details elements"",""informational"":true}",Sun Feb 01 2026 21:01:49 GMT+0100 (Midden-Europese standaardtijd)
736a50e6-451a-437d-82c3-907e50f2be34,b4b565c0-fb75-4421-a764-8542e078d452,78,Page has summary,false,0,"{""description"":""Summary elements"",""informational"":true}",Sun Feb 01 2026 21:01:49 GMT+0100 (Midden-Europese standaardtijd)
74e499f4-41eb-4f1a-a2ca-72fb5b00ca2b,b4b565c0-fb75-4421-a764-8542e078d452,79,Page has article,false,0,"{""description"":""Article elements"",""informational"":true}",Sun Feb 01 2026 21:01:49 GMT+0100 (Midden-Europese standaardtijd)
42c80b0a-538c-478e-b6a3-a71eebeeb86a,b4b565c0-fb75-4421-a764-8542e078d452,80,Page has section,true,3,"{""description"":""Section elements"",""informational"":true}",Sun Feb 01 2026 21:01:49 GMT+0100 (Midden-Europese standaardtijd)
86e67a48-6211-416f-9515-ddda064f1d1a,b4b565c0-fb75-4421-a764-8542e078d452,81,Page has nav,true,6,"{""description"":""Navigation elements"",""informational"":true}",Sun Feb 01 2026 21:01:49 GMT+0100 (Midden-Europese standaardtijd)
6abc8be5-e7df-4fde-9260-4c9b9a9fe4e4,b4b565c0-fb75-4421-a764-8542e078d452,82,Page has aside,false,0,"{""description"":""Aside elements"",""informational"":true}",Sun Feb 01 2026 21:01:49 GMT+0100 (Midden-Europese standaardtijd)
7bde4f8f-4825-4447-95a9-3ee68541ed50,b4b565c0-fb75-4421-a764-8542e078d452,83,Page has header,true,2,"{""description"":""Header elements"",""informational"":true}",Sun Feb 01 2026 21:01:49 GMT+0100 (Midden-Europese standaardtijd)
be4269c3-7244-4064-986d-36e8b03afd3a,b4b565c0-fb75-4421-a764-8542e078d452,84,Page has footer,true,1,"{""description"":""Footer elements"",""informational"":true}",Sun Feb 01 2026 21:01:49 GMT+0100 (Midden-Europese standaardtijd)
5aca6891-d562-4acc-bd8d-0534412f4576,b4b565c0-fb75-4421-a764-8542e078d452,85,Page has main,true,1,"{""description"":""Main content"",""informational"":true}",Sun Feb 01 2026 21:01:49 GMT+0100 (Midden-Europese standaardtijd)
f3cb21e1-70db-4306-bd68-c835661f23ee,b4b565c0-fb75-4421-a764-8542e078d452,86,Page has figure,false,0,"{""description"":""Figure elements"",""informational"":true}",Sun Feb 01 2026 21:01:49 GMT+0100 (Midden-Europese standaardtijd)
8e3b545d-8a3f-4947-b7d3-b2cb59c5b7d9,b4b565c0-fb75-4421-a764-8542e078d452,87,Page has figcaption,false,0,"{""description"":""Figure captions"",""informational"":true}",Sun Feb 01 2026 21:01:49 GMT+0100 (Midden-Europese standaardtijd)
e3baab71-ccc9-4e7e-baec-24dbe09a6b39,b4b565c0-fb75-4421-a764-8542e078d452,88,Page has address,false,0,"{""description"":""Address elements"",""informational"":true}",Sun Feb 01 2026 21:01:49 GMT+0100 (Midden-Europese standaardtijd)
ff469571-b9f9-4e8f-b2e3-899c97eefe04,b4b565c0-fb75-4421-a764-8542e078d452,89,Page has progress,false,0,"{""description"":""Progress bars"",""informational"":true}",Sun Feb 01 2026 21:01:49 GMT+0100 (Midden-Europese standaardtijd)
6dfc7cd5-e5a9-42b9-a7e5-7f3d9a28efd4,b4b565c0-fb75-4421-a764-8542e078d452,90,Page has meter,false,0,"{""description"":""Meter elements"",""informational"":true}",Sun Feb 01 2026 21:01:49 GMT+0100 (Midden-Europese standaardtijd)
142cbcda-8476-48ac-b2e9-12f712658f65,b4b565c0-fb75-4421-a764-8542e078d452,91,Page has output,false,0,"{""description"":""Output elements"",""informational"":true}",Sun Feb 01 2026 21:01:49 GMT+0100 (Midden-Europese standaardtijd)
8b98816b-6255-457a-a939-c63f0a94b06f,b4b565c0-fb75-4421-a764-8542e078d452,92,Page has canvas,false,0,"{""description"":""Canvas elements"",""informational"":true}",Sun Feb 01 2026 21:01:49 GMT+0100 (Midden-Europese standaardtijd)
8268491c-237b-4690-b33f-c2d4c82b148b,b4b565c0-fb75-4421-a764-8542e078d452,93,Page has object,false,0,"{""description"":""Object embeds"",""informational"":true}",Sun Feb 01 2026 21:01:49 GMT+0100 (Midden-Europese standaardtijd)
7fd32fe8-0646-40c0-85b5-2d60d288861c,b4b565c0-fb75-4421-a764-8542e078d452,94,Page has embed,false,0,"{""description"":""Embed elements"",""informational"":true}",Sun Feb 01 2026 21:01:49 GMT+0100 (Midden-Europese standaardtijd)
7975fafc-a116-4e27-b41d-bf6ae1849943,b4b565c0-fb75-4421-a764-8542e078d452,95,Page has param,false,0,"{""description"":""Param elements"",""informational"":true}",Sun Feb 01 2026 21:01:49 GMT+0100 (Midden-Europese standaardtijd)
d47009b8-ae0d-4cc7-b57c-55762468820c,b4b565c0-fb75-4421-a764-8542e078d452,96,Page has source,false,0,"{""description"":""Source elements"",""informational"":true}",Sun Feb 01 2026 21:01:49 GMT+0100 (Midden-Europese standaardtijd)
8a7150c8-4ba9-4e6e-a9db-42e24991820d,b4b565c0-fb75-4421-a764-8542e078d452,97,Page has track,false,0,"{""description"":""Track elements (captions)"",""informational"":true}",Sun Feb 01 2026 21:01:49 GMT+0100 (Midden-Europese standaardtijd)
ae63ab5f-3f00-4ec4-a60c-8ad4146bfc4f,b4b565c0-fb75-4421-a764-8542e078d452,98,Page has map,false,0,"{""description"":""Image maps"",""informational"":true}",Sun Feb 01 2026 21:01:49 GMT+0100 (Midden-Europese standaardtijd)
2c55bd3e-88db-48cb-8e94-657f4b045955,b4b565c0-fb75-4421-a764-8542e078d452,99,Page has area,false,0,"{""description"":""Map areas"",""informational"":true}",Sun Feb 01 2026 21:01:49 GMT+0100 (Midden-Europese standaardtijd)
a7315aaa-3267-4b0f-bc3d-7552d2a2575a,b4b565c0-fb75-4421-a764-8542e078d452,100,Page has select,false,0,"{""description"":""Select dropdowns"",""informational"":true}",Sun Feb 01 2026 21:01:49 GMT+0100 (Midden-Europese standaardtijd)
775ee378-ef51-45e2-9a30-b800fc6d4757,b4b565c0-fb75-4421-a764-8542e078d452,101,Page has optgroup,false,0,"{""description"":""Option groups"",""informational"":true}",Sun Feb 01 2026 21:01:49 GMT+0100 (Midden-Europese standaardtijd)
9681be65-27a6-4c94-81b9-497a128551ea,b4b565c0-fb75-4421-a764-8542e078d452,102,Page has option,false,0,"{""description"":""Select options"",""informational"":true}",Sun Feb 01 2026 21:01:49 GMT+0100 (Midden-Europese standaardtijd)
06a671fa-23ad-4a02-b579-b9e71f0650c3,b4b565c0-fb75-4421-a764-8542e078d452,103,Page has textarea,false,0,"{""description"":""Text areas"",""informational"":true}",Sun Feb 01 2026 21:01:49 GMT+0100 (Midden-Europese standaardtijd)
9676e9b2-d2d6-4733-8f12-064f7265e7d3,b4b565c0-fb75-4421-a764-8542e078d452,104,Page has keygen,false,0,"{""description"":""Keygen elements"",""informational"":true}",Sun Feb 01 2026 21:01:49 GMT+0100 (Midden-Europese standaardtijd)
99f31170-597e-4045-932f-2f462a982573,b4b565c0-fb75-4421-a764-8542e078d452,105,Page has datalist,false,0,"{""description"":""Data lists"",""informational"":true}",Sun Feb 01 2026 21:01:49 GMT+0100 (Midden-Europese standaardtijd)
c5d67176-76cc-49aa-815e-d39a8a44dfda,b4b565c0-fb75-4421-a764-8542e078d452,106,"Page has input type=""checkbox""",false,0,"{""description"":""Checkboxes"",""informational"":true}",Sun Feb 01 2026 21:01:49 GMT+0100 (Midden-Europese standaardtijd)
a9e5c172-cee1-4d66-a2a7-cca6d11312d0,b4b565c0-fb75-4421-a764-8542e078d452,107,"Page has input type=""radio""",false,0,"{""description"":""Radio buttons"",""informational"":true}",Sun Feb 01 2026 21:01:49 GMT+0100 (Midden-Europese standaardtijd)
60c54eb8-65bd-4457-a6bb-f20be2771a81,b4b565c0-fb75-4421-a764-8542e078d452,108,"Page has input type=""submit""",false,0,"{""description"":""Submit buttons"",""informational"":true}",Sun Feb 01 2026 21:01:49 GMT+0100 (Midden-Europese standaardtijd)
5ae3f9b7-f96c-4290-9fbb-f21d5db6cc5b,b4b565c0-fb75-4421-a764-8542e078d452,109,"Page has input type=""reset""",false,0,"{""description"":""Reset buttons"",""informational"":true}",Sun Feb 01 2026 21:01:49 GMT+0100 (Midden-Europese standaardtijd)
e0351109-06c5-4db0-8dc5-4b1fc59b07bc,b4b565c0-fb75-4421-a764-8542e078d452,110,"Page has input type=""button""",false,0,"{""description"":""Button inputs"",""informational"":true}",Sun Feb 01 2026 21:01:49 GMT+0100 (Midden-Europese standaardtijd)
72f53e66-6d20-4a8b-88be-a6b9d5fb94eb,b4b565c0-fb75-4421-a764-8542e078d452,111,"Page has input type=""file""",false,0,"{""description"":""File inputs"",""informational"":true}",Sun Feb 01 2026 21:01:49 GMT+0100 (Midden-Europese standaardtijd)
69b590a4-5681-42c8-9aba-2df0ac5f4751,b4b565c0-fb75-4421-a764-8542e078d452,112,"Page has input type=""hidden""",false,0,"{""description"":""Hidden inputs"",""informational"":true}",Sun Feb 01 2026 21:01:49 GMT+0100 (Midden-Europese standaardtijd)
321fe9e8-61be-4b5f-902c-1642ab58a20f,b4b565c0-fb75-4421-a764-8542e078d452,113,"Page has input type=""image""",false,0,"{""description"":""Image buttons"",""informational"":true}",Sun Feb 01 2026 21:01:49 GMT+0100 (Midden-Europese standaardtijd)
e5c9dda6-a9e5-4de7-9f8e-ece459191636,b4b565c0-fb75-4421-a764-8542e078d452,114,"Page has input type=""date""",false,0,"{""description"":""Date pickers"",""informational"":true}",Sun Feb 01 2026 21:01:49 GMT+0100 (Midden-Europese standaardtijd)
36d4809f-0e68-4452-8b7d-f843d86d5dd0,b4b565c0-fb75-4421-a764-8542e078d452,115,"Page has input type=""time""",false,0,"{""description"":""Time pickers"",""informational"":true}",Sun Feb 01 2026 21:01:49 GMT+0100 (Midden-Europese standaardtijd)
626e0787-0eca-43d3-9682-2ffb0de94656,b4b565c0-fb75-4421-a764-8542e078d452,116,"Page has input type=""datetime-local""",false,0,"{""description"":""Datetime pickers"",""informational"":true}",Sun Feb 01 2026 21:01:49 GMT+0100 (Midden-Europese standaardtijd)
05ef4cad-846f-4c74-b891-bc8d4eaef5d2,b4b565c0-fb75-4421-a764-8542e078d452,117,"Page has input type=""month""",false,0,"{""description"":""Month pickers"",""informational"":true}",Sun Feb 01 2026 21:01:49 GMT+0100 (Midden-Europese standaardtijd)
c6f0fe10-c5f5-4a9d-9fa5-82f6fad366fa,b4b565c0-fb75-4421-a764-8542e078d452,118,"Page has input type=""week""",false,0,"{""description"":""Week pickers"",""informational"":true}",Sun Feb 01 2026 21:01:49 GMT+0100 (Midden-Europese standaardtijd)
17c549f4-60de-4cb2-b4e2-286aa45c01d4,b4b565c0-fb75-4421-a764-8542e078d452,119,"Page has input type=""color""",false,0,"{""description"":""Color pickers"",""informational"":true}",Sun Feb 01 2026 21:01:49 GMT+0100 (Midden-Europese standaardtijd)
51bb1238-f11c-4390-8cbc-98d6f376129f,b4b565c0-fb75-4421-a764-8542e078d452,120,"Page has input type=""range""",false,0,"{""description"":""Range sliders"",""informational"":true}",Sun Feb 01 2026 21:01:49 GMT+0100 (Midden-Europese standaardtijd)
b8b1fe56-76ab-4e31-8b14-98ae0fcd8ebf,b4b565c0-fb75-4421-a764-8542e078d452,121,"Page has input type=""search""",true,2,"{""description"":""Search inputs"",""informational"":true}",Sun Feb 01 2026 21:01:49 GMT+0100 (Midden-Europese standaardtijd)
2444dedf-ee5f-4b6a-8576-d3468d4f9ed1,b4b565c0-fb75-4421-a764-8542e078d452,122,"Page has input type=""tel""",false,0,"{""description"":""Telephone inputs"",""informational"":true}",Sun Feb 01 2026 21:01:49 GMT+0100 (Midden-Europese standaardtijd)
8fdb402b-1592-436f-9452-a97ad8d128f9,b4b565c0-fb75-4421-a764-8542e078d452,123,"Page has input type=""url""",false,0,"{""description"":""URL inputs"",""informational"":true}",Sun Feb 01 2026 21:01:49 GMT+0100 (Midden-Europese standaardtijd)
36980e46-d3c0-4e61-855d-006e253b1904,b4b565c0-fb75-4421-a764-8542e078d452,124,"Page has input type=""email""",false,0,"{""description"":""Email inputs"",""informational"":true}",Sun Feb 01 2026 21:01:49 GMT+0100 (Midden-Europese standaardtijd)
b529bf6f-f423-443f-b4c6-227298a3128e,b4b565c0-fb75-4421-a764-8542e078d452,125,"Page has input type=""number""",false,0,"{""description"":""Number inputs"",""informational"":true}",Sun Feb 01 2026 21:01:49 GMT+0100 (Midden-Europese standaardtijd)
d84c9345-8c4f-419e-bbdd-45d89c805c35,b4b565c0-fb75-4421-a764-8542e078d452,126,"Page has input type=""password""",false,0,"{""description"":""Password fields"",""informational"":true}",Sun Feb 01 2026 21:01:49 GMT+0100 (Midden-Europese standaardtijd)
615c0b8e-71e7-4bc7-9e95-f6d279eca6c8,b4b565c0-fb75-4421-a764-8542e078d452,127,"Page has input type=""text""",false,0,"{""description"":""Text inputs"",""informational"":true}",Sun Feb 01 2026 21:01:49 GMT+0100 (Midden-Europese standaardtijd)
7ca1b633-929d-4315-ad7c-2ecf4f8ec432,b4b565c0-fb75-4421-a764-8542e078d452,128,Page has label,true,2,"{""description"":""Label elements"",""informational"":true}",Sun Feb 01 2026 21:01:49 GMT+0100 (Midden-Europese standaardtijd)
b5d9644a-29fd-4279-816f-22e7d4aca08a,b4b565c0-fb75-4421-a764-8542e078d452,129,Page has legend,false,0,"{""description"":""Legend elements"",""informational"":true}",Sun Feb 01 2026 21:01:49 GMT+0100 (Midden-Europese standaardtijd)
a17e056c-d1e3-4fbb-888d-85284254b9bb,b4b565c0-fb75-4421-a764-8542e078d452,130,Page has fieldset,false,0,"{""description"":""Fieldset elements"",""informational"":true}",Sun Feb 01 2026 21:01:49 GMT+0100 (Midden-Europese standaardtijd)
52c5cc94-54d2-4d8d-ae8f-eded0d51e8ba,b3cada4b-b578-416e-bdf7-aedb72a1c3d1,48,LangAttributeMissingTest,false,0,"{""langValue"":""nl"",""wcagLevel"":""A"",""critical"":true}",Sun Feb 01 2026 21:01:51 GMT+0100 (Midden-Europese standaardtijd)
42b3cc2e-098b-423e-baf1-c632a8794e0a,b3cada4b-b578-416e-bdf7-aedb72a1c3d1,50,TitleMissingTest,false,0,"{""wcagLevel"":""A"",""critical"":true}",Sun Feb 01 2026 21:01:51 GMT+0100 (Midden-Europese standaardtijd)
d897faa5-bff1-4f42-8f65-4ff111c93a8c,b3cada4b-b578-416e-bdf7-aedb72a1c3d1,51,TitleEmptyTest,false,0,"{""titleText"":""Home | DigiD"",""wcagLevel"":""A"",""critical"":true}",Sun Feb 01 2026 21:01:51 GMT+0100 (Midden-Europese standaardtijd)
9945a377-c841-4182-8abb-1f602406766f,b3cada4b-b578-416e-bdf7-aedb72a1c3d1,64,ImgMissingAltTest,false,0,"{""images"":[],""totalCount"":0,""wcagLevel"":""A"",""critical"":true}",Sun Feb 01 2026 21:01:51 GMT+0100 (Midden-Europese standaardtijd)
97e08f37-72e2-4028-91e5-669931194aa2,b3cada4b-b578-416e-bdf7-aedb72a1c3d1,30,FormMissingLabelsTest,false,0,"{""forms"":[],""wcagLevel"":""A"",""critical"":true}",Sun Feb 01 2026 21:01:51 GMT+0100 (Midden-Europese standaardtijd)
c45487c4-3c0d-47ed-a9f3-225fc671cfe8,b3cada4b-b578-416e-bdf7-aedb72a1c3d1,57,HeadingsAtLeastOneH1Test,false,0,"{""h1Count"":2,""h1Texts"":[""Laat zien wie je bent"",""""],""wcagLevel"":""A"",""critical"":true}",Sun Feb 01 2026 21:01:51 GMT+0100 (Midden-Europese standaardtijd)
dc9b2cd6-bb04-4672-a8a7-27a0567f6083,b3cada4b-b578-416e-bdf7-aedb72a1c3d1,7,IframeMissingAccessibleNameTest,false,0,"{""iframes"":[],""totalCount"":0,""wcagLevel"":""A"",""critical"":true}",Sun Feb 01 2026 21:01:51 GMT+0100 (Midden-Europese standaardtijd)
8c624197-4b89-40a5-ad30-c418da013106,b3cada4b-b578-416e-bdf7-aedb72a1c3d1,25,TableTest,false,0,"{""tables"":[],""totalCount"":0,""informational"":true}",Sun Feb 01 2026 21:01:51 GMT+0100 (Midden-Europese standaardtijd)
433f3a35-5ad2-43b8-84c0-616d073410ea,b3cada4b-b578-416e-bdf7-aedb72a1c3d1,29,FormTest,true,2,"{""forms"":[{""index"":1,""action"":""#"",""method"":""GET"",""inputCount"":1},{""index"":2,""action"":""#"",""method"":""GET"",""inputCount"":1}],""totalCount"":2,""informational"":true}",Sun Feb 01 2026 21:01:51 GMT+0100 (Midden-Europese standaardtijd)
708a6db4-cebc-4f72-b9ab-71bc291a8bf1,b3cada4b-b578-416e-bdf7-aedb72a1c3d1,63,ImgTest,true,19,"{""totalImages"":19,""withAlt"":19,""withoutAlt"":0,""withEmptyAlt"":16,""informational"":true}",Sun Feb 01 2026 21:01:51 GMT+0100 (Midden-Europese standaardtijd)
47f21ea8-9a46-4c91-9ac5-8106c300185b,b3cada4b-b578-416e-bdf7-aedb72a1c3d1,1,IframeIsVimeoVideoWithKeysDisabledTest,false,0,"{""iframes"":[],""totalCount"":0}",Sun Feb 01 2026 21:01:51 GMT+0100 (Midden-Europese standaardtijd)
bdca0e95-5038-4cf8-b007-cb88a8fd60a0,b3cada4b-b578-416e-bdf7-aedb72a1c3d1,2,ImgAltTooLongTest,false,0,"{""images"":[],""totalCount"":0}",Sun Feb 01 2026 21:01:51 GMT+0100 (Midden-Europese standaardtijd)
8f41dbb9-3eb7-47ab-b080-fdaab770a249,b3cada4b-b578-416e-bdf7-aedb72a1c3d1,3,ViewportMetaRestrictsScalingTest,false,0,"{""content"":""width=device-width, initial-scale=1"",""restrictsScaling"":false}",Sun Feb 01 2026 21:01:51 GMT+0100 (Midden-Europese standaardtijd)
0442d78d-4412-47e5-b7ed-3365a56798a4,b3cada4b-b578-416e-bdf7-aedb72a1c3d1,4,ImageLinkMissingAccessibleNameTest,true,1,"{""links"":[{""href"":""/nl"",""imageCount"":1}],""totalCount"":1}",Sun Feb 01 2026 21:01:51 GMT+0100 (Midden-Europese standaardtijd)
343a4946-a23e-4515-94b3-b09ec50fa5da,b3cada4b-b578-416e-bdf7-aedb72a1c3d1,5,PageContainsLinkReadMoreTest,false,0,"{""links"":[],""totalCount"":0}",Sun Feb 01 2026 21:01:51 GMT+0100 (Midden-Europese standaardtijd)
7ff29ffd-8f01-431d-b415-c899a1ed02ea,b3cada4b-b578-416e-bdf7-aedb72a1c3d1,6,PageContainsMultipleSameLinksTest,true,15,"{""duplicateLinks"":[{""text"":""Mijn DigiD"",""occurrences"":2},{""text"":""Ik krijg een foutmelding in de DigiD app"",""occurrences"":3},{""text"":""Hoe activeer ik de DigiD app?"",""occurrences"":3},{""text"":""Hoe log ik in met de DigiD app?"",""occurrences"":2},{""text"":""Waarom lukt het activeren van mijn rijbewijs/ID-kaart niet?"",""occurrences"":3},{""text"":""Code invullen"",""occurrences"":2}],""totalCount"":15}",Sun Feb 01 2026 21:01:51 GMT+0100 (Midden-Europese standaardtijd)
c7f01991-eae5-4955-900c-ea7a885e83f3,b3cada4b-b578-416e-bdf7-aedb72a1c3d1,8,IframeIsYouTubeVideoWithKeysEnabledTest,false,0,"{""iframes"":[],""totalCount"":0}",Sun Feb 01 2026 21:01:51 GMT+0100 (Midden-Europese standaardtijd)
1a0910c3-61ad-44f8-9fd7-fdfc96d8d44a,b3cada4b-b578-416e-bdf7-aedb72a1c3d1,9,TableWithHeadingsTest,false,0,"{""tables"":[],""totalCount"":0}",Sun Feb 01 2026 21:01:51 GMT+0100 (Midden-Europese standaardtijd)
6f40db60-4fce-4dbb-b8ad-df4506c5e281,b3cada4b-b578-416e-bdf7-aedb72a1c3d1,11,IframeIsGoogleMapTest,false,0,"{""iframes"":[],""totalCount"":0}",Sun Feb 01 2026 21:01:51 GMT+0100 (Midden-Europese standaardtijd)
9558cfb3-f987-419b-a922-93f0e964a6af,b3cada4b-b578-416e-bdf7-aedb72a1c3d1,12,IframeIsScribitVideoTest,false,0,"{""iframes"":[],""totalCount"":0}",Sun Feb 01 2026 21:01:51 GMT+0100 (Midden-Europese standaardtijd)
dbae4776-51ef-42a9-9009-0e18c153f209,b3cada4b-b578-416e-bdf7-aedb72a1c3d1,13,IframeIsVimeoVideoWithKeysEnabledTest,false,0,"{""iframes"":[],""totalCount"":0}",Sun Feb 01 2026 21:01:51 GMT+0100 (Midden-Europese standaardtijd)
a6ee3eaf-61e6-4c2c-a2ef-b07f62a54707,b3cada4b-b578-416e-bdf7-aedb72a1c3d1,14,IframeIsVimeoVideoTest,false,0,"{""iframes"":[],""totalCount"":0}",Sun Feb 01 2026 21:01:51 GMT+0100 (Midden-Europese standaardtijd)
2217e569-c9c3-43ac-9adf-cca4ff9c0f1c,b3cada4b-b578-416e-bdf7-aedb72a1c3d1,15,IframeTest,false,0,"{""iframes"":[],""totalCount"":0,""informational"":true}",Sun Feb 01 2026 21:01:51 GMT+0100 (Midden-Europese standaardtijd)
de04aafe-cc9d-4c12-a456-ccdd8e8b109f,b3cada4b-b578-416e-bdf7-aedb72a1c3d1,16,AudioHasAutoplayTest,false,0,"{""audios"":[],""totalCount"":0}",Sun Feb 01 2026 21:01:51 GMT+0100 (Midden-Europese standaardtijd)
29a1ffcb-951f-43af-8d58-e5e61c4c4811,b3cada4b-b578-416e-bdf7-aedb72a1c3d1,17,AudioControlsTest,false,0,"{""audios"":[],""totalCount"":0,""informational"":true}",Sun Feb 01 2026 21:01:51 GMT+0100 (Midden-Europese standaardtijd)
94de507f-867e-40cb-bd9f-513925a85a7e,b3cada4b-b578-416e-bdf7-aedb72a1c3d1,18,AudioTest,false,0,"{""audios"":[],""totalCount"":0,""informational"":true}",Sun Feb 01 2026 21:01:51 GMT+0100 (Midden-Europese standaardtijd)
6bb221ad-2281-47da-8fac-6b88a8e1585f,b3cada4b-b578-416e-bdf7-aedb72a1c3d1,19,VideoHasAutoplayTest,false,0,"{""videos"":[],""totalCount"":0}",Sun Feb 01 2026 21:01:51 GMT+0100 (Midden-Europese standaardtijd)
594cc72f-5582-41b3-a973-6eded98bcd85,b3cada4b-b578-416e-bdf7-aedb72a1c3d1,20,VideoMissingTitleAriaTest,false,0,"{""videos"":[],""totalCount"":0}",Sun Feb 01 2026 21:01:51 GMT+0100 (Midden-Europese standaardtijd)
456b6480-56b3-432a-9e5d-90a304b567be,b3cada4b-b578-416e-bdf7-aedb72a1c3d1,21,VideoControlsTest,false,0,"{""videos"":[],""totalCount"":0,""informational"":true}",Sun Feb 01 2026 21:01:51 GMT+0100 (Midden-Europese standaardtijd)
85546c50-fe90-40e6-bb83-cdff83681381,b3cada4b-b578-416e-bdf7-aedb72a1c3d1,22,VideoTest,false,0,"{""videos"":[],""totalCount"":0,""informational"":true}",Sun Feb 01 2026 21:01:51 GMT+0100 (Midden-Europese standaardtijd)
337b182d-f72b-4454-82dc-3328c7ba71fa,b3cada4b-b578-416e-bdf7-aedb72a1c3d1,23,LinkWithoutTextTest,false,0,"{""links"":[],""totalCount"":0,""wcagLevel"":""A"",""critical"":true}",Sun Feb 01 2026 21:01:51 GMT+0100 (Midden-Europese standaardtijd)
bd2665fb-70e5-48a0-b085-8f00cd3b0f42,b3cada4b-b578-416e-bdf7-aedb72a1c3d1,24,EmptyLinkTest,false,0,"{""links"":[],""totalCount"":0,""wcagLevel"":""A"",""critical"":true}",Sun Feb 01 2026 21:01:51 GMT+0100 (Midden-Europese standaardtijd)
64f252ad-5bd2-48bd-91de-d70dbe7d6bbf,b3cada4b-b578-416e-bdf7-aedb72a1c3d1,26,TableWithoutHeadersTest,false,0,"{""tables"":[],""totalCount"":0,""wcagLevel"":""A"",""critical"":true}",Sun Feb 01 2026 21:01:51 GMT+0100 (Midden-Europese standaardtijd)
16249483-90ed-418f-84e7-cc4f9c668c70,b3cada4b-b578-416e-bdf7-aedb72a1c3d1,27,ListTest,true,10,"{""lists"":[{""type"":""ul"",""itemCount"":0,""index"":1},{""type"":""ul"",""itemCount"":1,""index"":2},{""type"":""ul"",""itemCount"":2,""index"":3},{""type"":""ul"",""itemCount"":5,""index"":4},{""type"":""ul"",""itemCount"":2,""index"":5},{""type"":""ul"",""itemCount"":4,""index"":6},{""type"":""ul"",""itemCount"":4,""index"":7},{""type"":""ul"",""itemCount"":3,""index"":8},{""type"":""ul"",""itemCount"":2,""index"":9},{""type"":""ul"",""itemCount"":6,""index"":10}],""totalCount"":10,""informational"":true}",Sun Feb 01 2026 21:01:51 GMT+0100 (Midden-Europese standaardtijd)
b67b23bb-28f2-4da7-bc56-e0f19738c5a4,b3cada4b-b578-416e-bdf7-aedb72a1c3d1,28,DefinitionListTest,false,0,"{""lists"":[],""totalCount"":0,""informational"":true}",Sun Feb 01 2026 21:01:51 GMT+0100 (Midden-Europese standaardtijd)
2fd50c78-5162-4685-96ca-a945cd9ebd06,b3cada4b-b578-416e-bdf7-aedb72a1c3d1,31,FormMissingFieldsetTest,false,0,"{""forms"":[],""totalCount"":0,""wcagLevel"":""A""}",Sun Feb 01 2026 21:01:51 GMT+0100 (Midden-Europese standaardtijd)
55b2fdd8-0725-4d9c-92ef-812849581bab,b3cada4b-b578-416e-bdf7-aedb72a1c3d1,32,InputMissingLabelTest,false,0,"{""inputs"":[],""totalCount"":0,""wcagLevel"":""A"",""critical"":true}",Sun Feb 01 2026 21:01:51 GMT+0100 (Midden-Europese standaardtijd)
d5cebbad-5ace-4c39-9f1a-73c7e3919db3,b3cada4b-b578-416e-bdf7-aedb72a1c3d1,33,ButtonEmptyTest,false,0,"{""buttons"":[],""totalCount"":0,""wcagLevel"":""A"",""critical"":true}",Sun Feb 01 2026 21:01:51 GMT+0100 (Midden-Europese standaardtijd)
cedd29a1-dfee-4ef4-a4cf-df01295fb134,b3cada4b-b578-416e-bdf7-aedb72a1c3d1,34,HeadingEmptyTest,true,1,"{""headings"":[{""level"":""h1"",""html"":""""}],""totalCount"":1,""wcagLevel"":""A"",""critical"":true}",Sun Feb 01 2026 21:01:51 GMT+0100 (Midden-Europese standaardtijd)
09d0890e-2ec0-4318-93a7-2103fa87584d,b3cada4b-b578-416e-bdf7-aedb72a1c3d1,35,HeadingSkipLevelTest,false,0,"{""violations"":[],""totalCount"":0,""wcagLevel"":""AA""}",Sun Feb 01 2026 21:01:51 GMT+0100 (Midden-Europese standaardtijd)
9d20a9a6-ac89-41a1-ad32-4e0520ce5f3a,b3cada4b-b578-416e-bdf7-aedb72a1c3d1,36,SkipLinkTest,false,0,"{""skipLinks"":[],""informational"":true}",Sun Feb 01 2026 21:01:51 GMT+0100 (Midden-Europese standaardtijd)
12800421-7504-487e-8b9a-fde2125b68fb,b3cada4b-b578-416e-bdf7-aedb72a1c3d1,37,AriaLandmarksTest,true,14,"{""landmarks"":[{""type"":""aria-role"",""role"":""navigation"",""tag"":""nav""},{""type"":""aria-role"",""role"":""navigation"",""tag"":""nav""},{""type"":""aria-role"",""role"":""navigation"",""tag"":""nav""},{""type"":""aria-role"",""role"":""navigation"",""tag"":""nav""},{""type"":""semantic"",""tag"":""header""},{""type"":""semantic"",""tag"":""nav""},{""type"":""semantic"",""tag"":""nav""},{""type"":""semantic"",""tag"":""nav""},{""type"":""semantic"",""tag"":""nav""},{""type"":""semantic"",""tag"":""main""}],""totalCount"":14,""informational"":true}",Sun Feb 01 2026 21:01:51 GMT+0100 (Midden-Europese standaardtijd)
76e61968-236c-48b7-85df-53015d2d29db,b3cada4b-b578-416e-bdf7-aedb72a1c3d1,38,Element has tabindex,false,0,"{""description"":""Page has elements with tabindex"",""informational"":true}",Sun Feb 01 2026 21:01:51 GMT+0100 (Midden-Europese standaardtijd)
6c83f04e-1245-44c5-b312-4bd246870afe,b3cada4b-b578-416e-bdf7-aedb72a1c3d1,39,Page has list,true,10,"{""description"":""Page has lists"",""informational"":true}",Sun Feb 01 2026 21:01:51 GMT+0100 (Midden-Europese standaardtijd)
e4cef866-b2c4-43a7-9bd6-49492664bb86,b3cada4b-b578-416e-bdf7-aedb72a1c3d1,40,Page has elements with aria-label,true,2,"{""description"":""Elements with ARIA labels"",""informational"":true}",Sun Feb 01 2026 21:01:51 GMT+0100 (Midden-Europese standaardtijd)
60598041-e03a-4094-b31a-be65d0538944,b3cada4b-b578-416e-bdf7-aedb72a1c3d1,41,Page has elements with aria-expanded,true,1,"{""description"":""Expandable elements"",""informational"":true}",Sun Feb 01 2026 21:01:51 GMT+0100 (Midden-Europese standaardtijd)
bda92d24-ff2f-4834-9b2a-ed4b0a74055b,b3cada4b-b578-416e-bdf7-aedb72a1c3d1,42,Page has pictures,false,0,"{""description"":""Page contains picture elements"",""informational"":true}",Sun Feb 01 2026 21:01:51 GMT+0100 (Midden-Europese standaardtijd)
8be174aa-a3dd-4d16-be1b-1be568b1b560,b3cada4b-b578-416e-bdf7-aedb72a1c3d1,43,Page has images,true,19,"{""description"":""Page contains images"",""informational"":true}",Sun Feb 01 2026 21:01:51 GMT+0100 (Midden-Europese standaardtijd)
33bc45e0-f83f-4be8-b95f-6696253cb088,b3cada4b-b578-416e-bdf7-aedb72a1c3d1,44,Page has decorative images or text alternative is missing,true,16,"{""description"":""Decorative or missing alt"",""informational"":true}",Sun Feb 01 2026 21:01:51 GMT+0100 (Midden-Europese standaardtijd)
4ef11949-6f30-48bb-a7f1-312691e05076,b3cada4b-b578-416e-bdf7-aedb72a1c3d1,45,Page has elements with aria-describedby,false,0,"{""description"":""Elements with descriptions"",""informational"":true}",Sun Feb 01 2026 21:01:51 GMT+0100 (Midden-Europese standaardtijd)
6f8f6230-8989-4a8d-b20b-a7237ac39148,b3cada4b-b578-416e-bdf7-aedb72a1c3d1,46,Page has a button with aria-label,false,0,"{""description"":""Buttons with ARIA labels"",""informational"":true}",Sun Feb 01 2026 21:01:51 GMT+0100 (Midden-Europese standaardtijd)
37744d5a-5511-46ec-ac01-f26822498eb8,b3cada4b-b578-416e-bdf7-aedb72a1c3d1,47,Form with required input fields is validated by browser,false,0,"{""description"":""Browser-validated forms"",""informational"":true}",Sun Feb 01 2026 21:01:51 GMT+0100 (Midden-Europese standaardtijd)
72f6f440-9d15-4986-a8bd-9dbb6754ad93,b3cada4b-b578-416e-bdf7-aedb72a1c3d1,49,Page has elements with aria-labelledby,true,2,"{""description"":""Elements with labelledby"",""informational"":true}",Sun Feb 01 2026 21:01:51 GMT+0100 (Midden-Europese standaardtijd)
6f4fb71b-224c-493e-8e88-9ffa6a75979d,b3cada4b-b578-416e-bdf7-aedb72a1c3d1,52,Page has SVG-images,true,20,"{""description"":""Page contains SVG"",""informational"":true}",Sun Feb 01 2026 21:01:51 GMT+0100 (Midden-Europese standaardtijd)
2a2f1d83-fd44-4f7d-ba64-4e7ee5997b72,b3cada4b-b578-416e-bdf7-aedb72a1c3d1,53,Page has elements with role=menu,false,0,"{""description"":""Menu elements"",""informational"":true}",Sun Feb 01 2026 21:01:51 GMT+0100 (Midden-Europese standaardtijd)
f5974021-6b7f-4c5b-8391-ae32549bb49f,b3cada4b-b578-416e-bdf7-aedb72a1c3d1,54,Page has fieldset without legend,false,0,"{""description"":""Fieldsets missing legends"",""informational"":true}",Sun Feb 01 2026 21:01:51 GMT+0100 (Midden-Europese standaardtijd)
8335849f-cbeb-47c9-8930-bbb010b57c71,b3cada4b-b578-416e-bdf7-aedb72a1c3d1,55,Page has dialog or modal window,false,0,"{""description"":""Dialog elements"",""informational"":true}",Sun Feb 01 2026 21:01:51 GMT+0100 (Midden-Europese standaardtijd)
3f75938f-f3a6-4409-a443-d73653bf30b1,b3cada4b-b578-416e-bdf7-aedb72a1c3d1,56,Page has interactive image,false,0,"{""description"":""Interactive images"",""informational"":true}",Sun Feb 01 2026 21:01:51 GMT+0100 (Midden-Europese standaardtijd)
c8d770cc-ffee-4f74-af11-b58f251c3938,b3cada4b-b578-416e-bdf7-aedb72a1c3d1,10,Page has aria-hidden element,true,7,"{""description"":""Hidden elements"",""informational"":true}",Sun Feb 01 2026 21:01:51 GMT+0100 (Midden-Europese standaardtijd)
b3f68d90-7ac0-4a76-922e-c9876ee457cd,b3cada4b-b578-416e-bdf7-aedb72a1c3d1,58,Page has input fields with autocomplete,false,0,"{""description"":""Autocomplete fields"",""informational"":true}",Sun Feb 01 2026 21:01:51 GMT+0100 (Midden-Europese standaardtijd)
62ff3909-3416-433a-aae8-ca6da867bcee,b3cada4b-b578-416e-bdf7-aedb72a1c3d1,59,Page has aria-invalid element,false,0,"{""description"":""Invalid elements"",""informational"":true}",Sun Feb 01 2026 21:01:51 GMT+0100 (Midden-Europese standaardtijd)
467c24fa-ffe1-4cb7-a117-092917c98f4b,b3cada4b-b578-416e-bdf7-aedb72a1c3d1,60,Page has aria-required element,false,0,"{""description"":""Required elements"",""informational"":true}",Sun Feb 01 2026 21:01:51 GMT+0100 (Midden-Europese standaardtijd)
1fe37abe-a5ea-4901-804c-a3241dc547b8,b3cada4b-b578-416e-bdf7-aedb72a1c3d1,61,Page has accesskey,false,0,"{""description"":""Accesskey attributes"",""informational"":true}",Sun Feb 01 2026 21:01:51 GMT+0100 (Midden-Europese standaardtijd)
5809550e-b879-4289-b510-8c90431b70cd,b3cada4b-b578-416e-bdf7-aedb72a1c3d1,62,Page has aria-live element,false,0,"{""description"":""Live regions"",""informational"":true}",Sun Feb 01 2026 21:01:51 GMT+0100 (Midden-Europese standaardtijd)
a4de2043-7239-4933-8d9a-d7feb3160daf,b3cada4b-b578-416e-bdf7-aedb72a1c3d1,65,Page has strong or bold,false,0,"{""description"":""Bold text"",""informational"":true}",Sun Feb 01 2026 21:01:51 GMT+0100 (Midden-Europese standaardtijd)
dd2a0c4a-24a4-428e-a4b1-9af04b46527b,b3cada4b-b578-416e-bdf7-aedb72a1c3d1,66,Page has em or italic,false,0,"{""description"":""Italic text"",""informational"":true}",Sun Feb 01 2026 21:01:51 GMT+0100 (Midden-Europese standaardtijd)
90c9763a-e226-4eb8-90a2-efe8b924edf1,b3cada4b-b578-416e-bdf7-aedb72a1c3d1,67,Page has preformatted text,false,0,"{""description"":""Preformatted content"",""informational"":true}",Sun Feb 01 2026 21:01:51 GMT+0100 (Midden-Europese standaardtijd)
c48a91c2-ec6e-492a-a841-c99d4d305290,b3cada4b-b578-416e-bdf7-aedb72a1c3d1,68,Page has code block,false,0,"{""description"":""Code blocks"",""informational"":true}",Sun Feb 01 2026 21:01:51 GMT+0100 (Midden-Europese standaardtijd)
fc1fa7c8-5d36-48d7-8e1f-55aa276764bf,b3cada4b-b578-416e-bdf7-aedb72a1c3d1,69,Page has blockquote,false,0,"{""description"":""Quote blocks"",""informational"":true}",Sun Feb 01 2026 21:01:51 GMT+0100 (Midden-Europese standaardtijd)
312fed98-e66d-4e4b-987a-f842b561e2cd,b3cada4b-b578-416e-bdf7-aedb72a1c3d1,70,Page has abbreviation,false,0,"{""description"":""Abbreviations"",""informational"":true}",Sun Feb 01 2026 21:01:51 GMT+0100 (Midden-Europese standaardtijd)
ec63c571-1597-42aa-892e-f1ba54fa1308,b3cada4b-b578-416e-bdf7-aedb72a1c3d1,71,Page has citation,false,0,"{""description"":""Citations"",""informational"":true}",Sun Feb 01 2026 21:01:51 GMT+0100 (Midden-Europese standaardtijd)
8f3539d5-0459-4256-9547-a2b021decf6c,b3cada4b-b578-416e-bdf7-aedb72a1c3d1,72,Page has marked text,false,0,"{""description"":""Highlighted text"",""informational"":true}",Sun Feb 01 2026 21:01:51 GMT+0100 (Midden-Europese standaardtijd)
7c564c42-b877-45c9-bef0-0bacae2198fa,b3cada4b-b578-416e-bdf7-aedb72a1c3d1,73,Page has subscript,false,0,"{""description"":""Subscript text"",""informational"":true}",Sun Feb 01 2026 21:01:51 GMT+0100 (Midden-Europese standaardtijd)
857bf089-5b8b-4687-9f35-e01d263cf59a,b3cada4b-b578-416e-bdf7-aedb72a1c3d1,74,Page has superscript,false,0,"{""description"":""Superscript text"",""informational"":true}",Sun Feb 01 2026 21:01:51 GMT+0100 (Midden-Europese standaardtijd)
b72ee8e8-c7a3-4751-9d01-3ff01e4c9eac,b3cada4b-b578-416e-bdf7-aedb72a1c3d1,75,Page has time,false,0,"{""description"":""Time elements"",""informational"":true}",Sun Feb 01 2026 21:01:51 GMT+0100 (Midden-Europese standaardtijd)
2ab71058-f926-49e7-bf5a-8a1300504398,b3cada4b-b578-416e-bdf7-aedb72a1c3d1,76,Page has data,false,0,"{""description"":""Data elements"",""informational"":true}",Sun Feb 01 2026 21:01:51 GMT+0100 (Midden-Europese standaardtijd)
2ff8f807-b5ab-49bd-8440-df18c2c062fb,b3cada4b-b578-416e-bdf7-aedb72a1c3d1,77,Page has details,false,0,"{""description"":""Details elements"",""informational"":true}",Sun Feb 01 2026 21:01:51 GMT+0100 (Midden-Europese standaardtijd)
016dc9dd-6e5b-4589-8a73-528317b12fc4,b3cada4b-b578-416e-bdf7-aedb72a1c3d1,78,Page has summary,false,0,"{""description"":""Summary elements"",""informational"":true}",Sun Feb 01 2026 21:01:51 GMT+0100 (Midden-Europese standaardtijd)
a167f1fa-6180-4aac-87c2-cac9df67b431,b3cada4b-b578-416e-bdf7-aedb72a1c3d1,79,Page has article,false,0,"{""description"":""Article elements"",""informational"":true}",Sun Feb 01 2026 21:01:51 GMT+0100 (Midden-Europese standaardtijd)
831204fa-48a9-4a3d-953f-67395fe61b3e,b3cada4b-b578-416e-bdf7-aedb72a1c3d1,80,Page has section,true,3,"{""description"":""Section elements"",""informational"":true}",Sun Feb 01 2026 21:01:51 GMT+0100 (Midden-Europese standaardtijd)
befb17c4-a6a9-4977-8603-c61da5b72b69,b3cada4b-b578-416e-bdf7-aedb72a1c3d1,81,Page has nav,true,6,"{""description"":""Navigation elements"",""informational"":true}",Sun Feb 01 2026 21:01:51 GMT+0100 (Midden-Europese standaardtijd)
218dfc80-747e-43dd-936d-56dd27047d85,b3cada4b-b578-416e-bdf7-aedb72a1c3d1,82,Page has aside,false,0,"{""description"":""Aside elements"",""informational"":true}",Sun Feb 01 2026 21:01:51 GMT+0100 (Midden-Europese standaardtijd)
17f16fc7-f0ef-4fe8-8a7e-f46e362a71b3,b3cada4b-b578-416e-bdf7-aedb72a1c3d1,83,Page has header,true,2,"{""description"":""Header elements"",""informational"":true}",Sun Feb 01 2026 21:01:51 GMT+0100 (Midden-Europese standaardtijd)
bce5abd5-5ee9-4b53-b0d1-48bf67459242,b3cada4b-b578-416e-bdf7-aedb72a1c3d1,84,Page has footer,true,1,"{""description"":""Footer elements"",""informational"":true}",Sun Feb 01 2026 21:01:51 GMT+0100 (Midden-Europese standaardtijd)
00e606bb-7143-405e-b314-d8dfce842f3c,b3cada4b-b578-416e-bdf7-aedb72a1c3d1,85,Page has main,true,1,"{""description"":""Main content"",""informational"":true}",Sun Feb 01 2026 21:01:51 GMT+0100 (Midden-Europese standaardtijd)
ff12ebd7-b448-4ccf-9c38-ff3bcb2477dc,b3cada4b-b578-416e-bdf7-aedb72a1c3d1,86,Page has figure,false,0,"{""description"":""Figure elements"",""informational"":true}",Sun Feb 01 2026 21:01:51 GMT+0100 (Midden-Europese standaardtijd)
c432159d-bb86-445b-95d4-a121b707ecbe,b3cada4b-b578-416e-bdf7-aedb72a1c3d1,87,Page has figcaption,false,0,"{""description"":""Figure captions"",""informational"":true}",Sun Feb 01 2026 21:01:51 GMT+0100 (Midden-Europese standaardtijd)
a7e9b30b-4062-4314-a1b1-fb2bdf61bdd7,b3cada4b-b578-416e-bdf7-aedb72a1c3d1,88,Page has address,false,0,"{""description"":""Address elements"",""informational"":true}",Sun Feb 01 2026 21:01:51 GMT+0100 (Midden-Europese standaardtijd)
6806eef7-352b-4a3c-adb2-08a76036ff79,b3cada4b-b578-416e-bdf7-aedb72a1c3d1,89,Page has progress,false,0,"{""description"":""Progress bars"",""informational"":true}",Sun Feb 01 2026 21:01:51 GMT+0100 (Midden-Europese standaardtijd)
824ce4b8-9aa9-41ca-bb1c-2c8e5937fe60,b3cada4b-b578-416e-bdf7-aedb72a1c3d1,90,Page has meter,false,0,"{""description"":""Meter elements"",""informational"":true}",Sun Feb 01 2026 21:01:51 GMT+0100 (Midden-Europese standaardtijd)
d6f45407-081c-4f55-8c8e-432229dbfdf0,b3cada4b-b578-416e-bdf7-aedb72a1c3d1,91,Page has output,false,0,"{""description"":""Output elements"",""informational"":true}",Sun Feb 01 2026 21:01:51 GMT+0100 (Midden-Europese standaardtijd)
c317b2de-69d0-4a54-9653-73d5e69da425,b3cada4b-b578-416e-bdf7-aedb72a1c3d1,92,Page has canvas,false,0,"{""description"":""Canvas elements"",""informational"":true}",Sun Feb 01 2026 21:01:51 GMT+0100 (Midden-Europese standaardtijd)
b9b4ed26-c398-4691-9211-70ea3596cf30,b3cada4b-b578-416e-bdf7-aedb72a1c3d1,93,Page has object,false,0,"{""description"":""Object embeds"",""informational"":true}",Sun Feb 01 2026 21:01:51 GMT+0100 (Midden-Europese standaardtijd)
6544fa5c-1e32-4263-8069-9407991e7f2c,b3cada4b-b578-416e-bdf7-aedb72a1c3d1,94,Page has embed,false,0,"{""description"":""Embed elements"",""informational"":true}",Sun Feb 01 2026 21:01:51 GMT+0100 (Midden-Europese standaardtijd)
383949aa-5789-4bfa-9d3a-d0a162801ddc,b3cada4b-b578-416e-bdf7-aedb72a1c3d1,95,Page has param,false,0,"{""description"":""Param elements"",""informational"":true}",Sun Feb 01 2026 21:01:51 GMT+0100 (Midden-Europese standaardtijd)
6aca9d0a-722d-4c76-ad7e-1921d7791a50,b3cada4b-b578-416e-bdf7-aedb72a1c3d1,96,Page has source,false,0,"{""description"":""Source elements"",""informational"":true}",Sun Feb 01 2026 21:01:51 GMT+0100 (Midden-Europese standaardtijd)
803c81e7-3d06-4177-8c1f-cc9f53596581,b3cada4b-b578-416e-bdf7-aedb72a1c3d1,97,Page has track,false,0,"{""description"":""Track elements (captions)"",""informational"":true}",Sun Feb 01 2026 21:01:51 GMT+0100 (Midden-Europese standaardtijd)
d39f1c7f-1a31-4e52-af7e-e4a8796a73a4,b3cada4b-b578-416e-bdf7-aedb72a1c3d1,98,Page has map,false,0,"{""description"":""Image maps"",""informational"":true}",Sun Feb 01 2026 21:01:51 GMT+0100 (Midden-Europese standaardtijd)
4f4719bd-573c-47ca-8238-c0a83d8d5ecf,b3cada4b-b578-416e-bdf7-aedb72a1c3d1,99,Page has area,false,0,"{""description"":""Map areas"",""informational"":true}",Sun Feb 01 2026 21:01:51 GMT+0100 (Midden-Europese standaardtijd)
1468f908-09e3-450e-89f4-0e31059a31ec,b3cada4b-b578-416e-bdf7-aedb72a1c3d1,100,Page has select,false,0,"{""description"":""Select dropdowns"",""informational"":true}",Sun Feb 01 2026 21:01:51 GMT+0100 (Midden-Europese standaardtijd)
ec293114-9959-4022-9472-d2444cbfa055,b3cada4b-b578-416e-bdf7-aedb72a1c3d1,101,Page has optgroup,false,0,"{""description"":""Option groups"",""informational"":true}",Sun Feb 01 2026 21:01:51 GMT+0100 (Midden-Europese standaardtijd)
244bf86a-ece9-4a3a-a189-9cf53d447c5a,b3cada4b-b578-416e-bdf7-aedb72a1c3d1,102,Page has option,false,0,"{""description"":""Select options"",""informational"":true}",Sun Feb 01 2026 21:01:51 GMT+0100 (Midden-Europese standaardtijd)
de3a35a2-2154-4a65-9a52-b64711b03d1f,b3cada4b-b578-416e-bdf7-aedb72a1c3d1,103,Page has textarea,false,0,"{""description"":""Text areas"",""informational"":true}",Sun Feb 01 2026 21:01:51 GMT+0100 (Midden-Europese standaardtijd)
c00af6b0-df22-4c6c-9f8c-d734a231a232,b3cada4b-b578-416e-bdf7-aedb72a1c3d1,104,Page has keygen,false,0,"{""description"":""Keygen elements"",""informational"":true}",Sun Feb 01 2026 21:01:51 GMT+0100 (Midden-Europese standaardtijd)
3a32a965-6a3d-4fee-ae9f-34c89fc815f4,b3cada4b-b578-416e-bdf7-aedb72a1c3d1,105,Page has datalist,false,0,"{""description"":""Data lists"",""informational"":true}",Sun Feb 01 2026 21:01:51 GMT+0100 (Midden-Europese standaardtijd)
0e576ba1-bc30-442b-9b4a-6e4e85f5807a,b3cada4b-b578-416e-bdf7-aedb72a1c3d1,106,"Page has input type=""checkbox""",false,0,"{""description"":""Checkboxes"",""informational"":true}",Sun Feb 01 2026 21:01:51 GMT+0100 (Midden-Europese standaardtijd)
bd022420-5d3f-4bdf-91b4-8900e88e53b6,b3cada4b-b578-416e-bdf7-aedb72a1c3d1,107,"Page has input type=""radio""",false,0,"{""description"":""Radio buttons"",""informational"":true}",Sun Feb 01 2026 21:01:51 GMT+0100 (Midden-Europese standaardtijd)
18e9dea5-2099-48bc-bb1c-e2a5091cc77f,b3cada4b-b578-416e-bdf7-aedb72a1c3d1,108,"Page has input type=""submit""",false,0,"{""description"":""Submit buttons"",""informational"":true}",Sun Feb 01 2026 21:01:51 GMT+0100 (Midden-Europese standaardtijd)
944e66ad-5da6-4ba4-9898-3ea85ce11d11,b3cada4b-b578-416e-bdf7-aedb72a1c3d1,109,"Page has input type=""reset""",false,0,"{""description"":""Reset buttons"",""informational"":true}",Sun Feb 01 2026 21:01:51 GMT+0100 (Midden-Europese standaardtijd)
7ef5f45b-acd8-4879-9e54-3ff5b9850823,b3cada4b-b578-416e-bdf7-aedb72a1c3d1,110,"Page has input type=""button""",false,0,"{""description"":""Button inputs"",""informational"":true}",Sun Feb 01 2026 21:01:51 GMT+0100 (Midden-Europese standaardtijd)
01f80827-8220-425e-b52f-5fbdc49d5e42,b3cada4b-b578-416e-bdf7-aedb72a1c3d1,111,"Page has input type=""file""",false,0,"{""description"":""File inputs"",""informational"":true}",Sun Feb 01 2026 21:01:51 GMT+0100 (Midden-Europese standaardtijd)
32be9da3-c429-4d65-8d3e-a1f9221f0f2f,b3cada4b-b578-416e-bdf7-aedb72a1c3d1,112,"Page has input type=""hidden""",false,0,"{""description"":""Hidden inputs"",""informational"":true}",Sun Feb 01 2026 21:01:51 GMT+0100 (Midden-Europese standaardtijd)
4f49b09d-fe6f-4e81-aa73-d32864ae1e2c,b3cada4b-b578-416e-bdf7-aedb72a1c3d1,113,"Page has input type=""image""",false,0,"{""description"":""Image buttons"",""informational"":true}",Sun Feb 01 2026 21:01:51 GMT+0100 (Midden-Europese standaardtijd)
0d80ec56-09bd-4df4-9169-d347bdf71375,b3cada4b-b578-416e-bdf7-aedb72a1c3d1,114,"Page has input type=""date""",false,0,"{""description"":""Date pickers"",""informational"":true}",Sun Feb 01 2026 21:01:51 GMT+0100 (Midden-Europese standaardtijd)
20127f81-8618-4e86-8190-630fde986650,b3cada4b-b578-416e-bdf7-aedb72a1c3d1,115,"Page has input type=""time""",false,0,"{""description"":""Time pickers"",""informational"":true}",Sun Feb 01 2026 21:01:51 GMT+0100 (Midden-Europese standaardtijd)
072a99f2-11f4-4d61-8c51-c2c9f9d93fa8,b3cada4b-b578-416e-bdf7-aedb72a1c3d1,116,"Page has input type=""datetime-local""",false,0,"{""description"":""Datetime pickers"",""informational"":true}",Sun Feb 01 2026 21:01:51 GMT+0100 (Midden-Europese standaardtijd)
280a044d-6748-422a-a07c-71728372bd5a,b3cada4b-b578-416e-bdf7-aedb72a1c3d1,117,"Page has input type=""month""",false,0,"{""description"":""Month pickers"",""informational"":true}",Sun Feb 01 2026 21:01:51 GMT+0100 (Midden-Europese standaardtijd)
aa4e5b1d-ff03-466d-94e1-af8a63d38a35,b3cada4b-b578-416e-bdf7-aedb72a1c3d1,118,"Page has input type=""week""",false,0,"{""description"":""Week pickers"",""informational"":true}",Sun Feb 01 2026 21:01:51 GMT+0100 (Midden-Europese standaardtijd)
185c5afa-9e95-460f-85e4-0c9126b28514,b3cada4b-b578-416e-bdf7-aedb72a1c3d1,119,"Page has input type=""color""",false,0,"{""description"":""Color pickers"",""informational"":true}",Sun Feb 01 2026 21:01:51 GMT+0100 (Midden-Europese standaardtijd)
d197ed1c-b51c-4e20-bac3-2f9a23b73762,b3cada4b-b578-416e-bdf7-aedb72a1c3d1,120,"Page has input type=""range""",false,0,"{""description"":""Range sliders"",""informational"":true}",Sun Feb 01 2026 21:01:51 GMT+0100 (Midden-Europese standaardtijd)
a4366cad-cedc-4be0-b55e-2568d45479a9,b3cada4b-b578-416e-bdf7-aedb72a1c3d1,121,"Page has input type=""search""",true,2,"{""description"":""Search inputs"",""informational"":true}",Sun Feb 01 2026 21:01:51 GMT+0100 (Midden-Europese standaardtijd)
a7b93234-ebca-45fc-9c2f-8239907b5141,b3cada4b-b578-416e-bdf7-aedb72a1c3d1,122,"Page has input type=""tel""",false,0,"{""description"":""Telephone inputs"",""informational"":true}",Sun Feb 01 2026 21:01:51 GMT+0100 (Midden-Europese standaardtijd)
7be9d3be-b8ba-4b41-939f-44a25be65d04,b3cada4b-b578-416e-bdf7-aedb72a1c3d1,123,"Page has input type=""url""",false,0,"{""description"":""URL inputs"",""informational"":true}",Sun Feb 01 2026 21:01:51 GMT+0100 (Midden-Europese standaardtijd)
b34af401-81a1-4f9e-86fa-4303b20baffa,b3cada4b-b578-416e-bdf7-aedb72a1c3d1,124,"Page has input type=""email""",false,0,"{""description"":""Email inputs"",""informational"":true}",Sun Feb 01 2026 21:01:51 GMT+0100 (Midden-Europese standaardtijd)
059240be-232e-4a65-a8b3-2a1019d13cca,b3cada4b-b578-416e-bdf7-aedb72a1c3d1,125,"Page has input type=""number""",false,0,"{""description"":""Number inputs"",""informational"":true}",Sun Feb 01 2026 21:01:51 GMT+0100 (Midden-Europese standaardtijd)
1d30e1ff-6bb6-4c39-8fd0-1f2cace0f821,b3cada4b-b578-416e-bdf7-aedb72a1c3d1,126,"Page has input type=""password""",false,0,"{""description"":""Password fields"",""informational"":true}",Sun Feb 01 2026 21:01:51 GMT+0100 (Midden-Europese standaardtijd)
1eabe241-1280-427b-849c-f500657f2277,b3cada4b-b578-416e-bdf7-aedb72a1c3d1,127,"Page has input type=""text""",false,0,"{""description"":""Text inputs"",""informational"":true}",Sun Feb 01 2026 21:01:51 GMT+0100 (Midden-Europese standaardtijd)
226e6f3c-9da3-4e36-98cb-d1a954a8f3e2,b3cada4b-b578-416e-bdf7-aedb72a1c3d1,128,Page has label,true,2,"{""description"":""Label elements"",""informational"":true}",Sun Feb 01 2026 21:01:51 GMT+0100 (Midden-Europese standaardtijd)
9280b72e-651b-4783-9e82-630ae47753d5,b3cada4b-b578-416e-bdf7-aedb72a1c3d1,129,Page has legend,false,0,"{""description"":""Legend elements"",""informational"":true}",Sun Feb 01 2026 21:01:51 GMT+0100 (Midden-Europese standaardtijd)
1afdd181-0a50-4b51-b71e-0add47d07d8c,b3cada4b-b578-416e-bdf7-aedb72a1c3d1,130,Page has fieldset,false,0,"{""description"":""Fieldset elements"",""informational"":true}",Sun Feb 01 2026 21:01:51 GMT+0100 (Midden-Europese standaardtijd)
b45e5f19-afda-4a88-a56f-096fe4d44ae9,00cd362b-43d1-47f3-a489-54f1770c046f,48,LangAttributeMissingTest,false,0,"{""langValue"":""nl"",""wcagLevel"":""A"",""critical"":true}",Sun Feb 01 2026 21:01:53 GMT+0100 (Midden-Europese standaardtijd)
7de97ba3-83e5-4b0e-957d-35ba7d068aa9,00cd362b-43d1-47f3-a489-54f1770c046f,50,TitleMissingTest,false,0,"{""wcagLevel"":""A"",""critical"":true}",Sun Feb 01 2026 21:01:53 GMT+0100 (Midden-Europese standaardtijd)
bf266e5b-d63e-45ef-a3ec-a2c233d0da73,00cd362b-43d1-47f3-a489-54f1770c046f,51,TitleEmptyTest,false,0,"{""titleText"":""Home | DigiD"",""wcagLevel"":""A"",""critical"":true}",Sun Feb 01 2026 21:01:53 GMT+0100 (Midden-Europese standaardtijd)
121408fb-be2f-482e-87b0-d91b1a7659fe,00cd362b-43d1-47f3-a489-54f1770c046f,64,ImgMissingAltTest,false,0,"{""images"":[],""totalCount"":0,""wcagLevel"":""A"",""critical"":true}",Sun Feb 01 2026 21:01:53 GMT+0100 (Midden-Europese standaardtijd)
f271c92b-927f-4d2b-89da-32b6a46edb42,00cd362b-43d1-47f3-a489-54f1770c046f,30,FormMissingLabelsTest,false,0,"{""forms"":[],""wcagLevel"":""A"",""critical"":true}",Sun Feb 01 2026 21:01:53 GMT+0100 (Midden-Europese standaardtijd)
56afc5b9-35c9-4761-bdb8-7b4511416770,00cd362b-43d1-47f3-a489-54f1770c046f,57,HeadingsAtLeastOneH1Test,false,0,"{""h1Count"":2,""h1Texts"":[""Laat zien wie je bent"",""""],""wcagLevel"":""A"",""critical"":true}",Sun Feb 01 2026 21:01:53 GMT+0100 (Midden-Europese standaardtijd)
6e3bad05-5f37-4d3a-9547-4612820449a1,00cd362b-43d1-47f3-a489-54f1770c046f,7,IframeMissingAccessibleNameTest,false,0,"{""iframes"":[],""totalCount"":0,""wcagLevel"":""A"",""critical"":true}",Sun Feb 01 2026 21:01:53 GMT+0100 (Midden-Europese standaardtijd)
5836f73c-729b-4070-9eee-c9d525de1ebb,00cd362b-43d1-47f3-a489-54f1770c046f,25,TableTest,false,0,"{""tables"":[],""totalCount"":0,""informational"":true}",Sun Feb 01 2026 21:01:53 GMT+0100 (Midden-Europese standaardtijd)
1e1b24b6-5201-4a7b-8d10-d21ac9234cd8,00cd362b-43d1-47f3-a489-54f1770c046f,29,FormTest,true,2,"{""forms"":[{""index"":1,""action"":""#"",""method"":""GET"",""inputCount"":1},{""index"":2,""action"":""#"",""method"":""GET"",""inputCount"":1}],""totalCount"":2,""informational"":true}",Sun Feb 01 2026 21:01:53 GMT+0100 (Midden-Europese standaardtijd)
1b4fa8c6-ea56-4a0a-9aab-d897f743d6b8,00cd362b-43d1-47f3-a489-54f1770c046f,63,ImgTest,true,19,"{""totalImages"":19,""withAlt"":19,""withoutAlt"":0,""withEmptyAlt"":16,""informational"":true}",Sun Feb 01 2026 21:01:53 GMT+0100 (Midden-Europese standaardtijd)
7d5184b4-4ae5-4486-a68c-5c2ca4c2d6a8,00cd362b-43d1-47f3-a489-54f1770c046f,1,IframeIsVimeoVideoWithKeysDisabledTest,false,0,"{""iframes"":[],""totalCount"":0}",Sun Feb 01 2026 21:01:53 GMT+0100 (Midden-Europese standaardtijd)
9dca73e5-3f17-4f7c-a9f8-6b261db6b6fe,00cd362b-43d1-47f3-a489-54f1770c046f,2,ImgAltTooLongTest,false,0,"{""images"":[],""totalCount"":0}",Sun Feb 01 2026 21:01:53 GMT+0100 (Midden-Europese standaardtijd)
4794dbb7-563b-46cc-bc4f-03ecf9a8f0d7,00cd362b-43d1-47f3-a489-54f1770c046f,3,ViewportMetaRestrictsScalingTest,false,0,"{""content"":""width=device-width, initial-scale=1"",""restrictsScaling"":false}",Sun Feb 01 2026 21:01:53 GMT+0100 (Midden-Europese standaardtijd)
995600f6-c90c-4847-a3f5-d11e70da879c,00cd362b-43d1-47f3-a489-54f1770c046f,4,ImageLinkMissingAccessibleNameTest,true,1,"{""links"":[{""href"":""/nl"",""imageCount"":1}],""totalCount"":1}",Sun Feb 01 2026 21:01:53 GMT+0100 (Midden-Europese standaardtijd)
91daffc7-1c22-44d9-88b4-735babccf5d5,00cd362b-43d1-47f3-a489-54f1770c046f,5,PageContainsLinkReadMoreTest,false,0,"{""links"":[],""totalCount"":0}",Sun Feb 01 2026 21:01:53 GMT+0100 (Midden-Europese standaardtijd)
6ec6ebff-5e53-41cc-8486-247fd13a93f5,00cd362b-43d1-47f3-a489-54f1770c046f,6,PageContainsMultipleSameLinksTest,true,15,"{""duplicateLinks"":[{""text"":""Mijn DigiD"",""occurrences"":2},{""text"":""Ik krijg een foutmelding in de DigiD app"",""occurrences"":3},{""text"":""Hoe activeer ik de DigiD app?"",""occurrences"":3},{""text"":""Hoe log ik in met de DigiD app?"",""occurrences"":2},{""text"":""Waarom lukt het activeren van mijn rijbewijs/ID-kaart niet?"",""occurrences"":3},{""text"":""Code invullen"",""occurrences"":2}],""totalCount"":15}",Sun Feb 01 2026 21:01:53 GMT+0100 (Midden-Europese standaardtijd)
5fe48433-066e-4aa8-9d7e-4bd68e9833ac,00cd362b-43d1-47f3-a489-54f1770c046f,8,IframeIsYouTubeVideoWithKeysEnabledTest,false,0,"{""iframes"":[],""totalCount"":0}",Sun Feb 01 2026 21:01:53 GMT+0100 (Midden-Europese standaardtijd)
7bd1c6f0-d059-42cc-963a-fc09490a3de4,00cd362b-43d1-47f3-a489-54f1770c046f,9,TableWithHeadingsTest,false,0,"{""tables"":[],""totalCount"":0}",Sun Feb 01 2026 21:01:53 GMT+0100 (Midden-Europese standaardtijd)
6a0858be-7c8e-418e-921b-e791e4493ff2,00cd362b-43d1-47f3-a489-54f1770c046f,11,IframeIsGoogleMapTest,false,0,"{""iframes"":[],""totalCount"":0}",Sun Feb 01 2026 21:01:53 GMT+0100 (Midden-Europese standaardtijd)
f6618af5-9bb8-41f0-b4ce-bc91a8d5ef68,00cd362b-43d1-47f3-a489-54f1770c046f,12,IframeIsScribitVideoTest,false,0,"{""iframes"":[],""totalCount"":0}",Sun Feb 01 2026 21:01:53 GMT+0100 (Midden-Europese standaardtijd)
ea51c97b-b488-425f-bd70-cb3de1ad8c30,00cd362b-43d1-47f3-a489-54f1770c046f,13,IframeIsVimeoVideoWithKeysEnabledTest,false,0,"{""iframes"":[],""totalCount"":0}",Sun Feb 01 2026 21:01:53 GMT+0100 (Midden-Europese standaardtijd)
48f00df1-731f-4c40-a4a1-84fd3db4506b,00cd362b-43d1-47f3-a489-54f1770c046f,14,IframeIsVimeoVideoTest,false,0,"{""iframes"":[],""totalCount"":0}",Sun Feb 01 2026 21:01:53 GMT+0100 (Midden-Europese standaardtijd)
aa74c2dd-23bd-4be3-a0ad-f9fa5358bd66,00cd362b-43d1-47f3-a489-54f1770c046f,15,IframeTest,false,0,"{""iframes"":[],""totalCount"":0,""informational"":true}",Sun Feb 01 2026 21:01:53 GMT+0100 (Midden-Europese standaardtijd)
ceaf05dc-cc0e-43f6-a5be-269eccc02d2b,00cd362b-43d1-47f3-a489-54f1770c046f,16,AudioHasAutoplayTest,false,0,"{""audios"":[],""totalCount"":0}",Sun Feb 01 2026 21:01:53 GMT+0100 (Midden-Europese standaardtijd)
e5ef513d-23c9-41fc-ab80-ab5288ff32ac,00cd362b-43d1-47f3-a489-54f1770c046f,17,AudioControlsTest,false,0,"{""audios"":[],""totalCount"":0,""informational"":true}",Sun Feb 01 2026 21:01:53 GMT+0100 (Midden-Europese standaardtijd)
7de7f456-aa4f-4cce-8c3a-e7815fb6c800,00cd362b-43d1-47f3-a489-54f1770c046f,18,AudioTest,false,0,"{""audios"":[],""totalCount"":0,""informational"":true}",Sun Feb 01 2026 21:01:53 GMT+0100 (Midden-Europese standaardtijd)
534083fb-aec6-4968-9ba1-e44a0624b476,00cd362b-43d1-47f3-a489-54f1770c046f,19,VideoHasAutoplayTest,false,0,"{""videos"":[],""totalCount"":0}",Sun Feb 01 2026 21:01:53 GMT+0100 (Midden-Europese standaardtijd)
73ac0e8b-a29f-488a-909f-9484bf0d42af,00cd362b-43d1-47f3-a489-54f1770c046f,20,VideoMissingTitleAriaTest,false,0,"{""videos"":[],""totalCount"":0}",Sun Feb 01 2026 21:01:53 GMT+0100 (Midden-Europese standaardtijd)
f23dd37e-a0bf-45c1-961d-13a08b362fba,00cd362b-43d1-47f3-a489-54f1770c046f,21,VideoControlsTest,false,0,"{""videos"":[],""totalCount"":0,""informational"":true}",Sun Feb 01 2026 21:01:53 GMT+0100 (Midden-Europese standaardtijd)
66026ad9-1be2-4e43-8882-c25f8d495704,00cd362b-43d1-47f3-a489-54f1770c046f,22,VideoTest,false,0,"{""videos"":[],""totalCount"":0,""informational"":true}",Sun Feb 01 2026 21:01:53 GMT+0100 (Midden-Europese standaardtijd)
aa76e83d-d076-43f1-96bf-1184c807cfdc,00cd362b-43d1-47f3-a489-54f1770c046f,23,LinkWithoutTextTest,false,0,"{""links"":[],""totalCount"":0,""wcagLevel"":""A"",""critical"":true}",Sun Feb 01 2026 21:01:53 GMT+0100 (Midden-Europese standaardtijd)
31bde311-4ce5-4b9b-b492-c82f6f8a3e6e,00cd362b-43d1-47f3-a489-54f1770c046f,24,EmptyLinkTest,false,0,"{""links"":[],""totalCount"":0,""wcagLevel"":""A"",""critical"":true}",Sun Feb 01 2026 21:01:53 GMT+0100 (Midden-Europese standaardtijd)
cfb16ae2-5505-4d08-aa85-7f10d642b5a0,00cd362b-43d1-47f3-a489-54f1770c046f,26,TableWithoutHeadersTest,false,0,"{""tables"":[],""totalCount"":0,""wcagLevel"":""A"",""critical"":true}",Sun Feb 01 2026 21:01:53 GMT+0100 (Midden-Europese standaardtijd)
6621dafb-65ec-4031-a9d2-d2fd16e7705c,00cd362b-43d1-47f3-a489-54f1770c046f,27,ListTest,true,10,"{""lists"":[{""type"":""ul"",""itemCount"":0,""index"":1},{""type"":""ul"",""itemCount"":1,""index"":2},{""type"":""ul"",""itemCount"":2,""index"":3},{""type"":""ul"",""itemCount"":5,""index"":4},{""type"":""ul"",""itemCount"":2,""index"":5},{""type"":""ul"",""itemCount"":4,""index"":6},{""type"":""ul"",""itemCount"":4,""index"":7},{""type"":""ul"",""itemCount"":3,""index"":8},{""type"":""ul"",""itemCount"":2,""index"":9},{""type"":""ul"",""itemCount"":6,""index"":10}],""totalCount"":10,""informational"":true}",Sun Feb 01 2026 21:01:53 GMT+0100 (Midden-Europese standaardtijd)
7ac1249b-2a19-41bb-b289-8d0086b33c93,00cd362b-43d1-47f3-a489-54f1770c046f,28,DefinitionListTest,false,0,"{""lists"":[],""totalCount"":0,""informational"":true}",Sun Feb 01 2026 21:01:53 GMT+0100 (Midden-Europese standaardtijd)
3a25d7e4-e0c5-4910-a288-b4f8f716b112,00cd362b-43d1-47f3-a489-54f1770c046f,31,FormMissingFieldsetTest,false,0,"{""forms"":[],""totalCount"":0,""wcagLevel"":""A""}",Sun Feb 01 2026 21:01:53 GMT+0100 (Midden-Europese standaardtijd)
28442baa-240f-4756-ae81-ebfb4c451384,00cd362b-43d1-47f3-a489-54f1770c046f,32,InputMissingLabelTest,false,0,"{""inputs"":[],""totalCount"":0,""wcagLevel"":""A"",""critical"":true}",Sun Feb 01 2026 21:01:53 GMT+0100 (Midden-Europese standaardtijd)
2bde92a9-c437-40d1-897b-7217f0e03f19,00cd362b-43d1-47f3-a489-54f1770c046f,33,ButtonEmptyTest,false,0,"{""buttons"":[],""totalCount"":0,""wcagLevel"":""A"",""critical"":true}",Sun Feb 01 2026 21:01:53 GMT+0100 (Midden-Europese standaardtijd)
7cddc149-bfc5-45ef-b8bb-46c9b872c9b7,00cd362b-43d1-47f3-a489-54f1770c046f,34,HeadingEmptyTest,true,1,"{""headings"":[{""level"":""h1"",""html"":""""}],""totalCount"":1,""wcagLevel"":""A"",""critical"":true}",Sun Feb 01 2026 21:01:53 GMT+0100 (Midden-Europese standaardtijd)
ae881817-d051-4e38-9b4d-fd525b927ed1,00cd362b-43d1-47f3-a489-54f1770c046f,35,HeadingSkipLevelTest,false,0,"{""violations"":[],""totalCount"":0,""wcagLevel"":""AA""}",Sun Feb 01 2026 21:01:53 GMT+0100 (Midden-Europese standaardtijd)
a97a9cd8-4cdc-4ed4-b6d7-ed1dc130c2c7,00cd362b-43d1-47f3-a489-54f1770c046f,36,SkipLinkTest,false,0,"{""skipLinks"":[],""informational"":true}",Sun Feb 01 2026 21:01:53 GMT+0100 (Midden-Europese standaardtijd)
ce568e13-8eba-4ef5-a87e-4b0c6724876e,00cd362b-43d1-47f3-a489-54f1770c046f,37,AriaLandmarksTest,true,14,"{""landmarks"":[{""type"":""aria-role"",""role"":""navigation"",""tag"":""nav""},{""type"":""aria-role"",""role"":""navigation"",""tag"":""nav""},{""type"":""aria-role"",""role"":""navigation"",""tag"":""nav""},{""type"":""aria-role"",""role"":""navigation"",""tag"":""nav""},{""type"":""semantic"",""tag"":""header""},{""type"":""semantic"",""tag"":""nav""},{""type"":""semantic"",""tag"":""nav""},{""type"":""semantic"",""tag"":""nav""},{""type"":""semantic"",""tag"":""nav""},{""type"":""semantic"",""tag"":""main""}],""totalCount"":14,""informational"":true}",Sun Feb 01 2026 21:01:53 GMT+0100 (Midden-Europese standaardtijd)
ca178afc-0127-4597-9b7e-fb9c5d965985,00cd362b-43d1-47f3-a489-54f1770c046f,38,Element has tabindex,false,0,"{""description"":""Page has elements with tabindex"",""informational"":true}",Sun Feb 01 2026 21:01:53 GMT+0100 (Midden-Europese standaardtijd)
11536e26-bee3-437b-8dba-cf8cc4108ba8,00cd362b-43d1-47f3-a489-54f1770c046f,39,Page has list,true,10,"{""description"":""Page has lists"",""informational"":true}",Sun Feb 01 2026 21:01:53 GMT+0100 (Midden-Europese standaardtijd)
f229b41d-8828-4323-801f-b399d6879697,00cd362b-43d1-47f3-a489-54f1770c046f,40,Page has elements with aria-label,true,2,"{""description"":""Elements with ARIA labels"",""informational"":true}",Sun Feb 01 2026 21:01:53 GMT+0100 (Midden-Europese standaardtijd)
024a9c74-661c-4090-9a50-2392f0af05c1,00cd362b-43d1-47f3-a489-54f1770c046f,41,Page has elements with aria-expanded,true,1,"{""description"":""Expandable elements"",""informational"":true}",Sun Feb 01 2026 21:01:53 GMT+0100 (Midden-Europese standaardtijd)
7883efc9-011d-4267-bb3e-021ed4aa4806,00cd362b-43d1-47f3-a489-54f1770c046f,42,Page has pictures,false,0,"{""description"":""Page contains picture elements"",""informational"":true}",Sun Feb 01 2026 21:01:53 GMT+0100 (Midden-Europese standaardtijd)
e70c824a-373e-43e0-a14e-b0a06129699c,00cd362b-43d1-47f3-a489-54f1770c046f,43,Page has images,true,19,"{""description"":""Page contains images"",""informational"":true}",Sun Feb 01 2026 21:01:53 GMT+0100 (Midden-Europese standaardtijd)
b4d31ea3-79a4-43be-b3d2-d2221792cf1d,00cd362b-43d1-47f3-a489-54f1770c046f,44,Page has decorative images or text alternative is missing,true,16,"{""description"":""Decorative or missing alt"",""informational"":true}",Sun Feb 01 2026 21:01:53 GMT+0100 (Midden-Europese standaardtijd)
94197a5a-ccb5-4985-ba4e-0285b2ea9749,00cd362b-43d1-47f3-a489-54f1770c046f,45,Page has elements with aria-describedby,false,0,"{""description"":""Elements with descriptions"",""informational"":true}",Sun Feb 01 2026 21:01:53 GMT+0100 (Midden-Europese standaardtijd)
363d7bae-468f-4699-9c18-15e94631f797,00cd362b-43d1-47f3-a489-54f1770c046f,46,Page has a button with aria-label,false,0,"{""description"":""Buttons with ARIA labels"",""informational"":true}",Sun Feb 01 2026 21:01:53 GMT+0100 (Midden-Europese standaardtijd)
5d00759e-04e4-4859-bfb7-89e14bd65f16,00cd362b-43d1-47f3-a489-54f1770c046f,47,Form with required input fields is validated by browser,false,0,"{""description"":""Browser-validated forms"",""informational"":true}",Sun Feb 01 2026 21:01:53 GMT+0100 (Midden-Europese standaardtijd)
18f1d81d-5bbd-46f0-b742-eda52881c9ee,00cd362b-43d1-47f3-a489-54f1770c046f,49,Page has elements with aria-labelledby,true,2,"{""description"":""Elements with labelledby"",""informational"":true}",Sun Feb 01 2026 21:01:53 GMT+0100 (Midden-Europese standaardtijd)
102ad02c-70e9-48a8-9811-fa0b4272cf14,00cd362b-43d1-47f3-a489-54f1770c046f,52,Page has SVG-images,true,20,"{""description"":""Page contains SVG"",""informational"":true}",Sun Feb 01 2026 21:01:53 GMT+0100 (Midden-Europese standaardtijd)
8121f486-13b2-41ae-84b0-43c436050b33,00cd362b-43d1-47f3-a489-54f1770c046f,53,Page has elements with role=menu,false,0,"{""description"":""Menu elements"",""informational"":true}",Sun Feb 01 2026 21:01:53 GMT+0100 (Midden-Europese standaardtijd)
558ce964-7b52-4461-bf05-6b0b73043075,00cd362b-43d1-47f3-a489-54f1770c046f,54,Page has fieldset without legend,false,0,"{""description"":""Fieldsets missing legends"",""informational"":true}",Sun Feb 01 2026 21:01:53 GMT+0100 (Midden-Europese standaardtijd)
3b46eb47-0c91-47c7-ad8c-b4bcc0139643,00cd362b-43d1-47f3-a489-54f1770c046f,55,Page has dialog or modal window,false,0,"{""description"":""Dialog elements"",""informational"":true}",Sun Feb 01 2026 21:01:53 GMT+0100 (Midden-Europese standaardtijd)
3bff39d5-9fde-4197-88b4-5dbca76daa68,00cd362b-43d1-47f3-a489-54f1770c046f,56,Page has interactive image,false,0,"{""description"":""Interactive images"",""informational"":true}",Sun Feb 01 2026 21:01:53 GMT+0100 (Midden-Europese standaardtijd)
8ed3e445-cb11-4d12-9fe9-9d461e09a09d,00cd362b-43d1-47f3-a489-54f1770c046f,10,Page has aria-hidden element,true,7,"{""description"":""Hidden elements"",""informational"":true}",Sun Feb 01 2026 21:01:53 GMT+0100 (Midden-Europese standaardtijd)
97819149-5611-48a0-8dab-185bcd5f1445,00cd362b-43d1-47f3-a489-54f1770c046f,58,Page has input fields with autocomplete,false,0,"{""description"":""Autocomplete fields"",""informational"":true}",Sun Feb 01 2026 21:01:53 GMT+0100 (Midden-Europese standaardtijd)
73a300dc-3f98-4bd4-b2e9-f37663daf6e9,00cd362b-43d1-47f3-a489-54f1770c046f,59,Page has aria-invalid element,false,0,"{""description"":""Invalid elements"",""informational"":true}",Sun Feb 01 2026 21:01:53 GMT+0100 (Midden-Europese standaardtijd)
73810a37-682d-4b24-bf22-0b29ed02b81b,00cd362b-43d1-47f3-a489-54f1770c046f,60,Page has aria-required element,false,0,"{""description"":""Required elements"",""informational"":true}",Sun Feb 01 2026 21:01:53 GMT+0100 (Midden-Europese standaardtijd)
bc8da16f-4f4c-4820-9595-7e99ee99972a,00cd362b-43d1-47f3-a489-54f1770c046f,61,Page has accesskey,false,0,"{""description"":""Accesskey attributes"",""informational"":true}",Sun Feb 01 2026 21:01:53 GMT+0100 (Midden-Europese standaardtijd)
39d53d63-eb62-4da8-97ca-2696e9356f30,00cd362b-43d1-47f3-a489-54f1770c046f,62,Page has aria-live element,false,0,"{""description"":""Live regions"",""informational"":true}",Sun Feb 01 2026 21:01:53 GMT+0100 (Midden-Europese standaardtijd)
58fe3b3e-bc9b-4782-bcae-90e6e0aba3c0,00cd362b-43d1-47f3-a489-54f1770c046f,65,Page has strong or bold,false,0,"{""description"":""Bold text"",""informational"":true}",Sun Feb 01 2026 21:01:53 GMT+0100 (Midden-Europese standaardtijd)
cfcc9b70-7231-424c-9f31-017f121e624e,00cd362b-43d1-47f3-a489-54f1770c046f,66,Page has em or italic,false,0,"{""description"":""Italic text"",""informational"":true}",Sun Feb 01 2026 21:01:53 GMT+0100 (Midden-Europese standaardtijd)
a127af53-a896-4f24-bf0d-21f9cfb1d1f9,00cd362b-43d1-47f3-a489-54f1770c046f,67,Page has preformatted text,false,0,"{""description"":""Preformatted content"",""informational"":true}",Sun Feb 01 2026 21:01:53 GMT+0100 (Midden-Europese standaardtijd)
aa84d8c6-7791-463a-9772-a5a2e0198f5f,00cd362b-43d1-47f3-a489-54f1770c046f,68,Page has code block,false,0,"{""description"":""Code blocks"",""informational"":true}",Sun Feb 01 2026 21:01:53 GMT+0100 (Midden-Europese standaardtijd)
344180f4-4c36-4375-a345-00ea8211d946,00cd362b-43d1-47f3-a489-54f1770c046f,69,Page has blockquote,false,0,"{""description"":""Quote blocks"",""informational"":true}",Sun Feb 01 2026 21:01:53 GMT+0100 (Midden-Europese standaardtijd)
66152199-14fe-4686-bd0b-b4199d76b20d,00cd362b-43d1-47f3-a489-54f1770c046f,70,Page has abbreviation,false,0,"{""description"":""Abbreviations"",""informational"":true}",Sun Feb 01 2026 21:01:53 GMT+0100 (Midden-Europese standaardtijd)
9c1c53c3-1de3-45d6-8ee1-9f5c492a473c,00cd362b-43d1-47f3-a489-54f1770c046f,71,Page has citation,false,0,"{""description"":""Citations"",""informational"":true}",Sun Feb 01 2026 21:01:53 GMT+0100 (Midden-Europese standaardtijd)
52a856ae-36f6-4c63-afe0-08430f10c4c5,00cd362b-43d1-47f3-a489-54f1770c046f,72,Page has marked text,false,0,"{""description"":""Highlighted text"",""informational"":true}",Sun Feb 01 2026 21:01:53 GMT+0100 (Midden-Europese standaardtijd)
e7079d08-850f-44de-8c60-8d9fcadb28e5,00cd362b-43d1-47f3-a489-54f1770c046f,73,Page has subscript,false,0,"{""description"":""Subscript text"",""informational"":true}",Sun Feb 01 2026 21:01:53 GMT+0100 (Midden-Europese standaardtijd)
c0b6565c-1cf0-4321-8228-d8e0df213722,00cd362b-43d1-47f3-a489-54f1770c046f,74,Page has superscript,false,0,"{""description"":""Superscript text"",""informational"":true}",Sun Feb 01 2026 21:01:53 GMT+0100 (Midden-Europese standaardtijd)
355714f0-e967-4069-9075-2ab698fdfff7,00cd362b-43d1-47f3-a489-54f1770c046f,75,Page has time,false,0,"{""description"":""Time elements"",""informational"":true}",Sun Feb 01 2026 21:01:53 GMT+0100 (Midden-Europese standaardtijd)
78ef5817-1e24-49b3-9f13-fc0a4700b7e3,00cd362b-43d1-47f3-a489-54f1770c046f,76,Page has data,false,0,"{""description"":""Data elements"",""informational"":true}",Sun Feb 01 2026 21:01:53 GMT+0100 (Midden-Europese standaardtijd)
6204098d-34db-4580-812e-69e6ef3b9326,00cd362b-43d1-47f3-a489-54f1770c046f,77,Page has details,false,0,"{""description"":""Details elements"",""informational"":true}",Sun Feb 01 2026 21:01:53 GMT+0100 (Midden-Europese standaardtijd)
589ae09d-5b6f-4632-b1c1-49230c79a8b7,00cd362b-43d1-47f3-a489-54f1770c046f,78,Page has summary,false,0,"{""description"":""Summary elements"",""informational"":true}",Sun Feb 01 2026 21:01:53 GMT+0100 (Midden-Europese standaardtijd)
f38572bd-9827-4d9a-b9dc-cb4ce497e139,00cd362b-43d1-47f3-a489-54f1770c046f,79,Page has article,false,0,"{""description"":""Article elements"",""informational"":true}",Sun Feb 01 2026 21:01:53 GMT+0100 (Midden-Europese standaardtijd)
55337543-801c-4e8c-beba-bf268dd84eb8,00cd362b-43d1-47f3-a489-54f1770c046f,80,Page has section,true,3,"{""description"":""Section elements"",""informational"":true}",Sun Feb 01 2026 21:01:53 GMT+0100 (Midden-Europese standaardtijd)
73f6f553-3656-46d5-879e-065badc39708,00cd362b-43d1-47f3-a489-54f1770c046f,81,Page has nav,true,6,"{""description"":""Navigation elements"",""informational"":true}",Sun Feb 01 2026 21:01:53 GMT+0100 (Midden-Europese standaardtijd)
d3ae2568-eb4e-4110-be95-4e93ee6f3cef,00cd362b-43d1-47f3-a489-54f1770c046f,82,Page has aside,false,0,"{""description"":""Aside elements"",""informational"":true}",Sun Feb 01 2026 21:01:53 GMT+0100 (Midden-Europese standaardtijd)
b0703038-7b7e-4a06-9e33-ee82b42a8f9a,00cd362b-43d1-47f3-a489-54f1770c046f,83,Page has header,true,2,"{""description"":""Header elements"",""informational"":true}",Sun Feb 01 2026 21:01:53 GMT+0100 (Midden-Europese standaardtijd)
e7b0d9c0-597b-491f-9a49-568903d2be50,00cd362b-43d1-47f3-a489-54f1770c046f,84,Page has footer,true,1,"{""description"":""Footer elements"",""informational"":true}",Sun Feb 01 2026 21:01:53 GMT+0100 (Midden-Europese standaardtijd)
ca6f60ae-bf0b-443c-bcc2-18fb375fd7bc,00cd362b-43d1-47f3-a489-54f1770c046f,85,Page has main,true,1,"{""description"":""Main content"",""informational"":true}",Sun Feb 01 2026 21:01:53 GMT+0100 (Midden-Europese standaardtijd)
791269d2-efe9-4da2-8822-2a634218f050,00cd362b-43d1-47f3-a489-54f1770c046f,86,Page has figure,false,0,"{""description"":""Figure elements"",""informational"":true}",Sun Feb 01 2026 21:01:53 GMT+0100 (Midden-Europese standaardtijd)
2d80d977-192e-4603-a6aa-21e21faf1083,00cd362b-43d1-47f3-a489-54f1770c046f,87,Page has figcaption,false,0,"{""description"":""Figure captions"",""informational"":true}",Sun Feb 01 2026 21:01:53 GMT+0100 (Midden-Europese standaardtijd)
33be2172-3be2-409e-82f9-77be1b273bde,00cd362b-43d1-47f3-a489-54f1770c046f,88,Page has address,false,0,"{""description"":""Address elements"",""informational"":true}",Sun Feb 01 2026 21:01:53 GMT+0100 (Midden-Europese standaardtijd)
5e70bd83-44f6-4523-85d4-9fe9bd279c64,00cd362b-43d1-47f3-a489-54f1770c046f,89,Page has progress,false,0,"{""description"":""Progress bars"",""informational"":true}",Sun Feb 01 2026 21:01:53 GMT+0100 (Midden-Europese standaardtijd)
49a18572-3977-45bd-b3f7-bfd7ee4740c9,00cd362b-43d1-47f3-a489-54f1770c046f,90,Page has meter,false,0,"{""description"":""Meter elements"",""informational"":true}",Sun Feb 01 2026 21:01:53 GMT+0100 (Midden-Europese standaardtijd)
58bbb685-25b3-45fb-a074-29a0c8b54837,00cd362b-43d1-47f3-a489-54f1770c046f,91,Page has output,false,0,"{""description"":""Output elements"",""informational"":true}",Sun Feb 01 2026 21:01:53 GMT+0100 (Midden-Europese standaardtijd)
a10da080-1907-4123-8cbb-5f2da645c79b,00cd362b-43d1-47f3-a489-54f1770c046f,92,Page has canvas,false,0,"{""description"":""Canvas elements"",""informational"":true}",Sun Feb 01 2026 21:01:53 GMT+0100 (Midden-Europese standaardtijd)
ec7434aa-0b31-4b6f-a7e9-fa5ef61d66b9,00cd362b-43d1-47f3-a489-54f1770c046f,93,Page has object,false,0,"{""description"":""Object embeds"",""informational"":true}",Sun Feb 01 2026 21:01:53 GMT+0100 (Midden-Europese standaardtijd)
e7a793c2-b2e4-4f30-b666-6d1fc86d35ad,00cd362b-43d1-47f3-a489-54f1770c046f,94,Page has embed,false,0,"{""description"":""Embed elements"",""informational"":true}",Sun Feb 01 2026 21:01:53 GMT+0100 (Midden-Europese standaardtijd)
dc76cbac-484c-4297-a058-2f02c6855d93,00cd362b-43d1-47f3-a489-54f1770c046f,95,Page has param,false,0,"{""description"":""Param elements"",""informational"":true}",Sun Feb 01 2026 21:01:53 GMT+0100 (Midden-Europese standaardtijd)
b4366da9-c282-4026-b9dd-3abce09bd2c0,00cd362b-43d1-47f3-a489-54f1770c046f,96,Page has source,false,0,"{""description"":""Source elements"",""informational"":true}",Sun Feb 01 2026 21:01:53 GMT+0100 (Midden-Europese standaardtijd)
b3198a35-68ff-4c4f-9b9f-d403028b92ef,00cd362b-43d1-47f3-a489-54f1770c046f,97,Page has track,false,0,"{""description"":""Track elements (captions)"",""informational"":true}",Sun Feb 01 2026 21:01:53 GMT+0100 (Midden-Europese standaardtijd)
c49415a3-8e65-4d95-a201-a29baed12c60,00cd362b-43d1-47f3-a489-54f1770c046f,98,Page has map,false,0,"{""description"":""Image maps"",""informational"":true}",Sun Feb 01 2026 21:01:53 GMT+0100 (Midden-Europese standaardtijd)
defe633b-2a90-47bf-95d5-80b4b62ef998,00cd362b-43d1-47f3-a489-54f1770c046f,99,Page has area,false,0,"{""description"":""Map areas"",""informational"":true}",Sun Feb 01 2026 21:01:53 GMT+0100 (Midden-Europese standaardtijd)
c2bbb21b-c701-488c-a3e0-6ec66994e996,00cd362b-43d1-47f3-a489-54f1770c046f,100,Page has select,false,0,"{""description"":""Select dropdowns"",""informational"":true}",Sun Feb 01 2026 21:01:53 GMT+0100 (Midden-Europese standaardtijd)
d22564ec-707b-45f8-aed7-b3922bb40233,00cd362b-43d1-47f3-a489-54f1770c046f,101,Page has optgroup,false,0,"{""description"":""Option groups"",""informational"":true}",Sun Feb 01 2026 21:01:53 GMT+0100 (Midden-Europese standaardtijd)
ef875839-689a-424e-8abf-deb70f305556,00cd362b-43d1-47f3-a489-54f1770c046f,102,Page has option,false,0,"{""description"":""Select options"",""informational"":true}",Sun Feb 01 2026 21:01:53 GMT+0100 (Midden-Europese standaardtijd)
5bd0b1bf-a806-42ec-a55a-43f8546f58e9,00cd362b-43d1-47f3-a489-54f1770c046f,103,Page has textarea,false,0,"{""description"":""Text areas"",""informational"":true}",Sun Feb 01 2026 21:01:53 GMT+0100 (Midden-Europese standaardtijd)
a94affec-5a16-4b9e-9273-a6d1fd0f3aea,00cd362b-43d1-47f3-a489-54f1770c046f,104,Page has keygen,false,0,"{""description"":""Keygen elements"",""informational"":true}",Sun Feb 01 2026 21:01:53 GMT+0100 (Midden-Europese standaardtijd)
3c49b102-5771-4180-bada-18fdc0903146,00cd362b-43d1-47f3-a489-54f1770c046f,105,Page has datalist,false,0,"{""description"":""Data lists"",""informational"":true}",Sun Feb 01 2026 21:01:53 GMT+0100 (Midden-Europese standaardtijd)
29cdf8f2-dca9-40a6-8ce9-0f4213e97767,00cd362b-43d1-47f3-a489-54f1770c046f,106,"Page has input type=""checkbox""",false,0,"{""description"":""Checkboxes"",""informational"":true}",Sun Feb 01 2026 21:01:53 GMT+0100 (Midden-Europese standaardtijd)
603e0a0c-2510-4df9-9564-61f4867d19e6,00cd362b-43d1-47f3-a489-54f1770c046f,107,"Page has input type=""radio""",false,0,"{""description"":""Radio buttons"",""informational"":true}",Sun Feb 01 2026 21:01:53 GMT+0100 (Midden-Europese standaardtijd)
81e1c337-36b0-42b9-bb6d-b548cc560f90,00cd362b-43d1-47f3-a489-54f1770c046f,108,"Page has input type=""submit""",false,0,"{""description"":""Submit buttons"",""informational"":true}",Sun Feb 01 2026 21:01:53 GMT+0100 (Midden-Europese standaardtijd)
8dc95f03-d3aa-4065-92ac-ab10c35035fc,00cd362b-43d1-47f3-a489-54f1770c046f,109,"Page has input type=""reset""",false,0,"{""description"":""Reset buttons"",""informational"":true}",Sun Feb 01 2026 21:01:53 GMT+0100 (Midden-Europese standaardtijd)
94a01dd1-4dfc-4941-9306-e0be853534fe,00cd362b-43d1-47f3-a489-54f1770c046f,110,"Page has input type=""button""",false,0,"{""description"":""Button inputs"",""informational"":true}",Sun Feb 01 2026 21:01:53 GMT+0100 (Midden-Europese standaardtijd)
84f249e5-d18f-44ac-9c63-75a9fe23268a,00cd362b-43d1-47f3-a489-54f1770c046f,111,"Page has input type=""file""",false,0,"{""description"":""File inputs"",""informational"":true}",Sun Feb 01 2026 21:01:53 GMT+0100 (Midden-Europese standaardtijd)
fe2381c2-4845-4d3d-8e26-3e04059ec4a8,00cd362b-43d1-47f3-a489-54f1770c046f,112,"Page has input type=""hidden""",false,0,"{""description"":""Hidden inputs"",""informational"":true}",Sun Feb 01 2026 21:01:53 GMT+0100 (Midden-Europese standaardtijd)
7c6c134b-d99a-4b4c-94cb-d08a035a46a0,00cd362b-43d1-47f3-a489-54f1770c046f,113,"Page has input type=""image""",false,0,"{""description"":""Image buttons"",""informational"":true}",Sun Feb 01 2026 21:01:53 GMT+0100 (Midden-Europese standaardtijd)
4407bc83-6b83-47e4-80df-ef34048b3e6e,00cd362b-43d1-47f3-a489-54f1770c046f,114,"Page has input type=""date""",false,0,"{""description"":""Date pickers"",""informational"":true}",Sun Feb 01 2026 21:01:53 GMT+0100 (Midden-Europese standaardtijd)
8eb1df80-7608-4080-bb21-eb4d8187a249,00cd362b-43d1-47f3-a489-54f1770c046f,115,"Page has input type=""time""",false,0,"{""description"":""Time pickers"",""informational"":true}",Sun Feb 01 2026 21:01:53 GMT+0100 (Midden-Europese standaardtijd)
bd861f5d-59d8-450d-9910-75cf27e2992d,00cd362b-43d1-47f3-a489-54f1770c046f,116,"Page has input type=""datetime-local""",false,0,"{""description"":""Datetime pickers"",""informational"":true}",Sun Feb 01 2026 21:01:53 GMT+0100 (Midden-Europese standaardtijd)
545e5a62-9272-4657-a82f-4f241a25fa9d,00cd362b-43d1-47f3-a489-54f1770c046f,117,"Page has input type=""month""",false,0,"{""description"":""Month pickers"",""informational"":true}",Sun Feb 01 2026 21:01:53 GMT+0100 (Midden-Europese standaardtijd)
5018cdc2-f01c-4f22-8dfa-d3458f195842,00cd362b-43d1-47f3-a489-54f1770c046f,118,"Page has input type=""week""",false,0,"{""description"":""Week pickers"",""informational"":true}",Sun Feb 01 2026 21:01:53 GMT+0100 (Midden-Europese standaardtijd)
9fd42970-80ff-4845-a933-a7d87690680f,00cd362b-43d1-47f3-a489-54f1770c046f,119,"Page has input type=""color""",false,0,"{""description"":""Color pickers"",""informational"":true}",Sun Feb 01 2026 21:01:53 GMT+0100 (Midden-Europese standaardtijd)
2059db56-7e04-437a-a7b9-15bbb1859799,00cd362b-43d1-47f3-a489-54f1770c046f,120,"Page has input type=""range""",false,0,"{""description"":""Range sliders"",""informational"":true}",Sun Feb 01 2026 21:01:53 GMT+0100 (Midden-Europese standaardtijd)
c9a8abfd-2827-4469-8c90-e281d1d67bc9,00cd362b-43d1-47f3-a489-54f1770c046f,121,"Page has input type=""search""",true,2,"{""description"":""Search inputs"",""informational"":true}",Sun Feb 01 2026 21:01:53 GMT+0100 (Midden-Europese standaardtijd)
a392ddbb-891a-4c47-a8a6-3d020ea5f4d8,00cd362b-43d1-47f3-a489-54f1770c046f,122,"Page has input type=""tel""",false,0,"{""description"":""Telephone inputs"",""informational"":true}",Sun Feb 01 2026 21:01:53 GMT+0100 (Midden-Europese standaardtijd)
59084ae1-aacb-4aae-9795-aacb0b58a19e,00cd362b-43d1-47f3-a489-54f1770c046f,123,"Page has input type=""url""",false,0,"{""description"":""URL inputs"",""informational"":true}",Sun Feb 01 2026 21:01:53 GMT+0100 (Midden-Europese standaardtijd)
4b77da78-3036-4869-a31b-3f098aae8362,00cd362b-43d1-47f3-a489-54f1770c046f,124,"Page has input type=""email""",false,0,"{""description"":""Email inputs"",""informational"":true}",Sun Feb 01 2026 21:01:53 GMT+0100 (Midden-Europese standaardtijd)
d2c3cfe7-33e6-4224-91ec-bd6bb7bc8283,00cd362b-43d1-47f3-a489-54f1770c046f,125,"Page has input type=""number""",false,0,"{""description"":""Number inputs"",""informational"":true}",Sun Feb 01 2026 21:01:53 GMT+0100 (Midden-Europese standaardtijd)
1fea80f0-5878-4e66-9a24-d6a6176454dc,00cd362b-43d1-47f3-a489-54f1770c046f,126,"Page has input type=""password""",false,0,"{""description"":""Password fields"",""informational"":true}",Sun Feb 01 2026 21:01:53 GMT+0100 (Midden-Europese standaardtijd)
03d10a9f-71f1-40ee-a64e-c173770ca50a,00cd362b-43d1-47f3-a489-54f1770c046f,127,"Page has input type=""text""",false,0,"{""description"":""Text inputs"",""informational"":true}",Sun Feb 01 2026 21:01:53 GMT+0100 (Midden-Europese standaardtijd)
3a45fbaa-d2f8-4ac9-962f-3eb05f1fefc5,00cd362b-43d1-47f3-a489-54f1770c046f,128,Page has label,true,2,"{""description"":""Label elements"",""informational"":true}",Sun Feb 01 2026 21:01:53 GMT+0100 (Midden-Europese standaardtijd)
f6fe2644-03f2-4dc4-908c-36477dc32e89,00cd362b-43d1-47f3-a489-54f1770c046f,129,Page has legend,false,0,"{""description"":""Legend elements"",""informational"":true}",Sun Feb 01 2026 21:01:53 GMT+0100 (Midden-Europese standaardtijd)
e074e917-d562-4448-bbb4-56915848468e,00cd362b-43d1-47f3-a489-54f1770c046f,130,Page has fieldset,false,0,"{""description"":""Fieldset elements"",""informational"":true}",Sun Feb 01 2026 21:01:53 GMT+0100 (Midden-Europese standaardtijd)
1451f30d-8863-405d-ac99-d470f65e61cb,794f9c6c-043e-4e8b-8b52-cfdd46c4a704,48,LangAttributeMissingTest,false,0,"{""langValue"":""nl"",""wcagLevel"":""A"",""critical"":true}",Sun Feb 01 2026 21:01:54 GMT+0100 (Midden-Europese standaardtijd)
11106af4-e268-45bc-a91c-65a5f82fdbc7,794f9c6c-043e-4e8b-8b52-cfdd46c4a704,50,TitleMissingTest,false,0,"{""wcagLevel"":""A"",""critical"":true}",Sun Feb 01 2026 21:01:54 GMT+0100 (Midden-Europese standaardtijd)
6deabb6b-9768-48ed-8c9b-ebbf2ee66297,794f9c6c-043e-4e8b-8b52-cfdd46c4a704,51,TitleEmptyTest,false,0,"{""titleText"":""Home | DigiD"",""wcagLevel"":""A"",""critical"":true}",Sun Feb 01 2026 21:01:54 GMT+0100 (Midden-Europese standaardtijd)
03950fc4-aaa5-4f47-8f00-c93402b1320a,794f9c6c-043e-4e8b-8b52-cfdd46c4a704,64,ImgMissingAltTest,false,0,"{""images"":[],""totalCount"":0,""wcagLevel"":""A"",""critical"":true}",Sun Feb 01 2026 21:01:54 GMT+0100 (Midden-Europese standaardtijd)
e2e95a8f-1851-468b-9949-1e51369158ba,794f9c6c-043e-4e8b-8b52-cfdd46c4a704,30,FormMissingLabelsTest,false,0,"{""forms"":[],""wcagLevel"":""A"",""critical"":true}",Sun Feb 01 2026 21:01:54 GMT+0100 (Midden-Europese standaardtijd)
163dcbba-3b06-499e-8ca5-db17300306b2,794f9c6c-043e-4e8b-8b52-cfdd46c4a704,57,HeadingsAtLeastOneH1Test,false,0,"{""h1Count"":2,""h1Texts"":[""Laat zien wie je bent"",""""],""wcagLevel"":""A"",""critical"":true}",Sun Feb 01 2026 21:01:54 GMT+0100 (Midden-Europese standaardtijd)
fcab3d5f-d5fa-4b69-9b80-4aa02078ce8f,794f9c6c-043e-4e8b-8b52-cfdd46c4a704,7,IframeMissingAccessibleNameTest,false,0,"{""iframes"":[],""totalCount"":0,""wcagLevel"":""A"",""critical"":true}",Sun Feb 01 2026 21:01:54 GMT+0100 (Midden-Europese standaardtijd)
61c528f5-45d3-4fe5-be8d-259bdf41c6ce,794f9c6c-043e-4e8b-8b52-cfdd46c4a704,25,TableTest,false,0,"{""tables"":[],""totalCount"":0,""informational"":true}",Sun Feb 01 2026 21:01:54 GMT+0100 (Midden-Europese standaardtijd)
0740e9b3-b1d6-4567-9b30-68ebe219090b,794f9c6c-043e-4e8b-8b52-cfdd46c4a704,29,FormTest,true,2,"{""forms"":[{""index"":1,""action"":""#"",""method"":""GET"",""inputCount"":1},{""index"":2,""action"":""#"",""method"":""GET"",""inputCount"":1}],""totalCount"":2,""informational"":true}",Sun Feb 01 2026 21:01:54 GMT+0100 (Midden-Europese standaardtijd)
1a05afb9-7f79-4af1-bb92-9abf4ac5d49e,794f9c6c-043e-4e8b-8b52-cfdd46c4a704,63,ImgTest,true,19,"{""totalImages"":19,""withAlt"":19,""withoutAlt"":0,""withEmptyAlt"":16,""informational"":true}",Sun Feb 01 2026 21:01:54 GMT+0100 (Midden-Europese standaardtijd)
7aaf2eff-dbed-4ed7-9d89-39da72b28a33,794f9c6c-043e-4e8b-8b52-cfdd46c4a704,1,IframeIsVimeoVideoWithKeysDisabledTest,false,0,"{""iframes"":[],""totalCount"":0}",Sun Feb 01 2026 21:01:54 GMT+0100 (Midden-Europese standaardtijd)
fcf83f2c-61b4-4d27-9ca2-7e64757b2747,794f9c6c-043e-4e8b-8b52-cfdd46c4a704,2,ImgAltTooLongTest,false,0,"{""images"":[],""totalCount"":0}",Sun Feb 01 2026 21:01:54 GMT+0100 (Midden-Europese standaardtijd)
eb65d3e4-7217-4407-95ef-3379c1d14f6e,794f9c6c-043e-4e8b-8b52-cfdd46c4a704,3,ViewportMetaRestrictsScalingTest,false,0,"{""content"":""width=device-width, initial-scale=1"",""restrictsScaling"":false}",Sun Feb 01 2026 21:01:54 GMT+0100 (Midden-Europese standaardtijd)
dab6bc4d-e143-43a3-a3ec-e1143ef120d3,794f9c6c-043e-4e8b-8b52-cfdd46c4a704,4,ImageLinkMissingAccessibleNameTest,true,1,"{""links"":[{""href"":""/nl"",""imageCount"":1}],""totalCount"":1}",Sun Feb 01 2026 21:01:54 GMT+0100 (Midden-Europese standaardtijd)
acaa22fb-0083-4396-aca6-ffb4e8be5f78,794f9c6c-043e-4e8b-8b52-cfdd46c4a704,5,PageContainsLinkReadMoreTest,false,0,"{""links"":[],""totalCount"":0}",Sun Feb 01 2026 21:01:54 GMT+0100 (Midden-Europese standaardtijd)
5ae4557b-fc4b-424a-8ea3-a6348e701615,794f9c6c-043e-4e8b-8b52-cfdd46c4a704,6,PageContainsMultipleSameLinksTest,true,15,"{""duplicateLinks"":[{""text"":""Mijn DigiD"",""occurrences"":2},{""text"":""Ik krijg een foutmelding in de DigiD app"",""occurrences"":3},{""text"":""Hoe activeer ik de DigiD app?"",""occurrences"":3},{""text"":""Hoe log ik in met de DigiD app?"",""occurrences"":2},{""text"":""Waarom lukt het activeren van mijn rijbewijs/ID-kaart niet?"",""occurrences"":3},{""text"":""Code invullen"",""occurrences"":2}],""totalCount"":15}",Sun Feb 01 2026 21:01:54 GMT+0100 (Midden-Europese standaardtijd)
ce0d610c-7471-4663-b9df-bde7135a9088,794f9c6c-043e-4e8b-8b52-cfdd46c4a704,8,IframeIsYouTubeVideoWithKeysEnabledTest,false,0,"{""iframes"":[],""totalCount"":0}",Sun Feb 01 2026 21:01:54 GMT+0100 (Midden-Europese standaardtijd)
a69173b8-e62f-4960-b1db-c961b001a4dc,794f9c6c-043e-4e8b-8b52-cfdd46c4a704,9,TableWithHeadingsTest,false,0,"{""tables"":[],""totalCount"":0}",Sun Feb 01 2026 21:01:54 GMT+0100 (Midden-Europese standaardtijd)
bb997a2a-f85f-45d3-97bc-2338ddbc23d8,794f9c6c-043e-4e8b-8b52-cfdd46c4a704,11,IframeIsGoogleMapTest,false,0,"{""iframes"":[],""totalCount"":0}",Sun Feb 01 2026 21:01:54 GMT+0100 (Midden-Europese standaardtijd)
ac3caed5-86c5-425a-87bd-3d11d1570096,794f9c6c-043e-4e8b-8b52-cfdd46c4a704,12,IframeIsScribitVideoTest,false,0,"{""iframes"":[],""totalCount"":0}",Sun Feb 01 2026 21:01:54 GMT+0100 (Midden-Europese standaardtijd)
616536f5-6268-4f90-9242-219f7bba6f03,794f9c6c-043e-4e8b-8b52-cfdd46c4a704,13,IframeIsVimeoVideoWithKeysEnabledTest,false,0,"{""iframes"":[],""totalCount"":0}",Sun Feb 01 2026 21:01:54 GMT+0100 (Midden-Europese standaardtijd)
675aa8bb-770e-44a7-89a3-369bead5d814,794f9c6c-043e-4e8b-8b52-cfdd46c4a704,14,IframeIsVimeoVideoTest,false,0,"{""iframes"":[],""totalCount"":0}",Sun Feb 01 2026 21:01:54 GMT+0100 (Midden-Europese standaardtijd)
fffff1a4-b3bc-4777-931e-fb931613fb35,794f9c6c-043e-4e8b-8b52-cfdd46c4a704,15,IframeTest,false,0,"{""iframes"":[],""totalCount"":0,""informational"":true}",Sun Feb 01 2026 21:01:54 GMT+0100 (Midden-Europese standaardtijd)
eb298ee1-a1a5-4bbf-808d-a31b58d8b994,794f9c6c-043e-4e8b-8b52-cfdd46c4a704,16,AudioHasAutoplayTest,false,0,"{""audios"":[],""totalCount"":0}",Sun Feb 01 2026 21:01:54 GMT+0100 (Midden-Europese standaardtijd)
293da6a0-1a9f-4565-95c9-d4c21bf395d8,794f9c6c-043e-4e8b-8b52-cfdd46c4a704,17,AudioControlsTest,false,0,"{""audios"":[],""totalCount"":0,""informational"":true}",Sun Feb 01 2026 21:01:54 GMT+0100 (Midden-Europese standaardtijd)
96fcc51e-e205-4723-9d90-5c8e98d94f2e,794f9c6c-043e-4e8b-8b52-cfdd46c4a704,18,AudioTest,false,0,"{""audios"":[],""totalCount"":0,""informational"":true}",Sun Feb 01 2026 21:01:54 GMT+0100 (Midden-Europese standaardtijd)
8aec36f7-a315-4b3f-ac73-2fba6701fb7b,794f9c6c-043e-4e8b-8b52-cfdd46c4a704,19,VideoHasAutoplayTest,false,0,"{""videos"":[],""totalCount"":0}",Sun Feb 01 2026 21:01:54 GMT+0100 (Midden-Europese standaardtijd)
ac7d21f1-72e5-4869-835e-4a73ee102c49,794f9c6c-043e-4e8b-8b52-cfdd46c4a704,20,VideoMissingTitleAriaTest,false,0,"{""videos"":[],""totalCount"":0}",Sun Feb 01 2026 21:01:54 GMT+0100 (Midden-Europese standaardtijd)
22c9e231-8b04-445c-b285-0c79840869cc,794f9c6c-043e-4e8b-8b52-cfdd46c4a704,21,VideoControlsTest,false,0,"{""videos"":[],""totalCount"":0,""informational"":true}",Sun Feb 01 2026 21:01:54 GMT+0100 (Midden-Europese standaardtijd)
80e89645-171b-4a00-a92f-6b5eb914a582,794f9c6c-043e-4e8b-8b52-cfdd46c4a704,22,VideoTest,false,0,"{""videos"":[],""totalCount"":0,""informational"":true}",Sun Feb 01 2026 21:01:54 GMT+0100 (Midden-Europese standaardtijd)
f571610b-fe65-4d85-8834-c13d1e2305af,794f9c6c-043e-4e8b-8b52-cfdd46c4a704,23,LinkWithoutTextTest,false,0,"{""links"":[],""totalCount"":0,""wcagLevel"":""A"",""critical"":true}",Sun Feb 01 2026 21:01:54 GMT+0100 (Midden-Europese standaardtijd)
53e89b09-7fd2-479b-9c60-649098a9319a,794f9c6c-043e-4e8b-8b52-cfdd46c4a704,24,EmptyLinkTest,false,0,"{""links"":[],""totalCount"":0,""wcagLevel"":""A"",""critical"":true}",Sun Feb 01 2026 21:01:54 GMT+0100 (Midden-Europese standaardtijd)
754b99be-191a-45b5-8156-4966e4943e2f,794f9c6c-043e-4e8b-8b52-cfdd46c4a704,26,TableWithoutHeadersTest,false,0,"{""tables"":[],""totalCount"":0,""wcagLevel"":""A"",""critical"":true}",Sun Feb 01 2026 21:01:54 GMT+0100 (Midden-Europese standaardtijd)
63de6114-46de-497d-befe-25052e54c23d,794f9c6c-043e-4e8b-8b52-cfdd46c4a704,27,ListTest,true,10,"{""lists"":[{""type"":""ul"",""itemCount"":0,""index"":1},{""type"":""ul"",""itemCount"":1,""index"":2},{""type"":""ul"",""itemCount"":2,""index"":3},{""type"":""ul"",""itemCount"":5,""index"":4},{""type"":""ul"",""itemCount"":2,""index"":5},{""type"":""ul"",""itemCount"":4,""index"":6},{""type"":""ul"",""itemCount"":4,""index"":7},{""type"":""ul"",""itemCount"":3,""index"":8},{""type"":""ul"",""itemCount"":2,""index"":9},{""type"":""ul"",""itemCount"":6,""index"":10}],""totalCount"":10,""informational"":true}",Sun Feb 01 2026 21:01:54 GMT+0100 (Midden-Europese standaardtijd)
9eec1bc5-b29f-43c8-83a5-57a4b16fbdbd,794f9c6c-043e-4e8b-8b52-cfdd46c4a704,28,DefinitionListTest,false,0,"{""lists"":[],""totalCount"":0,""informational"":true}",Sun Feb 01 2026 21:01:54 GMT+0100 (Midden-Europese standaardtijd)
5ae5bc02-1577-4d31-aeb7-c85d78fd5437,794f9c6c-043e-4e8b-8b52-cfdd46c4a704,31,FormMissingFieldsetTest,false,0,"{""forms"":[],""totalCount"":0,""wcagLevel"":""A""}",Sun Feb 01 2026 21:01:54 GMT+0100 (Midden-Europese standaardtijd)
7c5a1527-fe44-4872-94c3-480d86877f12,794f9c6c-043e-4e8b-8b52-cfdd46c4a704,32,InputMissingLabelTest,false,0,"{""inputs"":[],""totalCount"":0,""wcagLevel"":""A"",""critical"":true}",Sun Feb 01 2026 21:01:54 GMT+0100 (Midden-Europese standaardtijd)
b4475cb5-f992-48d3-bb50-4001505080b4,794f9c6c-043e-4e8b-8b52-cfdd46c4a704,33,ButtonEmptyTest,false,0,"{""buttons"":[],""totalCount"":0,""wcagLevel"":""A"",""critical"":true}",Sun Feb 01 2026 21:01:54 GMT+0100 (Midden-Europese standaardtijd)
0c7d17bd-ac81-45e6-b1b1-90b4061d479f,794f9c6c-043e-4e8b-8b52-cfdd46c4a704,34,HeadingEmptyTest,true,1,"{""headings"":[{""level"":""h1"",""html"":""""}],""totalCount"":1,""wcagLevel"":""A"",""critical"":true}",Sun Feb 01 2026 21:01:54 GMT+0100 (Midden-Europese standaardtijd)
37b3293b-4c8a-4030-be93-dd69fc33e430,794f9c6c-043e-4e8b-8b52-cfdd46c4a704,35,HeadingSkipLevelTest,false,0,"{""violations"":[],""totalCount"":0,""wcagLevel"":""AA""}",Sun Feb 01 2026 21:01:54 GMT+0100 (Midden-Europese standaardtijd)
694d1778-50b2-43a9-95b3-7b001d8f76e4,794f9c6c-043e-4e8b-8b52-cfdd46c4a704,36,SkipLinkTest,false,0,"{""skipLinks"":[],""informational"":true}",Sun Feb 01 2026 21:01:54 GMT+0100 (Midden-Europese standaardtijd)
b7700bb1-bb69-4a10-a259-f632e2176c9e,794f9c6c-043e-4e8b-8b52-cfdd46c4a704,37,AriaLandmarksTest,true,14,"{""landmarks"":[{""type"":""aria-role"",""role"":""navigation"",""tag"":""nav""},{""type"":""aria-role"",""role"":""navigation"",""tag"":""nav""},{""type"":""aria-role"",""role"":""navigation"",""tag"":""nav""},{""type"":""aria-role"",""role"":""navigation"",""tag"":""nav""},{""type"":""semantic"",""tag"":""header""},{""type"":""semantic"",""tag"":""nav""},{""type"":""semantic"",""tag"":""nav""},{""type"":""semantic"",""tag"":""nav""},{""type"":""semantic"",""tag"":""nav""},{""type"":""semantic"",""tag"":""main""}],""totalCount"":14,""informational"":true}",Sun Feb 01 2026 21:01:54 GMT+0100 (Midden-Europese standaardtijd)
78b28c18-7e5f-41b3-b3b7-c178b3332635,794f9c6c-043e-4e8b-8b52-cfdd46c4a704,38,Element has tabindex,false,0,"{""description"":""Page has elements with tabindex"",""informational"":true}",Sun Feb 01 2026 21:01:54 GMT+0100 (Midden-Europese standaardtijd)
8d840211-d02a-4c17-ba8a-a720a7ed05de,794f9c6c-043e-4e8b-8b52-cfdd46c4a704,39,Page has list,true,10,"{""description"":""Page has lists"",""informational"":true}",Sun Feb 01 2026 21:01:54 GMT+0100 (Midden-Europese standaardtijd)
f40c2cd8-37b4-4613-85bf-fc1c8c304e3c,794f9c6c-043e-4e8b-8b52-cfdd46c4a704,40,Page has elements with aria-label,true,2,"{""description"":""Elements with ARIA labels"",""informational"":true}",Sun Feb 01 2026 21:01:54 GMT+0100 (Midden-Europese standaardtijd)
06e0a7a0-8f6b-4ffa-83f1-ef83daf5c2ec,794f9c6c-043e-4e8b-8b52-cfdd46c4a704,41,Page has elements with aria-expanded,true,1,"{""description"":""Expandable elements"",""informational"":true}",Sun Feb 01 2026 21:01:54 GMT+0100 (Midden-Europese standaardtijd)
687be36a-6081-46b6-b62f-b7326088f138,794f9c6c-043e-4e8b-8b52-cfdd46c4a704,42,Page has pictures,false,0,"{""description"":""Page contains picture elements"",""informational"":true}",Sun Feb 01 2026 21:01:54 GMT+0100 (Midden-Europese standaardtijd)
8ffff6f3-9985-4ad1-9ab2-765902500f52,794f9c6c-043e-4e8b-8b52-cfdd46c4a704,43,Page has images,true,19,"{""description"":""Page contains images"",""informational"":true}",Sun Feb 01 2026 21:01:54 GMT+0100 (Midden-Europese standaardtijd)
722c7ec3-9e04-4150-948d-9c67815c1542,794f9c6c-043e-4e8b-8b52-cfdd46c4a704,44,Page has decorative images or text alternative is missing,true,16,"{""description"":""Decorative or missing alt"",""informational"":true}",Sun Feb 01 2026 21:01:54 GMT+0100 (Midden-Europese standaardtijd)
47a2ff0a-34d0-479a-934b-a81d653a80f4,794f9c6c-043e-4e8b-8b52-cfdd46c4a704,45,Page has elements with aria-describedby,false,0,"{""description"":""Elements with descriptions"",""informational"":true}",Sun Feb 01 2026 21:01:54 GMT+0100 (Midden-Europese standaardtijd)
d3e38b64-3b86-4ebe-a537-6440870c7093,794f9c6c-043e-4e8b-8b52-cfdd46c4a704,46,Page has a button with aria-label,false,0,"{""description"":""Buttons with ARIA labels"",""informational"":true}",Sun Feb 01 2026 21:01:54 GMT+0100 (Midden-Europese standaardtijd)
89bea1a5-176b-4b5d-a0d5-4b84698cbc7f,794f9c6c-043e-4e8b-8b52-cfdd46c4a704,47,Form with required input fields is validated by browser,false,0,"{""description"":""Browser-validated forms"",""informational"":true}",Sun Feb 01 2026 21:01:54 GMT+0100 (Midden-Europese standaardtijd)
4fde53e4-9b85-40e5-a890-1aa4717339eb,794f9c6c-043e-4e8b-8b52-cfdd46c4a704,49,Page has elements with aria-labelledby,true,2,"{""description"":""Elements with labelledby"",""informational"":true}",Sun Feb 01 2026 21:01:54 GMT+0100 (Midden-Europese standaardtijd)
d2adc0a7-8336-44b7-8267-adc413a25e15,794f9c6c-043e-4e8b-8b52-cfdd46c4a704,52,Page has SVG-images,true,20,"{""description"":""Page contains SVG"",""informational"":true}",Sun Feb 01 2026 21:01:54 GMT+0100 (Midden-Europese standaardtijd)
96e4e3ad-0d63-4943-bf09-f6f7be3e29e5,794f9c6c-043e-4e8b-8b52-cfdd46c4a704,53,Page has elements with role=menu,false,0,"{""description"":""Menu elements"",""informational"":true}",Sun Feb 01 2026 21:01:54 GMT+0100 (Midden-Europese standaardtijd)
44ff744c-94e9-4097-9b92-40aacbd34efc,794f9c6c-043e-4e8b-8b52-cfdd46c4a704,54,Page has fieldset without legend,false,0,"{""description"":""Fieldsets missing legends"",""informational"":true}",Sun Feb 01 2026 21:01:54 GMT+0100 (Midden-Europese standaardtijd)
270a7ce7-8e27-4f1f-8911-31132cbeca9a,794f9c6c-043e-4e8b-8b52-cfdd46c4a704,55,Page has dialog or modal window,false,0,"{""description"":""Dialog elements"",""informational"":true}",Sun Feb 01 2026 21:01:54 GMT+0100 (Midden-Europese standaardtijd)
99b83b8c-ab0f-4794-a2af-ddacf19d0d96,794f9c6c-043e-4e8b-8b52-cfdd46c4a704,56,Page has interactive image,false,0,"{""description"":""Interactive images"",""informational"":true}",Sun Feb 01 2026 21:01:54 GMT+0100 (Midden-Europese standaardtijd)
0a987def-210f-476b-aa64-c35d4ffdc483,794f9c6c-043e-4e8b-8b52-cfdd46c4a704,10,Page has aria-hidden element,true,7,"{""description"":""Hidden elements"",""informational"":true}",Sun Feb 01 2026 21:01:54 GMT+0100 (Midden-Europese standaardtijd)
797b9d27-b2ac-4da0-afa1-385a98a1b808,794f9c6c-043e-4e8b-8b52-cfdd46c4a704,58,Page has input fields with autocomplete,false,0,"{""description"":""Autocomplete fields"",""informational"":true}",Sun Feb 01 2026 21:01:54 GMT+0100 (Midden-Europese standaardtijd)
40ee7876-2e9e-4a22-bb56-f5109bfa231f,794f9c6c-043e-4e8b-8b52-cfdd46c4a704,59,Page has aria-invalid element,false,0,"{""description"":""Invalid elements"",""informational"":true}",Sun Feb 01 2026 21:01:54 GMT+0100 (Midden-Europese standaardtijd)
d8e6a6cb-489e-468d-8e07-3d1d6c73e529,794f9c6c-043e-4e8b-8b52-cfdd46c4a704,60,Page has aria-required element,false,0,"{""description"":""Required elements"",""informational"":true}",Sun Feb 01 2026 21:01:54 GMT+0100 (Midden-Europese standaardtijd)
4b339004-c7a9-482c-9498-3c64c7c28398,794f9c6c-043e-4e8b-8b52-cfdd46c4a704,61,Page has accesskey,false,0,"{""description"":""Accesskey attributes"",""informational"":true}",Sun Feb 01 2026 21:01:54 GMT+0100 (Midden-Europese standaardtijd)
5e1e5253-76d9-4325-b804-9a61d7e0f88c,794f9c6c-043e-4e8b-8b52-cfdd46c4a704,62,Page has aria-live element,false,0,"{""description"":""Live regions"",""informational"":true}",Sun Feb 01 2026 21:01:54 GMT+0100 (Midden-Europese standaardtijd)
01292d57-e449-4790-bb5e-ba39f7bb5c17,794f9c6c-043e-4e8b-8b52-cfdd46c4a704,65,Page has strong or bold,false,0,"{""description"":""Bold text"",""informational"":true}",Sun Feb 01 2026 21:01:54 GMT+0100 (Midden-Europese standaardtijd)
bdff9542-02f6-4bf6-bfb1-55ca6a1f7876,794f9c6c-043e-4e8b-8b52-cfdd46c4a704,66,Page has em or italic,false,0,"{""description"":""Italic text"",""informational"":true}",Sun Feb 01 2026 21:01:54 GMT+0100 (Midden-Europese standaardtijd)
cb4599de-0739-4994-9de4-544bbfe44e61,794f9c6c-043e-4e8b-8b52-cfdd46c4a704,67,Page has preformatted text,false,0,"{""description"":""Preformatted content"",""informational"":true}",Sun Feb 01 2026 21:01:54 GMT+0100 (Midden-Europese standaardtijd)
71414b55-117c-40f8-bc32-5f53c4d906ab,794f9c6c-043e-4e8b-8b52-cfdd46c4a704,68,Page has code block,false,0,"{""description"":""Code blocks"",""informational"":true}",Sun Feb 01 2026 21:01:54 GMT+0100 (Midden-Europese standaardtijd)
6ef310e3-3162-4b07-8b99-1816d473dde5,794f9c6c-043e-4e8b-8b52-cfdd46c4a704,69,Page has blockquote,false,0,"{""description"":""Quote blocks"",""informational"":true}",Sun Feb 01 2026 21:01:54 GMT+0100 (Midden-Europese standaardtijd)
2a594856-393e-4fd8-8281-a2baf91c6a5e,794f9c6c-043e-4e8b-8b52-cfdd46c4a704,70,Page has abbreviation,false,0,"{""description"":""Abbreviations"",""informational"":true}",Sun Feb 01 2026 21:01:54 GMT+0100 (Midden-Europese standaardtijd)
15744c99-a765-4641-a2ba-6f3e54491f1f,794f9c6c-043e-4e8b-8b52-cfdd46c4a704,71,Page has citation,false,0,"{""description"":""Citations"",""informational"":true}",Sun Feb 01 2026 21:01:54 GMT+0100 (Midden-Europese standaardtijd)
7f17782b-8e3d-49d0-bef6-cbf2acf97e94,794f9c6c-043e-4e8b-8b52-cfdd46c4a704,72,Page has marked text,false,0,"{""description"":""Highlighted text"",""informational"":true}",Sun Feb 01 2026 21:01:54 GMT+0100 (Midden-Europese standaardtijd)
b6ddee76-9213-460b-a2e6-1a04c7047ce0,794f9c6c-043e-4e8b-8b52-cfdd46c4a704,73,Page has subscript,false,0,"{""description"":""Subscript text"",""informational"":true}",Sun Feb 01 2026 21:01:54 GMT+0100 (Midden-Europese standaardtijd)
065d2b4e-440c-44f4-8392-3d4ec6588f5b,794f9c6c-043e-4e8b-8b52-cfdd46c4a704,74,Page has superscript,false,0,"{""description"":""Superscript text"",""informational"":true}",Sun Feb 01 2026 21:01:54 GMT+0100 (Midden-Europese standaardtijd)
47bb42a9-3b27-4661-bb9b-70be404431d1,794f9c6c-043e-4e8b-8b52-cfdd46c4a704,75,Page has time,false,0,"{""description"":""Time elements"",""informational"":true}",Sun Feb 01 2026 21:01:54 GMT+0100 (Midden-Europese standaardtijd)
d987ecec-7cac-4773-a3e2-c82bc5577864,794f9c6c-043e-4e8b-8b52-cfdd46c4a704,76,Page has data,false,0,"{""description"":""Data elements"",""informational"":true}",Sun Feb 01 2026 21:01:54 GMT+0100 (Midden-Europese standaardtijd)
180af54f-0e52-4f1f-80a0-c7e593ae81f4,794f9c6c-043e-4e8b-8b52-cfdd46c4a704,77,Page has details,false,0,"{""description"":""Details elements"",""informational"":true}",Sun Feb 01 2026 21:01:54 GMT+0100 (Midden-Europese standaardtijd)
2df1c49a-88b3-485b-9db3-8d85e325a5e4,794f9c6c-043e-4e8b-8b52-cfdd46c4a704,78,Page has summary,false,0,"{""description"":""Summary elements"",""informational"":true}",Sun Feb 01 2026 21:01:54 GMT+0100 (Midden-Europese standaardtijd)
8d8efb29-ff8c-4a5b-a249-590ff59a78f2,794f9c6c-043e-4e8b-8b52-cfdd46c4a704,79,Page has article,false,0,"{""description"":""Article elements"",""informational"":true}",Sun Feb 01 2026 21:01:54 GMT+0100 (Midden-Europese standaardtijd)
e4b289fb-c6b4-4a17-a7db-47325c9d55ad,794f9c6c-043e-4e8b-8b52-cfdd46c4a704,80,Page has section,true,3,"{""description"":""Section elements"",""informational"":true}",Sun Feb 01 2026 21:01:54 GMT+0100 (Midden-Europese standaardtijd)
a3f4ea7d-0405-4f2e-8653-efb62dcd9b32,794f9c6c-043e-4e8b-8b52-cfdd46c4a704,81,Page has nav,true,6,"{""description"":""Navigation elements"",""informational"":true}",Sun Feb 01 2026 21:01:54 GMT+0100 (Midden-Europese standaardtijd)
59e27a50-0d21-480c-bddc-ec79ca4434bf,794f9c6c-043e-4e8b-8b52-cfdd46c4a704,82,Page has aside,false,0,"{""description"":""Aside elements"",""informational"":true}",Sun Feb 01 2026 21:01:54 GMT+0100 (Midden-Europese standaardtijd)
9a6c4147-2ad1-4d27-871c-88e118bbfecb,794f9c6c-043e-4e8b-8b52-cfdd46c4a704,83,Page has header,true,2,"{""description"":""Header elements"",""informational"":true}",Sun Feb 01 2026 21:01:54 GMT+0100 (Midden-Europese standaardtijd)
43eec191-8ceb-4e35-8b26-6d839ee48d97,794f9c6c-043e-4e8b-8b52-cfdd46c4a704,84,Page has footer,true,1,"{""description"":""Footer elements"",""informational"":true}",Sun Feb 01 2026 21:01:54 GMT+0100 (Midden-Europese standaardtijd)
fe3af3fc-1a93-4daf-8a55-0ac9538ef13e,794f9c6c-043e-4e8b-8b52-cfdd46c4a704,85,Page has main,true,1,"{""description"":""Main content"",""informational"":true}",Sun Feb 01 2026 21:01:54 GMT+0100 (Midden-Europese standaardtijd)
3c155034-2641-4403-a4b2-7bf91544f25f,794f9c6c-043e-4e8b-8b52-cfdd46c4a704,86,Page has figure,false,0,"{""description"":""Figure elements"",""informational"":true}",Sun Feb 01 2026 21:01:54 GMT+0100 (Midden-Europese standaardtijd)
c2d0c1fe-8ad2-481b-a302-9a0b22f2c006,794f9c6c-043e-4e8b-8b52-cfdd46c4a704,87,Page has figcaption,false,0,"{""description"":""Figure captions"",""informational"":true}",Sun Feb 01 2026 21:01:54 GMT+0100 (Midden-Europese standaardtijd)
4340f90e-ae14-4ad2-99e4-3d5d33d053e0,794f9c6c-043e-4e8b-8b52-cfdd46c4a704,88,Page has address,false,0,"{""description"":""Address elements"",""informational"":true}",Sun Feb 01 2026 21:01:54 GMT+0100 (Midden-Europese standaardtijd)
fe7fea07-ec05-49da-8788-c61c0cdb0662,794f9c6c-043e-4e8b-8b52-cfdd46c4a704,89,Page has progress,false,0,"{""description"":""Progress bars"",""informational"":true}",Sun Feb 01 2026 21:01:54 GMT+0100 (Midden-Europese standaardtijd)
1dfd9f77-6c27-4a31-bf24-630152d37cab,794f9c6c-043e-4e8b-8b52-cfdd46c4a704,90,Page has meter,false,0,"{""description"":""Meter elements"",""informational"":true}",Sun Feb 01 2026 21:01:54 GMT+0100 (Midden-Europese standaardtijd)
613f9322-9590-4a21-9e4f-42e41f7cb9c0,794f9c6c-043e-4e8b-8b52-cfdd46c4a704,91,Page has output,false,0,"{""description"":""Output elements"",""informational"":true}",Sun Feb 01 2026 21:01:54 GMT+0100 (Midden-Europese standaardtijd)
256d0373-1c13-4e2f-a84f-980fd2ac25bc,794f9c6c-043e-4e8b-8b52-cfdd46c4a704,92,Page has canvas,false,0,"{""description"":""Canvas elements"",""informational"":true}",Sun Feb 01 2026 21:01:54 GMT+0100 (Midden-Europese standaardtijd)
b3a73929-9736-4e36-98ab-462b9cda44b6,794f9c6c-043e-4e8b-8b52-cfdd46c4a704,93,Page has object,false,0,"{""description"":""Object embeds"",""informational"":true}",Sun Feb 01 2026 21:01:54 GMT+0100 (Midden-Europese standaardtijd)
43c33aae-2dd7-46f3-89c2-23219117e357,794f9c6c-043e-4e8b-8b52-cfdd46c4a704,94,Page has embed,false,0,"{""description"":""Embed elements"",""informational"":true}",Sun Feb 01 2026 21:01:54 GMT+0100 (Midden-Europese standaardtijd)
3bdc9ceb-267d-43a2-92b2-898127739d67,794f9c6c-043e-4e8b-8b52-cfdd46c4a704,95,Page has param,false,0,"{""description"":""Param elements"",""informational"":true}",Sun Feb 01 2026 21:01:54 GMT+0100 (Midden-Europese standaardtijd)
054a199b-494e-4d94-83b7-2fd7e69d42db,794f9c6c-043e-4e8b-8b52-cfdd46c4a704,96,Page has source,false,0,"{""description"":""Source elements"",""informational"":true}",Sun Feb 01 2026 21:01:54 GMT+0100 (Midden-Europese standaardtijd)
f436a439-92b9-45a7-b926-7bf9da451bdc,794f9c6c-043e-4e8b-8b52-cfdd46c4a704,97,Page has track,false,0,"{""description"":""Track elements (captions)"",""informational"":true}",Sun Feb 01 2026 21:01:54 GMT+0100 (Midden-Europese standaardtijd)
45e6e5f6-9a16-4809-9b25-a171d2759cce,794f9c6c-043e-4e8b-8b52-cfdd46c4a704,98,Page has map,false,0,"{""description"":""Image maps"",""informational"":true}",Sun Feb 01 2026 21:01:54 GMT+0100 (Midden-Europese standaardtijd)
2015221f-c107-4721-a696-b5ef0b34538a,794f9c6c-043e-4e8b-8b52-cfdd46c4a704,99,Page has area,false,0,"{""description"":""Map areas"",""informational"":true}",Sun Feb 01 2026 21:01:54 GMT+0100 (Midden-Europese standaardtijd)
938b3731-2149-4dae-b6ea-e664100fd735,794f9c6c-043e-4e8b-8b52-cfdd46c4a704,100,Page has select,false,0,"{""description"":""Select dropdowns"",""informational"":true}",Sun Feb 01 2026 21:01:54 GMT+0100 (Midden-Europese standaardtijd)
18c5377c-f224-4480-bb74-cbe462b46846,794f9c6c-043e-4e8b-8b52-cfdd46c4a704,101,Page has optgroup,false,0,"{""description"":""Option groups"",""informational"":true}",Sun Feb 01 2026 21:01:54 GMT+0100 (Midden-Europese standaardtijd)
80395056-f206-4f96-aeee-ebd0e417d097,794f9c6c-043e-4e8b-8b52-cfdd46c4a704,102,Page has option,false,0,"{""description"":""Select options"",""informational"":true}",Sun Feb 01 2026 21:01:54 GMT+0100 (Midden-Europese standaardtijd)
6a56fb51-d9e5-4b3b-81f9-e007689ae604,794f9c6c-043e-4e8b-8b52-cfdd46c4a704,103,Page has textarea,false,0,"{""description"":""Text areas"",""informational"":true}",Sun Feb 01 2026 21:01:54 GMT+0100 (Midden-Europese standaardtijd)
f0cbca98-e8e2-4961-bd04-6aeb8f33b44d,794f9c6c-043e-4e8b-8b52-cfdd46c4a704,104,Page has keygen,false,0,"{""description"":""Keygen elements"",""informational"":true}",Sun Feb 01 2026 21:01:54 GMT+0100 (Midden-Europese standaardtijd)
26e2b0a3-ea83-4b37-a7fb-ef65978024b7,794f9c6c-043e-4e8b-8b52-cfdd46c4a704,105,Page has datalist,false,0,"{""description"":""Data lists"",""informational"":true}",Sun Feb 01 2026 21:01:54 GMT+0100 (Midden-Europese standaardtijd)
5acf2f44-c28e-47da-b630-76afc162ed34,794f9c6c-043e-4e8b-8b52-cfdd46c4a704,106,"Page has input type=""checkbox""",false,0,"{""description"":""Checkboxes"",""informational"":true}",Sun Feb 01 2026 21:01:54 GMT+0100 (Midden-Europese standaardtijd)
9206d762-9ce2-4824-86f4-38674d36ede3,794f9c6c-043e-4e8b-8b52-cfdd46c4a704,107,"Page has input type=""radio""",false,0,"{""description"":""Radio buttons"",""informational"":true}",Sun Feb 01 2026 21:01:54 GMT+0100 (Midden-Europese standaardtijd)
dff7a70e-a789-4977-8ae4-b58b468bb663,794f9c6c-043e-4e8b-8b52-cfdd46c4a704,108,"Page has input type=""submit""",false,0,"{""description"":""Submit buttons"",""informational"":true}",Sun Feb 01 2026 21:01:54 GMT+0100 (Midden-Europese standaardtijd)
b2a7e06c-b2a7-446d-a0bf-10b40a42fd3d,794f9c6c-043e-4e8b-8b52-cfdd46c4a704,109,"Page has input type=""reset""",false,0,"{""description"":""Reset buttons"",""informational"":true}",Sun Feb 01 2026 21:01:54 GMT+0100 (Midden-Europese standaardtijd)
1e547729-e6e0-47b2-a99c-35649023a735,794f9c6c-043e-4e8b-8b52-cfdd46c4a704,110,"Page has input type=""button""",false,0,"{""description"":""Button inputs"",""informational"":true}",Sun Feb 01 2026 21:01:54 GMT+0100 (Midden-Europese standaardtijd)
a42272ce-a62e-45cb-82ec-39121a2a2c82,794f9c6c-043e-4e8b-8b52-cfdd46c4a704,111,"Page has input type=""file""",false,0,"{""description"":""File inputs"",""informational"":true}",Sun Feb 01 2026 21:01:54 GMT+0100 (Midden-Europese standaardtijd)
a15d775d-0080-425e-94f6-3e9db30e42fe,794f9c6c-043e-4e8b-8b52-cfdd46c4a704,112,"Page has input type=""hidden""",false,0,"{""description"":""Hidden inputs"",""informational"":true}",Sun Feb 01 2026 21:01:54 GMT+0100 (Midden-Europese standaardtijd)
077d44f5-ac3f-41cb-8805-960aed41aa95,794f9c6c-043e-4e8b-8b52-cfdd46c4a704,113,"Page has input type=""image""",false,0,"{""description"":""Image buttons"",""informational"":true}",Sun Feb 01 2026 21:01:54 GMT+0100 (Midden-Europese standaardtijd)
ed8feb2e-97cf-47e5-afc4-9679e58d93eb,794f9c6c-043e-4e8b-8b52-cfdd46c4a704,114,"Page has input type=""date""",false,0,"{""description"":""Date pickers"",""informational"":true}",Sun Feb 01 2026 21:01:54 GMT+0100 (Midden-Europese standaardtijd)
ae13da27-7634-400b-b4f8-df1a3415c8ec,794f9c6c-043e-4e8b-8b52-cfdd46c4a704,115,"Page has input type=""time""",false,0,"{""description"":""Time pickers"",""informational"":true}",Sun Feb 01 2026 21:01:54 GMT+0100 (Midden-Europese standaardtijd)
fb0c20aa-3e88-4c57-a47e-dcf190877245,794f9c6c-043e-4e8b-8b52-cfdd46c4a704,116,"Page has input type=""datetime-local""",false,0,"{""description"":""Datetime pickers"",""informational"":true}",Sun Feb 01 2026 21:01:54 GMT+0100 (Midden-Europese standaardtijd)
b57843cc-15ca-4eac-9d6f-a8505e1da39f,794f9c6c-043e-4e8b-8b52-cfdd46c4a704,117,"Page has input type=""month""",false,0,"{""description"":""Month pickers"",""informational"":true}",Sun Feb 01 2026 21:01:54 GMT+0100 (Midden-Europese standaardtijd)
35f47522-a359-4a90-8055-785ada68de0e,794f9c6c-043e-4e8b-8b52-cfdd46c4a704,118,"Page has input type=""week""",false,0,"{""description"":""Week pickers"",""informational"":true}",Sun Feb 01 2026 21:01:54 GMT+0100 (Midden-Europese standaardtijd)
67ac26cf-4dc1-4761-aede-1e1d3f33837a,794f9c6c-043e-4e8b-8b52-cfdd46c4a704,119,"Page has input type=""color""",false,0,"{""description"":""Color pickers"",""informational"":true}",Sun Feb 01 2026 21:01:54 GMT+0100 (Midden-Europese standaardtijd)
b3e39108-2542-402b-9439-22913530eedc,794f9c6c-043e-4e8b-8b52-cfdd46c4a704,120,"Page has input type=""range""",false,0,"{""description"":""Range sliders"",""informational"":true}",Sun Feb 01 2026 21:01:54 GMT+0100 (Midden-Europese standaardtijd)
d1a976d7-8b96-4fbd-85fc-c4fc1a98ecfa,794f9c6c-043e-4e8b-8b52-cfdd46c4a704,121,"Page has input type=""search""",true,2,"{""description"":""Search inputs"",""informational"":true}",Sun Feb 01 2026 21:01:54 GMT+0100 (Midden-Europese standaardtijd)
c78894f4-abdf-467a-9794-9db3dba2a6ce,794f9c6c-043e-4e8b-8b52-cfdd46c4a704,122,"Page has input type=""tel""",false,0,"{""description"":""Telephone inputs"",""informational"":true}",Sun Feb 01 2026 21:01:54 GMT+0100 (Midden-Europese standaardtijd)
591e7ea8-7f0a-4a98-a584-2395485b0fa4,794f9c6c-043e-4e8b-8b52-cfdd46c4a704,123,"Page has input type=""url""",false,0,"{""description"":""URL inputs"",""informational"":true}",Sun Feb 01 2026 21:01:54 GMT+0100 (Midden-Europese standaardtijd)
024ec4ae-1c51-43a7-9bc3-60108f2a08c7,794f9c6c-043e-4e8b-8b52-cfdd46c4a704,124,"Page has input type=""email""",false,0,"{""description"":""Email inputs"",""informational"":true}",Sun Feb 01 2026 21:01:54 GMT+0100 (Midden-Europese standaardtijd)
16269ddb-758c-4a91-b833-a12285fb64f1,794f9c6c-043e-4e8b-8b52-cfdd46c4a704,125,"Page has input type=""number""",false,0,"{""description"":""Number inputs"",""informational"":true}",Sun Feb 01 2026 21:01:54 GMT+0100 (Midden-Europese standaardtijd)
6d077b64-7168-41bf-b2ba-5a6d90b3393a,794f9c6c-043e-4e8b-8b52-cfdd46c4a704,126,"Page has input type=""password""",false,0,"{""description"":""Password fields"",""informational"":true}",Sun Feb 01 2026 21:01:54 GMT+0100 (Midden-Europese standaardtijd)
0bc399de-d8f4-4f5e-a34f-8d5f3583cc33,794f9c6c-043e-4e8b-8b52-cfdd46c4a704,127,"Page has input type=""text""",false,0,"{""description"":""Text inputs"",""informational"":true}",Sun Feb 01 2026 21:01:54 GMT+0100 (Midden-Europese standaardtijd)
3e5f0e83-35a2-472a-b963-39685bc69e87,794f9c6c-043e-4e8b-8b52-cfdd46c4a704,128,Page has label,true,2,"{""description"":""Label elements"",""informational"":true}",Sun Feb 01 2026 21:01:54 GMT+0100 (Midden-Europese standaardtijd)
5def7418-09a4-4698-9e46-93cc82507ac2,794f9c6c-043e-4e8b-8b52-cfdd46c4a704,129,Page has legend,false,0,"{""description"":""Legend elements"",""informational"":true}",Sun Feb 01 2026 21:01:54 GMT+0100 (Midden-Europese standaardtijd)
6fa34dc1-5c21-4828-8671-435e55a39f79,794f9c6c-043e-4e8b-8b52-cfdd46c4a704,130,Page has fieldset,false,0,"{""description"":""Fieldset elements"",""informational"":true}",Sun Feb 01 2026 21:01:54 GMT+0100 (Midden-Europese standaardtijd)
f0f62e63-fb44-4ed8-8a72-883669ff5629,4d440ccb-2c03-428f-b00f-554e1aec9e2a,48,LangAttributeMissingTest,false,0,"{""langValue"":""nl"",""wcagLevel"":""A"",""critical"":true}",Sun Feb 01 2026 21:01:56 GMT+0100 (Midden-Europese standaardtijd)
ee547479-a73f-4540-85a5-21ca944f87f3,4d440ccb-2c03-428f-b00f-554e1aec9e2a,50,TitleMissingTest,false,0,"{""wcagLevel"":""A"",""critical"":true}",Sun Feb 01 2026 21:01:56 GMT+0100 (Midden-Europese standaardtijd)
f919c9c6-2c83-4ef8-8f27-e0a63a6fd6ec,4d440ccb-2c03-428f-b00f-554e1aec9e2a,51,TitleEmptyTest,false,0,"{""titleText"":""Home | DigiD"",""wcagLevel"":""A"",""critical"":true}",Sun Feb 01 2026 21:01:56 GMT+0100 (Midden-Europese standaardtijd)
3c5ccbeb-47d0-487d-8b06-9ec75dde0a7d,4d440ccb-2c03-428f-b00f-554e1aec9e2a,64,ImgMissingAltTest,false,0,"{""images"":[],""totalCount"":0,""wcagLevel"":""A"",""critical"":true}",Sun Feb 01 2026 21:01:56 GMT+0100 (Midden-Europese standaardtijd)
dbcd3952-e672-4c7b-a6fd-173d86b7a480,4d440ccb-2c03-428f-b00f-554e1aec9e2a,30,FormMissingLabelsTest,false,0,"{""forms"":[],""wcagLevel"":""A"",""critical"":true}",Sun Feb 01 2026 21:01:56 GMT+0100 (Midden-Europese standaardtijd)
395e58ab-b897-4db2-921f-dfbb4a20d534,4d440ccb-2c03-428f-b00f-554e1aec9e2a,57,HeadingsAtLeastOneH1Test,false,0,"{""h1Count"":2,""h1Texts"":[""Laat zien wie je bent"",""""],""wcagLevel"":""A"",""critical"":true}",Sun Feb 01 2026 21:01:56 GMT+0100 (Midden-Europese standaardtijd)
5a903b5e-b406-4b36-a8c1-d747cc015524,4d440ccb-2c03-428f-b00f-554e1aec9e2a,7,IframeMissingAccessibleNameTest,false,0,"{""iframes"":[],""totalCount"":0,""wcagLevel"":""A"",""critical"":true}",Sun Feb 01 2026 21:01:56 GMT+0100 (Midden-Europese standaardtijd)
044a66af-7d42-4164-9dfd-c5ebdf2989e4,4d440ccb-2c03-428f-b00f-554e1aec9e2a,25,TableTest,false,0,"{""tables"":[],""totalCount"":0,""informational"":true}",Sun Feb 01 2026 21:01:56 GMT+0100 (Midden-Europese standaardtijd)
d39c2e1e-7953-407b-a31c-73fbb9831467,4d440ccb-2c03-428f-b00f-554e1aec9e2a,29,FormTest,true,2,"{""forms"":[{""index"":1,""action"":""#"",""method"":""GET"",""inputCount"":1},{""index"":2,""action"":""#"",""method"":""GET"",""inputCount"":1}],""totalCount"":2,""informational"":true}",Sun Feb 01 2026 21:01:56 GMT+0100 (Midden-Europese standaardtijd)
7d2134e9-10e5-428a-ac80-871fce1c532a,4d440ccb-2c03-428f-b00f-554e1aec9e2a,63,ImgTest,true,19,"{""totalImages"":19,""withAlt"":19,""withoutAlt"":0,""withEmptyAlt"":16,""informational"":true}",Sun Feb 01 2026 21:01:56 GMT+0100 (Midden-Europese standaardtijd)
d8cd76a0-e407-4cee-85af-e0c49329c5a6,4d440ccb-2c03-428f-b00f-554e1aec9e2a,1,IframeIsVimeoVideoWithKeysDisabledTest,false,0,"{""iframes"":[],""totalCount"":0}",Sun Feb 01 2026 21:01:56 GMT+0100 (Midden-Europese standaardtijd)
f4752d01-387b-450e-86ca-11c82776513c,4d440ccb-2c03-428f-b00f-554e1aec9e2a,2,ImgAltTooLongTest,false,0,"{""images"":[],""totalCount"":0}",Sun Feb 01 2026 21:01:56 GMT+0100 (Midden-Europese standaardtijd)
96f83e94-f200-4700-b002-58b49acc8c5c,4d440ccb-2c03-428f-b00f-554e1aec9e2a,3,ViewportMetaRestrictsScalingTest,false,0,"{""content"":""width=device-width, initial-scale=1"",""restrictsScaling"":false}",Sun Feb 01 2026 21:01:56 GMT+0100 (Midden-Europese standaardtijd)
f4ae9bf6-3ffa-4bc7-ab25-db06f8112d1d,4d440ccb-2c03-428f-b00f-554e1aec9e2a,4,ImageLinkMissingAccessibleNameTest,true,1,"{""links"":[{""href"":""/nl"",""imageCount"":1}],""totalCount"":1}",Sun Feb 01 2026 21:01:56 GMT+0100 (Midden-Europese standaardtijd)
fae1471f-d799-4238-bd6c-9c66bf90f413,4d440ccb-2c03-428f-b00f-554e1aec9e2a,5,PageContainsLinkReadMoreTest,false,0,"{""links"":[],""totalCount"":0}",Sun Feb 01 2026 21:01:56 GMT+0100 (Midden-Europese standaardtijd)
bbb2e3ed-e8f8-44f5-aad2-b6220ae35abb,4d440ccb-2c03-428f-b00f-554e1aec9e2a,6,PageContainsMultipleSameLinksTest,true,15,"{""duplicateLinks"":[{""text"":""Mijn DigiD"",""occurrences"":2},{""text"":""Ik krijg een foutmelding in de DigiD app"",""occurrences"":3},{""text"":""Hoe activeer ik de DigiD app?"",""occurrences"":3},{""text"":""Hoe log ik in met de DigiD app?"",""occurrences"":2},{""text"":""Waarom lukt het activeren van mijn rijbewijs/ID-kaart niet?"",""occurrences"":3},{""text"":""Code invullen"",""occurrences"":2}],""totalCount"":15}",Sun Feb 01 2026 21:01:56 GMT+0100 (Midden-Europese standaardtijd)
1b92a1a7-5ae3-4c2d-a670-37a9c7318808,4d440ccb-2c03-428f-b00f-554e1aec9e2a,8,IframeIsYouTubeVideoWithKeysEnabledTest,false,0,"{""iframes"":[],""totalCount"":0}",Sun Feb 01 2026 21:01:56 GMT+0100 (Midden-Europese standaardtijd)
d5ed3e62-0177-4910-89b4-7c6d03b4801e,4d440ccb-2c03-428f-b00f-554e1aec9e2a,9,TableWithHeadingsTest,false,0,"{""tables"":[],""totalCount"":0}",Sun Feb 01 2026 21:01:56 GMT+0100 (Midden-Europese standaardtijd)
2982d2f2-e350-4917-9f9a-bdb9c442e86e,4d440ccb-2c03-428f-b00f-554e1aec9e2a,11,IframeIsGoogleMapTest,false,0,"{""iframes"":[],""totalCount"":0}",Sun Feb 01 2026 21:01:56 GMT+0100 (Midden-Europese standaardtijd)
8a1f4a81-871b-4656-9e44-91eef498e5f1,4d440ccb-2c03-428f-b00f-554e1aec9e2a,12,IframeIsScribitVideoTest,false,0,"{""iframes"":[],""totalCount"":0}",Sun Feb 01 2026 21:01:56 GMT+0100 (Midden-Europese standaardtijd)
a8c73508-4b55-416e-b6e4-b6dd904a82d9,4d440ccb-2c03-428f-b00f-554e1aec9e2a,13,IframeIsVimeoVideoWithKeysEnabledTest,false,0,"{""iframes"":[],""totalCount"":0}",Sun Feb 01 2026 21:01:56 GMT+0100 (Midden-Europese standaardtijd)
6c672ca1-6b5a-4256-95c3-fd3922b45c95,4d440ccb-2c03-428f-b00f-554e1aec9e2a,14,IframeIsVimeoVideoTest,false,0,"{""iframes"":[],""totalCount"":0}",Sun Feb 01 2026 21:01:56 GMT+0100 (Midden-Europese standaardtijd)
b82cc8af-f0d9-4772-bcae-d2d8202aa85f,4d440ccb-2c03-428f-b00f-554e1aec9e2a,15,IframeTest,false,0,"{""iframes"":[],""totalCount"":0,""informational"":true}",Sun Feb 01 2026 21:01:56 GMT+0100 (Midden-Europese standaardtijd)
1093925c-7952-4370-a8a1-db9c13e74598,4d440ccb-2c03-428f-b00f-554e1aec9e2a,16,AudioHasAutoplayTest,false,0,"{""audios"":[],""totalCount"":0}",Sun Feb 01 2026 21:01:56 GMT+0100 (Midden-Europese standaardtijd)
07c2205d-d381-49ad-946a-1fd04b456346,4d440ccb-2c03-428f-b00f-554e1aec9e2a,17,AudioControlsTest,false,0,"{""audios"":[],""totalCount"":0,""informational"":true}",Sun Feb 01 2026 21:01:56 GMT+0100 (Midden-Europese standaardtijd)
22c52dba-8ece-43e6-a7e9-850c763087cf,4d440ccb-2c03-428f-b00f-554e1aec9e2a,18,AudioTest,false,0,"{""audios"":[],""totalCount"":0,""informational"":true}",Sun Feb 01 2026 21:01:56 GMT+0100 (Midden-Europese standaardtijd)
9b3ee739-37fa-44a6-9a67-343901de89c7,4d440ccb-2c03-428f-b00f-554e1aec9e2a,19,VideoHasAutoplayTest,false,0,"{""videos"":[],""totalCount"":0}",Sun Feb 01 2026 21:01:56 GMT+0100 (Midden-Europese standaardtijd)
7b400ec1-017c-4558-9d3d-de20ca6c2955,4d440ccb-2c03-428f-b00f-554e1aec9e2a,20,VideoMissingTitleAriaTest,false,0,"{""videos"":[],""totalCount"":0}",Sun Feb 01 2026 21:01:56 GMT+0100 (Midden-Europese standaardtijd)
80f4f8b7-5183-4914-88c2-2b92a3fcfc5a,4d440ccb-2c03-428f-b00f-554e1aec9e2a,21,VideoControlsTest,false,0,"{""videos"":[],""totalCount"":0,""informational"":true}",Sun Feb 01 2026 21:01:56 GMT+0100 (Midden-Europese standaardtijd)
30e7aa75-c27d-4fbe-8c68-082710620437,4d440ccb-2c03-428f-b00f-554e1aec9e2a,22,VideoTest,false,0,"{""videos"":[],""totalCount"":0,""informational"":true}",Sun Feb 01 2026 21:01:56 GMT+0100 (Midden-Europese standaardtijd)
10a38a32-6cf2-491f-9533-87aad1b8014b,4d440ccb-2c03-428f-b00f-554e1aec9e2a,23,LinkWithoutTextTest,false,0,"{""links"":[],""totalCount"":0,""wcagLevel"":""A"",""critical"":true}",Sun Feb 01 2026 21:01:56 GMT+0100 (Midden-Europese standaardtijd)
dc34d60f-84b1-4c9c-9724-c48d677a5f51,4d440ccb-2c03-428f-b00f-554e1aec9e2a,24,EmptyLinkTest,false,0,"{""links"":[],""totalCount"":0,""wcagLevel"":""A"",""critical"":true}",Sun Feb 01 2026 21:01:56 GMT+0100 (Midden-Europese standaardtijd)
ab5dcd8f-d279-459e-870d-4ac38f1c814c,4d440ccb-2c03-428f-b00f-554e1aec9e2a,26,TableWithoutHeadersTest,false,0,"{""tables"":[],""totalCount"":0,""wcagLevel"":""A"",""critical"":true}",Sun Feb 01 2026 21:01:56 GMT+0100 (Midden-Europese standaardtijd)
9d261268-7f89-4c57-aac6-58956e2bc47d,4d440ccb-2c03-428f-b00f-554e1aec9e2a,27,ListTest,true,10,"{""lists"":[{""type"":""ul"",""itemCount"":0,""index"":1},{""type"":""ul"",""itemCount"":1,""index"":2},{""type"":""ul"",""itemCount"":2,""index"":3},{""type"":""ul"",""itemCount"":5,""index"":4},{""type"":""ul"",""itemCount"":2,""index"":5},{""type"":""ul"",""itemCount"":4,""index"":6},{""type"":""ul"",""itemCount"":4,""index"":7},{""type"":""ul"",""itemCount"":3,""index"":8},{""type"":""ul"",""itemCount"":2,""index"":9},{""type"":""ul"",""itemCount"":6,""index"":10}],""totalCount"":10,""informational"":true}",Sun Feb 01 2026 21:01:56 GMT+0100 (Midden-Europese standaardtijd)
04fd5ffa-8fcc-4b79-b0bf-982565376da6,4d440ccb-2c03-428f-b00f-554e1aec9e2a,28,DefinitionListTest,false,0,"{""lists"":[],""totalCount"":0,""informational"":true}",Sun Feb 01 2026 21:01:56 GMT+0100 (Midden-Europese standaardtijd)
e10dfa56-6c28-4637-8629-f0033e41cacd,4d440ccb-2c03-428f-b00f-554e1aec9e2a,31,FormMissingFieldsetTest,false,0,"{""forms"":[],""totalCount"":0,""wcagLevel"":""A""}",Sun Feb 01 2026 21:01:56 GMT+0100 (Midden-Europese standaardtijd)
49dd40e3-12bc-4957-91e7-32d6e40251e2,4d440ccb-2c03-428f-b00f-554e1aec9e2a,32,InputMissingLabelTest,false,0,"{""inputs"":[],""totalCount"":0,""wcagLevel"":""A"",""critical"":true}",Sun Feb 01 2026 21:01:56 GMT+0100 (Midden-Europese standaardtijd)
020795b9-9919-4d80-a10c-63bb852a34a0,4d440ccb-2c03-428f-b00f-554e1aec9e2a,33,ButtonEmptyTest,false,0,"{""buttons"":[],""totalCount"":0,""wcagLevel"":""A"",""critical"":true}",Sun Feb 01 2026 21:01:56 GMT+0100 (Midden-Europese standaardtijd)
24f08722-ce30-4138-8fa1-b191b3e11504,4d440ccb-2c03-428f-b00f-554e1aec9e2a,34,HeadingEmptyTest,true,1,"{""headings"":[{""level"":""h1"",""html"":""""}],""totalCount"":1,""wcagLevel"":""A"",""critical"":true}",Sun Feb 01 2026 21:01:56 GMT+0100 (Midden-Europese standaardtijd)
10c9c288-7149-498a-8130-1b74f9d1ae91,4d440ccb-2c03-428f-b00f-554e1aec9e2a,35,HeadingSkipLevelTest,false,0,"{""violations"":[],""totalCount"":0,""wcagLevel"":""AA""}",Sun Feb 01 2026 21:01:56 GMT+0100 (Midden-Europese standaardtijd)
a46d42a4-151b-43ff-938e-d6855fda4db1,4d440ccb-2c03-428f-b00f-554e1aec9e2a,36,SkipLinkTest,false,0,"{""skipLinks"":[],""informational"":true}",Sun Feb 01 2026 21:01:56 GMT+0100 (Midden-Europese standaardtijd)
b62b8acf-47ff-4f3f-a74d-12d27230d258,4d440ccb-2c03-428f-b00f-554e1aec9e2a,37,AriaLandmarksTest,true,14,"{""landmarks"":[{""type"":""aria-role"",""role"":""navigation"",""tag"":""nav""},{""type"":""aria-role"",""role"":""navigation"",""tag"":""nav""},{""type"":""aria-role"",""role"":""navigation"",""tag"":""nav""},{""type"":""aria-role"",""role"":""navigation"",""tag"":""nav""},{""type"":""semantic"",""tag"":""header""},{""type"":""semantic"",""tag"":""nav""},{""type"":""semantic"",""tag"":""nav""},{""type"":""semantic"",""tag"":""nav""},{""type"":""semantic"",""tag"":""nav""},{""type"":""semantic"",""tag"":""main""}],""totalCount"":14,""informational"":true}",Sun Feb 01 2026 21:01:56 GMT+0100 (Midden-Europese standaardtijd)
1c6681eb-3767-4f55-beab-615c20c7ef58,4d440ccb-2c03-428f-b00f-554e1aec9e2a,38,Element has tabindex,false,0,"{""description"":""Page has elements with tabindex"",""informational"":true}",Sun Feb 01 2026 21:01:56 GMT+0100 (Midden-Europese standaardtijd)
1f08293b-33d3-40ae-bccb-84329c087358,4d440ccb-2c03-428f-b00f-554e1aec9e2a,39,Page has list,true,10,"{""description"":""Page has lists"",""informational"":true}",Sun Feb 01 2026 21:01:56 GMT+0100 (Midden-Europese standaardtijd)
5253f88f-6db6-4c5f-8893-162d24fc0193,4d440ccb-2c03-428f-b00f-554e1aec9e2a,40,Page has elements with aria-label,true,2,"{""description"":""Elements with ARIA labels"",""informational"":true}",Sun Feb 01 2026 21:01:56 GMT+0100 (Midden-Europese standaardtijd)
cc7cde34-1725-41d0-9724-fa8d3629ed53,4d440ccb-2c03-428f-b00f-554e1aec9e2a,41,Page has elements with aria-expanded,true,1,"{""description"":""Expandable elements"",""informational"":true}",Sun Feb 01 2026 21:01:56 GMT+0100 (Midden-Europese standaardtijd)
62577b1e-92cd-46cb-8570-ef6695c3af8a,4d440ccb-2c03-428f-b00f-554e1aec9e2a,42,Page has pictures,false,0,"{""description"":""Page contains picture elements"",""informational"":true}",Sun Feb 01 2026 21:01:56 GMT+0100 (Midden-Europese standaardtijd)
557e2d42-03f0-46a9-9d51-eb936f2b639c,4d440ccb-2c03-428f-b00f-554e1aec9e2a,43,Page has images,true,19,"{""description"":""Page contains images"",""informational"":true}",Sun Feb 01 2026 21:01:56 GMT+0100 (Midden-Europese standaardtijd)
caed6982-254b-410f-8e4f-c9531ec49b46,4d440ccb-2c03-428f-b00f-554e1aec9e2a,44,Page has decorative images or text alternative is missing,true,16,"{""description"":""Decorative or missing alt"",""informational"":true}",Sun Feb 01 2026 21:01:56 GMT+0100 (Midden-Europese standaardtijd)
b2b17202-9899-4df3-8e02-d6fb82788db0,4d440ccb-2c03-428f-b00f-554e1aec9e2a,45,Page has elements with aria-describedby,false,0,"{""description"":""Elements with descriptions"",""informational"":true}",Sun Feb 01 2026 21:01:56 GMT+0100 (Midden-Europese standaardtijd)
43c23d13-f3da-4eee-9aa1-20be488bc07c,4d440ccb-2c03-428f-b00f-554e1aec9e2a,46,Page has a button with aria-label,false,0,"{""description"":""Buttons with ARIA labels"",""informational"":true}",Sun Feb 01 2026 21:01:56 GMT+0100 (Midden-Europese standaardtijd)
dbe0aa8c-e068-4392-bf2d-7ce56fd42a97,4d440ccb-2c03-428f-b00f-554e1aec9e2a,47,Form with required input fields is validated by browser,false,0,"{""description"":""Browser-validated forms"",""informational"":true}",Sun Feb 01 2026 21:01:56 GMT+0100 (Midden-Europese standaardtijd)
3761acca-8507-4cad-92c4-091ad9959955,4d440ccb-2c03-428f-b00f-554e1aec9e2a,49,Page has elements with aria-labelledby,true,2,"{""description"":""Elements with labelledby"",""informational"":true}",Sun Feb 01 2026 21:01:56 GMT+0100 (Midden-Europese standaardtijd)
a7d21a10-419f-43d3-9d65-29cf0fe70e63,4d440ccb-2c03-428f-b00f-554e1aec9e2a,52,Page has SVG-images,true,20,"{""description"":""Page contains SVG"",""informational"":true}",Sun Feb 01 2026 21:01:56 GMT+0100 (Midden-Europese standaardtijd)
2b859317-1205-49e1-8957-b7ca96ef6545,4d440ccb-2c03-428f-b00f-554e1aec9e2a,53,Page has elements with role=menu,false,0,"{""description"":""Menu elements"",""informational"":true}",Sun Feb 01 2026 21:01:56 GMT+0100 (Midden-Europese standaardtijd)
5c286a34-5349-4117-a116-b295b86ac1cc,4d440ccb-2c03-428f-b00f-554e1aec9e2a,54,Page has fieldset without legend,false,0,"{""description"":""Fieldsets missing legends"",""informational"":true}",Sun Feb 01 2026 21:01:56 GMT+0100 (Midden-Europese standaardtijd)
18b97f3c-9bba-4b0b-bbc6-969cfcb24bc9,4d440ccb-2c03-428f-b00f-554e1aec9e2a,55,Page has dialog or modal window,false,0,"{""description"":""Dialog elements"",""informational"":true}",Sun Feb 01 2026 21:01:56 GMT+0100 (Midden-Europese standaardtijd)
df77e165-00ed-4084-80be-4a45cbe3efa1,4d440ccb-2c03-428f-b00f-554e1aec9e2a,56,Page has interactive image,false,0,"{""description"":""Interactive images"",""informational"":true}",Sun Feb 01 2026 21:01:56 GMT+0100 (Midden-Europese standaardtijd)
1b9a0a9a-8ddc-451c-8774-142edec85001,4d440ccb-2c03-428f-b00f-554e1aec9e2a,10,Page has aria-hidden element,true,7,"{""description"":""Hidden elements"",""informational"":true}",Sun Feb 01 2026 21:01:56 GMT+0100 (Midden-Europese standaardtijd)
bb867926-ae22-4dcd-adcd-2e48837729ec,4d440ccb-2c03-428f-b00f-554e1aec9e2a,58,Page has input fields with autocomplete,false,0,"{""description"":""Autocomplete fields"",""informational"":true}",Sun Feb 01 2026 21:01:56 GMT+0100 (Midden-Europese standaardtijd)
ea24fc51-2ca1-491b-845f-2dc94ae22738,4d440ccb-2c03-428f-b00f-554e1aec9e2a,59,Page has aria-invalid element,false,0,"{""description"":""Invalid elements"",""informational"":true}",Sun Feb 01 2026 21:01:56 GMT+0100 (Midden-Europese standaardtijd)
8bc03eea-53a0-46b3-a1f7-6803e98e0c77,4d440ccb-2c03-428f-b00f-554e1aec9e2a,60,Page has aria-required element,false,0,"{""description"":""Required elements"",""informational"":true}",Sun Feb 01 2026 21:01:56 GMT+0100 (Midden-Europese standaardtijd)
6ff21a99-b6cd-4091-8330-2871749728e4,4d440ccb-2c03-428f-b00f-554e1aec9e2a,61,Page has accesskey,false,0,"{""description"":""Accesskey attributes"",""informational"":true}",Sun Feb 01 2026 21:01:56 GMT+0100 (Midden-Europese standaardtijd)
7dddaf91-d452-4cdf-83c5-489fe8a83465,4d440ccb-2c03-428f-b00f-554e1aec9e2a,62,Page has aria-live element,false,0,"{""description"":""Live regions"",""informational"":true}",Sun Feb 01 2026 21:01:56 GMT+0100 (Midden-Europese standaardtijd)
24ced65a-21ff-4d23-a99d-b77408b432ea,4d440ccb-2c03-428f-b00f-554e1aec9e2a,65,Page has strong or bold,false,0,"{""description"":""Bold text"",""informational"":true}",Sun Feb 01 2026 21:01:56 GMT+0100 (Midden-Europese standaardtijd)
70e8e5d3-7c0d-4d22-8884-55ddf5534b0f,4d440ccb-2c03-428f-b00f-554e1aec9e2a,66,Page has em or italic,false,0,"{""description"":""Italic text"",""informational"":true}",Sun Feb 01 2026 21:01:56 GMT+0100 (Midden-Europese standaardtijd)
a60e514c-6b08-4b34-bc06-63eafe5228cc,4d440ccb-2c03-428f-b00f-554e1aec9e2a,67,Page has preformatted text,false,0,"{""description"":""Preformatted content"",""informational"":true}",Sun Feb 01 2026 21:01:56 GMT+0100 (Midden-Europese standaardtijd)
8446f2bd-8d43-46f4-a44c-ca1ff8728fb8,4d440ccb-2c03-428f-b00f-554e1aec9e2a,68,Page has code block,false,0,"{""description"":""Code blocks"",""informational"":true}",Sun Feb 01 2026 21:01:56 GMT+0100 (Midden-Europese standaardtijd)
3f0e2542-4ec6-4f1a-9a33-2ce3c4d646b6,4d440ccb-2c03-428f-b00f-554e1aec9e2a,69,Page has blockquote,false,0,"{""description"":""Quote blocks"",""informational"":true}",Sun Feb 01 2026 21:01:56 GMT+0100 (Midden-Europese standaardtijd)
db35311f-8fe9-47e7-bec0-c06dde5ce44c,4d440ccb-2c03-428f-b00f-554e1aec9e2a,70,Page has abbreviation,false,0,"{""description"":""Abbreviations"",""informational"":true}",Sun Feb 01 2026 21:01:56 GMT+0100 (Midden-Europese standaardtijd)
14859f05-b334-4d19-8876-c0079f335435,4d440ccb-2c03-428f-b00f-554e1aec9e2a,71,Page has citation,false,0,"{""description"":""Citations"",""informational"":true}",Sun Feb 01 2026 21:01:56 GMT+0100 (Midden-Europese standaardtijd)
83e4d072-d7b6-41f7-bb06-2e858371021a,4d440ccb-2c03-428f-b00f-554e1aec9e2a,72,Page has marked text,false,0,"{""description"":""Highlighted text"",""informational"":true}",Sun Feb 01 2026 21:01:56 GMT+0100 (Midden-Europese standaardtijd)
e5ade6e4-832f-42de-b3b2-d2c0b36d5a4d,4d440ccb-2c03-428f-b00f-554e1aec9e2a,73,Page has subscript,false,0,"{""description"":""Subscript text"",""informational"":true}",Sun Feb 01 2026 21:01:56 GMT+0100 (Midden-Europese standaardtijd)
0977f89a-c2f6-46cc-ac06-5465622c5d6b,4d440ccb-2c03-428f-b00f-554e1aec9e2a,74,Page has superscript,false,0,"{""description"":""Superscript text"",""informational"":true}",Sun Feb 01 2026 21:01:56 GMT+0100 (Midden-Europese standaardtijd)
2711a704-35d7-4ac2-9b87-f7cbcb9f0502,4d440ccb-2c03-428f-b00f-554e1aec9e2a,75,Page has time,false,0,"{""description"":""Time elements"",""informational"":true}",Sun Feb 01 2026 21:01:56 GMT+0100 (Midden-Europese standaardtijd)
65344d65-e1b2-4a1f-8c69-17f7b800cae2,4d440ccb-2c03-428f-b00f-554e1aec9e2a,76,Page has data,false,0,"{""description"":""Data elements"",""informational"":true}",Sun Feb 01 2026 21:01:56 GMT+0100 (Midden-Europese standaardtijd)
d29cc823-21a7-4364-b99f-11cd8907aab4,4d440ccb-2c03-428f-b00f-554e1aec9e2a,77,Page has details,false,0,"{""description"":""Details elements"",""informational"":true}",Sun Feb 01 2026 21:01:56 GMT+0100 (Midden-Europese standaardtijd)
96fadb9c-f194-4a4d-9e1b-e5ea580f0b40,4d440ccb-2c03-428f-b00f-554e1aec9e2a,78,Page has summary,false,0,"{""description"":""Summary elements"",""informational"":true}",Sun Feb 01 2026 21:01:56 GMT+0100 (Midden-Europese standaardtijd)
171416cb-4edf-4363-a0ae-08b698c03fe0,4d440ccb-2c03-428f-b00f-554e1aec9e2a,79,Page has article,false,0,"{""description"":""Article elements"",""informational"":true}",Sun Feb 01 2026 21:01:56 GMT+0100 (Midden-Europese standaardtijd)
6fdcd5f8-045b-4ad9-817b-1bd85fb6fcf7,4d440ccb-2c03-428f-b00f-554e1aec9e2a,80,Page has section,true,3,"{""description"":""Section elements"",""informational"":true}",Sun Feb 01 2026 21:01:56 GMT+0100 (Midden-Europese standaardtijd)
b04a732c-55d0-477b-8aca-10d9d26a7fef,4d440ccb-2c03-428f-b00f-554e1aec9e2a,81,Page has nav,true,6,"{""description"":""Navigation elements"",""informational"":true}",Sun Feb 01 2026 21:01:56 GMT+0100 (Midden-Europese standaardtijd)
d55856e9-c0c1-4c9d-b9bc-95b4e4913d13,4d440ccb-2c03-428f-b00f-554e1aec9e2a,82,Page has aside,false,0,"{""description"":""Aside elements"",""informational"":true}",Sun Feb 01 2026 21:01:56 GMT+0100 (Midden-Europese standaardtijd)
06459097-7d2f-42b5-b943-01d7abcf0508,4d440ccb-2c03-428f-b00f-554e1aec9e2a,83,Page has header,true,2,"{""description"":""Header elements"",""informational"":true}",Sun Feb 01 2026 21:01:56 GMT+0100 (Midden-Europese standaardtijd)
c94525fe-991d-45e8-b5eb-34a4d529e757,4d440ccb-2c03-428f-b00f-554e1aec9e2a,84,Page has footer,true,1,"{""description"":""Footer elements"",""informational"":true}",Sun Feb 01 2026 21:01:56 GMT+0100 (Midden-Europese standaardtijd)
63c25d0d-1702-4462-8b8f-ee614d2a5247,4d440ccb-2c03-428f-b00f-554e1aec9e2a,85,Page has main,true,1,"{""description"":""Main content"",""informational"":true}",Sun Feb 01 2026 21:01:56 GMT+0100 (Midden-Europese standaardtijd)
e93227ce-aa6d-42b5-b521-f23e925ee08a,4d440ccb-2c03-428f-b00f-554e1aec9e2a,86,Page has figure,false,0,"{""description"":""Figure elements"",""informational"":true}",Sun Feb 01 2026 21:01:56 GMT+0100 (Midden-Europese standaardtijd)
42c61c47-88b9-4e51-b5a7-07cc1ec371c6,4d440ccb-2c03-428f-b00f-554e1aec9e2a,87,Page has figcaption,false,0,"{""description"":""Figure captions"",""informational"":true}",Sun Feb 01 2026 21:01:56 GMT+0100 (Midden-Europese standaardtijd)
d25f076e-7640-4839-9599-18f2f3dc0ef3,4d440ccb-2c03-428f-b00f-554e1aec9e2a,88,Page has address,false,0,"{""description"":""Address elements"",""informational"":true}",Sun Feb 01 2026 21:01:56 GMT+0100 (Midden-Europese standaardtijd)
377bec60-0803-400f-9aa3-a363183dd348,4d440ccb-2c03-428f-b00f-554e1aec9e2a,89,Page has progress,false,0,"{""description"":""Progress bars"",""informational"":true}",Sun Feb 01 2026 21:01:56 GMT+0100 (Midden-Europese standaardtijd)
dd7daa78-df60-478d-9f35-6026ad630d2f,4d440ccb-2c03-428f-b00f-554e1aec9e2a,90,Page has meter,false,0,"{""description"":""Meter elements"",""informational"":true}",Sun Feb 01 2026 21:01:56 GMT+0100 (Midden-Europese standaardtijd)
71dac065-ca07-454b-9549-0d2a223b89a4,4d440ccb-2c03-428f-b00f-554e1aec9e2a,91,Page has output,false,0,"{""description"":""Output elements"",""informational"":true}",Sun Feb 01 2026 21:01:56 GMT+0100 (Midden-Europese standaardtijd)
d4b66bf2-6fcb-4df1-9c40-cdaeea969626,4d440ccb-2c03-428f-b00f-554e1aec9e2a,92,Page has canvas,false,0,"{""description"":""Canvas elements"",""informational"":true}",Sun Feb 01 2026 21:01:56 GMT+0100 (Midden-Europese standaardtijd)
4d0434f6-0499-4701-ac02-3212b7fed7ed,4d440ccb-2c03-428f-b00f-554e1aec9e2a,93,Page has object,false,0,"{""description"":""Object embeds"",""informational"":true}",Sun Feb 01 2026 21:01:56 GMT+0100 (Midden-Europese standaardtijd)
86e99e63-a6ff-4fa0-9f0f-33626fba0d68,4d440ccb-2c03-428f-b00f-554e1aec9e2a,94,Page has embed,false,0,"{""description"":""Embed elements"",""informational"":true}",Sun Feb 01 2026 21:01:56 GMT+0100 (Midden-Europese standaardtijd)
5dfa9499-c5eb-4220-a73b-3b8c84c47173,4d440ccb-2c03-428f-b00f-554e1aec9e2a,95,Page has param,false,0,"{""description"":""Param elements"",""informational"":true}",Sun Feb 01 2026 21:01:56 GMT+0100 (Midden-Europese standaardtijd)
b6de12bf-e138-4bff-90f0-770d46ecfe5d,4d440ccb-2c03-428f-b00f-554e1aec9e2a,96,Page has source,false,0,"{""description"":""Source elements"",""informational"":true}",Sun Feb 01 2026 21:01:56 GMT+0100 (Midden-Europese standaardtijd)
6e5bcc47-bd37-4651-b45a-c5aeb3d7c419,4d440ccb-2c03-428f-b00f-554e1aec9e2a,97,Page has track,false,0,"{""description"":""Track elements (captions)"",""informational"":true}",Sun Feb 01 2026 21:01:56 GMT+0100 (Midden-Europese standaardtijd)
a4997591-5d43-4beb-8e55-0929843316dc,4d440ccb-2c03-428f-b00f-554e1aec9e2a,98,Page has map,false,0,"{""description"":""Image maps"",""informational"":true}",Sun Feb 01 2026 21:01:56 GMT+0100 (Midden-Europese standaardtijd)
8ed425db-e670-4f69-9cac-744fbc09d9f7,4d440ccb-2c03-428f-b00f-554e1aec9e2a,99,Page has area,false,0,"{""description"":""Map areas"",""informational"":true}",Sun Feb 01 2026 21:01:56 GMT+0100 (Midden-Europese standaardtijd)
57482fd6-0e58-4bac-ab35-4fef1087fec2,4d440ccb-2c03-428f-b00f-554e1aec9e2a,100,Page has select,false,0,"{""description"":""Select dropdowns"",""informational"":true}",Sun Feb 01 2026 21:01:56 GMT+0100 (Midden-Europese standaardtijd)
d7688bd2-abd0-44d1-8dfe-33a0ea0febcd,4d440ccb-2c03-428f-b00f-554e1aec9e2a,101,Page has optgroup,false,0,"{""description"":""Option groups"",""informational"":true}",Sun Feb 01 2026 21:01:56 GMT+0100 (Midden-Europese standaardtijd)
e5f95d4b-ffc1-4808-adb6-2b393c0e9905,4d440ccb-2c03-428f-b00f-554e1aec9e2a,102,Page has option,false,0,"{""description"":""Select options"",""informational"":true}",Sun Feb 01 2026 21:01:56 GMT+0100 (Midden-Europese standaardtijd)
e502f80d-fab0-41a3-84a6-dede21856e95,4d440ccb-2c03-428f-b00f-554e1aec9e2a,103,Page has textarea,false,0,"{""description"":""Text areas"",""informational"":true}",Sun Feb 01 2026 21:01:56 GMT+0100 (Midden-Europese standaardtijd)
f61963f2-f389-4e7b-b04e-5825f0b1d0c3,4d440ccb-2c03-428f-b00f-554e1aec9e2a,104,Page has keygen,false,0,"{""description"":""Keygen elements"",""informational"":true}",Sun Feb 01 2026 21:01:56 GMT+0100 (Midden-Europese standaardtijd)
8f29e5d7-5a4f-4c1b-8f3a-ce83636dc374,4d440ccb-2c03-428f-b00f-554e1aec9e2a,105,Page has datalist,false,0,"{""description"":""Data lists"",""informational"":true}",Sun Feb 01 2026 21:01:56 GMT+0100 (Midden-Europese standaardtijd)
0ea53da7-cead-40bf-9c5f-27344f74dcce,4d440ccb-2c03-428f-b00f-554e1aec9e2a,106,"Page has input type=""checkbox""",false,0,"{""description"":""Checkboxes"",""informational"":true}",Sun Feb 01 2026 21:01:56 GMT+0100 (Midden-Europese standaardtijd)
7addc67f-bb9c-4c8a-9d9e-4161a298b5a2,4d440ccb-2c03-428f-b00f-554e1aec9e2a,107,"Page has input type=""radio""",false,0,"{""description"":""Radio buttons"",""informational"":true}",Sun Feb 01 2026 21:01:56 GMT+0100 (Midden-Europese standaardtijd)
3de2f99b-eaba-4664-9459-3bde0569e62c,4d440ccb-2c03-428f-b00f-554e1aec9e2a,108,"Page has input type=""submit""",false,0,"{""description"":""Submit buttons"",""informational"":true}",Sun Feb 01 2026 21:01:56 GMT+0100 (Midden-Europese standaardtijd)
92822b37-52bb-4062-84fe-27dee2e2a9b4,4d440ccb-2c03-428f-b00f-554e1aec9e2a,109,"Page has input type=""reset""",false,0,"{""description"":""Reset buttons"",""informational"":true}",Sun Feb 01 2026 21:01:56 GMT+0100 (Midden-Europese standaardtijd)
2037bf31-3e13-441f-8f2d-53f32d38f6ca,4d440ccb-2c03-428f-b00f-554e1aec9e2a,110,"Page has input type=""button""",false,0,"{""description"":""Button inputs"",""informational"":true}",Sun Feb 01 2026 21:01:56 GMT+0100 (Midden-Europese standaardtijd)
6c1f8146-1a95-46da-9478-29f9004eb259,4d440ccb-2c03-428f-b00f-554e1aec9e2a,111,"Page has input type=""file""",false,0,"{""description"":""File inputs"",""informational"":true}",Sun Feb 01 2026 21:01:56 GMT+0100 (Midden-Europese standaardtijd)
1d3caea1-39b0-454e-8075-418656f1a2cf,4d440ccb-2c03-428f-b00f-554e1aec9e2a,112,"Page has input type=""hidden""",false,0,"{""description"":""Hidden inputs"",""informational"":true}",Sun Feb 01 2026 21:01:56 GMT+0100 (Midden-Europese standaardtijd)
46323b41-8192-4afd-afef-ceb52309dcfc,4d440ccb-2c03-428f-b00f-554e1aec9e2a,113,"Page has input type=""image""",false,0,"{""description"":""Image buttons"",""informational"":true}",Sun Feb 01 2026 21:01:56 GMT+0100 (Midden-Europese standaardtijd)
7814ce6e-4cf1-4375-865d-8fb2915563b9,4d440ccb-2c03-428f-b00f-554e1aec9e2a,114,"Page has input type=""date""",false,0,"{""description"":""Date pickers"",""informational"":true}",Sun Feb 01 2026 21:01:56 GMT+0100 (Midden-Europese standaardtijd)
794b5288-5b5e-4ddf-b2d1-d2cb925bb594,4d440ccb-2c03-428f-b00f-554e1aec9e2a,115,"Page has input type=""time""",false,0,"{""description"":""Time pickers"",""informational"":true}",Sun Feb 01 2026 21:01:56 GMT+0100 (Midden-Europese standaardtijd)
80c18875-6d94-43bd-8e1e-e0658112ce7e,4d440ccb-2c03-428f-b00f-554e1aec9e2a,116,"Page has input type=""datetime-local""",false,0,"{""description"":""Datetime pickers"",""informational"":true}",Sun Feb 01 2026 21:01:56 GMT+0100 (Midden-Europese standaardtijd)
c948fc2a-9957-40aa-84cf-edd6a1c9c83e,4d440ccb-2c03-428f-b00f-554e1aec9e2a,117,"Page has input type=""month""",false,0,"{""description"":""Month pickers"",""informational"":true}",Sun Feb 01 2026 21:01:56 GMT+0100 (Midden-Europese standaardtijd)
969a4ef3-8ecb-4f11-9dde-57b1b02d9cb3,4d440ccb-2c03-428f-b00f-554e1aec9e2a,118,"Page has input type=""week""",false,0,"{""description"":""Week pickers"",""informational"":true}",Sun Feb 01 2026 21:01:56 GMT+0100 (Midden-Europese standaardtijd)
b4340998-ce32-4fec-a5e2-c4c44e5c1ba7,4d440ccb-2c03-428f-b00f-554e1aec9e2a,119,"Page has input type=""color""",false,0,"{""description"":""Color pickers"",""informational"":true}",Sun Feb 01 2026 21:01:56 GMT+0100 (Midden-Europese standaardtijd)
033709bd-8531-4756-8e82-bb5c68e79ef9,4d440ccb-2c03-428f-b00f-554e1aec9e2a,120,"Page has input type=""range""",false,0,"{""description"":""Range sliders"",""informational"":true}",Sun Feb 01 2026 21:01:56 GMT+0100 (Midden-Europese standaardtijd)
e74f6db0-2bab-4f91-a38c-23c69be4e617,4d440ccb-2c03-428f-b00f-554e1aec9e2a,121,"Page has input type=""search""",true,2,"{""description"":""Search inputs"",""informational"":true}",Sun Feb 01 2026 21:01:56 GMT+0100 (Midden-Europese standaardtijd)
a611e218-bd3b-4365-92f0-d0c3236b3d68,4d440ccb-2c03-428f-b00f-554e1aec9e2a,122,"Page has input type=""tel""",false,0,"{""description"":""Telephone inputs"",""informational"":true}",Sun Feb 01 2026 21:01:56 GMT+0100 (Midden-Europese standaardtijd)
39a62dde-8f63-49ef-8380-6588de53825e,4d440ccb-2c03-428f-b00f-554e1aec9e2a,123,"Page has input type=""url""",false,0,"{""description"":""URL inputs"",""informational"":true}",Sun Feb 01 2026 21:01:56 GMT+0100 (Midden-Europese standaardtijd)
5369b49f-d64b-410d-b17c-2289c5d9d352,4d440ccb-2c03-428f-b00f-554e1aec9e2a,124,"Page has input type=""email""",false,0,"{""description"":""Email inputs"",""informational"":true}",Sun Feb 01 2026 21:01:56 GMT+0100 (Midden-Europese standaardtijd)
76ef9673-34bd-401a-b225-5923e1dcf633,4d440ccb-2c03-428f-b00f-554e1aec9e2a,125,"Page has input type=""number""",false,0,"{""description"":""Number inputs"",""informational"":true}",Sun Feb 01 2026 21:01:56 GMT+0100 (Midden-Europese standaardtijd)
35258980-baee-45a5-9dcd-4b6ee6a0146b,4d440ccb-2c03-428f-b00f-554e1aec9e2a,126,"Page has input type=""password""",false,0,"{""description"":""Password fields"",""informational"":true}",Sun Feb 01 2026 21:01:56 GMT+0100 (Midden-Europese standaardtijd)
9751227b-bc8f-400d-ba7d-415abbd29a51,4d440ccb-2c03-428f-b00f-554e1aec9e2a,127,"Page has input type=""text""",false,0,"{""description"":""Text inputs"",""informational"":true}",Sun Feb 01 2026 21:01:56 GMT+0100 (Midden-Europese standaardtijd)
6f1742a6-12c8-4565-8d89-cb551bc65775,4d440ccb-2c03-428f-b00f-554e1aec9e2a,128,Page has label,true,2,"{""description"":""Label elements"",""informational"":true}",Sun Feb 01 2026 21:01:56 GMT+0100 (Midden-Europese standaardtijd)
a1533c24-3e64-42b2-882e-d085ef3d9844,4d440ccb-2c03-428f-b00f-554e1aec9e2a,129,Page has legend,false,0,"{""description"":""Legend elements"",""informational"":true}",Sun Feb 01 2026 21:01:56 GMT+0100 (Midden-Europese standaardtijd)
36e8a12b-e347-43bc-965c-172723488a68,4d440ccb-2c03-428f-b00f-554e1aec9e2a,130,Page has fieldset,false,0,"{""description"":""Fieldset elements"",""informational"":true}",Sun Feb 01 2026 21:01:56 GMT+0100 (Midden-Europese standaardtijd)
ecdd9ab8-a7f8-4eb6-8e93-5e18aa73d3ce,d5166c72-6e87-43f1-8cf7-0365322dc43c,48,LangAttributeMissingTest,false,0,"{""langValue"":""nl"",""wcagLevel"":""A"",""critical"":true}",Sun Feb 01 2026 21:01:58 GMT+0100 (Midden-Europese standaardtijd)
42da61b7-9685-447f-b0b2-d5d7286476c9,d5166c72-6e87-43f1-8cf7-0365322dc43c,50,TitleMissingTest,false,0,"{""wcagLevel"":""A"",""critical"":true}",Sun Feb 01 2026 21:01:58 GMT+0100 (Midden-Europese standaardtijd)
eed67273-c124-431b-a09a-3a3946e11ec0,d5166c72-6e87-43f1-8cf7-0365322dc43c,51,TitleEmptyTest,false,0,"{""titleText"":""Home | DigiD"",""wcagLevel"":""A"",""critical"":true}",Sun Feb 01 2026 21:01:58 GMT+0100 (Midden-Europese standaardtijd)
03014367-5396-4889-baf4-5c6dca2b03f2,d5166c72-6e87-43f1-8cf7-0365322dc43c,64,ImgMissingAltTest,false,0,"{""images"":[],""totalCount"":0,""wcagLevel"":""A"",""critical"":true}",Sun Feb 01 2026 21:01:58 GMT+0100 (Midden-Europese standaardtijd)
74ac059d-7135-4834-8061-e140b9c853f4,d5166c72-6e87-43f1-8cf7-0365322dc43c,30,FormMissingLabelsTest,false,0,"{""forms"":[],""wcagLevel"":""A"",""critical"":true}",Sun Feb 01 2026 21:01:58 GMT+0100 (Midden-Europese standaardtijd)
43f57e0d-96f7-4bd0-a9de-3c96bcb4a595,d5166c72-6e87-43f1-8cf7-0365322dc43c,57,HeadingsAtLeastOneH1Test,false,0,"{""h1Count"":2,""h1Texts"":[""Laat zien wie je bent"",""""],""wcagLevel"":""A"",""critical"":true}",Sun Feb 01 2026 21:01:58 GMT+0100 (Midden-Europese standaardtijd)
10ca4da5-97cc-4b8d-b105-799b44f15798,d5166c72-6e87-43f1-8cf7-0365322dc43c,7,IframeMissingAccessibleNameTest,false,0,"{""iframes"":[],""totalCount"":0,""wcagLevel"":""A"",""critical"":true}",Sun Feb 01 2026 21:01:58 GMT+0100 (Midden-Europese standaardtijd)
eb4e7df3-2c9f-47aa-af95-31a7eef09539,d5166c72-6e87-43f1-8cf7-0365322dc43c,25,TableTest,false,0,"{""tables"":[],""totalCount"":0,""informational"":true}",Sun Feb 01 2026 21:01:58 GMT+0100 (Midden-Europese standaardtijd)
6569049b-b5e6-454c-b2c3-7ea71c3e939e,d5166c72-6e87-43f1-8cf7-0365322dc43c,29,FormTest,true,2,"{""forms"":[{""index"":1,""action"":""#"",""method"":""GET"",""inputCount"":1},{""index"":2,""action"":""#"",""method"":""GET"",""inputCount"":1}],""totalCount"":2,""informational"":true}",Sun Feb 01 2026 21:01:58 GMT+0100 (Midden-Europese standaardtijd)
b437b918-75f3-4fac-a3a3-8cdf174d5d0a,d5166c72-6e87-43f1-8cf7-0365322dc43c,63,ImgTest,true,19,"{""totalImages"":19,""withAlt"":19,""withoutAlt"":0,""withEmptyAlt"":16,""informational"":true}",Sun Feb 01 2026 21:01:58 GMT+0100 (Midden-Europese standaardtijd)
f1d401ea-f867-4d83-8d6c-a29b4b72dc1b,d5166c72-6e87-43f1-8cf7-0365322dc43c,1,IframeIsVimeoVideoWithKeysDisabledTest,false,0,"{""iframes"":[],""totalCount"":0}",Sun Feb 01 2026 21:01:58 GMT+0100 (Midden-Europese standaardtijd)
925b5b83-1e98-49b8-b21c-0d092ae1811a,d5166c72-6e87-43f1-8cf7-0365322dc43c,2,ImgAltTooLongTest,false,0,"{""images"":[],""totalCount"":0}",Sun Feb 01 2026 21:01:58 GMT+0100 (Midden-Europese standaardtijd)
e9b5a08a-5e66-4895-80f3-598800af71f0,d5166c72-6e87-43f1-8cf7-0365322dc43c,3,ViewportMetaRestrictsScalingTest,false,0,"{""content"":""width=device-width, initial-scale=1"",""restrictsScaling"":false}",Sun Feb 01 2026 21:01:58 GMT+0100 (Midden-Europese standaardtijd)
0aac4268-a3f3-4559-92bd-7f0b4968f396,d5166c72-6e87-43f1-8cf7-0365322dc43c,4,ImageLinkMissingAccessibleNameTest,true,1,"{""links"":[{""href"":""/nl"",""imageCount"":1}],""totalCount"":1}",Sun Feb 01 2026 21:01:58 GMT+0100 (Midden-Europese standaardtijd)
08492018-e85a-4660-86d2-2c0f66844082,d5166c72-6e87-43f1-8cf7-0365322dc43c,5,PageContainsLinkReadMoreTest,false,0,"{""links"":[],""totalCount"":0}",Sun Feb 01 2026 21:01:58 GMT+0100 (Midden-Europese standaardtijd)
b5ae8201-4bdf-42e9-b877-8c6006ae4b0a,d5166c72-6e87-43f1-8cf7-0365322dc43c,6,PageContainsMultipleSameLinksTest,true,15,"{""duplicateLinks"":[{""text"":""Mijn DigiD"",""occurrences"":2},{""text"":""Ik krijg een foutmelding in de DigiD app"",""occurrences"":3},{""text"":""Hoe activeer ik de DigiD app?"",""occurrences"":3},{""text"":""Hoe log ik in met de DigiD app?"",""occurrences"":2},{""text"":""Waarom lukt het activeren van mijn rijbewijs/ID-kaart niet?"",""occurrences"":3},{""text"":""Code invullen"",""occurrences"":2}],""totalCount"":15}",Sun Feb 01 2026 21:01:58 GMT+0100 (Midden-Europese standaardtijd)
39654ba9-873d-4029-b621-9d78834983ad,d5166c72-6e87-43f1-8cf7-0365322dc43c,8,IframeIsYouTubeVideoWithKeysEnabledTest,false,0,"{""iframes"":[],""totalCount"":0}",Sun Feb 01 2026 21:01:58 GMT+0100 (Midden-Europese standaardtijd)
6d98addb-8607-487f-9fe4-ec990bf28e92,d5166c72-6e87-43f1-8cf7-0365322dc43c,9,TableWithHeadingsTest,false,0,"{""tables"":[],""totalCount"":0}",Sun Feb 01 2026 21:01:58 GMT+0100 (Midden-Europese standaardtijd)
83b4ed75-1d90-43cd-b627-3689b13b1aa4,d5166c72-6e87-43f1-8cf7-0365322dc43c,11,IframeIsGoogleMapTest,false,0,"{""iframes"":[],""totalCount"":0}",Sun Feb 01 2026 21:01:58 GMT+0100 (Midden-Europese standaardtijd)
b92535d4-c70b-4af7-b7d4-f76929e9b156,d5166c72-6e87-43f1-8cf7-0365322dc43c,12,IframeIsScribitVideoTest,false,0,"{""iframes"":[],""totalCount"":0}",Sun Feb 01 2026 21:01:58 GMT+0100 (Midden-Europese standaardtijd)
43f8c61e-2370-4c3e-9fc2-0286c8337c81,d5166c72-6e87-43f1-8cf7-0365322dc43c,13,IframeIsVimeoVideoWithKeysEnabledTest,false,0,"{""iframes"":[],""totalCount"":0}",Sun Feb 01 2026 21:01:58 GMT+0100 (Midden-Europese standaardtijd)
84d07a2a-f5c1-460a-a345-6061240dad76,d5166c72-6e87-43f1-8cf7-0365322dc43c,14,IframeIsVimeoVideoTest,false,0,"{""iframes"":[],""totalCount"":0}",Sun Feb 01 2026 21:01:58 GMT+0100 (Midden-Europese standaardtijd)
07ae8b11-8afb-4457-aa44-eb2ebb9bcd8e,d5166c72-6e87-43f1-8cf7-0365322dc43c,15,IframeTest,false,0,"{""iframes"":[],""totalCount"":0,""informational"":true}",Sun Feb 01 2026 21:01:58 GMT+0100 (Midden-Europese standaardtijd)
7ffeae85-2d1b-49a3-af1e-caa3cd506027,d5166c72-6e87-43f1-8cf7-0365322dc43c,16,AudioHasAutoplayTest,false,0,"{""audios"":[],""totalCount"":0}",Sun Feb 01 2026 21:01:58 GMT+0100 (Midden-Europese standaardtijd)
8efbb5cf-e6ca-47aa-aa7d-7f5fc549b34e,d5166c72-6e87-43f1-8cf7-0365322dc43c,17,AudioControlsTest,false,0,"{""audios"":[],""totalCount"":0,""informational"":true}",Sun Feb 01 2026 21:01:58 GMT+0100 (Midden-Europese standaardtijd)
b6062789-8e08-42f9-89ba-3712a7cbfab4,d5166c72-6e87-43f1-8cf7-0365322dc43c,18,AudioTest,false,0,"{""audios"":[],""totalCount"":0,""informational"":true}",Sun Feb 01 2026 21:01:58 GMT+0100 (Midden-Europese standaardtijd)
55a65256-028d-4458-8683-a297fb1447da,d5166c72-6e87-43f1-8cf7-0365322dc43c,19,VideoHasAutoplayTest,false,0,"{""videos"":[],""totalCount"":0}",Sun Feb 01 2026 21:01:58 GMT+0100 (Midden-Europese standaardtijd)
591110d4-4d09-4923-b743-dfcd22ea4b27,d5166c72-6e87-43f1-8cf7-0365322dc43c,20,VideoMissingTitleAriaTest,false,0,"{""videos"":[],""totalCount"":0}",Sun Feb 01 2026 21:01:58 GMT+0100 (Midden-Europese standaardtijd)
bb52f5be-43b5-40b6-94d9-dd5b6268014c,d5166c72-6e87-43f1-8cf7-0365322dc43c,21,VideoControlsTest,false,0,"{""videos"":[],""totalCount"":0,""informational"":true}",Sun Feb 01 2026 21:01:58 GMT+0100 (Midden-Europese standaardtijd)
53355f7f-c8e5-49f4-aa06-e8df690a160f,d5166c72-6e87-43f1-8cf7-0365322dc43c,22,VideoTest,false,0,"{""videos"":[],""totalCount"":0,""informational"":true}",Sun Feb 01 2026 21:01:58 GMT+0100 (Midden-Europese standaardtijd)
8b73a83e-823c-4416-9dd5-4fb4ac849321,d5166c72-6e87-43f1-8cf7-0365322dc43c,23,LinkWithoutTextTest,false,0,"{""links"":[],""totalCount"":0,""wcagLevel"":""A"",""critical"":true}",Sun Feb 01 2026 21:01:58 GMT+0100 (Midden-Europese standaardtijd)
3d8faec9-0404-41ed-ad3f-ac2b14ad95b4,d5166c72-6e87-43f1-8cf7-0365322dc43c,24,EmptyLinkTest,false,0,"{""links"":[],""totalCount"":0,""wcagLevel"":""A"",""critical"":true}",Sun Feb 01 2026 21:01:58 GMT+0100 (Midden-Europese standaardtijd)
8e2fa179-1c86-4520-a54e-808ffd1ef339,d5166c72-6e87-43f1-8cf7-0365322dc43c,26,TableWithoutHeadersTest,false,0,"{""tables"":[],""totalCount"":0,""wcagLevel"":""A"",""critical"":true}",Sun Feb 01 2026 21:01:58 GMT+0100 (Midden-Europese standaardtijd)
d1356ecf-a3b9-4395-b0a6-bcc6550b04bf,d5166c72-6e87-43f1-8cf7-0365322dc43c,27,ListTest,true,10,"{""lists"":[{""type"":""ul"",""itemCount"":0,""index"":1},{""type"":""ul"",""itemCount"":1,""index"":2},{""type"":""ul"",""itemCount"":2,""index"":3},{""type"":""ul"",""itemCount"":5,""index"":4},{""type"":""ul"",""itemCount"":2,""index"":5},{""type"":""ul"",""itemCount"":4,""index"":6},{""type"":""ul"",""itemCount"":4,""index"":7},{""type"":""ul"",""itemCount"":3,""index"":8},{""type"":""ul"",""itemCount"":2,""index"":9},{""type"":""ul"",""itemCount"":6,""index"":10}],""totalCount"":10,""informational"":true}",Sun Feb 01 2026 21:01:58 GMT+0100 (Midden-Europese standaardtijd)
a4a0ad3f-c947-49f8-8a7f-6820c1c13b8f,d5166c72-6e87-43f1-8cf7-0365322dc43c,28,DefinitionListTest,false,0,"{""lists"":[],""totalCount"":0,""informational"":true}",Sun Feb 01 2026 21:01:58 GMT+0100 (Midden-Europese standaardtijd)
61ae1879-4e9a-4dea-aeb1-bfdf6255b454,d5166c72-6e87-43f1-8cf7-0365322dc43c,31,FormMissingFieldsetTest,false,0,"{""forms"":[],""totalCount"":0,""wcagLevel"":""A""}",Sun Feb 01 2026 21:01:58 GMT+0100 (Midden-Europese standaardtijd)
6c7372a0-d87a-4d93-97d3-3d14e802f45f,d5166c72-6e87-43f1-8cf7-0365322dc43c,32,InputMissingLabelTest,false,0,"{""inputs"":[],""totalCount"":0,""wcagLevel"":""A"",""critical"":true}",Sun Feb 01 2026 21:01:58 GMT+0100 (Midden-Europese standaardtijd)
2015496e-18f0-40c0-a468-f9cc8479e136,d5166c72-6e87-43f1-8cf7-0365322dc43c,33,ButtonEmptyTest,false,0,"{""buttons"":[],""totalCount"":0,""wcagLevel"":""A"",""critical"":true}",Sun Feb 01 2026 21:01:58 GMT+0100 (Midden-Europese standaardtijd)
0483fa3e-a8b6-43b4-a635-b24158728274,d5166c72-6e87-43f1-8cf7-0365322dc43c,34,HeadingEmptyTest,true,1,"{""headings"":[{""level"":""h1"",""html"":""""}],""totalCount"":1,""wcagLevel"":""A"",""critical"":true}",Sun Feb 01 2026 21:01:58 GMT+0100 (Midden-Europese standaardtijd)
4e497fd0-f52f-4377-a15f-0851722c2b31,d5166c72-6e87-43f1-8cf7-0365322dc43c,35,HeadingSkipLevelTest,false,0,"{""violations"":[],""totalCount"":0,""wcagLevel"":""AA""}",Sun Feb 01 2026 21:01:58 GMT+0100 (Midden-Europese standaardtijd)
f67fbe48-23c7-4157-843b-95ea21c288c8,d5166c72-6e87-43f1-8cf7-0365322dc43c,36,SkipLinkTest,false,0,"{""skipLinks"":[],""informational"":true}",Sun Feb 01 2026 21:01:58 GMT+0100 (Midden-Europese standaardtijd)
be7ec602-695d-4f7a-b0a3-6ca839dfacee,d5166c72-6e87-43f1-8cf7-0365322dc43c,37,AriaLandmarksTest,true,14,"{""landmarks"":[{""type"":""aria-role"",""role"":""navigation"",""tag"":""nav""},{""type"":""aria-role"",""role"":""navigation"",""tag"":""nav""},{""type"":""aria-role"",""role"":""navigation"",""tag"":""nav""},{""type"":""aria-role"",""role"":""navigation"",""tag"":""nav""},{""type"":""semantic"",""tag"":""header""},{""type"":""semantic"",""tag"":""nav""},{""type"":""semantic"",""tag"":""nav""},{""type"":""semantic"",""tag"":""nav""},{""type"":""semantic"",""tag"":""nav""},{""type"":""semantic"",""tag"":""main""}],""totalCount"":14,""informational"":true}",Sun Feb 01 2026 21:01:58 GMT+0100 (Midden-Europese standaardtijd)
dd51adfb-f556-46e9-bc33-9b5b031058aa,d5166c72-6e87-43f1-8cf7-0365322dc43c,38,Element has tabindex,false,0,"{""description"":""Page has elements with tabindex"",""informational"":true}",Sun Feb 01 2026 21:01:58 GMT+0100 (Midden-Europese standaardtijd)
ad189bff-dc36-4443-a262-aa95a4d1750a,d5166c72-6e87-43f1-8cf7-0365322dc43c,39,Page has list,true,10,"{""description"":""Page has lists"",""informational"":true}",Sun Feb 01 2026 21:01:58 GMT+0100 (Midden-Europese standaardtijd)
f153ebba-559a-46d0-8cca-06cbc0f68788,d5166c72-6e87-43f1-8cf7-0365322dc43c,40,Page has elements with aria-label,true,2,"{""description"":""Elements with ARIA labels"",""informational"":true}",Sun Feb 01 2026 21:01:58 GMT+0100 (Midden-Europese standaardtijd)
c6d8cdc8-d475-4e6e-9af4-d31acff5d333,d5166c72-6e87-43f1-8cf7-0365322dc43c,41,Page has elements with aria-expanded,true,1,"{""description"":""Expandable elements"",""informational"":true}",Sun Feb 01 2026 21:01:58 GMT+0100 (Midden-Europese standaardtijd)
b34aa373-f5e5-488d-b62e-c3ba47766d75,d5166c72-6e87-43f1-8cf7-0365322dc43c,42,Page has pictures,false,0,"{""description"":""Page contains picture elements"",""informational"":true}",Sun Feb 01 2026 21:01:58 GMT+0100 (Midden-Europese standaardtijd)
8fa8c7d6-4c97-43cc-a062-e2eea6d17cd0,d5166c72-6e87-43f1-8cf7-0365322dc43c,43,Page has images,true,19,"{""description"":""Page contains images"",""informational"":true}",Sun Feb 01 2026 21:01:58 GMT+0100 (Midden-Europese standaardtijd)
25f4b1ac-4327-486d-8968-f0d8e11eb762,d5166c72-6e87-43f1-8cf7-0365322dc43c,44,Page has decorative images or text alternative is missing,true,16,"{""description"":""Decorative or missing alt"",""informational"":true}",Sun Feb 01 2026 21:01:58 GMT+0100 (Midden-Europese standaardtijd)
8ab2b6c5-c0a1-4fd2-aa8d-a6dcfabd1ca9,d5166c72-6e87-43f1-8cf7-0365322dc43c,45,Page has elements with aria-describedby,false,0,"{""description"":""Elements with descriptions"",""informational"":true}",Sun Feb 01 2026 21:01:58 GMT+0100 (Midden-Europese standaardtijd)
2a5cc9b4-2618-416d-95a3-ec466f6fe17b,d5166c72-6e87-43f1-8cf7-0365322dc43c,46,Page has a button with aria-label,false,0,"{""description"":""Buttons with ARIA labels"",""informational"":true}",Sun Feb 01 2026 21:01:58 GMT+0100 (Midden-Europese standaardtijd)
bacfd668-d525-4656-8c5d-0596e6142bac,d5166c72-6e87-43f1-8cf7-0365322dc43c,47,Form with required input fields is validated by browser,false,0,"{""description"":""Browser-validated forms"",""informational"":true}",Sun Feb 01 2026 21:01:58 GMT+0100 (Midden-Europese standaardtijd)
da0ed8bc-3c73-42ce-b5ff-0cae7f46db7d,d5166c72-6e87-43f1-8cf7-0365322dc43c,49,Page has elements with aria-labelledby,true,2,"{""description"":""Elements with labelledby"",""informational"":true}",Sun Feb 01 2026 21:01:58 GMT+0100 (Midden-Europese standaardtijd)
1fad11ba-9f71-4f3e-9dd3-d4fc1cf7ddc2,d5166c72-6e87-43f1-8cf7-0365322dc43c,52,Page has SVG-images,true,20,"{""description"":""Page contains SVG"",""informational"":true}",Sun Feb 01 2026 21:01:58 GMT+0100 (Midden-Europese standaardtijd)
54ae4821-dd0d-434f-9266-c8f4816e388b,d5166c72-6e87-43f1-8cf7-0365322dc43c,53,Page has elements with role=menu,false,0,"{""description"":""Menu elements"",""informational"":true}",Sun Feb 01 2026 21:01:58 GMT+0100 (Midden-Europese standaardtijd)
f04cdc56-5a3c-44e5-adf9-1755a6de6d09,d5166c72-6e87-43f1-8cf7-0365322dc43c,54,Page has fieldset without legend,false,0,"{""description"":""Fieldsets missing legends"",""informational"":true}",Sun Feb 01 2026 21:01:58 GMT+0100 (Midden-Europese standaardtijd)
34bfdea2-e2fa-4dda-8768-1b0c1f359aee,d5166c72-6e87-43f1-8cf7-0365322dc43c,55,Page has dialog or modal window,false,0,"{""description"":""Dialog elements"",""informational"":true}",Sun Feb 01 2026 21:01:58 GMT+0100 (Midden-Europese standaardtijd)
5f946ebf-3418-4625-97d8-512fe8a145e7,d5166c72-6e87-43f1-8cf7-0365322dc43c,56,Page has interactive image,false,0,"{""description"":""Interactive images"",""informational"":true}",Sun Feb 01 2026 21:01:58 GMT+0100 (Midden-Europese standaardtijd)
2d70cc5f-2c9f-4b9c-97ab-d3daa7a5c9b0,d5166c72-6e87-43f1-8cf7-0365322dc43c,10,Page has aria-hidden element,true,7,"{""description"":""Hidden elements"",""informational"":true}",Sun Feb 01 2026 21:01:58 GMT+0100 (Midden-Europese standaardtijd)
a659f6b9-a809-4b58-b0a9-76537bc72c01,d5166c72-6e87-43f1-8cf7-0365322dc43c,58,Page has input fields with autocomplete,false,0,"{""description"":""Autocomplete fields"",""informational"":true}",Sun Feb 01 2026 21:01:58 GMT+0100 (Midden-Europese standaardtijd)
651952fd-f58f-41b9-9142-dd4a9e499884,d5166c72-6e87-43f1-8cf7-0365322dc43c,59,Page has aria-invalid element,false,0,"{""description"":""Invalid elements"",""informational"":true}",Sun Feb 01 2026 21:01:58 GMT+0100 (Midden-Europese standaardtijd)
20f999d0-034e-4bdf-a629-b35d9d9d9522,d5166c72-6e87-43f1-8cf7-0365322dc43c,60,Page has aria-required element,false,0,"{""description"":""Required elements"",""informational"":true}",Sun Feb 01 2026 21:01:58 GMT+0100 (Midden-Europese standaardtijd)
62a8b1f7-c60a-467c-a508-64b49860adf5,d5166c72-6e87-43f1-8cf7-0365322dc43c,61,Page has accesskey,false,0,"{""description"":""Accesskey attributes"",""informational"":true}",Sun Feb 01 2026 21:01:58 GMT+0100 (Midden-Europese standaardtijd)
31cc67a1-d189-4ae1-bf02-2384e6b70bb7,d5166c72-6e87-43f1-8cf7-0365322dc43c,62,Page has aria-live element,false,0,"{""description"":""Live regions"",""informational"":true}",Sun Feb 01 2026 21:01:58 GMT+0100 (Midden-Europese standaardtijd)
ce9290f6-9065-4b78-ba11-59b3d517cfdb,d5166c72-6e87-43f1-8cf7-0365322dc43c,65,Page has strong or bold,false,0,"{""description"":""Bold text"",""informational"":true}",Sun Feb 01 2026 21:01:58 GMT+0100 (Midden-Europese standaardtijd)
8438e7ee-55ce-4df6-a569-d5ae8750132e,d5166c72-6e87-43f1-8cf7-0365322dc43c,66,Page has em or italic,false,0,"{""description"":""Italic text"",""informational"":true}",Sun Feb 01 2026 21:01:58 GMT+0100 (Midden-Europese standaardtijd)
1cec13e3-1ece-4a58-862e-c89b198331be,d5166c72-6e87-43f1-8cf7-0365322dc43c,67,Page has preformatted text,false,0,"{""description"":""Preformatted content"",""informational"":true}",Sun Feb 01 2026 21:01:58 GMT+0100 (Midden-Europese standaardtijd)
f960bd81-19ff-4844-94a0-69817daff938,d5166c72-6e87-43f1-8cf7-0365322dc43c,68,Page has code block,false,0,"{""description"":""Code blocks"",""informational"":true}",Sun Feb 01 2026 21:01:58 GMT+0100 (Midden-Europese standaardtijd)
d047e070-39aa-46a7-8b07-056da3de8ca1,d5166c72-6e87-43f1-8cf7-0365322dc43c,69,Page has blockquote,false,0,"{""description"":""Quote blocks"",""informational"":true}",Sun Feb 01 2026 21:01:58 GMT+0100 (Midden-Europese standaardtijd)
fca5d12b-db4b-4ee8-80dc-7c340b4426bf,d5166c72-6e87-43f1-8cf7-0365322dc43c,70,Page has abbreviation,false,0,"{""description"":""Abbreviations"",""informational"":true}",Sun Feb 01 2026 21:01:58 GMT+0100 (Midden-Europese standaardtijd)
8f9e5571-e2ef-4b2b-8f0f-e3cd2bacc5e0,d5166c72-6e87-43f1-8cf7-0365322dc43c,71,Page has citation,false,0,"{""description"":""Citations"",""informational"":true}",Sun Feb 01 2026 21:01:58 GMT+0100 (Midden-Europese standaardtijd)
efcc88eb-cdfc-4f18-86c4-f335b60c9e16,d5166c72-6e87-43f1-8cf7-0365322dc43c,72,Page has marked text,false,0,"{""description"":""Highlighted text"",""informational"":true}",Sun Feb 01 2026 21:01:58 GMT+0100 (Midden-Europese standaardtijd)
15eb91ef-edf1-49ba-a072-8efb094b91de,d5166c72-6e87-43f1-8cf7-0365322dc43c,73,Page has subscript,false,0,"{""description"":""Subscript text"",""informational"":true}",Sun Feb 01 2026 21:01:58 GMT+0100 (Midden-Europese standaardtijd)
0dfde7fb-506d-44da-9ad2-64058bb3b969,d5166c72-6e87-43f1-8cf7-0365322dc43c,74,Page has superscript,false,0,"{""description"":""Superscript text"",""informational"":true}",Sun Feb 01 2026 21:01:58 GMT+0100 (Midden-Europese standaardtijd)
7704469f-52e9-4695-aa85-d1b1970040a9,d5166c72-6e87-43f1-8cf7-0365322dc43c,75,Page has time,false,0,"{""description"":""Time elements"",""informational"":true}",Sun Feb 01 2026 21:01:58 GMT+0100 (Midden-Europese standaardtijd)
b7b7b58a-2a29-40e3-9e5f-631449b4f838,d5166c72-6e87-43f1-8cf7-0365322dc43c,76,Page has data,false,0,"{""description"":""Data elements"",""informational"":true}",Sun Feb 01 2026 21:01:58 GMT+0100 (Midden-Europese standaardtijd)
801481e6-18b3-4c20-a445-8a6b125964a1,d5166c72-6e87-43f1-8cf7-0365322dc43c,77,Page has details,false,0,"{""description"":""Details elements"",""informational"":true}",Sun Feb 01 2026 21:01:58 GMT+0100 (Midden-Europese standaardtijd)
911cc1db-1c52-42aa-8419-f1cc65462602,d5166c72-6e87-43f1-8cf7-0365322dc43c,78,Page has summary,false,0,"{""description"":""Summary elements"",""informational"":true}",Sun Feb 01 2026 21:01:58 GMT+0100 (Midden-Europese standaardtijd)
28362972-2eb2-4d59-8a8d-feb685e73643,d5166c72-6e87-43f1-8cf7-0365322dc43c,79,Page has article,false,0,"{""description"":""Article elements"",""informational"":true}",Sun Feb 01 2026 21:01:58 GMT+0100 (Midden-Europese standaardtijd)
51464717-249b-4180-b267-331706cc7d5c,d5166c72-6e87-43f1-8cf7-0365322dc43c,80,Page has section,true,3,"{""description"":""Section elements"",""informational"":true}",Sun Feb 01 2026 21:01:58 GMT+0100 (Midden-Europese standaardtijd)
9a156d7e-e54c-44ed-aa11-2e6dbdf5a2cd,d5166c72-6e87-43f1-8cf7-0365322dc43c,81,Page has nav,true,6,"{""description"":""Navigation elements"",""informational"":true}",Sun Feb 01 2026 21:01:58 GMT+0100 (Midden-Europese standaardtijd)
29e953cb-fd4e-4884-8001-c0805fea2906,d5166c72-6e87-43f1-8cf7-0365322dc43c,82,Page has aside,false,0,"{""description"":""Aside elements"",""informational"":true}",Sun Feb 01 2026 21:01:58 GMT+0100 (Midden-Europese standaardtijd)
1542e347-fd42-4078-bdda-0a3f5683cc95,d5166c72-6e87-43f1-8cf7-0365322dc43c,83,Page has header,true,2,"{""description"":""Header elements"",""informational"":true}",Sun Feb 01 2026 21:01:58 GMT+0100 (Midden-Europese standaardtijd)
af9a5104-aec6-422f-8580-b49d57afd930,d5166c72-6e87-43f1-8cf7-0365322dc43c,84,Page has footer,true,1,"{""description"":""Footer elements"",""informational"":true}",Sun Feb 01 2026 21:01:58 GMT+0100 (Midden-Europese standaardtijd)
1c1ea58e-bff1-440f-bc82-7353e154d7c6,d5166c72-6e87-43f1-8cf7-0365322dc43c,85,Page has main,true,1,"{""description"":""Main content"",""informational"":true}",Sun Feb 01 2026 21:01:58 GMT+0100 (Midden-Europese standaardtijd)
b06c4c36-115b-4dd5-b19f-a63ab10d38d3,d5166c72-6e87-43f1-8cf7-0365322dc43c,86,Page has figure,false,0,"{""description"":""Figure elements"",""informational"":true}",Sun Feb 01 2026 21:01:58 GMT+0100 (Midden-Europese standaardtijd)
ed7ea1f4-a9d5-4aeb-9b75-60a3477551e6,d5166c72-6e87-43f1-8cf7-0365322dc43c,87,Page has figcaption,false,0,"{""description"":""Figure captions"",""informational"":true}",Sun Feb 01 2026 21:01:58 GMT+0100 (Midden-Europese standaardtijd)
6aea404d-964d-4636-9f41-0d680e0ff09c,d5166c72-6e87-43f1-8cf7-0365322dc43c,88,Page has address,false,0,"{""description"":""Address elements"",""informational"":true}",Sun Feb 01 2026 21:01:58 GMT+0100 (Midden-Europese standaardtijd)
6d96128e-8c68-415b-9172-bed3f5beb101,d5166c72-6e87-43f1-8cf7-0365322dc43c,89,Page has progress,false,0,"{""description"":""Progress bars"",""informational"":true}",Sun Feb 01 2026 21:01:58 GMT+0100 (Midden-Europese standaardtijd)
909849d5-654f-401e-bc8b-5b4da33903ec,d5166c72-6e87-43f1-8cf7-0365322dc43c,90,Page has meter,false,0,"{""description"":""Meter elements"",""informational"":true}",Sun Feb 01 2026 21:01:58 GMT+0100 (Midden-Europese standaardtijd)
48ac4764-6100-4e28-9bda-6bbb66e48b7b,d5166c72-6e87-43f1-8cf7-0365322dc43c,91,Page has output,false,0,"{""description"":""Output elements"",""informational"":true}",Sun Feb 01 2026 21:01:58 GMT+0100 (Midden-Europese standaardtijd)
18684b88-5c43-4d70-bbc1-278dc04a6377,d5166c72-6e87-43f1-8cf7-0365322dc43c,92,Page has canvas,false,0,"{""description"":""Canvas elements"",""informational"":true}",Sun Feb 01 2026 21:01:58 GMT+0100 (Midden-Europese standaardtijd)
44aa2345-4e12-4e81-9c3c-baa0cedd06c1,d5166c72-6e87-43f1-8cf7-0365322dc43c,93,Page has object,false,0,"{""description"":""Object embeds"",""informational"":true}",Sun Feb 01 2026 21:01:58 GMT+0100 (Midden-Europese standaardtijd)
ccc12107-8873-4935-b6f5-4eaf0df11190,d5166c72-6e87-43f1-8cf7-0365322dc43c,94,Page has embed,false,0,"{""description"":""Embed elements"",""informational"":true}",Sun Feb 01 2026 21:01:58 GMT+0100 (Midden-Europese standaardtijd)
fe6ae0d6-954c-4bde-b8b6-2d7d73c34f0e,d5166c72-6e87-43f1-8cf7-0365322dc43c,95,Page has param,false,0,"{""description"":""Param elements"",""informational"":true}",Sun Feb 01 2026 21:01:58 GMT+0100 (Midden-Europese standaardtijd)
8d0d715d-41a7-4f28-9e86-3ae9fbf6ea12,d5166c72-6e87-43f1-8cf7-0365322dc43c,96,Page has source,false,0,"{""description"":""Source elements"",""informational"":true}",Sun Feb 01 2026 21:01:58 GMT+0100 (Midden-Europese standaardtijd)
5d85c146-1257-4e63-b481-d0076b3240d9,d5166c72-6e87-43f1-8cf7-0365322dc43c,97,Page has track,false,0,"{""description"":""Track elements (captions)"",""informational"":true}",Sun Feb 01 2026 21:01:58 GMT+0100 (Midden-Europese standaardtijd)
54984173-8e78-40f4-a94c-910c35930a69,d5166c72-6e87-43f1-8cf7-0365322dc43c,98,Page has map,false,0,"{""description"":""Image maps"",""informational"":true}",Sun Feb 01 2026 21:01:58 GMT+0100 (Midden-Europese standaardtijd)
8a84952e-12bc-405c-b173-5fa467d796bf,d5166c72-6e87-43f1-8cf7-0365322dc43c,99,Page has area,false,0,"{""description"":""Map areas"",""informational"":true}",Sun Feb 01 2026 21:01:58 GMT+0100 (Midden-Europese standaardtijd)
94d2b9b8-8f58-46dc-85a5-4f9535325bd8,d5166c72-6e87-43f1-8cf7-0365322dc43c,100,Page has select,false,0,"{""description"":""Select dropdowns"",""informational"":true}",Sun Feb 01 2026 21:01:58 GMT+0100 (Midden-Europese standaardtijd)
a216d56c-5729-4fd7-ac82-dfa5ad175c31,d5166c72-6e87-43f1-8cf7-0365322dc43c,101,Page has optgroup,false,0,"{""description"":""Option groups"",""informational"":true}",Sun Feb 01 2026 21:01:58 GMT+0100 (Midden-Europese standaardtijd)
3d47b28f-2e5a-40ad-a38d-da5ed0d88b90,d5166c72-6e87-43f1-8cf7-0365322dc43c,102,Page has option,false,0,"{""description"":""Select options"",""informational"":true}",Sun Feb 01 2026 21:01:58 GMT+0100 (Midden-Europese standaardtijd)
c51642ea-8e80-4ea7-984b-fd37e929217d,d5166c72-6e87-43f1-8cf7-0365322dc43c,103,Page has textarea,false,0,"{""description"":""Text areas"",""informational"":true}",Sun Feb 01 2026 21:01:58 GMT+0100 (Midden-Europese standaardtijd)
76c8080b-66d8-4e9b-85d1-aee03c76560f,d5166c72-6e87-43f1-8cf7-0365322dc43c,104,Page has keygen,false,0,"{""description"":""Keygen elements"",""informational"":true}",Sun Feb 01 2026 21:01:58 GMT+0100 (Midden-Europese standaardtijd)
719e2b12-a1ac-4692-ae36-03427f0150bb,d5166c72-6e87-43f1-8cf7-0365322dc43c,105,Page has datalist,false,0,"{""description"":""Data lists"",""informational"":true}",Sun Feb 01 2026 21:01:58 GMT+0100 (Midden-Europese standaardtijd)
703e690f-9eb3-4e0f-b1da-e39fa25d3e7e,d5166c72-6e87-43f1-8cf7-0365322dc43c,106,"Page has input type=""checkbox""",false,0,"{""description"":""Checkboxes"",""informational"":true}",Sun Feb 01 2026 21:01:58 GMT+0100 (Midden-Europese standaardtijd)
8a488b30-9fa9-4f93-aec9-defbe618aed9,d5166c72-6e87-43f1-8cf7-0365322dc43c,107,"Page has input type=""radio""",false,0,"{""description"":""Radio buttons"",""informational"":true}",Sun Feb 01 2026 21:01:58 GMT+0100 (Midden-Europese standaardtijd)
9c1b4c71-f0cd-4739-aade-f6126b752ae5,d5166c72-6e87-43f1-8cf7-0365322dc43c,108,"Page has input type=""submit""",false,0,"{""description"":""Submit buttons"",""informational"":true}",Sun Feb 01 2026 21:01:58 GMT+0100 (Midden-Europese standaardtijd)
59295c80-4436-4cf3-9498-0d39ae3a55d0,d5166c72-6e87-43f1-8cf7-0365322dc43c,109,"Page has input type=""reset""",false,0,"{""description"":""Reset buttons"",""informational"":true}",Sun Feb 01 2026 21:01:58 GMT+0100 (Midden-Europese standaardtijd)
73fc2e39-668a-4147-ad9c-947723f6de0d,d5166c72-6e87-43f1-8cf7-0365322dc43c,110,"Page has input type=""button""",false,0,"{""description"":""Button inputs"",""informational"":true}",Sun Feb 01 2026 21:01:58 GMT+0100 (Midden-Europese standaardtijd)
1fcdf9e6-20fe-4e02-96ab-22318ab12756,d5166c72-6e87-43f1-8cf7-0365322dc43c,111,"Page has input type=""file""",false,0,"{""description"":""File inputs"",""informational"":true}",Sun Feb 01 2026 21:01:58 GMT+0100 (Midden-Europese standaardtijd)
e0bb4f88-c3a2-4f22-9376-dabde2d6a161,d5166c72-6e87-43f1-8cf7-0365322dc43c,112,"Page has input type=""hidden""",false,0,"{""description"":""Hidden inputs"",""informational"":true}",Sun Feb 01 2026 21:01:58 GMT+0100 (Midden-Europese standaardtijd)
0f7954df-e21e-4d32-a373-4b21a6ed7513,d5166c72-6e87-43f1-8cf7-0365322dc43c,113,"Page has input type=""image""",false,0,"{""description"":""Image buttons"",""informational"":true}",Sun Feb 01 2026 21:01:58 GMT+0100 (Midden-Europese standaardtijd)
a4c4defc-6145-4980-a87b-200ab792fde8,d5166c72-6e87-43f1-8cf7-0365322dc43c,114,"Page has input type=""date""",false,0,"{""description"":""Date pickers"",""informational"":true}",Sun Feb 01 2026 21:01:58 GMT+0100 (Midden-Europese standaardtijd)
11a44de3-1ee4-4564-8c20-92d6a0a37c35,d5166c72-6e87-43f1-8cf7-0365322dc43c,115,"Page has input type=""time""",false,0,"{""description"":""Time pickers"",""informational"":true}",Sun Feb 01 2026 21:01:58 GMT+0100 (Midden-Europese standaardtijd)
148ecbc0-113a-4be5-8237-388a0c94d551,d5166c72-6e87-43f1-8cf7-0365322dc43c,116,"Page has input type=""datetime-local""",false,0,"{""description"":""Datetime pickers"",""informational"":true}",Sun Feb 01 2026 21:01:58 GMT+0100 (Midden-Europese standaardtijd)
e190bf19-607c-4ab4-a960-4882a3f3239e,d5166c72-6e87-43f1-8cf7-0365322dc43c,117,"Page has input type=""month""",false,0,"{""description"":""Month pickers"",""informational"":true}",Sun Feb 01 2026 21:01:58 GMT+0100 (Midden-Europese standaardtijd)
8304a91d-7888-43e6-9124-3b3a1a8e5d51,d5166c72-6e87-43f1-8cf7-0365322dc43c,118,"Page has input type=""week""",false,0,"{""description"":""Week pickers"",""informational"":true}",Sun Feb 01 2026 21:01:58 GMT+0100 (Midden-Europese standaardtijd)
5185bedb-9bb8-4c8c-8c4a-3bd8f328ef8a,d5166c72-6e87-43f1-8cf7-0365322dc43c,119,"Page has input type=""color""",false,0,"{""description"":""Color pickers"",""informational"":true}",Sun Feb 01 2026 21:01:58 GMT+0100 (Midden-Europese standaardtijd)
c86adadc-7db4-4103-aae1-712fae76ea03,d5166c72-6e87-43f1-8cf7-0365322dc43c,120,"Page has input type=""range""",false,0,"{""description"":""Range sliders"",""informational"":true}",Sun Feb 01 2026 21:01:58 GMT+0100 (Midden-Europese standaardtijd)
8292d950-166f-4208-bc60-9fbf22b41d8d,d5166c72-6e87-43f1-8cf7-0365322dc43c,121,"Page has input type=""search""",true,2,"{""description"":""Search inputs"",""informational"":true}",Sun Feb 01 2026 21:01:58 GMT+0100 (Midden-Europese standaardtijd)
5c56f248-cb12-4e77-a10a-19a7ea2cd8f0,d5166c72-6e87-43f1-8cf7-0365322dc43c,122,"Page has input type=""tel""",false,0,"{""description"":""Telephone inputs"",""informational"":true}",Sun Feb 01 2026 21:01:58 GMT+0100 (Midden-Europese standaardtijd)
7ef46481-53b7-4fde-a93b-ebb62dc93a0e,d5166c72-6e87-43f1-8cf7-0365322dc43c,123,"Page has input type=""url""",false,0,"{""description"":""URL inputs"",""informational"":true}",Sun Feb 01 2026 21:01:58 GMT+0100 (Midden-Europese standaardtijd)
fd8a7102-ddc0-4f3e-8c0e-a70a62d6dbc4,d5166c72-6e87-43f1-8cf7-0365322dc43c,124,"Page has input type=""email""",false,0,"{""description"":""Email inputs"",""informational"":true}",Sun Feb 01 2026 21:01:58 GMT+0100 (Midden-Europese standaardtijd)
7690bd6e-37b2-497c-84d6-660ebe9a8647,d5166c72-6e87-43f1-8cf7-0365322dc43c,125,"Page has input type=""number""",false,0,"{""description"":""Number inputs"",""informational"":true}",Sun Feb 01 2026 21:01:58 GMT+0100 (Midden-Europese standaardtijd)
8308661c-bdb7-4c47-868f-a00e66b4fbb1,d5166c72-6e87-43f1-8cf7-0365322dc43c,126,"Page has input type=""password""",false,0,"{""description"":""Password fields"",""informational"":true}",Sun Feb 01 2026 21:01:58 GMT+0100 (Midden-Europese standaardtijd)
531c8225-bfd5-49dc-8e38-b85be9e60299,d5166c72-6e87-43f1-8cf7-0365322dc43c,127,"Page has input type=""text""",false,0,"{""description"":""Text inputs"",""informational"":true}",Sun Feb 01 2026 21:01:58 GMT+0100 (Midden-Europese standaardtijd)
c5829b51-b984-4fa8-b501-317fc812d365,d5166c72-6e87-43f1-8cf7-0365322dc43c,128,Page has label,true,2,"{""description"":""Label elements"",""informational"":true}",Sun Feb 01 2026 21:01:58 GMT+0100 (Midden-Europese standaardtijd)
2ae621dc-71e3-4ada-b865-bac3f05933fa,d5166c72-6e87-43f1-8cf7-0365322dc43c,129,Page has legend,false,0,"{""description"":""Legend elements"",""informational"":true}",Sun Feb 01 2026 21:01:58 GMT+0100 (Midden-Europese standaardtijd)
4166c67b-407b-4d14-84df-0213b81d0b4c,d5166c72-6e87-43f1-8cf7-0365322dc43c,130,Page has fieldset,false,0,"{""description"":""Fieldset elements"",""informational"":true}",Sun Feb 01 2026 21:01:58 GMT+0100 (Midden-Europese standaardtijd)
4db1bd6a-f38b-4d00-9995-7d58764ce91c,473b2d09-589b-4cb9-97c4-82653c83a3cd,48,LangAttributeMissingTest,false,0,"{""langValue"":""nl"",""wcagLevel"":""A"",""critical"":true}",Sun Feb 01 2026 21:01:59 GMT+0100 (Midden-Europese standaardtijd)
47d48fdb-7ef4-4941-ba3c-a371d030770c,473b2d09-589b-4cb9-97c4-82653c83a3cd,50,TitleMissingTest,false,0,"{""wcagLevel"":""A"",""critical"":true}",Sun Feb 01 2026 21:01:59 GMT+0100 (Midden-Europese standaardtijd)
36215eb6-f014-4dee-83b7-664a5a384ee8,473b2d09-589b-4cb9-97c4-82653c83a3cd,51,TitleEmptyTest,false,0,"{""titleText"":""Home | DigiD"",""wcagLevel"":""A"",""critical"":true}",Sun Feb 01 2026 21:01:59 GMT+0100 (Midden-Europese standaardtijd)
f8f6e82f-4fc0-4f8a-bed5-61fbd49d0939,473b2d09-589b-4cb9-97c4-82653c83a3cd,64,ImgMissingAltTest,false,0,"{""images"":[],""totalCount"":0,""wcagLevel"":""A"",""critical"":true}",Sun Feb 01 2026 21:01:59 GMT+0100 (Midden-Europese standaardtijd)
992f2c9e-d999-404a-be90-956006598a8b,473b2d09-589b-4cb9-97c4-82653c83a3cd,30,FormMissingLabelsTest,false,0,"{""forms"":[],""wcagLevel"":""A"",""critical"":true}",Sun Feb 01 2026 21:01:59 GMT+0100 (Midden-Europese standaardtijd)
f2770d17-3458-4b8e-b075-69832e98b430,473b2d09-589b-4cb9-97c4-82653c83a3cd,57,HeadingsAtLeastOneH1Test,false,0,"{""h1Count"":2,""h1Texts"":[""Laat zien wie je bent"",""""],""wcagLevel"":""A"",""critical"":true}",Sun Feb 01 2026 21:01:59 GMT+0100 (Midden-Europese standaardtijd)
0e660608-331f-4da6-b9e8-139de03c13d6,473b2d09-589b-4cb9-97c4-82653c83a3cd,7,IframeMissingAccessibleNameTest,false,0,"{""iframes"":[],""totalCount"":0,""wcagLevel"":""A"",""critical"":true}",Sun Feb 01 2026 21:01:59 GMT+0100 (Midden-Europese standaardtijd)
876796f3-6026-4197-8a1a-4c4f939725fa,473b2d09-589b-4cb9-97c4-82653c83a3cd,25,TableTest,false,0,"{""tables"":[],""totalCount"":0,""informational"":true}",Sun Feb 01 2026 21:01:59 GMT+0100 (Midden-Europese standaardtijd)
646ad7ce-745e-425d-975e-a7105937176d,473b2d09-589b-4cb9-97c4-82653c83a3cd,29,FormTest,true,2,"{""forms"":[{""index"":1,""action"":""#"",""method"":""GET"",""inputCount"":1},{""index"":2,""action"":""#"",""method"":""GET"",""inputCount"":1}],""totalCount"":2,""informational"":true}",Sun Feb 01 2026 21:01:59 GMT+0100 (Midden-Europese standaardtijd)
e8574a2f-2cb4-4a79-a047-c15ac9d0ee08,473b2d09-589b-4cb9-97c4-82653c83a3cd,63,ImgTest,true,19,"{""totalImages"":19,""withAlt"":19,""withoutAlt"":0,""withEmptyAlt"":16,""informational"":true}",Sun Feb 01 2026 21:01:59 GMT+0100 (Midden-Europese standaardtijd)
5732d3e8-4e16-4ef3-add8-8a03249767f6,473b2d09-589b-4cb9-97c4-82653c83a3cd,1,IframeIsVimeoVideoWithKeysDisabledTest,false,0,"{""iframes"":[],""totalCount"":0}",Sun Feb 01 2026 21:01:59 GMT+0100 (Midden-Europese standaardtijd)
7a042837-7cbf-4e2b-a262-494716ec9404,473b2d09-589b-4cb9-97c4-82653c83a3cd,2,ImgAltTooLongTest,false,0,"{""images"":[],""totalCount"":0}",Sun Feb 01 2026 21:01:59 GMT+0100 (Midden-Europese standaardtijd)
37ce17a6-4943-4af2-aa33-32269d14ce7e,473b2d09-589b-4cb9-97c4-82653c83a3cd,3,ViewportMetaRestrictsScalingTest,false,0,"{""content"":""width=device-width, initial-scale=1"",""restrictsScaling"":false}",Sun Feb 01 2026 21:01:59 GMT+0100 (Midden-Europese standaardtijd)
a693dea4-b181-42eb-8b97-7beb90e3958b,473b2d09-589b-4cb9-97c4-82653c83a3cd,4,ImageLinkMissingAccessibleNameTest,true,1,"{""links"":[{""href"":""/nl"",""imageCount"":1}],""totalCount"":1}",Sun Feb 01 2026 21:01:59 GMT+0100 (Midden-Europese standaardtijd)
0513b226-4bf6-4535-a219-42de81ff5ad8,473b2d09-589b-4cb9-97c4-82653c83a3cd,5,PageContainsLinkReadMoreTest,false,0,"{""links"":[],""totalCount"":0}",Sun Feb 01 2026 21:01:59 GMT+0100 (Midden-Europese standaardtijd)
448d6caf-4981-452b-9122-13d4240b6799,473b2d09-589b-4cb9-97c4-82653c83a3cd,6,PageContainsMultipleSameLinksTest,true,15,"{""duplicateLinks"":[{""text"":""Mijn DigiD"",""occurrences"":2},{""text"":""Ik krijg een foutmelding in de DigiD app"",""occurrences"":3},{""text"":""Hoe activeer ik de DigiD app?"",""occurrences"":3},{""text"":""Hoe log ik in met de DigiD app?"",""occurrences"":2},{""text"":""Waarom lukt het activeren van mijn rijbewijs/ID-kaart niet?"",""occurrences"":3},{""text"":""Code invullen"",""occurrences"":2}],""totalCount"":15}",Sun Feb 01 2026 21:01:59 GMT+0100 (Midden-Europese standaardtijd)
99cfd542-6835-439e-898e-3087f4b84b7f,473b2d09-589b-4cb9-97c4-82653c83a3cd,8,IframeIsYouTubeVideoWithKeysEnabledTest,false,0,"{""iframes"":[],""totalCount"":0}",Sun Feb 01 2026 21:01:59 GMT+0100 (Midden-Europese standaardtijd)
3795a5ee-480a-482b-ac91-17402a626be3,473b2d09-589b-4cb9-97c4-82653c83a3cd,9,TableWithHeadingsTest,false,0,"{""tables"":[],""totalCount"":0}",Sun Feb 01 2026 21:01:59 GMT+0100 (Midden-Europese standaardtijd)
d1697e2b-4984-455d-85e1-d36e8b4f318c,473b2d09-589b-4cb9-97c4-82653c83a3cd,11,IframeIsGoogleMapTest,false,0,"{""iframes"":[],""totalCount"":0}",Sun Feb 01 2026 21:01:59 GMT+0100 (Midden-Europese standaardtijd)
f22fe29e-01e2-4eee-be17-2d11fccc4156,473b2d09-589b-4cb9-97c4-82653c83a3cd,12,IframeIsScribitVideoTest,false,0,"{""iframes"":[],""totalCount"":0}",Sun Feb 01 2026 21:01:59 GMT+0100 (Midden-Europese standaardtijd)
ecfd9371-e9b3-4e90-bfdb-dba8f45295a9,473b2d09-589b-4cb9-97c4-82653c83a3cd,13,IframeIsVimeoVideoWithKeysEnabledTest,false,0,"{""iframes"":[],""totalCount"":0}",Sun Feb 01 2026 21:01:59 GMT+0100 (Midden-Europese standaardtijd)
d851c95b-d52d-43fd-a5e7-a92337e7df66,473b2d09-589b-4cb9-97c4-82653c83a3cd,14,IframeIsVimeoVideoTest,false,0,"{""iframes"":[],""totalCount"":0}",Sun Feb 01 2026 21:01:59 GMT+0100 (Midden-Europese standaardtijd)
83b005bb-b079-4cc1-a015-49be4ca6bdf1,473b2d09-589b-4cb9-97c4-82653c83a3cd,15,IframeTest,false,0,"{""iframes"":[],""totalCount"":0,""informational"":true}",Sun Feb 01 2026 21:01:59 GMT+0100 (Midden-Europese standaardtijd)
abcafc75-c7ea-4188-b3b8-93a96559d5f0,473b2d09-589b-4cb9-97c4-82653c83a3cd,16,AudioHasAutoplayTest,false,0,"{""audios"":[],""totalCount"":0}",Sun Feb 01 2026 21:01:59 GMT+0100 (Midden-Europese standaardtijd)
abb7570b-4487-4da8-8414-87c8062a651b,473b2d09-589b-4cb9-97c4-82653c83a3cd,17,AudioControlsTest,false,0,"{""audios"":[],""totalCount"":0,""informational"":true}",Sun Feb 01 2026 21:01:59 GMT+0100 (Midden-Europese standaardtijd)
3f70e2bd-1f30-4a21-8fce-af3e4952ecfe,473b2d09-589b-4cb9-97c4-82653c83a3cd,18,AudioTest,false,0,"{""audios"":[],""totalCount"":0,""informational"":true}",Sun Feb 01 2026 21:01:59 GMT+0100 (Midden-Europese standaardtijd)
cb523320-01e6-4baf-941d-27a5f2c27a34,473b2d09-589b-4cb9-97c4-82653c83a3cd,19,VideoHasAutoplayTest,false,0,"{""videos"":[],""totalCount"":0}",Sun Feb 01 2026 21:01:59 GMT+0100 (Midden-Europese standaardtijd)
14c69fa7-9995-48a2-8c6c-21aef498030f,473b2d09-589b-4cb9-97c4-82653c83a3cd,20,VideoMissingTitleAriaTest,false,0,"{""videos"":[],""totalCount"":0}",Sun Feb 01 2026 21:01:59 GMT+0100 (Midden-Europese standaardtijd)
bd587920-3c7c-45b6-b635-9be9deb3a4da,473b2d09-589b-4cb9-97c4-82653c83a3cd,21,VideoControlsTest,false,0,"{""videos"":[],""totalCount"":0,""informational"":true}",Sun Feb 01 2026 21:01:59 GMT+0100 (Midden-Europese standaardtijd)
c57c6109-8019-4a3a-8b07-7e82a3829696,473b2d09-589b-4cb9-97c4-82653c83a3cd,22,VideoTest,false,0,"{""videos"":[],""totalCount"":0,""informational"":true}",Sun Feb 01 2026 21:01:59 GMT+0100 (Midden-Europese standaardtijd)
abc199ae-ec45-4c5e-b665-d8dfb340ccc5,473b2d09-589b-4cb9-97c4-82653c83a3cd,23,LinkWithoutTextTest,false,0,"{""links"":[],""totalCount"":0,""wcagLevel"":""A"",""critical"":true}",Sun Feb 01 2026 21:01:59 GMT+0100 (Midden-Europese standaardtijd)
30087467-5b67-41a4-a620-5eb7bb21ae32,473b2d09-589b-4cb9-97c4-82653c83a3cd,24,EmptyLinkTest,false,0,"{""links"":[],""totalCount"":0,""wcagLevel"":""A"",""critical"":true}",Sun Feb 01 2026 21:01:59 GMT+0100 (Midden-Europese standaardtijd)
20d5a524-fad9-43e0-8da7-fa5fd772acf5,473b2d09-589b-4cb9-97c4-82653c83a3cd,26,TableWithoutHeadersTest,false,0,"{""tables"":[],""totalCount"":0,""wcagLevel"":""A"",""critical"":true}",Sun Feb 01 2026 21:01:59 GMT+0100 (Midden-Europese standaardtijd)
3d76805f-d6ab-4065-9213-09b087995c95,473b2d09-589b-4cb9-97c4-82653c83a3cd,27,ListTest,true,10,"{""lists"":[{""type"":""ul"",""itemCount"":0,""index"":1},{""type"":""ul"",""itemCount"":1,""index"":2},{""type"":""ul"",""itemCount"":2,""index"":3},{""type"":""ul"",""itemCount"":5,""index"":4},{""type"":""ul"",""itemCount"":2,""index"":5},{""type"":""ul"",""itemCount"":4,""index"":6},{""type"":""ul"",""itemCount"":4,""index"":7},{""type"":""ul"",""itemCount"":3,""index"":8},{""type"":""ul"",""itemCount"":2,""index"":9},{""type"":""ul"",""itemCount"":6,""index"":10}],""totalCount"":10,""informational"":true}",Sun Feb 01 2026 21:01:59 GMT+0100 (Midden-Europese standaardtijd)
bdd75af4-89ad-4c6b-855e-2551d4a52e68,473b2d09-589b-4cb9-97c4-82653c83a3cd,28,DefinitionListTest,false,0,"{""lists"":[],""totalCount"":0,""informational"":true}",Sun Feb 01 2026 21:01:59 GMT+0100 (Midden-Europese standaardtijd)
f3263963-61e7-49e2-b2ec-bf2effa7ae2a,473b2d09-589b-4cb9-97c4-82653c83a3cd,31,FormMissingFieldsetTest,false,0,"{""forms"":[],""totalCount"":0,""wcagLevel"":""A""}",Sun Feb 01 2026 21:01:59 GMT+0100 (Midden-Europese standaardtijd)
c9d0a0a2-5171-41fe-9b7f-80fc2f8ea212,473b2d09-589b-4cb9-97c4-82653c83a3cd,32,InputMissingLabelTest,false,0,"{""inputs"":[],""totalCount"":0,""wcagLevel"":""A"",""critical"":true}",Sun Feb 01 2026 21:01:59 GMT+0100 (Midden-Europese standaardtijd)
69570d88-ccbe-4b76-a274-45fae6a65ed4,473b2d09-589b-4cb9-97c4-82653c83a3cd,33,ButtonEmptyTest,false,0,"{""buttons"":[],""totalCount"":0,""wcagLevel"":""A"",""critical"":true}",Sun Feb 01 2026 21:01:59 GMT+0100 (Midden-Europese standaardtijd)
7bf53a88-c488-4c87-9290-c8a72e79875b,473b2d09-589b-4cb9-97c4-82653c83a3cd,34,HeadingEmptyTest,true,1,"{""headings"":[{""level"":""h1"",""html"":""""}],""totalCount"":1,""wcagLevel"":""A"",""critical"":true}",Sun Feb 01 2026 21:01:59 GMT+0100 (Midden-Europese standaardtijd)
9aaa924c-9eff-4f66-adf9-f7270b38b87f,473b2d09-589b-4cb9-97c4-82653c83a3cd,35,HeadingSkipLevelTest,false,0,"{""violations"":[],""totalCount"":0,""wcagLevel"":""AA""}",Sun Feb 01 2026 21:01:59 GMT+0100 (Midden-Europese standaardtijd)
9f52e938-9d35-4292-a5fd-f7dc0aeb88ef,473b2d09-589b-4cb9-97c4-82653c83a3cd,36,SkipLinkTest,false,0,"{""skipLinks"":[],""informational"":true}",Sun Feb 01 2026 21:01:59 GMT+0100 (Midden-Europese standaardtijd)
b1ab2acc-babf-4625-ae21-bbe43ab1dbb4,473b2d09-589b-4cb9-97c4-82653c83a3cd,79,Page has article,false,0,"{""description"":""Article elements"",""informational"":true}",Sun Feb 01 2026 21:01:59 GMT+0100 (Midden-Europese standaardtijd)
940f9f11-eaa2-4ee2-81e2-54832144a797,473b2d09-589b-4cb9-97c4-82653c83a3cd,80,Page has section,true,3,"{""description"":""Section elements"",""informational"":true}",Sun Feb 01 2026 21:01:59 GMT+0100 (Midden-Europese standaardtijd)
fa378f55-0ebe-44d2-b3ab-9aa82e3bebad,473b2d09-589b-4cb9-97c4-82653c83a3cd,37,AriaLandmarksTest,true,14,"{""landmarks"":[{""type"":""aria-role"",""role"":""navigation"",""tag"":""nav""},{""type"":""aria-role"",""role"":""navigation"",""tag"":""nav""},{""type"":""aria-role"",""role"":""navigation"",""tag"":""nav""},{""type"":""aria-role"",""role"":""navigation"",""tag"":""nav""},{""type"":""semantic"",""tag"":""header""},{""type"":""semantic"",""tag"":""nav""},{""type"":""semantic"",""tag"":""nav""},{""type"":""semantic"",""tag"":""nav""},{""type"":""semantic"",""tag"":""nav""},{""type"":""semantic"",""tag"":""main""}],""totalCount"":14,""informational"":true}",Sun Feb 01 2026 21:01:59 GMT+0100 (Midden-Europese standaardtijd)
66e4873d-3f85-4d32-a0c5-6d24a1b07b98,473b2d09-589b-4cb9-97c4-82653c83a3cd,38,Element has tabindex,false,0,"{""description"":""Page has elements with tabindex"",""informational"":true}",Sun Feb 01 2026 21:01:59 GMT+0100 (Midden-Europese standaardtijd)
a81e337b-b42f-43a4-94fb-057e5b835a5f,473b2d09-589b-4cb9-97c4-82653c83a3cd,39,Page has list,true,10,"{""description"":""Page has lists"",""informational"":true}",Sun Feb 01 2026 21:01:59 GMT+0100 (Midden-Europese standaardtijd)
1c48d78c-291b-4c16-8e63-d737b4afb4a9,473b2d09-589b-4cb9-97c4-82653c83a3cd,40,Page has elements with aria-label,true,2,"{""description"":""Elements with ARIA labels"",""informational"":true}",Sun Feb 01 2026 21:01:59 GMT+0100 (Midden-Europese standaardtijd)
f83dbe4d-a942-4f12-b2b5-d1bf8beb74f6,473b2d09-589b-4cb9-97c4-82653c83a3cd,41,Page has elements with aria-expanded,true,1,"{""description"":""Expandable elements"",""informational"":true}",Sun Feb 01 2026 21:01:59 GMT+0100 (Midden-Europese standaardtijd)
dd35a69a-122f-4dac-b0f3-1b77d4f5a270,473b2d09-589b-4cb9-97c4-82653c83a3cd,42,Page has pictures,false,0,"{""description"":""Page contains picture elements"",""informational"":true}",Sun Feb 01 2026 21:01:59 GMT+0100 (Midden-Europese standaardtijd)
5208a523-e448-4afa-80db-48a00aa54f0c,473b2d09-589b-4cb9-97c4-82653c83a3cd,43,Page has images,true,19,"{""description"":""Page contains images"",""informational"":true}",Sun Feb 01 2026 21:01:59 GMT+0100 (Midden-Europese standaardtijd)
f59b8d73-1dd3-42d4-a2fd-a4cba47549d9,473b2d09-589b-4cb9-97c4-82653c83a3cd,44,Page has decorative images or text alternative is missing,true,16,"{""description"":""Decorative or missing alt"",""informational"":true}",Sun Feb 01 2026 21:01:59 GMT+0100 (Midden-Europese standaardtijd)
018aba9a-4c32-4fc9-8a4f-14845c4fe1d2,473b2d09-589b-4cb9-97c4-82653c83a3cd,45,Page has elements with aria-describedby,false,0,"{""description"":""Elements with descriptions"",""informational"":true}",Sun Feb 01 2026 21:01:59 GMT+0100 (Midden-Europese standaardtijd)
bfc4875e-f474-4d65-8e81-9e91ca0d7714,473b2d09-589b-4cb9-97c4-82653c83a3cd,46,Page has a button with aria-label,false,0,"{""description"":""Buttons with ARIA labels"",""informational"":true}",Sun Feb 01 2026 21:01:59 GMT+0100 (Midden-Europese standaardtijd)
626b573c-c0bd-4a64-8d0c-1af702a3ea3c,473b2d09-589b-4cb9-97c4-82653c83a3cd,47,Form with required input fields is validated by browser,false,0,"{""description"":""Browser-validated forms"",""informational"":true}",Sun Feb 01 2026 21:01:59 GMT+0100 (Midden-Europese standaardtijd)
c7114805-c430-44d0-87b0-7dfc6425e507,473b2d09-589b-4cb9-97c4-82653c83a3cd,49,Page has elements with aria-labelledby,true,2,"{""description"":""Elements with labelledby"",""informational"":true}",Sun Feb 01 2026 21:01:59 GMT+0100 (Midden-Europese standaardtijd)
d5cf6f7b-0c18-4256-99bd-0a1738b9048e,473b2d09-589b-4cb9-97c4-82653c83a3cd,52,Page has SVG-images,true,20,"{""description"":""Page contains SVG"",""informational"":true}",Sun Feb 01 2026 21:01:59 GMT+0100 (Midden-Europese standaardtijd)
0c4d52ab-b1bc-4cf1-bb5a-7f159e8ff050,473b2d09-589b-4cb9-97c4-82653c83a3cd,53,Page has elements with role=menu,false,0,"{""description"":""Menu elements"",""informational"":true}",Sun Feb 01 2026 21:01:59 GMT+0100 (Midden-Europese standaardtijd)
f630c418-9c2d-4659-95ce-7309ae806629,473b2d09-589b-4cb9-97c4-82653c83a3cd,54,Page has fieldset without legend,false,0,"{""description"":""Fieldsets missing legends"",""informational"":true}",Sun Feb 01 2026 21:01:59 GMT+0100 (Midden-Europese standaardtijd)
d7a4f2a2-d33d-4cc7-a708-b62cabbe4b7a,473b2d09-589b-4cb9-97c4-82653c83a3cd,55,Page has dialog or modal window,false,0,"{""description"":""Dialog elements"",""informational"":true}",Sun Feb 01 2026 21:01:59 GMT+0100 (Midden-Europese standaardtijd)
5728e81c-7ab0-4e0b-9e12-7012d541741f,473b2d09-589b-4cb9-97c4-82653c83a3cd,56,Page has interactive image,false,0,"{""description"":""Interactive images"",""informational"":true}",Sun Feb 01 2026 21:01:59 GMT+0100 (Midden-Europese standaardtijd)
e2cbd70f-6ba6-4c22-b7c2-62a58a2669b1,473b2d09-589b-4cb9-97c4-82653c83a3cd,10,Page has aria-hidden element,true,7,"{""description"":""Hidden elements"",""informational"":true}",Sun Feb 01 2026 21:01:59 GMT+0100 (Midden-Europese standaardtijd)
45e4337f-38a7-42f8-9c88-2ba9a57eb062,473b2d09-589b-4cb9-97c4-82653c83a3cd,58,Page has input fields with autocomplete,false,0,"{""description"":""Autocomplete fields"",""informational"":true}",Sun Feb 01 2026 21:01:59 GMT+0100 (Midden-Europese standaardtijd)
e6de8224-3d46-4287-a1de-3ee7b9aa333c,473b2d09-589b-4cb9-97c4-82653c83a3cd,59,Page has aria-invalid element,false,0,"{""description"":""Invalid elements"",""informational"":true}",Sun Feb 01 2026 21:01:59 GMT+0100 (Midden-Europese standaardtijd)
aff619a2-477d-4d33-889d-077e7dd9cc64,473b2d09-589b-4cb9-97c4-82653c83a3cd,60,Page has aria-required element,false,0,"{""description"":""Required elements"",""informational"":true}",Sun Feb 01 2026 21:01:59 GMT+0100 (Midden-Europese standaardtijd)
7223d537-6c3d-478f-9aef-b4d3ad9f67e2,473b2d09-589b-4cb9-97c4-82653c83a3cd,61,Page has accesskey,false,0,"{""description"":""Accesskey attributes"",""informational"":true}",Sun Feb 01 2026 21:01:59 GMT+0100 (Midden-Europese standaardtijd)
632d711b-d12e-4c21-a00e-1134a3020d56,473b2d09-589b-4cb9-97c4-82653c83a3cd,62,Page has aria-live element,false,0,"{""description"":""Live regions"",""informational"":true}",Sun Feb 01 2026 21:01:59 GMT+0100 (Midden-Europese standaardtijd)
74d33a5a-47f3-4a46-818f-7ca598060696,473b2d09-589b-4cb9-97c4-82653c83a3cd,65,Page has strong or bold,false,0,"{""description"":""Bold text"",""informational"":true}",Sun Feb 01 2026 21:01:59 GMT+0100 (Midden-Europese standaardtijd)
0ca4a31b-9d24-4cdd-ba02-d0ac4405588c,473b2d09-589b-4cb9-97c4-82653c83a3cd,66,Page has em or italic,false,0,"{""description"":""Italic text"",""informational"":true}",Sun Feb 01 2026 21:01:59 GMT+0100 (Midden-Europese standaardtijd)
7eb3b7be-526f-4e06-a6f8-83c4d9a18788,473b2d09-589b-4cb9-97c4-82653c83a3cd,67,Page has preformatted text,false,0,"{""description"":""Preformatted content"",""informational"":true}",Sun Feb 01 2026 21:01:59 GMT+0100 (Midden-Europese standaardtijd)
49860495-f287-4c79-a8de-53c051712880,473b2d09-589b-4cb9-97c4-82653c83a3cd,68,Page has code block,false,0,"{""description"":""Code blocks"",""informational"":true}",Sun Feb 01 2026 21:01:59 GMT+0100 (Midden-Europese standaardtijd)
87afdeb1-fed1-4db0-84a0-2acb36b88aec,473b2d09-589b-4cb9-97c4-82653c83a3cd,69,Page has blockquote,false,0,"{""description"":""Quote blocks"",""informational"":true}",Sun Feb 01 2026 21:01:59 GMT+0100 (Midden-Europese standaardtijd)
4d07d5b4-3421-42f1-9410-41466997c8aa,473b2d09-589b-4cb9-97c4-82653c83a3cd,70,Page has abbreviation,false,0,"{""description"":""Abbreviations"",""informational"":true}",Sun Feb 01 2026 21:01:59 GMT+0100 (Midden-Europese standaardtijd)
7fb73372-d9ba-4cd0-84f7-ee9bd402b1a9,473b2d09-589b-4cb9-97c4-82653c83a3cd,71,Page has citation,false,0,"{""description"":""Citations"",""informational"":true}",Sun Feb 01 2026 21:01:59 GMT+0100 (Midden-Europese standaardtijd)
1c4ae1b4-51f4-4fb2-97b4-08b5e0e73825,473b2d09-589b-4cb9-97c4-82653c83a3cd,72,Page has marked text,false,0,"{""description"":""Highlighted text"",""informational"":true}",Sun Feb 01 2026 21:01:59 GMT+0100 (Midden-Europese standaardtijd)
91d5b256-81f5-4685-afc8-789ac3f86ec4,473b2d09-589b-4cb9-97c4-82653c83a3cd,73,Page has subscript,false,0,"{""description"":""Subscript text"",""informational"":true}",Sun Feb 01 2026 21:01:59 GMT+0100 (Midden-Europese standaardtijd)
5e40b8af-d50d-4e76-a8c7-d1786cd544b8,473b2d09-589b-4cb9-97c4-82653c83a3cd,74,Page has superscript,false,0,"{""description"":""Superscript text"",""informational"":true}",Sun Feb 01 2026 21:01:59 GMT+0100 (Midden-Europese standaardtijd)
674ecce7-12d6-44e9-8723-c8ed6f1dcd1f,473b2d09-589b-4cb9-97c4-82653c83a3cd,75,Page has time,false,0,"{""description"":""Time elements"",""informational"":true}",Sun Feb 01 2026 21:01:59 GMT+0100 (Midden-Europese standaardtijd)
3684cb55-e8a5-49e0-888b-49826cb39635,473b2d09-589b-4cb9-97c4-82653c83a3cd,76,Page has data,false,0,"{""description"":""Data elements"",""informational"":true}",Sun Feb 01 2026 21:01:59 GMT+0100 (Midden-Europese standaardtijd)
941dcc67-a64e-4f9d-9ff4-16b797bd54d3,473b2d09-589b-4cb9-97c4-82653c83a3cd,77,Page has details,false,0,"{""description"":""Details elements"",""informational"":true}",Sun Feb 01 2026 21:01:59 GMT+0100 (Midden-Europese standaardtijd)
672465d3-d8c0-4996-ac8d-29db3271e388,473b2d09-589b-4cb9-97c4-82653c83a3cd,78,Page has summary,false,0,"{""description"":""Summary elements"",""informational"":true}",Sun Feb 01 2026 21:01:59 GMT+0100 (Midden-Europese standaardtijd)
6fad7431-7bb3-4228-9eb0-e81e3b9c7d7e,473b2d09-589b-4cb9-97c4-82653c83a3cd,81,Page has nav,true,6,"{""description"":""Navigation elements"",""informational"":true}",Sun Feb 01 2026 21:01:59 GMT+0100 (Midden-Europese standaardtijd)
89fbcdb8-cd42-44a8-8f84-557370701f88,473b2d09-589b-4cb9-97c4-82653c83a3cd,82,Page has aside,false,0,"{""description"":""Aside elements"",""informational"":true}",Sun Feb 01 2026 21:01:59 GMT+0100 (Midden-Europese standaardtijd)
765ef391-e7a2-4a8f-93fb-99c7808e5352,473b2d09-589b-4cb9-97c4-82653c83a3cd,83,Page has header,true,2,"{""description"":""Header elements"",""informational"":true}",Sun Feb 01 2026 21:01:59 GMT+0100 (Midden-Europese standaardtijd)
82426199-c77a-412c-a512-8f7b029bbb9a,473b2d09-589b-4cb9-97c4-82653c83a3cd,84,Page has footer,true,1,"{""description"":""Footer elements"",""informational"":true}",Sun Feb 01 2026 21:01:59 GMT+0100 (Midden-Europese standaardtijd)
aa339294-eb38-43bc-9290-aeb9d044d079,473b2d09-589b-4cb9-97c4-82653c83a3cd,85,Page has main,true,1,"{""description"":""Main content"",""informational"":true}",Sun Feb 01 2026 21:01:59 GMT+0100 (Midden-Europese standaardtijd)
d8ea0df7-804c-47be-aa24-5d605ef93ee1,473b2d09-589b-4cb9-97c4-82653c83a3cd,86,Page has figure,false,0,"{""description"":""Figure elements"",""informational"":true}",Sun Feb 01 2026 21:01:59 GMT+0100 (Midden-Europese standaardtijd)
f39a318e-0968-4af4-bea2-a6daad59e6d8,473b2d09-589b-4cb9-97c4-82653c83a3cd,87,Page has figcaption,false,0,"{""description"":""Figure captions"",""informational"":true}",Sun Feb 01 2026 21:01:59 GMT+0100 (Midden-Europese standaardtijd)
b41a4b3f-f029-40c7-86fb-5b708c63d0c5,473b2d09-589b-4cb9-97c4-82653c83a3cd,88,Page has address,false,0,"{""description"":""Address elements"",""informational"":true}",Sun Feb 01 2026 21:01:59 GMT+0100 (Midden-Europese standaardtijd)
694bdc9f-c87d-472b-b84e-d4e27612e02d,473b2d09-589b-4cb9-97c4-82653c83a3cd,89,Page has progress,false,0,"{""description"":""Progress bars"",""informational"":true}",Sun Feb 01 2026 21:01:59 GMT+0100 (Midden-Europese standaardtijd)
6ed5fcc3-3ede-45f7-9174-5a1ecef234d6,473b2d09-589b-4cb9-97c4-82653c83a3cd,90,Page has meter,false,0,"{""description"":""Meter elements"",""informational"":true}",Sun Feb 01 2026 21:01:59 GMT+0100 (Midden-Europese standaardtijd)
c6aa4347-8029-492f-b085-4b3787b7928f,473b2d09-589b-4cb9-97c4-82653c83a3cd,91,Page has output,false,0,"{""description"":""Output elements"",""informational"":true}",Sun Feb 01 2026 21:01:59 GMT+0100 (Midden-Europese standaardtijd)
0adb4c8e-51f5-4486-84e6-bfb090dbebbb,473b2d09-589b-4cb9-97c4-82653c83a3cd,92,Page has canvas,false,0,"{""description"":""Canvas elements"",""informational"":true}",Sun Feb 01 2026 21:01:59 GMT+0100 (Midden-Europese standaardtijd)
a8769ce0-dfd8-4c10-90cd-77688c2fa99d,473b2d09-589b-4cb9-97c4-82653c83a3cd,93,Page has object,false,0,"{""description"":""Object embeds"",""informational"":true}",Sun Feb 01 2026 21:01:59 GMT+0100 (Midden-Europese standaardtijd)
ed273a29-a7ec-4975-9138-da73bb9749e2,473b2d09-589b-4cb9-97c4-82653c83a3cd,94,Page has embed,false,0,"{""description"":""Embed elements"",""informational"":true}",Sun Feb 01 2026 21:01:59 GMT+0100 (Midden-Europese standaardtijd)
98222cff-6ffa-4825-8d3c-0dd5624cba1b,473b2d09-589b-4cb9-97c4-82653c83a3cd,95,Page has param,false,0,"{""description"":""Param elements"",""informational"":true}",Sun Feb 01 2026 21:01:59 GMT+0100 (Midden-Europese standaardtijd)
c598e8cd-45d0-4978-8052-5d226c969134,473b2d09-589b-4cb9-97c4-82653c83a3cd,96,Page has source,false,0,"{""description"":""Source elements"",""informational"":true}",Sun Feb 01 2026 21:01:59 GMT+0100 (Midden-Europese standaardtijd)
34acb62d-cc0f-434b-83c3-2d67ab63612c,473b2d09-589b-4cb9-97c4-82653c83a3cd,97,Page has track,false,0,"{""description"":""Track elements (captions)"",""informational"":true}",Sun Feb 01 2026 21:01:59 GMT+0100 (Midden-Europese standaardtijd)
65522390-4e04-436b-97d2-96d154309bfc,473b2d09-589b-4cb9-97c4-82653c83a3cd,98,Page has map,false,0,"{""description"":""Image maps"",""informational"":true}",Sun Feb 01 2026 21:01:59 GMT+0100 (Midden-Europese standaardtijd)
f8086171-408d-4401-93d7-dadcd0dd9734,473b2d09-589b-4cb9-97c4-82653c83a3cd,99,Page has area,false,0,"{""description"":""Map areas"",""informational"":true}",Sun Feb 01 2026 21:01:59 GMT+0100 (Midden-Europese standaardtijd)
15fe2edd-0497-4a62-b017-191dafc85e52,473b2d09-589b-4cb9-97c4-82653c83a3cd,100,Page has select,false,0,"{""description"":""Select dropdowns"",""informational"":true}",Sun Feb 01 2026 21:01:59 GMT+0100 (Midden-Europese standaardtijd)
1cf74d58-72fa-45d5-947a-3a78d7aa7673,473b2d09-589b-4cb9-97c4-82653c83a3cd,101,Page has optgroup,false,0,"{""description"":""Option groups"",""informational"":true}",Sun Feb 01 2026 21:01:59 GMT+0100 (Midden-Europese standaardtijd)
664b43b6-fe75-4d81-bd54-e3928968ba62,473b2d09-589b-4cb9-97c4-82653c83a3cd,102,Page has option,false,0,"{""description"":""Select options"",""informational"":true}",Sun Feb 01 2026 21:01:59 GMT+0100 (Midden-Europese standaardtijd)
f5ac1b14-c815-4210-9483-4d1c3989f149,473b2d09-589b-4cb9-97c4-82653c83a3cd,103,Page has textarea,false,0,"{""description"":""Text areas"",""informational"":true}",Sun Feb 01 2026 21:01:59 GMT+0100 (Midden-Europese standaardtijd)
5856b764-d17d-4d03-9a5e-b584ac10e4d9,473b2d09-589b-4cb9-97c4-82653c83a3cd,104,Page has keygen,false,0,"{""description"":""Keygen elements"",""informational"":true}",Sun Feb 01 2026 21:01:59 GMT+0100 (Midden-Europese standaardtijd)
ab2527fc-fab5-41a6-9c8b-8a7db02e6b7c,473b2d09-589b-4cb9-97c4-82653c83a3cd,105,Page has datalist,false,0,"{""description"":""Data lists"",""informational"":true}",Sun Feb 01 2026 21:01:59 GMT+0100 (Midden-Europese standaardtijd)
3e210be8-9a34-494f-878e-df564d239abd,473b2d09-589b-4cb9-97c4-82653c83a3cd,106,"Page has input type=""checkbox""",false,0,"{""description"":""Checkboxes"",""informational"":true}",Sun Feb 01 2026 21:01:59 GMT+0100 (Midden-Europese standaardtijd)
9a942722-e75b-4f25-a924-18148bab3788,473b2d09-589b-4cb9-97c4-82653c83a3cd,107,"Page has input type=""radio""",false,0,"{""description"":""Radio buttons"",""informational"":true}",Sun Feb 01 2026 21:01:59 GMT+0100 (Midden-Europese standaardtijd)
889e6d9d-451a-421e-9896-dc17cf2f2f3c,473b2d09-589b-4cb9-97c4-82653c83a3cd,108,"Page has input type=""submit""",false,0,"{""description"":""Submit buttons"",""informational"":true}",Sun Feb 01 2026 21:01:59 GMT+0100 (Midden-Europese standaardtijd)
3559b36f-1cd3-42ea-b97e-a94117f64955,473b2d09-589b-4cb9-97c4-82653c83a3cd,109,"Page has input type=""reset""",false,0,"{""description"":""Reset buttons"",""informational"":true}",Sun Feb 01 2026 21:01:59 GMT+0100 (Midden-Europese standaardtijd)
e8f09e63-9bae-4642-bf4d-5b1850215a42,473b2d09-589b-4cb9-97c4-82653c83a3cd,110,"Page has input type=""button""",false,0,"{""description"":""Button inputs"",""informational"":true}",Sun Feb 01 2026 21:01:59 GMT+0100 (Midden-Europese standaardtijd)
0ee1b275-a8bd-4a49-b790-7d776776f66b,473b2d09-589b-4cb9-97c4-82653c83a3cd,111,"Page has input type=""file""",false,0,"{""description"":""File inputs"",""informational"":true}",Sun Feb 01 2026 21:01:59 GMT+0100 (Midden-Europese standaardtijd)
418852b0-42f5-4e80-baa5-d48daed746e7,473b2d09-589b-4cb9-97c4-82653c83a3cd,112,"Page has input type=""hidden""",false,0,"{""description"":""Hidden inputs"",""informational"":true}",Sun Feb 01 2026 21:01:59 GMT+0100 (Midden-Europese standaardtijd)
047cdd8f-9b95-4585-86ab-0ba3338ff170,473b2d09-589b-4cb9-97c4-82653c83a3cd,113,"Page has input type=""image""",false,0,"{""description"":""Image buttons"",""informational"":true}",Sun Feb 01 2026 21:01:59 GMT+0100 (Midden-Europese standaardtijd)
f9902549-955e-4e7f-842d-d0dae3858ffc,473b2d09-589b-4cb9-97c4-82653c83a3cd,114,"Page has input type=""date""",false,0,"{""description"":""Date pickers"",""informational"":true}",Sun Feb 01 2026 21:01:59 GMT+0100 (Midden-Europese standaardtijd)
586d529d-da42-4a60-8931-cdc832c0f5bc,473b2d09-589b-4cb9-97c4-82653c83a3cd,115,"Page has input type=""time""",false,0,"{""description"":""Time pickers"",""informational"":true}",Sun Feb 01 2026 21:01:59 GMT+0100 (Midden-Europese standaardtijd)
abb62328-0986-4614-97ae-e04332da83ec,473b2d09-589b-4cb9-97c4-82653c83a3cd,116,"Page has input type=""datetime-local""",false,0,"{""description"":""Datetime pickers"",""informational"":true}",Sun Feb 01 2026 21:01:59 GMT+0100 (Midden-Europese standaardtijd)
83aced9e-082d-448f-883a-95b49d511378,473b2d09-589b-4cb9-97c4-82653c83a3cd,117,"Page has input type=""month""",false,0,"{""description"":""Month pickers"",""informational"":true}",Sun Feb 01 2026 21:01:59 GMT+0100 (Midden-Europese standaardtijd)
c9cbb61a-d8bc-4b83-b97e-e30727fdc82e,473b2d09-589b-4cb9-97c4-82653c83a3cd,118,"Page has input type=""week""",false,0,"{""description"":""Week pickers"",""informational"":true}",Sun Feb 01 2026 21:01:59 GMT+0100 (Midden-Europese standaardtijd)
46df7253-08db-4352-9711-7d11c7545f36,473b2d09-589b-4cb9-97c4-82653c83a3cd,119,"Page has input type=""color""",false,0,"{""description"":""Color pickers"",""informational"":true}",Sun Feb 01 2026 21:01:59 GMT+0100 (Midden-Europese standaardtijd)
add41d0e-e257-4636-9d9c-6d8d9310771b,473b2d09-589b-4cb9-97c4-82653c83a3cd,120,"Page has input type=""range""",false,0,"{""description"":""Range sliders"",""informational"":true}",Sun Feb 01 2026 21:01:59 GMT+0100 (Midden-Europese standaardtijd)
8599713b-f1b7-4e06-a604-cdff2027ecae,473b2d09-589b-4cb9-97c4-82653c83a3cd,121,"Page has input type=""search""",true,2,"{""description"":""Search inputs"",""informational"":true}",Sun Feb 01 2026 21:01:59 GMT+0100 (Midden-Europese standaardtijd)
03d01092-ef45-4a42-9613-1ccfeaf55b78,473b2d09-589b-4cb9-97c4-82653c83a3cd,122,"Page has input type=""tel""",false,0,"{""description"":""Telephone inputs"",""informational"":true}",Sun Feb 01 2026 21:01:59 GMT+0100 (Midden-Europese standaardtijd)
5884c81f-4e2f-48b4-b021-47f607186b94,473b2d09-589b-4cb9-97c4-82653c83a3cd,123,"Page has input type=""url""",false,0,"{""description"":""URL inputs"",""informational"":true}",Sun Feb 01 2026 21:01:59 GMT+0100 (Midden-Europese standaardtijd)
78f1e6de-a2b7-4155-9aed-02a2f3cc1373,473b2d09-589b-4cb9-97c4-82653c83a3cd,124,"Page has input type=""email""",false,0,"{""description"":""Email inputs"",""informational"":true}",Sun Feb 01 2026 21:01:59 GMT+0100 (Midden-Europese standaardtijd)
ba28c193-5384-404c-a84a-77c3ce0b5e15,473b2d09-589b-4cb9-97c4-82653c83a3cd,125,"Page has input type=""number""",false,0,"{""description"":""Number inputs"",""informational"":true}",Sun Feb 01 2026 21:01:59 GMT+0100 (Midden-Europese standaardtijd)
b6e5e357-2e9b-40b3-8ef1-76eb4d9b8c4a,473b2d09-589b-4cb9-97c4-82653c83a3cd,126,"Page has input type=""password""",false,0,"{""description"":""Password fields"",""informational"":true}",Sun Feb 01 2026 21:01:59 GMT+0100 (Midden-Europese standaardtijd)
d2176ebf-220f-4e08-b675-541ace32d056,473b2d09-589b-4cb9-97c4-82653c83a3cd,127,"Page has input type=""text""",false,0,"{""description"":""Text inputs"",""informational"":true}",Sun Feb 01 2026 21:01:59 GMT+0100 (Midden-Europese standaardtijd)
4912b4b5-b80c-48c6-bc56-596acf34e27c,473b2d09-589b-4cb9-97c4-82653c83a3cd,128,Page has label,true,2,"{""description"":""Label elements"",""informational"":true}",Sun Feb 01 2026 21:01:59 GMT+0100 (Midden-Europese standaardtijd)
be1ccfec-5bf8-40c6-b6db-e830869ce8af,473b2d09-589b-4cb9-97c4-82653c83a3cd,129,Page has legend,false,0,"{""description"":""Legend elements"",""informational"":true}",Sun Feb 01 2026 21:01:59 GMT+0100 (Midden-Europese standaardtijd)
7ebf683a-4ac4-4d4e-b441-55da84f019fb,473b2d09-589b-4cb9-97c4-82653c83a3cd,130,Page has fieldset,false,0,"{""description"":""Fieldset elements"",""informational"":true}",Sun Feb 01 2026 21:01:59 GMT+0100 (Midden-Europese standaardtijd)
90c90732-401e-4cfe-8c2a-0329a1d9f00b,aa66aa2c-d480-48a4-8930-de46baecd3ef,48,LangAttributeMissingTest,false,0,"{""langValue"":""nl"",""wcagLevel"":""A"",""critical"":true}",Sun Feb 01 2026 21:03:13 GMT+0100 (Midden-Europese standaardtijd)
bdc6142d-5fa3-48d8-b86d-d869a068015c,aa66aa2c-d480-48a4-8930-de46baecd3ef,50,TitleMissingTest,false,0,"{""wcagLevel"":""A"",""critical"":true}",Sun Feb 01 2026 21:03:13 GMT+0100 (Midden-Europese standaardtijd)
0b50c028-0d13-4f9d-b9fe-8d3e264ce33a,aa66aa2c-d480-48a4-8930-de46baecd3ef,51,TitleEmptyTest,false,0,"{""titleText"":""Home | DigiD"",""wcagLevel"":""A"",""critical"":true}",Sun Feb 01 2026 21:03:13 GMT+0100 (Midden-Europese standaardtijd)
6b16a3ef-b648-4a5a-8e50-86dd7736b02e,aa66aa2c-d480-48a4-8930-de46baecd3ef,64,ImgMissingAltTest,false,0,"{""images"":[],""totalCount"":0,""wcagLevel"":""A"",""critical"":true}",Sun Feb 01 2026 21:03:13 GMT+0100 (Midden-Europese standaardtijd)
c9a96f9a-4893-4e45-937f-58615c67cd96,aa66aa2c-d480-48a4-8930-de46baecd3ef,30,FormMissingLabelsTest,false,0,"{""forms"":[],""wcagLevel"":""A"",""critical"":true}",Sun Feb 01 2026 21:03:13 GMT+0100 (Midden-Europese standaardtijd)
95f06ea7-1436-4ca5-9278-d5b57d144076,aa66aa2c-d480-48a4-8930-de46baecd3ef,57,HeadingsAtLeastOneH1Test,false,0,"{""h1Count"":2,""h1Texts"":[""Laat zien wie je bent"",""""],""wcagLevel"":""A"",""critical"":true}",Sun Feb 01 2026 21:03:13 GMT+0100 (Midden-Europese standaardtijd)
c5709bae-34e6-48f8-a0a0-154ff3080e4d,aa66aa2c-d480-48a4-8930-de46baecd3ef,7,IframeMissingAccessibleNameTest,false,0,"{""iframes"":[],""totalCount"":0,""wcagLevel"":""A"",""critical"":true}",Sun Feb 01 2026 21:03:13 GMT+0100 (Midden-Europese standaardtijd)
b9cc0cdd-09d7-4afa-8990-a65be1b36caf,aa66aa2c-d480-48a4-8930-de46baecd3ef,25,TableTest,false,0,"{""tables"":[],""totalCount"":0,""informational"":true}",Sun Feb 01 2026 21:03:13 GMT+0100 (Midden-Europese standaardtijd)
397a185c-4e04-4816-8a54-79ebfed38bc7,aa66aa2c-d480-48a4-8930-de46baecd3ef,29,FormTest,true,2,"{""forms"":[{""index"":1,""action"":""#"",""method"":""GET"",""inputCount"":1},{""index"":2,""action"":""#"",""method"":""GET"",""inputCount"":1}],""totalCount"":2,""informational"":true}",Sun Feb 01 2026 21:03:13 GMT+0100 (Midden-Europese standaardtijd)
6ba5dde6-4c25-4935-a572-0c5cd103032d,aa66aa2c-d480-48a4-8930-de46baecd3ef,63,ImgTest,true,19,"{""totalImages"":19,""withAlt"":19,""withoutAlt"":0,""withEmptyAlt"":16,""informational"":true}",Sun Feb 01 2026 21:03:13 GMT+0100 (Midden-Europese standaardtijd)
d8afd8f9-5ab3-476b-8381-874347f4497c,aa66aa2c-d480-48a4-8930-de46baecd3ef,1,IframeIsVimeoVideoWithKeysDisabledTest,false,0,"{""iframes"":[],""totalCount"":0}",Sun Feb 01 2026 21:03:13 GMT+0100 (Midden-Europese standaardtijd)
d2b7b830-6656-4a7d-b163-a35f078c625b,aa66aa2c-d480-48a4-8930-de46baecd3ef,2,ImgAltTooLongTest,false,0,"{""images"":[],""totalCount"":0}",Sun Feb 01 2026 21:03:13 GMT+0100 (Midden-Europese standaardtijd)
e49255cb-73f2-4cb6-932d-bc677d69bffc,aa66aa2c-d480-48a4-8930-de46baecd3ef,3,ViewportMetaRestrictsScalingTest,false,0,"{""content"":""width=device-width, initial-scale=1"",""restrictsScaling"":false}",Sun Feb 01 2026 21:03:13 GMT+0100 (Midden-Europese standaardtijd)
57670d55-cbe5-43f1-9537-59003620a702,aa66aa2c-d480-48a4-8930-de46baecd3ef,4,ImageLinkMissingAccessibleNameTest,true,1,"{""links"":[{""href"":""/nl"",""imageCount"":1}],""totalCount"":1}",Sun Feb 01 2026 21:03:13 GMT+0100 (Midden-Europese standaardtijd)
e7822be7-4ba0-4dad-8e35-654ae880b6b8,aa66aa2c-d480-48a4-8930-de46baecd3ef,5,PageContainsLinkReadMoreTest,false,0,"{""links"":[],""totalCount"":0}",Sun Feb 01 2026 21:03:13 GMT+0100 (Midden-Europese standaardtijd)
0b176a4a-e374-4292-898b-ec69390f13c7,aa66aa2c-d480-48a4-8930-de46baecd3ef,6,PageContainsMultipleSameLinksTest,true,15,"{""duplicateLinks"":[{""text"":""Mijn DigiD"",""occurrences"":2},{""text"":""Ik krijg een foutmelding in de DigiD app"",""occurrences"":3},{""text"":""Hoe activeer ik de DigiD app?"",""occurrences"":3},{""text"":""Hoe log ik in met de DigiD app?"",""occurrences"":2},{""text"":""Waarom lukt het activeren van mijn rijbewijs/ID-kaart niet?"",""occurrences"":3},{""text"":""Code invullen"",""occurrences"":2}],""totalCount"":15}",Sun Feb 01 2026 21:03:13 GMT+0100 (Midden-Europese standaardtijd)
9fa20912-31cb-40d3-bd73-5662ad14e41a,aa66aa2c-d480-48a4-8930-de46baecd3ef,8,IframeIsYouTubeVideoWithKeysEnabledTest,false,0,"{""iframes"":[],""totalCount"":0}",Sun Feb 01 2026 21:03:13 GMT+0100 (Midden-Europese standaardtijd)
3bf42909-272d-4b24-a9b8-006f3f0ac126,aa66aa2c-d480-48a4-8930-de46baecd3ef,9,TableWithHeadingsTest,false,0,"{""tables"":[],""totalCount"":0}",Sun Feb 01 2026 21:03:13 GMT+0100 (Midden-Europese standaardtijd)
1d017322-5776-44a7-8913-435c469f560e,aa66aa2c-d480-48a4-8930-de46baecd3ef,11,IframeIsGoogleMapTest,false,0,"{""iframes"":[],""totalCount"":0}",Sun Feb 01 2026 21:03:13 GMT+0100 (Midden-Europese standaardtijd)
9f2a128d-00c9-4706-853d-9b6ff241a5b8,aa66aa2c-d480-48a4-8930-de46baecd3ef,12,IframeIsScribitVideoTest,false,0,"{""iframes"":[],""totalCount"":0}",Sun Feb 01 2026 21:03:13 GMT+0100 (Midden-Europese standaardtijd)
be1eea57-2798-4f1b-a190-3a52696acafc,aa66aa2c-d480-48a4-8930-de46baecd3ef,13,IframeIsVimeoVideoWithKeysEnabledTest,false,0,"{""iframes"":[],""totalCount"":0}",Sun Feb 01 2026 21:03:13 GMT+0100 (Midden-Europese standaardtijd)
3fd5b1f4-2cb1-4633-9299-a481de25dc5c,aa66aa2c-d480-48a4-8930-de46baecd3ef,14,IframeIsVimeoVideoTest,false,0,"{""iframes"":[],""totalCount"":0}",Sun Feb 01 2026 21:03:13 GMT+0100 (Midden-Europese standaardtijd)
73dfb7b4-c4e5-4c0f-a5bb-fac92fbe7399,aa66aa2c-d480-48a4-8930-de46baecd3ef,15,IframeTest,false,0,"{""iframes"":[],""totalCount"":0,""informational"":true}",Sun Feb 01 2026 21:03:13 GMT+0100 (Midden-Europese standaardtijd)
6a72aca4-d8c8-44c8-9b62-93372de0bcd6,aa66aa2c-d480-48a4-8930-de46baecd3ef,16,AudioHasAutoplayTest,false,0,"{""audios"":[],""totalCount"":0}",Sun Feb 01 2026 21:03:13 GMT+0100 (Midden-Europese standaardtijd)
11291d92-d52c-4a4c-a7d7-8a7259f161e9,aa66aa2c-d480-48a4-8930-de46baecd3ef,17,AudioControlsTest,false,0,"{""audios"":[],""totalCount"":0,""informational"":true}",Sun Feb 01 2026 21:03:13 GMT+0100 (Midden-Europese standaardtijd)
6637f14c-a02e-424e-8535-24bc9f3385ca,aa66aa2c-d480-48a4-8930-de46baecd3ef,18,AudioTest,false,0,"{""audios"":[],""totalCount"":0,""informational"":true}",Sun Feb 01 2026 21:03:13 GMT+0100 (Midden-Europese standaardtijd)
328660f7-76d6-49e3-b611-e015b8609392,aa66aa2c-d480-48a4-8930-de46baecd3ef,19,VideoHasAutoplayTest,false,0,"{""videos"":[],""totalCount"":0}",Sun Feb 01 2026 21:03:13 GMT+0100 (Midden-Europese standaardtijd)
c5f56eb1-9018-4abd-bbfb-5fbe0818e95c,aa66aa2c-d480-48a4-8930-de46baecd3ef,20,VideoMissingTitleAriaTest,false,0,"{""videos"":[],""totalCount"":0}",Sun Feb 01 2026 21:03:13 GMT+0100 (Midden-Europese standaardtijd)
ec15792e-7b07-475f-8ed1-7ea1ea8943b3,aa66aa2c-d480-48a4-8930-de46baecd3ef,21,VideoControlsTest,false,0,"{""videos"":[],""totalCount"":0,""informational"":true}",Sun Feb 01 2026 21:03:13 GMT+0100 (Midden-Europese standaardtijd)
0345b113-f9ba-4978-a4a4-f3ce458d09d3,aa66aa2c-d480-48a4-8930-de46baecd3ef,22,VideoTest,false,0,"{""videos"":[],""totalCount"":0,""informational"":true}",Sun Feb 01 2026 21:03:13 GMT+0100 (Midden-Europese standaardtijd)
0b32f8aa-5082-404b-84d8-da71c8b6ca80,aa66aa2c-d480-48a4-8930-de46baecd3ef,23,LinkWithoutTextTest,false,0,"{""links"":[],""totalCount"":0,""wcagLevel"":""A"",""critical"":true}",Sun Feb 01 2026 21:03:13 GMT+0100 (Midden-Europese standaardtijd)
6bd93941-df25-4b15-a3c5-295b9bb71dca,aa66aa2c-d480-48a4-8930-de46baecd3ef,24,EmptyLinkTest,false,0,"{""links"":[],""totalCount"":0,""wcagLevel"":""A"",""critical"":true}",Sun Feb 01 2026 21:03:13 GMT+0100 (Midden-Europese standaardtijd)
f8ce2338-96f8-492e-8bb5-7e52917e5a64,aa66aa2c-d480-48a4-8930-de46baecd3ef,26,TableWithoutHeadersTest,false,0,"{""tables"":[],""totalCount"":0,""wcagLevel"":""A"",""critical"":true}",Sun Feb 01 2026 21:03:13 GMT+0100 (Midden-Europese standaardtijd)
8be334a9-17f1-4ea3-a8da-4fde6dc20728,aa66aa2c-d480-48a4-8930-de46baecd3ef,27,ListTest,true,10,"{""lists"":[{""type"":""ul"",""itemCount"":0,""index"":1},{""type"":""ul"",""itemCount"":1,""index"":2},{""type"":""ul"",""itemCount"":2,""index"":3},{""type"":""ul"",""itemCount"":5,""index"":4},{""type"":""ul"",""itemCount"":2,""index"":5},{""type"":""ul"",""itemCount"":4,""index"":6},{""type"":""ul"",""itemCount"":4,""index"":7},{""type"":""ul"",""itemCount"":3,""index"":8},{""type"":""ul"",""itemCount"":2,""index"":9},{""type"":""ul"",""itemCount"":6,""index"":10}],""totalCount"":10,""informational"":true}",Sun Feb 01 2026 21:03:13 GMT+0100 (Midden-Europese standaardtijd)
b00a09ab-6e62-458b-90d8-febbe65ab16a,aa66aa2c-d480-48a4-8930-de46baecd3ef,28,DefinitionListTest,false,0,"{""lists"":[],""totalCount"":0,""informational"":true}",Sun Feb 01 2026 21:03:13 GMT+0100 (Midden-Europese standaardtijd)
1b3a1465-fe0b-4cfd-9b3b-14d69889b2ba,aa66aa2c-d480-48a4-8930-de46baecd3ef,31,FormMissingFieldsetTest,false,0,"{""forms"":[],""totalCount"":0,""wcagLevel"":""A""}",Sun Feb 01 2026 21:03:13 GMT+0100 (Midden-Europese standaardtijd)
a81989dd-1402-4bed-ba7f-e6b60a9731fa,aa66aa2c-d480-48a4-8930-de46baecd3ef,32,InputMissingLabelTest,false,0,"{""inputs"":[],""totalCount"":0,""wcagLevel"":""A"",""critical"":true}",Sun Feb 01 2026 21:03:13 GMT+0100 (Midden-Europese standaardtijd)
bcf6400f-a5ad-47ae-ae66-77d7b9c8da70,aa66aa2c-d480-48a4-8930-de46baecd3ef,33,ButtonEmptyTest,false,0,"{""buttons"":[],""totalCount"":0,""wcagLevel"":""A"",""critical"":true}",Sun Feb 01 2026 21:03:13 GMT+0100 (Midden-Europese standaardtijd)
51885591-5820-4e10-8931-7e0d84c93310,aa66aa2c-d480-48a4-8930-de46baecd3ef,34,HeadingEmptyTest,true,1,"{""headings"":[{""level"":""h1"",""html"":""""}],""totalCount"":1,""wcagLevel"":""A"",""critical"":true}",Sun Feb 01 2026 21:03:13 GMT+0100 (Midden-Europese standaardtijd)
31f2b6a4-3679-4a4c-b866-4ae5e0911475,aa66aa2c-d480-48a4-8930-de46baecd3ef,35,HeadingSkipLevelTest,false,0,"{""violations"":[],""totalCount"":0,""wcagLevel"":""AA""}",Sun Feb 01 2026 21:03:13 GMT+0100 (Midden-Europese standaardtijd)
09c86d8d-1ecc-4126-8a4c-2e1d57af356b,aa66aa2c-d480-48a4-8930-de46baecd3ef,36,SkipLinkTest,false,0,"{""skipLinks"":[],""informational"":true}",Sun Feb 01 2026 21:03:13 GMT+0100 (Midden-Europese standaardtijd)
40992fd2-4c4a-4f7b-888c-192c088f07ce,aa66aa2c-d480-48a4-8930-de46baecd3ef,37,AriaLandmarksTest,true,14,"{""landmarks"":[{""type"":""aria-role"",""role"":""navigation"",""tag"":""nav""},{""type"":""aria-role"",""role"":""navigation"",""tag"":""nav""},{""type"":""aria-role"",""role"":""navigation"",""tag"":""nav""},{""type"":""aria-role"",""role"":""navigation"",""tag"":""nav""},{""type"":""semantic"",""tag"":""header""},{""type"":""semantic"",""tag"":""nav""},{""type"":""semantic"",""tag"":""nav""},{""type"":""semantic"",""tag"":""nav""},{""type"":""semantic"",""tag"":""nav""},{""type"":""semantic"",""tag"":""main""}],""totalCount"":14,""informational"":true}",Sun Feb 01 2026 21:03:13 GMT+0100 (Midden-Europese standaardtijd)
b0492701-81b0-4ba6-82f8-9c06836f9210,aa66aa2c-d480-48a4-8930-de46baecd3ef,38,Element has tabindex,false,0,"{""description"":""Page has elements with tabindex"",""informational"":true}",Sun Feb 01 2026 21:03:13 GMT+0100 (Midden-Europese standaardtijd)
fa15d1a3-0754-43aa-8bb7-45eb6953d37a,aa66aa2c-d480-48a4-8930-de46baecd3ef,39,Page has list,true,10,"{""description"":""Page has lists"",""informational"":true}",Sun Feb 01 2026 21:03:13 GMT+0100 (Midden-Europese standaardtijd)
6569977f-6cc6-4675-a4e3-80ca29735689,aa66aa2c-d480-48a4-8930-de46baecd3ef,40,Page has elements with aria-label,true,2,"{""description"":""Elements with ARIA labels"",""informational"":true}",Sun Feb 01 2026 21:03:13 GMT+0100 (Midden-Europese standaardtijd)
3778cb60-bcd5-48b8-a97d-fbf5d0a535d1,aa66aa2c-d480-48a4-8930-de46baecd3ef,41,Page has elements with aria-expanded,true,1,"{""description"":""Expandable elements"",""informational"":true}",Sun Feb 01 2026 21:03:13 GMT+0100 (Midden-Europese standaardtijd)
06deb638-11ec-4899-83c5-6b2c61fef0d3,aa66aa2c-d480-48a4-8930-de46baecd3ef,42,Page has pictures,false,0,"{""description"":""Page contains picture elements"",""informational"":true}",Sun Feb 01 2026 21:03:13 GMT+0100 (Midden-Europese standaardtijd)
801e63a6-eb1a-4f9a-a9bd-fa594bde46d9,aa66aa2c-d480-48a4-8930-de46baecd3ef,43,Page has images,true,19,"{""description"":""Page contains images"",""informational"":true}",Sun Feb 01 2026 21:03:13 GMT+0100 (Midden-Europese standaardtijd)
47ac0c5c-4609-4f86-af97-05d823b76986,aa66aa2c-d480-48a4-8930-de46baecd3ef,44,Page has decorative images or text alternative is missing,true,16,"{""description"":""Decorative or missing alt"",""informational"":true}",Sun Feb 01 2026 21:03:13 GMT+0100 (Midden-Europese standaardtijd)
c26d37a6-7d14-4e8f-ad71-aa568e9f4d1f,aa66aa2c-d480-48a4-8930-de46baecd3ef,45,Page has elements with aria-describedby,false,0,"{""description"":""Elements with descriptions"",""informational"":true}",Sun Feb 01 2026 21:03:13 GMT+0100 (Midden-Europese standaardtijd)
23d312af-07f6-4ac9-b84c-9113d07f9041,aa66aa2c-d480-48a4-8930-de46baecd3ef,46,Page has a button with aria-label,false,0,"{""description"":""Buttons with ARIA labels"",""informational"":true}",Sun Feb 01 2026 21:03:13 GMT+0100 (Midden-Europese standaardtijd)
1efef6a6-a491-4b7d-8ec1-38f48e380b5d,aa66aa2c-d480-48a4-8930-de46baecd3ef,47,Form with required input fields is validated by browser,false,0,"{""description"":""Browser-validated forms"",""informational"":true}",Sun Feb 01 2026 21:03:13 GMT+0100 (Midden-Europese standaardtijd)
57c5f827-f56e-4422-9d3c-29bde4eebc83,aa66aa2c-d480-48a4-8930-de46baecd3ef,49,Page has elements with aria-labelledby,true,2,"{""description"":""Elements with labelledby"",""informational"":true}",Sun Feb 01 2026 21:03:13 GMT+0100 (Midden-Europese standaardtijd)
3c308ad4-1ecd-484c-b712-4037dd18b380,aa66aa2c-d480-48a4-8930-de46baecd3ef,52,Page has SVG-images,true,20,"{""description"":""Page contains SVG"",""informational"":true}",Sun Feb 01 2026 21:03:13 GMT+0100 (Midden-Europese standaardtijd)
b3c3d09d-db5c-45cb-ae6c-14c7ce3d6b09,aa66aa2c-d480-48a4-8930-de46baecd3ef,53,Page has elements with role=menu,false,0,"{""description"":""Menu elements"",""informational"":true}",Sun Feb 01 2026 21:03:13 GMT+0100 (Midden-Europese standaardtijd)
26bb5cc0-fbeb-4738-8916-605ce1eb5b89,aa66aa2c-d480-48a4-8930-de46baecd3ef,54,Page has fieldset without legend,false,0,"{""description"":""Fieldsets missing legends"",""informational"":true}",Sun Feb 01 2026 21:03:13 GMT+0100 (Midden-Europese standaardtijd)
6bd59f90-cd3c-4f38-961e-d34a03fe676b,aa66aa2c-d480-48a4-8930-de46baecd3ef,55,Page has dialog or modal window,false,0,"{""description"":""Dialog elements"",""informational"":true}",Sun Feb 01 2026 21:03:13 GMT+0100 (Midden-Europese standaardtijd)
209fd92e-26c8-4b84-985b-037578a0c099,aa66aa2c-d480-48a4-8930-de46baecd3ef,56,Page has interactive image,false,0,"{""description"":""Interactive images"",""informational"":true}",Sun Feb 01 2026 21:03:13 GMT+0100 (Midden-Europese standaardtijd)
2d1e7cfc-8496-4da4-9570-69083208b486,aa66aa2c-d480-48a4-8930-de46baecd3ef,10,Page has aria-hidden element,true,7,"{""description"":""Hidden elements"",""informational"":true}",Sun Feb 01 2026 21:03:13 GMT+0100 (Midden-Europese standaardtijd)
289dedd3-84c9-4664-af6f-366dcdab9b58,aa66aa2c-d480-48a4-8930-de46baecd3ef,58,Page has input fields with autocomplete,false,0,"{""description"":""Autocomplete fields"",""informational"":true}",Sun Feb 01 2026 21:03:13 GMT+0100 (Midden-Europese standaardtijd)
ccde74fe-4236-4b11-a2e5-e532f21b878e,aa66aa2c-d480-48a4-8930-de46baecd3ef,59,Page has aria-invalid element,false,0,"{""description"":""Invalid elements"",""informational"":true}",Sun Feb 01 2026 21:03:13 GMT+0100 (Midden-Europese standaardtijd)
9f6df57b-1ee2-4396-9972-7da9da8da3b9,aa66aa2c-d480-48a4-8930-de46baecd3ef,60,Page has aria-required element,false,0,"{""description"":""Required elements"",""informational"":true}",Sun Feb 01 2026 21:03:13 GMT+0100 (Midden-Europese standaardtijd)
e0b175fb-10cf-4725-823e-e92161a919fe,aa66aa2c-d480-48a4-8930-de46baecd3ef,61,Page has accesskey,false,0,"{""description"":""Accesskey attributes"",""informational"":true}",Sun Feb 01 2026 21:03:13 GMT+0100 (Midden-Europese standaardtijd)
8717389c-2397-4b4e-928e-fcd2807c130f,aa66aa2c-d480-48a4-8930-de46baecd3ef,62,Page has aria-live element,false,0,"{""description"":""Live regions"",""informational"":true}",Sun Feb 01 2026 21:03:13 GMT+0100 (Midden-Europese standaardtijd)
60e6d4ce-0def-4e0f-8e4b-74c0f8cbd9a8,aa66aa2c-d480-48a4-8930-de46baecd3ef,65,Page has strong or bold,false,0,"{""description"":""Bold text"",""informational"":true}",Sun Feb 01 2026 21:03:13 GMT+0100 (Midden-Europese standaardtijd)
8c802612-fa91-4703-a053-055f45861bac,aa66aa2c-d480-48a4-8930-de46baecd3ef,66,Page has em or italic,false,0,"{""description"":""Italic text"",""informational"":true}",Sun Feb 01 2026 21:03:13 GMT+0100 (Midden-Europese standaardtijd)
af1a5725-7c74-4d61-9d7e-8402e5093b2a,aa66aa2c-d480-48a4-8930-de46baecd3ef,67,Page has preformatted text,false,0,"{""description"":""Preformatted content"",""informational"":true}",Sun Feb 01 2026 21:03:13 GMT+0100 (Midden-Europese standaardtijd)
6b5e8685-c3ec-4276-80a2-73417b2487d7,aa66aa2c-d480-48a4-8930-de46baecd3ef,68,Page has code block,false,0,"{""description"":""Code blocks"",""informational"":true}",Sun Feb 01 2026 21:03:13 GMT+0100 (Midden-Europese standaardtijd)
81049160-4e54-4b62-bc5f-c819b38b9c90,aa66aa2c-d480-48a4-8930-de46baecd3ef,69,Page has blockquote,false,0,"{""description"":""Quote blocks"",""informational"":true}",Sun Feb 01 2026 21:03:13 GMT+0100 (Midden-Europese standaardtijd)
0d799219-0697-4ea2-9c47-cef347c8cffb,aa66aa2c-d480-48a4-8930-de46baecd3ef,70,Page has abbreviation,false,0,"{""description"":""Abbreviations"",""informational"":true}",Sun Feb 01 2026 21:03:13 GMT+0100 (Midden-Europese standaardtijd)
4feac890-e0ee-4f6d-b87e-6e9d23c7b857,aa66aa2c-d480-48a4-8930-de46baecd3ef,71,Page has citation,false,0,"{""description"":""Citations"",""informational"":true}",Sun Feb 01 2026 21:03:13 GMT+0100 (Midden-Europese standaardtijd)
ac3c4c4a-01ce-4d1b-a250-91c0028aee10,aa66aa2c-d480-48a4-8930-de46baecd3ef,72,Page has marked text,false,0,"{""description"":""Highlighted text"",""informational"":true}",Sun Feb 01 2026 21:03:13 GMT+0100 (Midden-Europese standaardtijd)
bcfac910-cf52-4c63-9dda-df548fecd6f9,aa66aa2c-d480-48a4-8930-de46baecd3ef,73,Page has subscript,false,0,"{""description"":""Subscript text"",""informational"":true}",Sun Feb 01 2026 21:03:13 GMT+0100 (Midden-Europese standaardtijd)
e82c0085-764d-482d-9c68-4d77a629f9b6,aa66aa2c-d480-48a4-8930-de46baecd3ef,74,Page has superscript,false,0,"{""description"":""Superscript text"",""informational"":true}",Sun Feb 01 2026 21:03:13 GMT+0100 (Midden-Europese standaardtijd)
23e44771-6669-4f69-9547-a40b94db4dbc,aa66aa2c-d480-48a4-8930-de46baecd3ef,75,Page has time,false,0,"{""description"":""Time elements"",""informational"":true}",Sun Feb 01 2026 21:03:13 GMT+0100 (Midden-Europese standaardtijd)
4e896fb6-2a53-48a4-86c2-6cf0b6a68ec4,aa66aa2c-d480-48a4-8930-de46baecd3ef,76,Page has data,false,0,"{""description"":""Data elements"",""informational"":true}",Sun Feb 01 2026 21:03:13 GMT+0100 (Midden-Europese standaardtijd)
24e02ea0-4501-4105-8f05-54dfded8d847,aa66aa2c-d480-48a4-8930-de46baecd3ef,77,Page has details,false,0,"{""description"":""Details elements"",""informational"":true}",Sun Feb 01 2026 21:03:13 GMT+0100 (Midden-Europese standaardtijd)
596d0c2e-f339-430d-b775-92177cd2c247,aa66aa2c-d480-48a4-8930-de46baecd3ef,78,Page has summary,false,0,"{""description"":""Summary elements"",""informational"":true}",Sun Feb 01 2026 21:03:13 GMT+0100 (Midden-Europese standaardtijd)
c613dca7-8bc5-4607-a950-09958ec8a6a5,aa66aa2c-d480-48a4-8930-de46baecd3ef,79,Page has article,false,0,"{""description"":""Article elements"",""informational"":true}",Sun Feb 01 2026 21:03:13 GMT+0100 (Midden-Europese standaardtijd)
dd0cdad1-196f-4b55-8bec-1de28a80e491,aa66aa2c-d480-48a4-8930-de46baecd3ef,80,Page has section,true,3,"{""description"":""Section elements"",""informational"":true}",Sun Feb 01 2026 21:03:13 GMT+0100 (Midden-Europese standaardtijd)
27bb54d2-ab04-4ca3-8eec-1d53a378704f,aa66aa2c-d480-48a4-8930-de46baecd3ef,81,Page has nav,true,6,"{""description"":""Navigation elements"",""informational"":true}",Sun Feb 01 2026 21:03:13 GMT+0100 (Midden-Europese standaardtijd)
eafd4175-2a6f-4822-8a5b-22a5fa7d00f8,aa66aa2c-d480-48a4-8930-de46baecd3ef,82,Page has aside,false,0,"{""description"":""Aside elements"",""informational"":true}",Sun Feb 01 2026 21:03:13 GMT+0100 (Midden-Europese standaardtijd)
16d807d5-8c7d-49cc-aefe-7dc347dae519,aa66aa2c-d480-48a4-8930-de46baecd3ef,83,Page has header,true,2,"{""description"":""Header elements"",""informational"":true}",Sun Feb 01 2026 21:03:13 GMT+0100 (Midden-Europese standaardtijd)
373f4a0d-67cd-4052-8460-9504f393df47,aa66aa2c-d480-48a4-8930-de46baecd3ef,84,Page has footer,true,1,"{""description"":""Footer elements"",""informational"":true}",Sun Feb 01 2026 21:03:13 GMT+0100 (Midden-Europese standaardtijd)
b2eac989-cccc-4052-aa8d-43d95e6412a9,aa66aa2c-d480-48a4-8930-de46baecd3ef,85,Page has main,true,1,"{""description"":""Main content"",""informational"":true}",Sun Feb 01 2026 21:03:13 GMT+0100 (Midden-Europese standaardtijd)
8dd4177d-96c5-40ec-9663-63337faf8879,aa66aa2c-d480-48a4-8930-de46baecd3ef,86,Page has figure,false,0,"{""description"":""Figure elements"",""informational"":true}",Sun Feb 01 2026 21:03:13 GMT+0100 (Midden-Europese standaardtijd)
7cd26284-618b-4966-a329-a08c4982cf25,aa66aa2c-d480-48a4-8930-de46baecd3ef,87,Page has figcaption,false,0,"{""description"":""Figure captions"",""informational"":true}",Sun Feb 01 2026 21:03:13 GMT+0100 (Midden-Europese standaardtijd)
36a2610b-8379-43ae-bd5a-6b4b277b19fa,aa66aa2c-d480-48a4-8930-de46baecd3ef,88,Page has address,false,0,"{""description"":""Address elements"",""informational"":true}",Sun Feb 01 2026 21:03:13 GMT+0100 (Midden-Europese standaardtijd)
d5c58810-6855-4822-91d8-eff411d4d360,aa66aa2c-d480-48a4-8930-de46baecd3ef,89,Page has progress,false,0,"{""description"":""Progress bars"",""informational"":true}",Sun Feb 01 2026 21:03:13 GMT+0100 (Midden-Europese standaardtijd)
ff4f9d4c-e15c-4232-b99d-fe643f8c4960,aa66aa2c-d480-48a4-8930-de46baecd3ef,90,Page has meter,false,0,"{""description"":""Meter elements"",""informational"":true}",Sun Feb 01 2026 21:03:13 GMT+0100 (Midden-Europese standaardtijd)
b6ff7302-2b24-4600-8b66-545e9316e73d,aa66aa2c-d480-48a4-8930-de46baecd3ef,91,Page has output,false,0,"{""description"":""Output elements"",""informational"":true}",Sun Feb 01 2026 21:03:13 GMT+0100 (Midden-Europese standaardtijd)
6ff34604-c138-4d5b-a687-98d6864a4d0e,aa66aa2c-d480-48a4-8930-de46baecd3ef,92,Page has canvas,false,0,"{""description"":""Canvas elements"",""informational"":true}",Sun Feb 01 2026 21:03:13 GMT+0100 (Midden-Europese standaardtijd)
7380565f-3b7d-4d64-9a5a-c98ece2d2cea,aa66aa2c-d480-48a4-8930-de46baecd3ef,93,Page has object,false,0,"{""description"":""Object embeds"",""informational"":true}",Sun Feb 01 2026 21:03:13 GMT+0100 (Midden-Europese standaardtijd)
13e020dc-f2e6-41f8-ad23-ada7c3a38966,aa66aa2c-d480-48a4-8930-de46baecd3ef,94,Page has embed,false,0,"{""description"":""Embed elements"",""informational"":true}",Sun Feb 01 2026 21:03:13 GMT+0100 (Midden-Europese standaardtijd)
0c12856f-39b3-4e64-b738-300ac62d2ff0,aa66aa2c-d480-48a4-8930-de46baecd3ef,95,Page has param,false,0,"{""description"":""Param elements"",""informational"":true}",Sun Feb 01 2026 21:03:13 GMT+0100 (Midden-Europese standaardtijd)
3db6c12b-5a4f-4ea2-adda-2c47346395c2,aa66aa2c-d480-48a4-8930-de46baecd3ef,96,Page has source,false,0,"{""description"":""Source elements"",""informational"":true}",Sun Feb 01 2026 21:03:13 GMT+0100 (Midden-Europese standaardtijd)
329a2c50-8375-4c8f-a948-fe70a215cb90,aa66aa2c-d480-48a4-8930-de46baecd3ef,97,Page has track,false,0,"{""description"":""Track elements (captions)"",""informational"":true}",Sun Feb 01 2026 21:03:13 GMT+0100 (Midden-Europese standaardtijd)
12ba3e37-663c-4d6c-8a27-d93a9e239ce3,aa66aa2c-d480-48a4-8930-de46baecd3ef,98,Page has map,false,0,"{""description"":""Image maps"",""informational"":true}",Sun Feb 01 2026 21:03:13 GMT+0100 (Midden-Europese standaardtijd)
b82adb73-e931-48ef-b38f-4646387bcd39,aa66aa2c-d480-48a4-8930-de46baecd3ef,99,Page has area,false,0,"{""description"":""Map areas"",""informational"":true}",Sun Feb 01 2026 21:03:13 GMT+0100 (Midden-Europese standaardtijd)
c9c25853-55d2-4878-8f90-27c95fdeb6a2,aa66aa2c-d480-48a4-8930-de46baecd3ef,100,Page has select,false,0,"{""description"":""Select dropdowns"",""informational"":true}",Sun Feb 01 2026 21:03:13 GMT+0100 (Midden-Europese standaardtijd)
f0db4ff4-d2e1-483e-be62-05e94d9e8fc6,aa66aa2c-d480-48a4-8930-de46baecd3ef,101,Page has optgroup,false,0,"{""description"":""Option groups"",""informational"":true}",Sun Feb 01 2026 21:03:13 GMT+0100 (Midden-Europese standaardtijd)
29095d86-657c-496a-b3ed-b0937b194c31,aa66aa2c-d480-48a4-8930-de46baecd3ef,102,Page has option,false,0,"{""description"":""Select options"",""informational"":true}",Sun Feb 01 2026 21:03:13 GMT+0100 (Midden-Europese standaardtijd)
888ffec2-6913-41b1-a570-1eaeea7a0396,aa66aa2c-d480-48a4-8930-de46baecd3ef,103,Page has textarea,false,0,"{""description"":""Text areas"",""informational"":true}",Sun Feb 01 2026 21:03:13 GMT+0100 (Midden-Europese standaardtijd)
dc722c70-047f-46dd-b6ba-4a7938221a4e,aa66aa2c-d480-48a4-8930-de46baecd3ef,104,Page has keygen,false,0,"{""description"":""Keygen elements"",""informational"":true}",Sun Feb 01 2026 21:03:13 GMT+0100 (Midden-Europese standaardtijd)
e46b950d-070a-4cbc-838e-3cc6550b0284,aa66aa2c-d480-48a4-8930-de46baecd3ef,105,Page has datalist,false,0,"{""description"":""Data lists"",""informational"":true}",Sun Feb 01 2026 21:03:13 GMT+0100 (Midden-Europese standaardtijd)
38e8fd73-5eab-4e20-ad7a-d3bdd6e1fd3d,aa66aa2c-d480-48a4-8930-de46baecd3ef,106,"Page has input type=""checkbox""",false,0,"{""description"":""Checkboxes"",""informational"":true}",Sun Feb 01 2026 21:03:13 GMT+0100 (Midden-Europese standaardtijd)
30498f26-8d08-43b6-8800-632492b87214,aa66aa2c-d480-48a4-8930-de46baecd3ef,107,"Page has input type=""radio""",false,0,"{""description"":""Radio buttons"",""informational"":true}",Sun Feb 01 2026 21:03:13 GMT+0100 (Midden-Europese standaardtijd)
6a1d9292-319a-4fa1-bc09-2443378620af,aa66aa2c-d480-48a4-8930-de46baecd3ef,108,"Page has input type=""submit""",false,0,"{""description"":""Submit buttons"",""informational"":true}",Sun Feb 01 2026 21:03:13 GMT+0100 (Midden-Europese standaardtijd)
059b0f02-1fd9-4ca9-b15d-2a9eeb2a30f2,aa66aa2c-d480-48a4-8930-de46baecd3ef,109,"Page has input type=""reset""",false,0,"{""description"":""Reset buttons"",""informational"":true}",Sun Feb 01 2026 21:03:13 GMT+0100 (Midden-Europese standaardtijd)
1c31cda7-7195-499e-9f6b-09661539ec74,aa66aa2c-d480-48a4-8930-de46baecd3ef,110,"Page has input type=""button""",false,0,"{""description"":""Button inputs"",""informational"":true}",Sun Feb 01 2026 21:03:13 GMT+0100 (Midden-Europese standaardtijd)
5425d2eb-4047-47cb-a3c9-1c2bedd93a65,aa66aa2c-d480-48a4-8930-de46baecd3ef,111,"Page has input type=""file""",false,0,"{""description"":""File inputs"",""informational"":true}",Sun Feb 01 2026 21:03:13 GMT+0100 (Midden-Europese standaardtijd)
1928eb67-0214-478b-9ac8-bd0a7cb61d50,aa66aa2c-d480-48a4-8930-de46baecd3ef,112,"Page has input type=""hidden""",false,0,"{""description"":""Hidden inputs"",""informational"":true}",Sun Feb 01 2026 21:03:13 GMT+0100 (Midden-Europese standaardtijd)
dafff707-7c1b-46ad-a7d5-b60eb313606f,aa66aa2c-d480-48a4-8930-de46baecd3ef,113,"Page has input type=""image""",false,0,"{""description"":""Image buttons"",""informational"":true}",Sun Feb 01 2026 21:03:13 GMT+0100 (Midden-Europese standaardtijd)
89342d27-a2b2-4a55-a692-2e47ec1b1ff0,aa66aa2c-d480-48a4-8930-de46baecd3ef,114,"Page has input type=""date""",false,0,"{""description"":""Date pickers"",""informational"":true}",Sun Feb 01 2026 21:03:13 GMT+0100 (Midden-Europese standaardtijd)
c9441581-b372-431a-88fe-8d060aed4aac,aa66aa2c-d480-48a4-8930-de46baecd3ef,115,"Page has input type=""time""",false,0,"{""description"":""Time pickers"",""informational"":true}",Sun Feb 01 2026 21:03:13 GMT+0100 (Midden-Europese standaardtijd)
27384858-e8bc-4505-80f4-50012dd3ed09,aa66aa2c-d480-48a4-8930-de46baecd3ef,116,"Page has input type=""datetime-local""",false,0,"{""description"":""Datetime pickers"",""informational"":true}",Sun Feb 01 2026 21:03:13 GMT+0100 (Midden-Europese standaardtijd)
5d908781-5c26-4073-afe5-db92862f556c,aa66aa2c-d480-48a4-8930-de46baecd3ef,117,"Page has input type=""month""",false,0,"{""description"":""Month pickers"",""informational"":true}",Sun Feb 01 2026 21:03:13 GMT+0100 (Midden-Europese standaardtijd)
0fd136a0-ce41-425c-a1c2-9dcd32312805,aa66aa2c-d480-48a4-8930-de46baecd3ef,118,"Page has input type=""week""",false,0,"{""description"":""Week pickers"",""informational"":true}",Sun Feb 01 2026 21:03:13 GMT+0100 (Midden-Europese standaardtijd)
d5dd5d93-76ac-4ef8-b009-76efe0a5e668,aa66aa2c-d480-48a4-8930-de46baecd3ef,119,"Page has input type=""color""",false,0,"{""description"":""Color pickers"",""informational"":true}",Sun Feb 01 2026 21:03:13 GMT+0100 (Midden-Europese standaardtijd)
878c8778-2aca-491d-996d-1ecc900264a7,aa66aa2c-d480-48a4-8930-de46baecd3ef,120,"Page has input type=""range""",false,0,"{""description"":""Range sliders"",""informational"":true}",Sun Feb 01 2026 21:03:13 GMT+0100 (Midden-Europese standaardtijd)
9ebd448c-420b-421d-b4a8-7938f10ac26b,aa66aa2c-d480-48a4-8930-de46baecd3ef,121,"Page has input type=""search""",true,2,"{""description"":""Search inputs"",""informational"":true}",Sun Feb 01 2026 21:03:13 GMT+0100 (Midden-Europese standaardtijd)
1bca08b9-bca3-458a-8145-272906a18050,aa66aa2c-d480-48a4-8930-de46baecd3ef,122,"Page has input type=""tel""",false,0,"{""description"":""Telephone inputs"",""informational"":true}",Sun Feb 01 2026 21:03:13 GMT+0100 (Midden-Europese standaardtijd)
5952c25b-1534-4018-b568-a9724829fce6,aa66aa2c-d480-48a4-8930-de46baecd3ef,123,"Page has input type=""url""",false,0,"{""description"":""URL inputs"",""informational"":true}",Sun Feb 01 2026 21:03:13 GMT+0100 (Midden-Europese standaardtijd)
85a9e204-a850-4e05-93a0-38c351aee2f5,aa66aa2c-d480-48a4-8930-de46baecd3ef,124,"Page has input type=""email""",false,0,"{""description"":""Email inputs"",""informational"":true}",Sun Feb 01 2026 21:03:13 GMT+0100 (Midden-Europese standaardtijd)
db8202b0-7be2-45f1-aa55-c597ed666252,aa66aa2c-d480-48a4-8930-de46baecd3ef,125,"Page has input type=""number""",false,0,"{""description"":""Number inputs"",""informational"":true}",Sun Feb 01 2026 21:03:13 GMT+0100 (Midden-Europese standaardtijd)
857bd99d-ad1f-47f4-9a48-14e4c874eede,aa66aa2c-d480-48a4-8930-de46baecd3ef,126,"Page has input type=""password""",false,0,"{""description"":""Password fields"",""informational"":true}",Sun Feb 01 2026 21:03:13 GMT+0100 (Midden-Europese standaardtijd)
f2a129fc-a869-42ee-a68b-302a142cdb36,aa66aa2c-d480-48a4-8930-de46baecd3ef,127,"Page has input type=""text""",false,0,"{""description"":""Text inputs"",""informational"":true}",Sun Feb 01 2026 21:03:13 GMT+0100 (Midden-Europese standaardtijd)
c8c51971-7da7-4d49-9faa-f10fa21ed089,aa66aa2c-d480-48a4-8930-de46baecd3ef,128,Page has label,true,2,"{""description"":""Label elements"",""informational"":true}",Sun Feb 01 2026 21:03:13 GMT+0100 (Midden-Europese standaardtijd)
becafbe6-4a03-441c-bde0-d61793b920ea,aa66aa2c-d480-48a4-8930-de46baecd3ef,129,Page has legend,false,0,"{""description"":""Legend elements"",""informational"":true}",Sun Feb 01 2026 21:03:13 GMT+0100 (Midden-Europese standaardtijd)
fad29a6b-c995-48f5-86a2-9d86cbf38691,aa66aa2c-d480-48a4-8930-de46baecd3ef,130,Page has fieldset,false,0,"{""description"":""Fieldset elements"",""informational"":true}",Sun Feb 01 2026 21:03:13 GMT+0100 (Midden-Europese standaardtijd)