id,projectId,findingCode,wcagCriterionId,quickFindingId,status,impact,responsibility,description,advice,evidence,notes,sortOrder,createdAt,updatedAt
af4057a3-612e-4702-845c-fb766d8dd9de,b160cb88-c117-43c1-ac24-66c9da3f77b8,B008,4cb21fff-b4e0-4bd5-a312-f472f8541396,,open,klein,redacteur,"De volledige ""Weetje""-zin staat in een em-element, en het woord ""Weetje:"" staat daarnaast ook in een strong-element. Em en strong zijn bedoeld voor een woord of zinsdeel, niet voor een hele zin. Door em om de hele zin te plaatsen verliest de nadruk zijn betekenis.","Beperk de nadrukopmaak tot het woord ""Weetje:"" en gebruik daarvoor em of strong, niet beide tegelijk.",,,5,Wed Jun 03 2026 15:46:06 GMT+0200 (Midden-Europese zomertijd),Wed Jun 03 2026 15:46:06 GMT+0200 (Midden-Europese zomertijd)
6dcc2555-8ce4-47e1-a1a0-7d36c8cdf1b6,6b40737b-a874-4e09-8b16-d4de37a18487,B005,9b23fa6b-a0de-4779-b78a-2649f20d17e7,,resolved,,ontwikkelaar,"Op de mijn omgeving van gemeente Urk is een versie voor hoog contrast aanwezig. Deze is aan te zetten door middel van een zogenaamde ""contrast switch"".
Dit succescriterium is volledig getest in de modus voor hoog contrast. De versie voor hoog contrast wordt gezien als een alternatief voor de standaard versie.

Hierdoor kunnen er contrastproblemen zijn in de standaard versie. Deze zijn verder niet beoordeeld.","Voorzie ook de standaard versie van voldoende kleurcontrast in alle teksten. Dit bevordert de toegankelijkheid van de website voor bezoekers met een zichtbeperking.

Teksten met voldoende kleurcontrast lezen ook makkelijker voor alle lezers. Het lezen is hierdoor minder intensief, kost minder energie en het lezen wordt (onbewust) als prettiger ervaren. Hierdoor is de lezer eerder geneigd om over te gaan tot activatie.

De versie voor hoog contrast kan dan vervolgens ingezet worden voor een ""verhoogd contrast"", waarbij wordt voldaan aan succescriterium WCAG 1.4.6 Verhoogd contrast (niveau AAA).",,,0,Mon Feb 02 2026 11:40:49 GMT+0100 (Midden-Europese standaardtijd),Sat Mar 21 2026 11:08:35 GMT+0100 (Midden-Europese standaardtijd)
4b7532c6-7feb-4ffe-99b4-c8854c1c75ee,6b40737b-a874-4e09-8b16-d4de37a18487,B006,cd31b01e-f6f1-4e3a-bbbe-c83d8c570848,,resolved,,ontwikkelaar,"De links onder “Direct regelen” op de pagina Mijn belastingen leiden naar externe websites, zoals een DigiD-omgeving. Overweeg om gebruikers vooraf te informeren wat zij kunnen verwachten.","Overweeg om bij de links onder “Direct regelen” een korte toelichting toe te voegen, bijvoorbeeld in de linktekst of direct erachter, waaruit blijkt dat de gebruiker wordt doorgestuurd naar een DigiD-omgeving en dat de link opent in een nieuw venster. Dit helpt gebruikers om vooraf te begrijpen wat zij kunnen verwachten. Voorbeelden: Hond aan- of afmelden voor hondenbelasting (via DigiD, opent in nieuw venster) of: een extern-link-icoon met een zichtbare of programmatisch toegankelijke tekstuele toelichting, zoals “opent in nieuw venster”.","[{""filename"":""6.png"",""url"":""/uploads/findings/1770029090184-6.png"",""caption"":""Links onder de kop 'Direct regelen'"",""size"":17446,""type"":""image/png""}]",,0,Mon Feb 02 2026 11:43:35 GMT+0100 (Midden-Europese standaardtijd),Mon Feb 02 2026 11:44:50 GMT+0100 (Midden-Europese standaardtijd)
e063b61e-55ed-4045-aadc-207aa6ed3f94,6b40737b-a874-4e09-8b16-d4de37a18487,B007,d1d29352-2853-4671-bd37-d2b466ab1cd0,,open,serieus,ontwikkelaar,Het logo in de header bevat zichtbaar de tekst “gemeente Urk”. De toegankelijke naam van de link is echter “Logo Urk” waardoor de zichtbare tekst niet letterlijk voorkomt in de toegankelijke naam. Hierdoor kunnen gebruikers van spraakbediening het element op basis van het zichtbare label. niet activeren,"Pas de alt-tekst van het logo aan zodat deze al de zichtbare tekst bevat, bijvoorbeeld: alt=""gemeente Urk""",,,0,Mon Feb 02 2026 11:46:39 GMT+0100 (Midden-Europese standaardtijd),Mon Feb 02 2026 11:46:39 GMT+0100 (Midden-Europese standaardtijd)
0b10dfb7-0f25-4d99-8fd5-17ef75401584,b160cb88-c117-43c1-ac24-66c9da3f77b8,B005,967dd178-96c9-487f-aaf9-6508032abe65,,resolved,,,Op de pagina staat een kop met de tekst “Meer weten”. Deze kop beschrijft het onderwerp van de sectie niet.,Zorg dat de kop het onderwerp van de sectie duidelijk beschrijft. Gebruik bijvoorbeeld “Meer informatie over de identiteitskaart”.,,,0,Wed Jun 03 2026 15:46:06 GMT+0200 (Midden-Europese zomertijd),Wed Jun 03 2026 15:46:06 GMT+0200 (Midden-Europese zomertijd)
8e1a4e46-98b0-4abd-b3b9-0ee4ef45576f,6b40737b-a874-4e09-8b16-d4de37a18487,B001,41d09e8c-c857-457c-a799-ffc0539e7722,,open,klein,ontwikkelaar,"Het logo op de Mijn-omgeving van de gemeente Urk heeft de alternatieve tekst: “Logo Urk”. Deze alternatieve tekst beschrijft niet volledig de tekst die visueel in het logo aanwezig is, namelijk “gemeente Urk”.",Pas de alternatieve tekst van het logo aan naar: “gemeente Urk”.,"[{""filename"":""logo-gemeente Urk.png"",""url"":""/uploads/findings/1770027604510-logo-gemeente_Urk.png"",""caption"":""logo-gemeente Urk"",""size"":27466,""type"":""image/png""}]",,0,Sun Feb 01 2026 21:15:25 GMT+0100 (Midden-Europese standaardtijd),Mon Feb 02 2026 11:20:04 GMT+0100 (Midden-Europese standaardtijd)
e0d8bd97-427b-4314-af31-5b8b818bc731,6b40737b-a874-4e09-8b16-d4de37a18487,B002,4cb21fff-b4e0-4bd5-a312-f472f8541396,,open,klein,ontwikkelaar,"De inleidende tekst en de daaropvolgende opsomming zijn niet correct gestructureerd in de HTML. De opsomming staat binnen een paragraaf-element, wat geen geldige HTML-structuur is. Daardoor is de relatie tussen de tekst en de opsomming niet duidelijk vastgelegd. Hierdoor kan hulptechnologie de structuur anders interpreteren dan bedoeld.","Zorg voor een geldige HTML-structuur door de inleidende tekst en de opsomming in afzonderlijke elementen te plaatsen, bijvoorbeeld een paragraaf element gevolgd door een ongeordende lijst.","[{""filename"":""DBdvvd4dzQOKpByplAb4ZgTCZ3hgNOEG67Xzb2lL.png"",""url"":""/uploads/findings/1770027732848-DBdvvd4dzQOKpByplAb4ZgTCZ3hgNOEG67Xzb2lL.png"",""caption"":""Code: opsomming binnen paragraaf element"",""size"":175161,""type"":""image/png""}]",,0,Sun Feb 01 2026 21:27:09 GMT+0100 (Midden-Europese standaardtijd),Mon Feb 02 2026 11:22:12 GMT+0100 (Midden-Europese standaardtijd)
c2014214-63ad-45d1-be47-4c38b81bc411,6b40737b-a874-4e09-8b16-d4de37a18487,B003,4cb21fff-b4e0-4bd5-a312-f472f8541396,,resolved,,ontwikkelaar,Voor het visueel benadrukken van tekst wordt het b-element gebruikt. Dit is toegestaan wanneer de vetgedrukte weergave geen inhoudelijke nadruk heeft. Vanuit best practice kan overwogen worden om deze opmaak via CSS toe te passen.,"Overweeg om vetgedrukte opmaak via CSS toe te passen in plaats van het b-element, zodat HTML primair wordt gebruikt voor semantiek en structuur.",,,1,Mon Feb 02 2026 11:26:21 GMT+0100 (Midden-Europese standaardtijd),Mon Feb 02 2026 11:26:21 GMT+0100 (Midden-Europese standaardtijd)
624f71fa-bd24-4f6e-8c17-d4f469094d81,acb5ef98-eb1b-432a-97ff-552b0a126fc3,B008,4cb21fff-b4e0-4bd5-a312-f472f8541396,,open,klein,redacteur,"De volledige ""Weetje""-zin staat in een em-element, en het woord ""Weetje:"" staat daarnaast ook in een strong-element. Em en strong zijn bedoeld voor een woord of zinsdeel, niet voor een hele zin. Door em om de hele zin te plaatsen verliest de nadruk zijn betekenis.","Beperk de nadrukopmaak tot het woord ""Weetje:"" en gebruik daarvoor em of strong, niet beide tegelijk.",,,5,Tue Mar 24 2026 15:39:22 GMT+0100 (Midden-Europese standaardtijd),Tue Mar 24 2026 15:39:22 GMT+0100 (Midden-Europese standaardtijd)
40c82290-5214-4e74-8ded-623ea2f3ee97,acb5ef98-eb1b-432a-97ff-552b0a126fc3,B005,967dd178-96c9-487f-aaf9-6508032abe65,,resolved,,,Op de pagina staat een kop met de tekst “Meer weten”. Deze kop beschrijft het onderwerp van de sectie niet.,Zorg dat de kop het onderwerp van de sectie duidelijk beschrijft. Gebruik bijvoorbeeld “Meer informatie over de identiteitskaart”.,,,0,Tue Mar 24 2026 13:02:20 GMT+0100 (Midden-Europese standaardtijd),Thu Apr 02 2026 11:41:48 GMT+0200 (Midden-Europese zomertijd)
7253b56c-02ca-4d51-81fb-cf63d2e6ee59,acb5ef98-eb1b-432a-97ff-552b0a126fc3,B003,4cb21fff-b4e0-4bd5-a312-f472f8541396,,open,klein,redacteur,Op de pagina is de waarschuwing “We verwachten dit jaar een groot aantal aanvragen.” en “Maak op tijd een afspraak” opgemaakt met de elementen strong en em. Deze elementen worden hier gebruikt voor visuele opmaak in plaats van voor inhoudelijke nadruk.,Gebruik de elementen strong en em alleen wanneer nadruk inhoudelijk van belang is. Verwijder de vet- en cursiefopmaak in deze gevallen en regel de visuele presentatie via CSS.,,,1,Tue Mar 24 2026 12:40:53 GMT+0100 (Midden-Europese standaardtijd),Fri Apr 03 2026 09:37:04 GMT+0200 (Midden-Europese zomertijd)
0fe129ff-3215-470d-bfd7-e5a51a02ab9c,b160cb88-c117-43c1-ac24-66c9da3f77b8,B006,4cb21fff-b4e0-4bd5-a312-f472f8541396,,open,klein,redacteur,"In de footer staat onder de kop ""Meer informatie"" een groep van drie links (""Over deze site"", ""Hulp bij de website"", ""Webarchief""). Visueel is dit een lijst maar in de code staan ze in één alinea gescheiden door br-tags. De lijststructuur is daarmee niet programmatisch bepaalbaar.","Zet de drie links in de footer onder ""Meer informatie"" in een ongeordende lijst. ",,,3,Wed Jun 03 2026 15:46:06 GMT+0200 (Midden-Europese zomertijd),Wed Jun 03 2026 15:46:06 GMT+0200 (Midden-Europese zomertijd)
771fab7d-186b-4712-bc0c-0b75723260c9,b160cb88-c117-43c1-ac24-66c9da3f77b8,B021,cd31b01e-f6f1-4e3a-bbbe-c83d8c570848,,open,matig,redacteur,In de sidebar staan twee links met de tekst “Voorbeeld veiligheidsplan” die naar verschillende bestanden verwijzen. Het bestandsformaat staat buiten de link en maakt geen deel uit van de linktekst. Hierdoor zijn de links niet van elkaar te onderscheiden.,"Zorg dat de links van elkaar te onderscheiden zijn door het bestandsformaat op te nemen in de linktekst, bijvoorbeeld “Voorbeeld veiligheidsplan (docx)” en “Voorbeeld veiligheidsplan (pdf)”.",,,4,Wed Jun 03 2026 15:46:06 GMT+0200 (Midden-Europese zomertijd),Wed Jun 03 2026 15:46:06 GMT+0200 (Midden-Europese zomertijd)
198c8137-aca2-448b-8787-0a5ccb429447,b160cb88-c117-43c1-ac24-66c9da3f77b8,B007,4cb21fff-b4e0-4bd5-a312-f472f8541396,,resolved,,,"
In de footer staan onder de kop ""Gemeente IJsselstein"" het adres en het telefoonnummer samen in één alinea (<p>), gescheiden door een <br>-tag. Het zijn twee verschillende soorten informatie die elk een eigen alinea horen te hebben.",Splits het adres en het telefoonnummer in twee aparte alinea's ,,,4,Wed Jun 03 2026 15:46:06 GMT+0200 (Midden-Europese zomertijd),Wed Jun 03 2026 15:46:06 GMT+0200 (Midden-Europese zomertijd)
eeeda7e0-d1b7-4834-9cc2-630b323d916c,b160cb88-c117-43c1-ac24-66c9da3f77b8,B004,4cb21fff-b4e0-4bd5-a312-f472f8541396,,resolved,,redacteur,"Onder de kop ""Spoedaanvraag"" staat een lijst met één item. Een lijst hoort twee of meer items te bevatten. De tekst kan beter als alinea worden opgemaakt.

Dit geld ook voor de pagina sportparken en sporthallen on de de kop Vergaderruimte 1",Vervang de lijst onder de kop door een alinea,,,2,Wed Jun 03 2026 15:46:06 GMT+0200 (Midden-Europese zomertijd),Wed Jun 03 2026 15:46:06 GMT+0200 (Midden-Europese zomertijd)
daa58b51-68dc-42d7-8434-28123cda3f08,21a690ed-3af7-426d-ae0d-8b5c6218c565,B006,4cb21fff-b4e0-4bd5-a312-f472f8541396,,open,klein,redacteur,"Op de pagina staat een kop zonder tekst, boven de openingstijden-tabs. Hulpsoftware herkent dit nog steeds als kop en kondigt het aan, terwijl er geen tekst staat. Gebruikers die via koppen navigeren, komen daardoor op een kop zonder betekenis terecht.","Verwijder de lege kop, of voorzie de lege kop van een beschrijvende tekst zoals ""Openingstijden"".",,,0,Thu Jul 02 2026 19:19:57 GMT+0200 (Midden-Europese zomertijd),Thu Jul 02 2026 20:26:51 GMT+0200 (Midden-Europese zomertijd)
c2cd6b89-c15d-4dc7-b9d3-671a01486830,acb5ef98-eb1b-432a-97ff-552b0a126fc3,B001,4cb21fff-b4e0-4bd5-a312-f472f8541396,,open,klein,redacteur,"Op alle pagina's van de website staan in de footer drie koppen (""Gemeente IJsselstein"", ""Meer informatie"" en ""Volg ons op""). De tekst van deze koppen staat in een strong-element. Het strong-element markeert de tekst onbedoeld ook als benadrukt. Screenreadergebruikers horen de tekst daardoor onnodig als benadrukt aangekondigd.
Dit geldt ook voor de linktekst van de knoppen ""Contact en openingstijden"" en ""Meld u aan voor de nieuwsbrief""
Dit komt op meerdere pagina's voor
zoals: https://www.ijsselstein.nl/evenementenvergunning
https://www.ijsselstein.nl/hitteschild-2-tot-4
",Verwijder het strong-element uit de footerkoppen en knoppen. ,,,0,Tue Mar 24 2026 10:37:09 GMT+0100 (Midden-Europese standaardtijd),Thu Apr 02 2026 11:07:31 GMT+0200 (Midden-Europese zomertijd)
e1da5760-5700-4836-b7b6-58db1cd59cc7,b160cb88-c117-43c1-ac24-66c9da3f77b8,B016,cf8f7d38-2002-4ede-aa09-a382fd4c22f5,,open,serieus,redacteur,"Op de pagina staan twee promotieafbeeldingen voor de IJsselstein-route en de IJsselveld-route. Deze afbeeldingen bevatten tekstuele informatie, zoals de routenaam, een beschrijving, app-functies en routeafstanden. Deze informatie is niet als tekst beschikbaar op de pagina.","Zorg dat de informatie uit de afbeeldingen ook als tekst op de pagina beschikbaar is, zodat deze door hulpsoftware gelezen en door gebruikers aangepast kan worden.
",,,0,Wed Jun 03 2026 15:46:06 GMT+0200 (Midden-Europese zomertijd),Wed Jun 03 2026 15:46:06 GMT+0200 (Midden-Europese zomertijd)
85181716-edd6-439b-bb8e-b1f17a1640c5,b160cb88-c117-43c1-ac24-66c9da3f77b8,B003,4cb21fff-b4e0-4bd5-a312-f472f8541396,,resolved,klein,redacteur,Op de pagina is de waarschuwing “We verwachten dit jaar een groot aantal aanvragen.” en “Maak op tijd een afspraak” opgemaakt met de elementen strong en em. Deze elementen worden hier gebruikt voor visuele opmaak in plaats van voor inhoudelijke nadruk.,Gebruik de elementen strong en em alleen wanneer nadruk inhoudelijk van belang is. Verwijder de vet- en cursiefopmaak in deze gevallen en regel de visuele presentatie via CSS.,,,1,Wed Jun 03 2026 15:46:06 GMT+0200 (Midden-Europese zomertijd),Thu Jun 04 2026 14:45:28 GMT+0200 (Midden-Europese zomertijd)
ab3e6668-196a-4455-9112-2e06c7e3e018,b160cb88-c117-43c1-ac24-66c9da3f77b8,B001,4cb21fff-b4e0-4bd5-a312-f472f8541396,,resolved,klein,redacteur,"Op alle pagina's van de website staan in de footer drie koppen (""Gemeente IJsselstein"", ""Meer informatie"" en ""Volg ons op""). De tekst van deze koppen staat in een strong-element. Het strong-element markeert de tekst onbedoeld ook als benadrukt. Screenreadergebruikers horen de tekst daardoor onnodig als benadrukt aangekondigd.
Dit geldt ook voor de linktekst van de knoppen ""Contact en openingstijden"" en ""Meld u aan voor de nieuwsbrief""
Dit komt op meerdere pagina's voor
zoals: https://www.ijsselstein.nl/evenementenvergunning
https://www.ijsselstein.nl/hitteschild-2-tot-4
",Verwijder het strong-element uit de footerkoppen en knoppen. ,,,0,Wed Jun 03 2026 15:46:06 GMT+0200 (Midden-Europese zomertijd),Thu Jun 04 2026 14:25:51 GMT+0200 (Midden-Europese zomertijd)
650efb4b-c014-41cd-b339-7ed44d49a9bb,acb5ef98-eb1b-432a-97ff-552b0a126fc3,B006,4cb21fff-b4e0-4bd5-a312-f472f8541396,,open,klein,redacteur,"In de footer staat onder de kop ""Meer informatie"" een groep van drie links (""Over deze site"", ""Hulp bij de website"", ""Webarchief""). Visueel is dit een lijst maar in de code staan ze in één alinea gescheiden door br-tags. De lijststructuur is daarmee niet programmatisch bepaalbaar.","Zet de drie links in de footer onder ""Meer informatie"" in een ongeordende lijst. ",,,3,Tue Mar 24 2026 15:13:09 GMT+0100 (Midden-Europese standaardtijd),Tue Mar 31 2026 12:41:56 GMT+0200 (Midden-Europese zomertijd)
b9e917aa-a87f-4389-b737-1974185807c2,acb5ef98-eb1b-432a-97ff-552b0a126fc3,B021,cd31b01e-f6f1-4e3a-bbbe-c83d8c570848,,open,matig,redacteur,In de sidebar staan twee links met de tekst “Voorbeeld veiligheidsplan” die naar verschillende bestanden verwijzen. Het bestandsformaat staat buiten de link en maakt geen deel uit van de linktekst. Hierdoor zijn de links niet van elkaar te onderscheiden.,"Zorg dat de links van elkaar te onderscheiden zijn door het bestandsformaat op te nemen in de linktekst, bijvoorbeeld “Voorbeeld veiligheidsplan (docx)” en “Voorbeeld veiligheidsplan (pdf)”.",,,4,Wed Mar 25 2026 21:15:11 GMT+0100 (Midden-Europese standaardtijd),Fri Apr 03 2026 09:40:15 GMT+0200 (Midden-Europese zomertijd)
e938422f-32ac-4a3f-8655-389fe641aaaa,3f70b18e-a30c-462c-87c1-1787f6756edb,B008,35d250a4-d5a2-4d75-9ebd-6fc4c6da9cbc,,open,klein,ontwerper,"Dit succescriterium is getoetst in de modus voor hoog contrast. In de infographic van het BEL-samenwerkingsmodel staat witte tekst (#FFFFFF) op een grijze achtergrond (#949494). De contrastverhouding is 2,85:1. Dit voldoet niet aan de WCAG-norm van minimaal 3:1 voor grote tekst (en 4,5:1 voor normale tekst).","Verhoog het contrast tussen de tekst en de achtergrond in de infographic tot minimaal 3:1 voor grote tekst (of 4,5:1 voor normale tekst), bijvoorbeeld door de achtergrondkleur donkerder te maken.",,,0,Fri Apr 24 2026 11:25:58 GMT+0200 (Midden-Europese zomertijd),Fri Apr 24 2026 11:25:58 GMT+0200 (Midden-Europese zomertijd)
8cde95c9-494e-4a9a-878f-935e954c3cfc,3f70b18e-a30c-462c-87c1-1787f6756edb,B013,35d250a4-d5a2-4d75-9ebd-6fc4c6da9cbc,,resolved,,,"Dit succescriterium is getoetst in de modus voor hoog contrast. In de infographic van het organogram staat witte tekst (#FFFFFF) op grijze knoppen met verschillende tinten. De contrastverhouding is niet op alle knoppen voldoende:

- Op de lichtgrijze knoppen (#C1C1C1) is de contrastverhouding 1,74:1.
- Op de middelgrijze knoppen (#7F7F7F en #828282) is de contrastverhouding 3,67:1 en 3,54:1.

Voor normale tekst is een contrastverhouding van minimaal 4,5:1 vereist en voor grote tekst minimaal 3:1. De lichtgrijze knoppen halen geen van beide normen.

Deze bevinding wordt niet afgekeurd, omdat de informatie uit de infographic ook in tekstvorm op dezelfde pagina staat. Gebruikers die de tekst in de infographic niet goed kunnen lezen hebben daarmee een alternatief.",Overweeg om het contrast in de infographic te verhogen tot minimaal 4.5:1 voor normale tekst (of 3:1 voor grote tekst).,,,1,Fri Apr 24 2026 11:25:58 GMT+0200 (Midden-Europese zomertijd),Fri Apr 24 2026 11:25:58 GMT+0200 (Midden-Europese zomertijd)
6d6dd082-039e-4c76-8fba-ccadbfc1b6fb,3f70b18e-a30c-462c-87c1-1787f6756edb,B016,1f36c6a9-6e39-462e-8051-67c0ac31e0b2,,open,matig,redacteur,"Op de pagina is het organogram van de BEL Combinatie een link naar een grotere versie van de afbeelding. De afbeelding heeft geen alt-tekst, waardoor de link geen toegankelijke naam heeft. Hulpsoftware, zoals een schermlezer, kan de link daardoor niet goed aankondigen. Dit issue valt ook onder succescriterium 2.4.4 (Linkdoel in context).","Geef de link een toegankelijke naam. Dat kan op twee manieren: geef de afbeelding een passend alt-attribuut (bijvoorbeeld alt=""Organogram van de BEL Combinatie, grotere weergave""), of voeg een aria-label toe aan het a-element.",,,0,Fri Apr 24 2026 11:25:58 GMT+0200 (Midden-Europese zomertijd),Fri Apr 24 2026 11:25:58 GMT+0200 (Midden-Europese zomertijd)
a0d4991b-f774-4e1a-b143-a56f41fdd941,3f70b18e-a30c-462c-87c1-1787f6756edb,B002,4cb21fff-b4e0-4bd5-a312-f472f8541396,,open,matig,ontwikkelaar,"Op meerdere plekken op de website staan groepen verwante items niet als echte lijst opgemaakt, maar als losse regels of losse paragrafen:

- In de footer van de homepage staan de contactgegevens (telefoon, e-mail, contactformulier, persvragen, telefoonnummer vanuit het buitenland) en de onderste navigatielinks “Over deze website”, “Toegankelijkheid”, “Sitemap” en “Privacyverklaring” als losse regels gescheiden door een regelafbreking (br-element).
- Op de pagina Privacyverklaring staan onder de h3-kop “Hoe kunt u gebruik maken van deze rechten?” drie items in één paragraaf, voorafgegaan door een bullet-teken (•) en gescheiden door regelafbrekingen (br-element).
- Op dezelfde pagina staan de drie knoppen “Gemeente Blaricum”, “Gemeente Eemnes” en “Gemeente Laren” die verwijzen naar de privacyverklaringen van de drie gemeenten, elk in een aparte paragraaf (p-element) in plaats van in één lijst.

Visueel zien deze items eruit als een opsomming, maar in de code zijn ze niet als lijst opgemaakt. Hierdoor weten gebruikers van hulpsoftware, zoals een schermlezer, niet dat de items bij elkaar horen en hoeveel items de groep bevat.","Maak van deze groepen een echte lijst (een ul-element met li-elementen per item). De visuele opmaak van de lijst, zoals het verbergen van bolletjes of de onderlinge afstand, regel je via CSS.",,,1,Fri Apr 24 2026 11:25:58 GMT+0200 (Midden-Europese zomertijd),Fri Apr 24 2026 11:25:58 GMT+0200 (Midden-Europese zomertijd)
760c7e21-ab26-4561-8cad-13ea5100b52c,dfc078cf-a6b5-4c92-b72e-15d5d1089804,B002,746bbe4a-dccb-4e47-8533-f973001a5986,,resolved,matig,redacteur,"Op deze pagina's staat in de introductietekst de zin ""Hieronder een overzicht van de huidige speellocaties."" Dit overzicht staat er echter niet. Na de introductietekst volgen direct de invulvelden van het formulier. Daardoor missen alle gebruikers informatie die bedoeld is om het formulier goed in te kunnen vullen. Hetzelfde probleem doet zich voor op de pagina ""Overzicht"" (stap 2), waar exact dezelfde introductietekst wordt gebruikt.
Dit wordt niet afgekeurd omdat de verwijzing ""hieronder"" voor geen enkele gebruiker werkt: het overzicht ontbreekt volledig. Er is daardoor geen sprake van een ongelijke toegankelijkheidssituatie op basis van zintuiglijke kenmerken.","Voeg het overzicht van de huidige speellocaties toe aan de pagina, direct na de introductietekst. Staat het overzicht elders, vervang de verwijzing dan door een link, bijvoorbeeld: ""Bekijk het overzicht van de huidige speellocaties.""",,,0,Mon Mar 09 2026 10:29:23 GMT+0100 (Midden-Europese standaardtijd),Wed Mar 18 2026 16:17:04 GMT+0100 (Midden-Europese standaardtijd)
a9ebcf9e-5233-45e9-84d7-3b95f0084d51,dfc078cf-a6b5-4c92-b72e-15d5d1089804,B004,73fc903b-3e33-460d-a942-d5bfb3a34254,,open,matig,redacteur,"Op deze pagina ontbreekt bij het veld ""Adres"" het autocomplete-attribuut. Hierdoor kan het doel van dit veld niet worden bepaald. Dit is een probleem voor mensen die afhankelijk zijn van autofill, zoals mensen met een motorische beperking of mensen die moeite hebben met typen.","Voeg bij het veld ""Adres"" het attribuut autocomplete=""street-address"" toe.",,,1,Mon Mar 09 2026 11:49:49 GMT+0100 (Midden-Europese standaardtijd),Tue Mar 10 2026 17:37:35 GMT+0100 (Midden-Europese standaardtijd)
4bd224eb-190e-4728-8a35-424f2ec0b7b5,dfc078cf-a6b5-4c92-b72e-15d5d1089804,B003,73fc903b-3e33-460d-a942-d5bfb3a34254,,open,matig,redacteur,"Op deze pagina's heeft het veld ""Voornaam"" de waarde autocomplete=""name"". Dit is de verkeerde waarde: name staat voor de volledige naam, dus vult de browser bij autofill zowel de voornaam als de achternaam in. Dit is een probleem voor mensen die afhankelijk zijn van autofill, zoals mensen met een motorische beperking of mensen die moeite hebben met typen.
","
Vervang bij het veld ""Voornaam"" het autocomplete attribuut ""name"" door ""given-name"".",,,0,Mon Mar 09 2026 10:38:44 GMT+0100 (Midden-Europese standaardtijd),Wed Mar 18 2026 16:17:23 GMT+0100 (Midden-Europese standaardtijd)
5e9c5f68-b35f-4922-bc5e-8e49b9bab5bb,dfc078cf-a6b5-4c92-b72e-15d5d1089804,B001,967dd178-96c9-487f-aaf9-6508032abe65,,open,klein,redacteur,Op deze pagina's is de staptitel (h2) niet beschrijvend voor de inhoud van de stap. De h2 herhaalt de naam van het  formulier terwijl de stap gaat over het invullen van persoonsgegevens en een reactie. Gebruikers die via koppen navigeren zoals mensen die een schermlezer gebruiken kunnen op basis van deze kop niet opmaken wat er in de stap van hen wordt verwacht.,"Vervang de h2 door een beschrijvende staptitel die aangeeft wat er in de stap wordt gevraagd. Bijvoorbeeld: ""Uw gegevens en reactie"". ",,,0,Mon Mar 09 2026 10:07:42 GMT+0100 (Midden-Europese standaardtijd),Wed Mar 18 2026 16:18:48 GMT+0100 (Midden-Europese standaardtijd)
e4684e65-bd0e-49b0-b5f7-8d8404046fd3,acb5ef98-eb1b-432a-97ff-552b0a126fc3,B007,4cb21fff-b4e0-4bd5-a312-f472f8541396,,resolved,,,"
In de footer staan onder de kop ""Gemeente IJsselstein"" het adres en het telefoonnummer samen in één alinea (<p>), gescheiden door een <br>-tag. Het zijn twee verschillende soorten informatie die elk een eigen alinea horen te hebben.",Splits het adres en het telefoonnummer in twee aparte alinea's ,,,4,Tue Mar 24 2026 15:21:21 GMT+0100 (Midden-Europese standaardtijd),Tue Mar 31 2026 11:55:52 GMT+0200 (Midden-Europese zomertijd)
5dbdcf62-9c76-4ce1-b178-0cf52ac761a9,acb5ef98-eb1b-432a-97ff-552b0a126fc3,B004,4cb21fff-b4e0-4bd5-a312-f472f8541396,,resolved,,redacteur,"Onder de kop ""Spoedaanvraag"" staat een lijst met één item. Een lijst hoort twee of meer items te bevatten. De tekst kan beter als alinea worden opgemaakt.

Dit geld ook voor de pagina sportparken en sporthallen on de de kop Vergaderruimte 1",Vervang de lijst onder de kop door een alinea,,,2,Tue Mar 24 2026 12:45:53 GMT+0100 (Midden-Europese standaardtijd),Fri Apr 03 2026 09:43:25 GMT+0200 (Midden-Europese zomertijd)
eb16bf66-fddf-4648-a5e4-1c71c925466e,3f70b18e-a30c-462c-87c1-1787f6756edb,B012,cd31b01e-f6f1-4e3a-bbbe-c83d8c570848,,open,matig,redacteur,"Op de pagina is het organogram van de BEL Combinatie een link naar een grotere versie van de afbeelding. De afbeelding heeft geen alt-tekst, waardoor de link geen toegankelijke naam heeft. Gebruikers van hulpsoftware, zoals een schermlezer, weten daardoor niet dat er een link is en waar die naar verwijst. Dit issue valt ook onder succescriterium 4.1.2 (Naam, rol, waarde).","Geef de link een toegankelijke naam die het linkdoel beschrijft. Dat kan op twee manieren: geef de afbeelding een passend alt-attribuut (bijvoorbeeld alt=""Organogram van de BEL Combinatie, grotere weergave""), of voeg een aria-label toe aan het a-element zelf.",,,1,Fri Apr 24 2026 11:25:58 GMT+0200 (Midden-Europese zomertijd),Fri Apr 24 2026 11:25:58 GMT+0200 (Midden-Europese zomertijd)
c3f8c8b5-304f-419f-873f-92bddde346d9,dfc078cf-a6b5-4c92-b72e-15d5d1089804,B008,73fc903b-3e33-460d-a942-d5bfb3a34254,,open,matig,,"Op deze pagina staat een formulier waarbij het veld ""Telefoonnummer aanvragers"" het telefoonnummer van de gebruiker zelf opvraagt. Dit veld heeft geen autocomplete-attribuut, waardoor de browser en hulpsoftware het doel van het veld niet programmatisch kunnen bepalen. Daardoor werkt automatisch invullen (autofill) niet voor dit veld. Dit is een probleem voor mensen met een cognitieve beperking, mensen met dyslexie en mensen met een motorische beperking, die juist baat hebben bij autofill om fouten te vermijden en minder te hoeven typen.","Voeg bij het veld telefoonnummer het attribuut autocomplete=""tel-national"" toe.",,,2,Tue Mar 10 2026 15:43:22 GMT+0100 (Midden-Europese standaardtijd),Tue Mar 10 2026 15:44:59 GMT+0100 (Midden-Europese standaardtijd)
620ab3e8-05e9-4446-90b9-15f1449e7b32,dfc078cf-a6b5-4c92-b72e-15d5d1089804,B009,953b6042-bb8c-4124-ae4b-a5b1669fe425,,open,matig,,"Op de pagina staat een tekstveld met het label ""Namen bruidspaar"". Het label geeft niet aan welke invoer wordt verwacht. Het is nu onduidelijk of de gebruiker de volledige namen van beide partners afzonderlijk moet invullen, de gecombineerde huwelijksnaam of een andere notatie. Zonder instructie moet de gebruiker gokken wat de gemeente bedoelt. Dit is een probleem voor mensen met een cognitieve beperking, maar ook voor alle andere gebruikers die niet vertrouwd zijn met dit soort formulieren.","Voeg een instructie toe direct onder het label die aangeeft welke invoer wordt verwacht en in welk formaat. Bijvoorbeeld: ""Vul de voor- en achternamen van beide partners in, gescheiden door 'en'",,,1,Tue Mar 10 2026 15:57:46 GMT+0100 (Midden-Europese standaardtijd),Tue Mar 10 2026 15:57:46 GMT+0100 (Midden-Europese standaardtijd)
6e84da21-0faa-4b02-80d1-395a64f6e8c9,dfc078cf-a6b5-4c92-b72e-15d5d1089804,B007,953b6042-bb8c-4124-ae4b-a5b1669fe425,,open,klein,redacteur,"Op de pagina staat een formulierveld met het label ""Postcode en woonplaats"". Dit label is gekoppeld aan één enkel tekstveld. Het veld verwacht twee afzonderlijke gegevens namelijk een postcode én een woonplaats. Er ontbreekt een instructie over het verwachte invoerformaat. Het is voor de gebruiker niet duidelijk hoe de gegevens gecombineerd moeten worden ingevoerd: alleen de postcode, alleen de woonplaats, of beide achter elkaar (en zo ja, in welke volgorde en met welk scheidingsteken). Er is geen placeholder of instructietekst aanwezig die dit verduidelijkt. Dit is een probleem voor mensen die hulpsoftware gebruiken en voor gebruikers die niet bekend zijn met het verwachte invoerformaat.","Maak twee afzonderlijke velden met elk een eigen label: ""Postcode"" en ""Woonplaats"". ",,,0,Tue Mar 10 2026 14:55:30 GMT+0100 (Midden-Europese standaardtijd),Tue Mar 10 2026 14:55:30 GMT+0100 (Midden-Europese standaardtijd)
54d4d48a-0f0f-4b8b-b9c1-02b02c67db30,dfc078cf-a6b5-4c92-b72e-15d5d1089804,B010,1f36c6a9-6e39-462e-8051-67c0ac31e0b2,,open,matig,,"Op de pagina is het veld ""Telefoonnummer aanvragers"" aangemaakt als een numeriek veld (type=""number""). Een screenreader kondigt het veld hierdoor aan als een optelbaar getal in plaats van een telefoonnummer. Dit is verwarrend voor gebruikers die afhankelijk zijn van een screenreader.","Vervang het numerieke veld door het telefoonnummerveld dat beschikbaar is in het formuliersysteem. Dat veld heeft type=""tel"" en bevat ook een instructie over het verwachte formaat.",,,0,Tue Mar 10 2026 16:11:48 GMT+0100 (Midden-Europese standaardtijd),Tue Mar 10 2026 16:11:48 GMT+0100 (Midden-Europese standaardtijd)
fbbf46a4-d346-4085-a5c0-4856da16cb9f,dfc078cf-a6b5-4c92-b72e-15d5d1089804,B006,9b23fa6b-a0de-4779-b78a-2649f20d17e7,,resolved,,,"Op pagina's met formulieren is een versie voor hoog contrast aanwezig. Deze is aan te zetten door middel van een zogenaamde ""contrast switch"".

Dit succescriterium is volledig getest in de modus voor hoog contrast. De versie voor hoog contrast wordt gezien als een alternatief voor de standaard versie.

Hierdoor kunnen er contrastproblemen zijn in de standaard versie. Deze zijn verder niet beoordeeld.","Voorzie ook de standaard versie van voldoende kleurcontrast voor alle grafische elementen. Dit bevordert de toegankelijkheid van de website voor bezoekers met een zichtbeperking.

De versie voor hoog contrast kan dan vervolgens ingezet worden voor een ""verhoogd contrast"".",,,0,Mon Mar 09 2026 14:10:59 GMT+0100 (Midden-Europese standaardtijd),Sat Mar 21 2026 11:08:35 GMT+0100 (Midden-Europese standaardtijd)
15a6330b-856e-40e1-ab4e-af1ae5fc008e,6b40737b-a874-4e09-8b16-d4de37a18487,B004,35d250a4-d5a2-4d75-9ebd-6fc4c6da9cbc,,resolved,,ontwikkelaar,"Op de mijn omgeving van Urk is een versie voor hoog contrast aanwezig. Deze is aan te zetten door middel van een zogenaamde ""contrast switch"".
Dit succescriterium is volledig getest in de modus voor hoog contrast. De versie voor hoog contrast wordt gezien als een alternatief voor de standaard versie.

Hierdoor kunnen er contrastproblemen zijn in de standaard versie. Deze zijn verder niet beoordeeld..","Voorzie ook de standaard versie van voldoende kleurcontrast in alle teksten. Dit bevordert de toegankelijkheid van de website voor bezoekers met een zichtbeperking.

Teksten met voldoende kleurcontrast lezen ook makkelijker voor alle lezers. Het lezen is hierdoor minder intensief, kost minder energie en het lezen wordt (onbewust) als prettiger ervaren. Hierdoor is de lezer eerder geneigd om over te gaan tot activatie.

De versie voor hoog contrast kan dan vervolgens ingezet worden voor een ""verhoogd contrast"", waarbij wordt voldaan aan succescriterium WCAG 1.4.6 Verhoogd contrast (niveau AAA).",,,0,Mon Feb 02 2026 11:33:46 GMT+0100 (Midden-Europese standaardtijd),Sat Mar 21 2026 11:08:35 GMT+0100 (Midden-Europese standaardtijd)
f63b5906-5591-4b16-8f4f-426564f90147,dfc078cf-a6b5-4c92-b72e-15d5d1089804,B005,35d250a4-d5a2-4d75-9ebd-6fc4c6da9cbc,,resolved,,,"Op pagina's met formulieren is een versie voor hoog contrast aanwezig. Deze is aan te zetten door middel van een zogenaamde ""contrast switch"". Dit succescriterium is volledig getest in de modus voor hoog contrast. De versie voor hoog contrast wordt gezien als een alternatief voor de standaard versie.

Hierdoor kunnen er contrastproblemen zijn in de standaard versie. Deze zijn verder niet beoordeeld.","We adviseren om ook de standaard versie te voorzien van voldoende kleurcontrast in alle teksten. Dit bevordert de toegankelijkheid van de website voor bezoekers met een zichtbeperking.

Teksten met voldoende kleurcontrast lezen ook makkelijker voor alle lezers. Het lezen is hierdoor minder intensief, kost minder energie en het lezen wordt (onbewust) als prettiger ervaren. Hierdoor is de lezer eerder geneigd om over te gaan tot activatie.

De versie voor hoog contrast kan dan vervolgens ingezet worden voor een ""verhoogd contrast"", waarbij wordt voldaan aan succescriterium WCAG 1.4.6 Verhoogd contrast (niveau AAA).",,,0,Mon Mar 09 2026 11:58:18 GMT+0100 (Midden-Europese standaardtijd),Sat Mar 21 2026 11:08:35 GMT+0100 (Midden-Europese standaardtijd)
4554ef2b-e723-4c88-ba93-813ac024e0be,acb5ef98-eb1b-432a-97ff-552b0a126fc3,B002,cd31b01e-f6f1-4e3a-bbbe-c83d8c570848,,open,klein,redacteur,Op alle pagina’s van de website staat in de footer het telefoonnummer “14 030” als link. De linktekst beschrijft het doel van de link niet.,Zorg dat de linktekst het doel van de link duidelijk beschrijft. Gebruik bijvoorbeeld “Bel 14 030” of “Telefoonnummer: 14 030”.,,,0,Tue Mar 24 2026 12:10:23 GMT+0100 (Midden-Europese standaardtijd),Thu Apr 02 2026 11:33:21 GMT+0200 (Midden-Europese zomertijd)
879b4a56-c6d0-4066-843e-543c15285a77,acb5ef98-eb1b-432a-97ff-552b0a126fc3,B009,41d09e8c-c857-457c-a799-ffc0539e7722,,open,matig,redacteur,"Op de pagina staat onder de kop ""Hondenuitlaatkaart"" een interactieve kaart. Online kaarten vallen onder de wettelijke uitzondering, maar die uitzondering geldt alleen voor de kaarttechniek, niet voor de informatie die via de kaart wordt aangeboden. De kaart toont twee soorten informatie: de losloopvelden en de routes tussen die velden. De losloopvelden zijn ook als tekst beschikbaar op de pagina, in de lijst onder ""Losloopgebieden in IJsselstein"". De routes zijn dat niet. De tekst vermeldt alleen dat deze routes bestaan en dat daarop aanlijn- en opruimplicht geldt, maar welke straten of paden de routes volgen is uitsluitend via de kaart te achterhalen. Daarmee is de kaart de enige manier om deze informatie te verkrijgen.","Voeg op de pagina een tekstuele beschrijving toe van de hondenuitlaatroutes, bijvoorbeeld als een lijst van straten of paden per route. Zo is de informatie ook beschikbaar voor gebruikers die de kaart niet kunnen gebruiken.",,,0,Tue Mar 24 2026 17:00:27 GMT+0100 (Midden-Europese standaardtijd),Tue Mar 24 2026 17:02:27 GMT+0100 (Midden-Europese standaardtijd)
d195bf41-f5ce-4fc6-9c63-7ac654dddf9d,acb5ef98-eb1b-432a-97ff-552b0a126fc3,B016,cf8f7d38-2002-4ede-aa09-a382fd4c22f5,,open,serieus,redacteur,"Op de pagina staan twee promotieafbeeldingen voor de IJsselstein-route en de IJsselveld-route. Deze afbeeldingen bevatten tekstuele informatie, zoals de routenaam, een beschrijving, app-functies en routeafstanden. Deze informatie is niet als tekst beschikbaar op de pagina.","Zorg dat de informatie uit de afbeeldingen ook als tekst op de pagina beschikbaar is, zodat deze door hulpsoftware gelezen en door gebruikers aangepast kan worden.
",,,0,Wed Mar 25 2026 10:45:49 GMT+0100 (Midden-Europese standaardtijd),Thu Apr 02 2026 11:29:19 GMT+0200 (Midden-Europese zomertijd)
8a8e0786-d896-4b80-9e1b-d90909414347,acb5ef98-eb1b-432a-97ff-552b0a126fc3,B013,41d09e8c-c857-457c-a799-ffc0539e7722,,open,klein,redacteur,De twee afbeeldingen van QR-FIT paaltjes zijn voorzien van een alt-tekst. De afbeeldingen zijn decoratief omdat ze geen informatie bevatten die niet al in de omringende tekst staat.,"Voorzie beide afbeeldingen van een leeg alt-tekst: alt="""".",,,1,Tue Mar 24 2026 21:35:59 GMT+0100 (Midden-Europese standaardtijd),Wed Mar 25 2026 09:27:02 GMT+0100 (Midden-Europese standaardtijd)
3cf4873f-30c4-4e60-a998-d45e4d152198,acb5ef98-eb1b-432a-97ff-552b0a126fc3,B014,41d09e8c-c857-457c-a799-ffc0539e7722,,open,serieus,redacteur,"De twee promotieafbeeldingen zijn aanklikbare links die de afbeelding vergroot openen. De alt-teksten beschrijven de afbeelding, niet het linkdoel. Voorleessoftware kondigt de links aan als ""QR-route IJsselstein"" en ""QR-route IJsselveld"", zonder dat duidelijk is wat er bij klikken gebeurt.","Pas de alt-tekst aan zodat het linkdoel duidelijk is, bijvoorbeeld alt=""Vergroot promotiekaart QR-FIT route IJsselstein"" en alt=""Vergroot promotiekaart QR-FIT route IJsselveld"".
",,,2,Wed Mar 25 2026 09:22:26 GMT+0100 (Midden-Europese standaardtijd),Wed Mar 25 2026 10:33:23 GMT+0100 (Midden-Europese standaardtijd)
9cf5b4a0-8940-41d3-8dec-0560f7bd654b,b160cb88-c117-43c1-ac24-66c9da3f77b8,B013,41d09e8c-c857-457c-a799-ffc0539e7722,,resolved,klein,redacteur,De twee afbeeldingen van QR-FIT paaltjes zijn voorzien van een alt-tekst. De afbeeldingen zijn decoratief omdat ze geen informatie bevatten die niet al in de omringende tekst staat.,"Voorzie beide afbeeldingen van een leeg alt-tekst: alt="""".",,,1,Wed Jun 03 2026 15:46:06 GMT+0200 (Midden-Europese zomertijd),Thu Jun 04 2026 13:45:42 GMT+0200 (Midden-Europese zomertijd)
5e914bc1-e8ce-4720-9a03-5607ecac9a75,acb5ef98-eb1b-432a-97ff-552b0a126fc3,B012,4cb21fff-b4e0-4bd5-a312-f472f8541396,,open,klein,redacteur,"Op de pagina staat onder de knop ""Openbaar oplaadpunt aanvragen"" een tekst die volledig in em is geplaatst. De cursief-opmaak is echter al geregeld via de CSS-klasse italic op de span-element. De em is dubbelop en kan worden weggelaten.",Verwijder de cursief-opmaak in het CMS. De tekst behoudt zijn uiterlijk via de italic-klasse.,,,7,Tue Mar 24 2026 17:50:56 GMT+0100 (Midden-Europese standaardtijd),Thu Apr 02 2026 11:03:45 GMT+0200 (Midden-Europese zomertijd)
41c6a696-f549-469f-96e9-8f9636175b80,acb5ef98-eb1b-432a-97ff-552b0a126fc3,B019,cd31b01e-f6f1-4e3a-bbbe-c83d8c570848,,open,matig,redacteur,Op de pagina staat een knop met de tekst “Aanmelden”. Deze linktekst beschrijft het doel van de link niet.,Zorg dat de linktekst het doel van de link duidelijk beschrijft. Gebruik bijvoorbeeld “Aanmelden voor de groene dakenactie”.,,,3,Wed Mar 25 2026 17:04:01 GMT+0100 (Midden-Europese standaardtijd),Thu Apr 02 2026 11:37:32 GMT+0200 (Midden-Europese zomertijd)
9bf50a9a-aeab-4466-9ea4-6d8fafd94a06,acb5ef98-eb1b-432a-97ff-552b0a126fc3,B018,d1d29352-2853-4671-bd37-d2b466ab1cd0,,open,matig,redacteur,"In het snelmenu staat een link met de zichtbare tekst “Melding doen”. De toegankelijke naam van deze link is echter “Melding, klacht of bezwaar”. De zichtbare tekst komt niet voor in de toegankelijke naam.","Zorg dat de zichtbare tekst onderdeel is van de toegankelijke naam. Pas bijvoorbeeld het aria-label aan naar “Melding doen, klacht of bezwaar” of verwijder het aria-label zodat de zichtbare tekst als toegankelijke naam wordt gebruikt.",,,0,Wed Mar 25 2026 15:58:19 GMT+0100 (Midden-Europese standaardtijd),Thu Apr 02 2026 11:43:00 GMT+0200 (Midden-Europese zomertijd)
e4e573b4-e27f-4062-90eb-6ff1524b4168,acb5ef98-eb1b-432a-97ff-552b0a126fc3,B010,a831e91c-9db5-42ed-98b0-859517e99564,,open,matig,redacteur,"Op alle pagina’s in het hoofdmenu staan twee links die naar dezelfde pagina verwijzen (/werken-bij-de-gemeente-ijsselstein), maar een verschillend label hebben: “Werken bij de Gemeente IJsselstein” en “Vacatures”.","Zorg dat links die naar dezelfde pagina verwijzen hetzelfde label hebben. Gebruik één consistente naam, bijvoorbeeld “Vacatures” of “Werken bij de gemeente”, en pas dit toe in beide menuonderdelen.",,,0,Tue Mar 24 2026 17:25:05 GMT+0100 (Midden-Europese standaardtijd),Thu Apr 02 2026 11:49:28 GMT+0200 (Midden-Europese zomertijd)
553913cb-d5cc-474b-95c1-74084d36d46a,acb5ef98-eb1b-432a-97ff-552b0a126fc3,B012,cd31b01e-f6f1-4e3a-bbbe-c83d8c570848,,resolved,,redacteur,"Op de pagina staat een link naar een pdf-document. De linktekst luidt ""Algemene Voorwaarden gemeentelijke sportaccommodaties in IJsselstein"". De aanduiding ""(pdf, 95 kB)"" staat wel in hetzelfde lijstitem maar buiten de link. In de context van de pagina is het daardoor duidelijk dat de link een pdf-document opent.  Wie via een linklijst navigeert ziet alleen de linktekst zonder die aanduiding. Dit is vooral van belang voor gebruikers van een schermlezer.",Neem de bestandsaanduiding op in de linktekst zelf.,,,1,Tue Mar 24 2026 18:27:43 GMT+0100 (Midden-Europese standaardtijd),Fri Apr 03 2026 09:44:13 GMT+0200 (Midden-Europese zomertijd)
35817b5e-3125-440e-95f5-9a752e4f2f57,acb5ef98-eb1b-432a-97ff-552b0a126fc3,B017,cd31b01e-f6f1-4e3a-bbbe-c83d8c570848,,open,matig,redacteur,Op de pagina staan twee afbeeldingen die als link zijn opgemaakt en verwijzen naar een grotere versie van de routekaart. De naam van de link wordt bepaald door de alt-tekst van de afbeelding (“QR-route IJsselstein” en “QR-route IJsselveld”). Hieruit blijkt niet dat de link naar een grotere versie leidt.,"Zorg dat het linkdoel duidelijk wordt uit de linktekst. Pas de alt-tekst van de afbeeldingen aan, bijvoorbeeld naar “QR-route IJsselstein, bekijk grotere versie” en “QR-route IJsselveld, bekijk grotere versie”.",,,2,Wed Mar 25 2026 12:49:45 GMT+0100 (Midden-Europese standaardtijd),Fri Apr 03 2026 09:45:14 GMT+0200 (Midden-Europese zomertijd)
071614ce-7605-4e25-913f-387a8b58c232,b160cb88-c117-43c1-ac24-66c9da3f77b8,B012,4cb21fff-b4e0-4bd5-a312-f472f8541396,,open,klein,redacteur,"Op de pagina staat onder de knop ""Openbaar oplaadpunt aanvragen"" een tekst die volledig in em is geplaatst. De cursief-opmaak is echter al geregeld via de CSS-klasse italic op de span-element. De em is dubbelop en kan worden weggelaten.",Verwijder de cursief-opmaak in het CMS. De tekst behoudt zijn uiterlijk via de italic-klasse.,,,7,Wed Jun 03 2026 15:46:06 GMT+0200 (Midden-Europese zomertijd),Wed Jun 03 2026 15:46:06 GMT+0200 (Midden-Europese zomertijd)
12888f20-0459-44a6-a455-64798e885d56,21a690ed-3af7-426d-ae0d-8b5c6218c565,B007,1f36c6a9-6e39-462e-8051-67c0ac31e0b2,,open,matig,redacteur,"Rondom de Fixi-poster op de pagina zit een link naar https://fixi.nl. Deze link bevat alleen een afbeelding zonder tekstalternatief en heeft ook geen aria-label. Hulpsoftware kondigt de link daarom aan zonder naam, of leest alleen de URL voor. Gebruikers weten niet welke functie de link heeft.","Zorg dat de link een toegankelijke naam heeft. Dit kan door de link een aria-label te geven, bijvoorbeeld aria-label=""Ga naar Fixi.nl om een melding te doen"".",,,0,Thu Jul 02 2026 20:56:12 GMT+0200 (Midden-Europese zomertijd),Thu Jul 02 2026 20:56:12 GMT+0200 (Midden-Europese zomertijd)
d2a7b959-36f9-483c-9a6b-48704b9fea9c,acb5ef98-eb1b-432a-97ff-552b0a126fc3,B025,4cb21fff-b4e0-4bd5-a312-f472f8541396,,open,klein,redacteur,"Op de pagina staat een lege kop h2 direct na de tekst ""Postbus 26, 3400 AA IJsselstein"". De kop bevat geen tekst. Screenreaders kondigen deze kop aan zonder inhoud, wat verwarrend is voor gebruikers die via koppen navigeren.",Verwijder de lege h2 kop. ,,,10,Thu Mar 26 2026 16:35:41 GMT+0100 (Midden-Europese standaardtijd),Thu Mar 26 2026 16:35:41 GMT+0100 (Midden-Europese standaardtijd)
272b24e6-bd15-4bf8-ba0a-bd121c12a54f,acb5ef98-eb1b-432a-97ff-552b0a126fc3,B027,c5da9884-1520-4257-9c7c-cfdf3e78c7a6,,open,matig,redacteur,Het PDF-document heeft geen documenttitel. Hierdoor is de titel van het document niet programmatisch bepaald.,Voeg een documenttitel toe in de documenteigenschappen van de PDF en stel in dat deze wordt weergegeven in de titelbalk van het document. Bijvoorbeeld: “Organogram Gemeente IJsselstein”.,,,0,Thu Mar 26 2026 19:17:20 GMT+0100 (Midden-Europese standaardtijd),Thu Apr 02 2026 11:31:58 GMT+0200 (Midden-Europese zomertijd)
95c9c209-231b-4edd-a2e2-bb779ef428f3,acb5ef98-eb1b-432a-97ff-552b0a126fc3,B033,4cb21fff-b4e0-4bd5-a312-f472f8541396,,open,serieus,redacteur,"In het PDF-document staan bij de antwoordopties selectievakjes die alleen visueel worden weergegeven (bijvoorbeeld als vierkantjes of symbolen). De relatie dat deze elementen keuzemogelijkheden voorstellen, is niet programmatisch vastgelegd. Hierdoor is het voor gebruikers van hulpsoftware niet duidelijk dat het om opties gaat waaruit gekozen kan worden.","Zorg dat de betekenis van de selectievakjes programmatisch wordt overgebracht. Bijvoorbeeld door de vakjes te voorzien van een tekstueel equivalent (zoals “selectievakje”) en deze correct op te nemen in de structuur van het document, zodat hulpsoftware kan herkennen dat het om keuzemogelijkheden gaat.",,,16,Thu Apr 02 2026 10:51:29 GMT+0200 (Midden-Europese zomertijd),Fri Apr 03 2026 09:39:08 GMT+0200 (Midden-Europese zomertijd)
62e8504e-3562-472e-a495-38cde97002d4,0cfcaf8d-bd5d-4614-82ef-13de9c61ca62,B004,35d250a4-d5a2-4d75-9ebd-6fc4c6da9cbc,,resolved,,,"Op de website is een versie voor hoog contrast aanwezig. Deze is aan te zetten door middel van een zogenaamde ""contrast switch"".

Dit succescriterium is volledig getest in de modus voor hoog contrast. De versie voor hoog contrast wordt gezien als een alternatief voor de standaard versie.

Hierdoor kunnen er contrastproblemen zijn in de standaard versie. Deze zijn verder niet beoordeeld.","We adviseren om ook de standaard versie te voorzien van voldoende kleurcontrast in alle teksten. Dit bevordert de toegankelijkheid van de website voor bezoekers met een zichtbeperking.

Teksten met voldoende kleurcontrast lezen ook makkelijker voor alle lezers. Het lezen is hierdoor minder intensief, kost minder energie en het lezen wordt (onbewust) als prettiger ervaren. Hierdoor is de lezer eerder geneigd om over te gaan tot activatie.

De versie voor hoog contrast kan dan vervolgens ingezet worden voor een ""verhoogd contrast"", waarbij wordt voldaan aan succescriterium WCAG 1.4.6 Verhoogd contrast (niveau AAA).",,,0,Fri Apr 24 2026 12:28:30 GMT+0200 (Midden-Europese zomertijd),Fri Apr 24 2026 12:30:39 GMT+0200 (Midden-Europese zomertijd)
8813d468-e56c-4b79-8aff-177e8b1fa2d8,0cfcaf8d-bd5d-4614-82ef-13de9c61ca62,B005,9b23fa6b-a0de-4779-b78a-2649f20d17e7,,resolved,,,"Op de website is een versie voor hoog contrast aanwezig. Deze is aan te zetten door middel van een zogenaamde ""contrast switch"".

Dit succescriterium is volledig getest in de modus voor hoog contrast. De versie voor hoog contrast wordt gezien als een alternatief voor de standaard versie.

Hierdoor kunnen er contrastproblemen zijn met grafische elementen in de standaard versie. Deze zijn verder niet beoordeeld.","We adviseren om ook de standaard versie te voorzien van voldoende contrast voor grafische elementen, zoals iconen, knoppen en formuliervelden. Dit bevordert de toegankelijkheid van de website voor bezoekers met een zichtbeperking.

De versie voor hoog contrast kan dan vervolgens ingezet worden voor een ""verhoogd contrast"".",,,0,Fri Apr 24 2026 12:28:32 GMT+0200 (Midden-Europese zomertijd),Fri Apr 24 2026 12:32:07 GMT+0200 (Midden-Europese zomertijd)
92441466-0e9f-4cad-bd43-4f59b50243bc,187ee560-4a80-40ad-bc89-8a1f3f69c80e,B004,967dd178-96c9-487f-aaf9-6508032abe65,,resolved,,,"Op meerdere pagina's staat de kop ""Of zoekt u…"" boven een lijst met onderwerpen, bijvoorbeeld op de homepage met onderwerpen zoals ""Niet ingezetenen (RNI)"", ""Parkeren"" en ""Uittreksels"". Dit is geen beschrijvende kop. De kop maakt niet duidelijk welke informatie er onder staat.","Kies een kop die beschrijft wat er onder staat, bijvoorbeeld ""Veelgezochte onderwerpen"".",,,0,Sat May 02 2026 13:19:24 GMT+0200 (Midden-Europese zomertijd),Mon May 04 2026 16:15:32 GMT+0200 (Midden-Europese zomertijd)
309190e7-f79e-402e-8371-1aec7c14453e,b160cb88-c117-43c1-ac24-66c9da3f77b8,B019,cd31b01e-f6f1-4e3a-bbbe-c83d8c570848,,open,matig,redacteur,Op de pagina staat een knop met de tekst “Aanmelden”. Deze linktekst beschrijft het doel van de link niet.,Zorg dat de linktekst het doel van de link duidelijk beschrijft. Gebruik bijvoorbeeld “Aanmelden voor de groene dakenactie”.,,,3,Wed Jun 03 2026 15:46:06 GMT+0200 (Midden-Europese zomertijd),Wed Jun 03 2026 15:46:06 GMT+0200 (Midden-Europese zomertijd)
8005a5dc-faae-4d73-b534-d7b3807f8b4b,b160cb88-c117-43c1-ac24-66c9da3f77b8,B018,d1d29352-2853-4671-bd37-d2b466ab1cd0,,open,matig,redacteur,"In het snelmenu staat een link met de zichtbare tekst “Melding doen”. De toegankelijke naam van deze link is echter “Melding, klacht of bezwaar”. De zichtbare tekst komt niet voor in de toegankelijke naam.","Zorg dat de zichtbare tekst onderdeel is van de toegankelijke naam. Pas bijvoorbeeld het aria-label aan naar “Melding doen, klacht of bezwaar” of verwijder het aria-label zodat de zichtbare tekst als toegankelijke naam wordt gebruikt.",,,0,Wed Jun 03 2026 15:46:06 GMT+0200 (Midden-Europese zomertijd),Wed Jun 03 2026 15:46:06 GMT+0200 (Midden-Europese zomertijd)
f4f16d9b-5c8e-48c4-977c-4284d8fcde7d,b160cb88-c117-43c1-ac24-66c9da3f77b8,B012,cd31b01e-f6f1-4e3a-bbbe-c83d8c570848,,resolved,,redacteur,"Op de pagina staat een link naar een pdf-document. De linktekst luidt ""Algemene Voorwaarden gemeentelijke sportaccommodaties in IJsselstein"". De aanduiding ""(pdf, 95 kB)"" staat wel in hetzelfde lijstitem maar buiten de link. In de context van de pagina is het daardoor duidelijk dat de link een pdf-document opent.  Wie via een linklijst navigeert ziet alleen de linktekst zonder die aanduiding. Dit is vooral van belang voor gebruikers van een schermlezer.",Neem de bestandsaanduiding op in de linktekst zelf.,,,1,Wed Jun 03 2026 15:46:06 GMT+0200 (Midden-Europese zomertijd),Wed Jun 03 2026 15:46:06 GMT+0200 (Midden-Europese zomertijd)
f1cf5fe5-39ab-440e-bc05-3e6ff2190274,acb5ef98-eb1b-432a-97ff-552b0a126fc3,B033,9b23fa6b-a0de-4779-b78a-2649f20d17e7,,resolved,,,"Op de website is een versie voor hoog contrast aanwezig. Deze is aan te zetten door middel van een zogenaamde ""contrast switch"".

Dit succescriterium is volledig getest in de modus voor hoog contrast. De versie voor hoog contrast wordt gezien als een alternatief voor de standaard versie.

Hierdoor kunnen er contrastproblemen zijn met grafische elementen in de standaard versie. Deze zijn verder niet beoordeeld.","We adviseren om ook de standaard versie te voorzien van voldoende contrast voor grafische elementen, zoals iconen, knoppen en formuliervelden. Dit bevordert de toegankelijkheid van de website voor bezoekers met een zichtbeperking.

De versie voor hoog contrast kan dan vervolgens ingezet worden voor een ""verhoogd contrast"".",,,0,Wed Apr 01 2026 15:15:53 GMT+0200 (Midden-Europese zomertijd),Tue Apr 21 2026 18:45:03 GMT+0200 (Midden-Europese zomertijd)
e6d1b91b-44ea-4f23-bfe4-e7dc46050df1,acb5ef98-eb1b-432a-97ff-552b0a126fc3,B028,4cb21fff-b4e0-4bd5-a312-f472f8541396,,open,serieus,redacteur,"In het PDF-document is op pagina 1 het kader met de tekst “BELANGRIJK!” en bijbehorende opsomming opgemaakt als tabel, terwijl deze alleen voor vormgeving wordt gebruikt. Hulpsoftware kondigt dit daardoor onterecht aan als tabel.

Hetzelfde geldt voor de keuzeopties onder “3. Soort onderwijs”. Ook deze zijn opgemaakt als tabel zonder dat er sprake is van tabelgegevens. Hierdoor worden deze door hulpsoftware onjuist als tabel aangekondigd.",Gebruik geen tabellen voor opmaak. Vervang deze in het bronbestand door een lijst of platte tekst met een logische structuur en exporteer het document opnieuw als PDF.,,,12,Tue Mar 31 2026 09:43:45 GMT+0200 (Midden-Europese zomertijd),Thu Apr 02 2026 11:16:44 GMT+0200 (Midden-Europese zomertijd)
6d2c1c9c-091e-47c2-92c0-1c163db2fcaf,acb5ef98-eb1b-432a-97ff-552b0a126fc3,B015,35d250a4-d5a2-4d75-9ebd-6fc4c6da9cbc,,open,serieus,redacteur,"De pagina is gecontroleerd met de hoogcontrastmodus ingeschakeld. In de promotieafbeeldingen “SCAN JE FIT!” (IJsselstein en IJsselveld) staat tekst met onvoldoende contrast. De tekst “Download de gratis QR-FIT app:” en de kaartlabels “IJsselstein” en “IJsselveld” hebben een contrastverhouding van 3,1:1 (#949494 op wit), terwijl minimaal 4,5:1 vereist is.","Zorg dat de tekst in de promotieafbeeldingen voldoende contrast heeft. Gebruik bijvoorbeeld een donkerdere kleur, zoals #767676 of donkerder, zodat minimaal 4,5:1 wordt gehaald.",,,0,Wed Mar 25 2026 10:19:58 GMT+0100 (Midden-Europese standaardtijd),Thu Apr 02 2026 11:26:45 GMT+0200 (Midden-Europese zomertijd)
2f06b863-23fa-4277-a86d-97a66e813009,acb5ef98-eb1b-432a-97ff-552b0a126fc3,B022,41d09e8c-c857-457c-a799-ffc0539e7722,,open,matig,redacteur,"Op de pagina staat een infographic over de Economische Visie 2024-2030. De alt-tekst luidt: ""Economische Visie 2024-2030. Lees de uitgeschreven tekst op deze pagina."" Deze tekst verwijst naar de paginatekst als alternatief, maar de paginatekst dekt de inhoud van de infographic niet volledig. Zo ontbreken de slogan ""Sterk geworteld ondernemerschap met een wijde blik"" en de drie visuele clusters met de labels ""belanghebbenden"", ""ligging"" en ""ambitie"", inclusief de bijbehorende beschrijvingen. Gebruikers die de afbeelding niet kunnen zien, missen daarmee een deel van de inhoud.","Schrijf de volledige inhoud van de infographic uit als tekst op de pagina, inclusief de slogan, de drie clusters en de bijbehorende labels. Pas de alt-tekst aan zodat deze verwijst naar de plek op de pagina waar die beschrijving staat.",,,3,Wed Mar 25 2026 21:30:08 GMT+0100 (Midden-Europese standaardtijd),Fri Apr 03 2026 09:35:25 GMT+0200 (Midden-Europese zomertijd)
3dd8066a-96d5-4fdf-a7cf-a103c8c0caea,acb5ef98-eb1b-432a-97ff-552b0a126fc3,B032,4cb21fff-b4e0-4bd5-a312-f472f8541396,,open,matig,redacteur,"In het PDF-document wordt het organogram van de organisatiestructuur visueel weergegeven met behulp van positionering en verbindingslijnen. De hiërarchische relaties tussen de onderdelen worden alleen visueel overgebracht en zijn niet programmatisch vastgelegd. De verschillende onderdelen zijn opgemaakt als losse alinea’s (P-elementen), waardoor de onderlinge relaties niet bepaald kunnen worden.",Zorg dat de hiërarchische structuur van het organogram programmatisch wordt overgebracht. Dit kan bijvoorbeeld door een geneste lijststructuur of een tekstueel alternatief toe te voegen waarin de relaties tussen de onderdelen duidelijk worden beschreven.,,,15,Tue Mar 31 2026 11:50:16 GMT+0200 (Midden-Europese zomertijd),Thu Apr 02 2026 11:22:17 GMT+0200 (Midden-Europese zomertijd)
4879d36e-0d5d-48fa-9dab-313ef83516da,acb5ef98-eb1b-432a-97ff-552b0a126fc3,B026,41d09e8c-c857-457c-a799-ffc0539e7722,,open,klein,redacteur,"In het PDF-document staat het logo van Gemeente IJsselstein zonder tekstalternatief. Omdat de afbeelding niet getagd is, komt het logo niet voor in de tagstructuur en is het niet toegankelijk voor hulpsoftware.","Voorzie het logo in het bronbestand van een alternatieve tekst ""Gemeente IJsselstein"" en exporteer het document opnieuw als PDF.",,,6,Mon Mar 30 2026 18:39:36 GMT+0200 (Midden-Europese zomertijd),Fri Apr 03 2026 09:36:10 GMT+0200 (Midden-Europese zomertijd)
8c8e12af-6d73-47f2-b566-4a9dd1190faa,acb5ef98-eb1b-432a-97ff-552b0a126fc3,B029,4cb21fff-b4e0-4bd5-a312-f472f8541396,,open,serieus,redacteur,"In het PDF-document ontbreken koppen in de documentstructuur. De titel “Aanvraagformulier bekostiging leerlingenvervoer schooljaar 2025-2026” en de sectiekoppen, zoals “1. Gegevens leerling” en “2. Gegevens school”, zijn visueel als koppen opgemaakt, maar niet als koppen getagd. Hierdoor is de structuur van het document niet programmatisch bepaald.","Zorg dat alle koppen in het document correct worden opgemaakt met kopstijlen in de bronapplicatie en exporteer het document opnieuw als getagde PDF, zodat de koppen als H1, H2, H3, enzovoort in de structuur worden opgenomen.",,,13,Tue Mar 31 2026 09:55:18 GMT+0200 (Midden-Europese zomertijd),Fri Apr 03 2026 09:37:56 GMT+0200 (Midden-Europese zomertijd)
debb9bed-60fa-42c9-a4bf-c1c25118579d,40e99423-9ded-4123-b726-c0e467b79843,B002,967dd178-96c9-487f-aaf9-6508032abe65,,open,klein,redacteur,"Op de homepage staat een kop H2 met de tekst ""Of bent u op zoek naar..."". Deze kop beschrijft de inhoud van de sectie niet, maar stelt een vraag. Hierdoor is het voor gebruikers die via koppen navigeren niet duidelijk wat er in deze sectie staat.","Vervang de kop door een beschrijvende titel die aangeeft wat de sectie bevat, bijvoorbeeld ""Veelgevraagde onderwerpen"" of ""Populaire onderwerpen"".",,,0,Wed Apr 08 2026 12:09:59 GMT+0200 (Midden-Europese zomertijd),Wed Apr 08 2026 12:09:59 GMT+0200 (Midden-Europese zomertijd)
8958df1a-5844-44d6-87aa-2756e45e9d83,b160cb88-c117-43c1-ac24-66c9da3f77b8,B017,cd31b01e-f6f1-4e3a-bbbe-c83d8c570848,,open,matig,redacteur,Op de pagina staan twee afbeeldingen die als link zijn opgemaakt en verwijzen naar een grotere versie van de routekaart. De naam van de link wordt bepaald door de alt-tekst van de afbeelding (“QR-route IJsselstein” en “QR-route IJsselveld”). Hieruit blijkt niet dat de link naar een grotere versie leidt.,"Zorg dat het linkdoel duidelijk wordt uit de linktekst. Pas de alt-tekst van de afbeeldingen aan, bijvoorbeeld naar “QR-route IJsselstein, bekijk grotere versie” en “QR-route IJsselveld, bekijk grotere versie”.",,,2,Wed Jun 03 2026 15:46:06 GMT+0200 (Midden-Europese zomertijd),Wed Jun 03 2026 15:46:06 GMT+0200 (Midden-Europese zomertijd)
19545deb-7cd7-4073-a351-627b950ef3a9,40e99423-9ded-4123-b726-c0e467b79843,B004,4cb21fff-b4e0-4bd5-a312-f472f8541396,,open,matig,redacteur,"Op meerdere pagina’s klopt de koppenstructuur niet, waardoor de hiërarchie van de content niet goed wordt overgebracht aan hulpsoftware.

Op de pagina bekendmakingen en verordeningen volgt na de paginatitel (h1) direct een aantal koppen van niveau h3, zoals “Bekendmakingen”, “Verordeningen” en “Bekendmakingen in uw buurt of wijk”. Het niveau h2 ontbreekt, waardoor de structuur een stap overslaat.

Op de pagina duurzaam is de kop “Laren Duurzaam” opgemaakt als h2. De onderliggende berichten, zoals “Isolatieactie” en “Energieklus” zijn ook als h2 opgemaakt. Hierdoor is niet duidelijk dat deze onderdelen onder “Laren Duurzaam” vallen. 

Dit zorgt ervoor dat gebruikers van schermlezers de structuur van de pagina minder goed kunnen begrijpen en moeilijker kunnen navigeren.","Zorg voor een logische en opeenvolgende koppenstructuur zonder niveaus over te slaan. Gebruik op de pagina “Bekendmakingen en verordeningen” koppen van niveau h2 in plaats van h3. Laat op de pagina “Duurzaam” de kop “Laren Duurzaam” staan als h2 en geef de onderliggende berichten een lager kopniveau,",,,2,Wed Apr 08 2026 12:32:50 GMT+0200 (Midden-Europese zomertijd),Mon Apr 13 2026 12:19:14 GMT+0200 (Midden-Europese zomertijd)
c40191ac-b095-47b1-995a-2f070ac75720,b160cb88-c117-43c1-ac24-66c9da3f77b8,B025,4cb21fff-b4e0-4bd5-a312-f472f8541396,,open,klein,redacteur,"Op de pagina staat een lege kop h2 direct na de tekst ""Postbus 26, 3400 AA IJsselstein"". De kop bevat geen tekst. Screenreaders kondigen deze kop aan zonder inhoud, wat verwarrend is voor gebruikers die via koppen navigeren.",Verwijder de lege h2 kop. ,,,10,Wed Jun 03 2026 15:46:06 GMT+0200 (Midden-Europese zomertijd),Wed Jun 03 2026 15:46:06 GMT+0200 (Midden-Europese zomertijd)
1a938d41-ecf7-4724-a752-f8e9ba2f38e8,21a690ed-3af7-426d-ae0d-8b5c6218c565,B008,41d09e8c-c857-457c-a799-ffc0539e7722,,open,klein,redacteur,"Op de pagina staat bovenaan een stappenplan-afbeelding met vijf stappen voor het aanvragen van een omgevingsvergunning. De afbeelding bevat inhoudelijke tekst, iconen en contactgegevens. Het huidige tekstalternatief is alleen ""Nieuwe werkwijze aanvraag omgevingswet"" en beschrijft niet dat het om een stappenplan gaat. Gebruikers die de website met een schermlezer bezoeken, weten daardoor niet dat het een overzicht is met vijf stappen.","De volledige inhoud van het stappenplan staat al elders op de pagina in de uitklapbare secties per stap. Vul het tekstalternatief van de afbeelding aan zodat duidelijk wordt dat het om een stappenplan gaat, bijvoorbeeld ""Stappenplan met vijf stappen voor het aanvragen van een omgevingsvergunning. De volledige toelichting staat in de secties hieronder"".",,,2,Thu Jul 02 2026 21:05:21 GMT+0200 (Midden-Europese zomertijd),Thu Jul 02 2026 21:05:21 GMT+0200 (Midden-Europese zomertijd)
102ac62c-6b7b-4b56-ab6a-6c0114673c5b,b160cb88-c117-43c1-ac24-66c9da3f77b8,B033,9b23fa6b-a0de-4779-b78a-2649f20d17e7,,resolved,,,"Op de website is een versie voor hoog contrast aanwezig. Deze is aan te zetten door middel van een zogenaamde ""contrast switch"".

Dit succescriterium is volledig getest in de modus voor hoog contrast. De versie voor hoog contrast wordt gezien als een alternatief voor de standaard versie.

Hierdoor kunnen er contrastproblemen zijn met grafische elementen in de standaard versie. Deze zijn verder niet beoordeeld.","We adviseren om ook de standaard versie te voorzien van voldoende contrast voor grafische elementen, zoals iconen, knoppen en formuliervelden. Dit bevordert de toegankelijkheid van de website voor bezoekers met een zichtbeperking.

De versie voor hoog contrast kan dan vervolgens ingezet worden voor een ""verhoogd contrast"".",,,0,Wed Jun 03 2026 15:46:06 GMT+0200 (Midden-Europese zomertijd),Wed Jun 03 2026 15:46:06 GMT+0200 (Midden-Europese zomertijd)
74e81ae0-2e83-42d7-b9e3-3cb15f24b887,b160cb88-c117-43c1-ac24-66c9da3f77b8,B027,c5da9884-1520-4257-9c7c-cfdf3e78c7a6,,resolved,matig,redacteur,Het PDF-document heeft geen documenttitel. Hierdoor is de titel van het document niet programmatisch bepaald.,Voeg een documenttitel toe in de documenteigenschappen van de PDF en stel in dat deze wordt weergegeven in de titelbalk van het document. Bijvoorbeeld: “Organogram Gemeente IJsselstein”.,,,0,Wed Jun 03 2026 15:46:06 GMT+0200 (Midden-Europese zomertijd),Wed Jun 03 2026 20:43:30 GMT+0200 (Midden-Europese zomertijd)
941a8c1d-b295-46bc-bccb-3bb776a13ecc,40e99423-9ded-4123-b726-c0e467b79843,B011,967dd178-96c9-487f-aaf9-6508032abe65,,open,klein,redacteur,De Kop “Wees dit voor” op deze pagina beschrijft het onderwerp van de sectie niet duidelijk. Ook binnen de paginacontext blijft de betekenis onduidelijk. Hierdoor is voor gebruikers die via koppen navigeren niet duidelijk wat zij in deze sectie kunnen verwachten.,"Gebruik een beschrijvende koptekst die het onderwerp van de alinea weergeeft, zoals ""Regelmatig onderhoud voorkomt overlast"".",,,1,Thu Apr 09 2026 10:05:31 GMT+0200 (Midden-Europese zomertijd),Thu Apr 09 2026 10:05:31 GMT+0200 (Midden-Europese zomertijd)
3aff2c4d-1f85-4580-bc9f-f1144cb0c3fe,6b427de6-113e-496c-adba-0645686f1a1d,B002,967dd178-96c9-487f-aaf9-6508032abe65,,open,klein,redacteur,"Op de homepage staat een kop H2 met de tekst ""Of bent u op zoek naar..."". Deze kop beschrijft de inhoud van de sectie niet, maar stelt een vraag. Hierdoor is het voor gebruikers die via koppen navigeren niet duidelijk wat er in deze sectie staat.
","Vervang de kop door een beschrijvende titel die aangeeft wat de sectie bevat, bijvoorbeeld ""Veelgevraagde onderwerpen"" of ""Populaire onderwerpen"".",,,0,Sun Apr 12 2026 15:08:49 GMT+0200 (Midden-Europese zomertijd),Sun Apr 12 2026 15:09:51 GMT+0200 (Midden-Europese zomertijd)
1f08a390-6ab4-4e9b-a1b3-31337bc3613d,40e99423-9ded-4123-b726-c0e467b79843,B005,41d09e8c-c857-457c-a799-ffc0539e7722,,open,matig,redacteur,"Op meerdere pagina’s hebben afbeeldingen een onjuiste alternatieve tekst (alt-tekst).

Zo beschrijft de groepsfoto op de pagina van het college wat er visueel te zien is, maar niet wat de afbeelding voorstelt. Daarnaast beschrijven portretfoto’s alleen het uiterlijk van personen, zonder te benoemen wie er op de afbeelding staat. Dit komt ook voor op andere pagina’s, zoals bij de portretfoto van Robert van Rijn.

Hierdoor weten gebruikers van schermlezers niet dat het om een groepsfoto van het college gaat of welke persoon op een portretfoto wordt afgebeeld.","Geef afbeeldingen een duidelijke en functionele alternatieve tekst:

Beschrijf bij groepsfoto’s wat de afbeelding voorstelt (bijvoorbeeld: “Burgemeester en wethouders”).
Benoem bij portretfoto’s altijd de naam van de persoon (bijvoorbeeld: “Portretfoto van Robert van Rijn”).",,,0,Wed Apr 08 2026 13:36:38 GMT+0200 (Midden-Europese zomertijd),Sun Apr 12 2026 13:54:11 GMT+0200 (Midden-Europese zomertijd)
5e8ccdf6-dfeb-414d-a51a-5bd105594ea9,3f70b18e-a30c-462c-87c1-1787f6756edb,B020,746bbe4a-dccb-4e47-8533-f973001a5986,,open,klein,redacteur,"Op de pagina staat onder de afbeelding van het organogram de tekst “(Klik op de afbeelding voor een grotere weergave)”. De instructie zegt niet om welke afbeelding het gaat. Voor visuele gebruikers is dat geen probleem: zij zien direct boven de tekst de afbeelding van het organogram staan. Schermlezer-gebruikers krijgen de afbeelding niet te horen, omdat het alt-attribuut leeg is en de afbeelding dus wordt overgeslagen. Zij horen alleen de instructie en weten daardoor niet dat er een afbeelding op de pagina staat, laat staan welke afbeelding bedoeld wordt.",Schrijf de instructie zo dat duidelijk is welke afbeelding bedoeld wordt. Bijvoorbeeld: “Open de grotere weergave van het organogram.”,,,0,Fri Apr 24 2026 11:25:58 GMT+0200 (Midden-Europese zomertijd),Fri Apr 24 2026 11:25:58 GMT+0200 (Midden-Europese zomertijd)
ee03d1db-9165-4fc9-8cb4-52d89fc03a13,3f70b18e-a30c-462c-87c1-1787f6756edb,B010,41d09e8c-c857-457c-a799-ffc0539e7722,,open,matig,redacteur,"Op de pagina staat een infographic met het organogram van de BEL Combinatie. De afbeelding heeft een leeg alt-attribuut (alt=""""), waardoor de afbeelding voor hulpsoftware als decoratief wordt behandeld. Gebruikers van hulpsoftware, zoals een schermlezer, weten hierdoor niet dat er een organogram op de pagina staat. De inhoud van het organogram zelf staat al in tekstvorm op de pagina.","Geef de afbeelding een kort tekstalternatief in het alt-attribuut dat aangeeft wat voor afbeelding het is, bijvoorbeeld alt=""Infographic met het organogram van de BEL Combinatie"".",,,2,Fri Apr 24 2026 11:25:58 GMT+0200 (Midden-Europese zomertijd),Fri Apr 24 2026 11:25:58 GMT+0200 (Midden-Europese zomertijd)
0cdf06be-7799-4408-be0b-588ec3441237,40e99423-9ded-4123-b726-c0e467b79843,B020,967dd178-96c9-487f-aaf9-6508032abe65,,open,klein,redacteur,"Op de pagina is de kop ""Vragen?"" te generiek om het onderwerp van de sectie te beschrijven. De kop staat boven een alinea over specifieke contactinformatie voor vragen over de werkzaamheden aan de Eemnesserweg. Screenreadergebruikers die door koppen navigeren, kunnen op basis van ""Vragen?"" niet bepalen waar dit over gaat.","Maak de kop specifieker, bijvoorbeeld: ""Vragen over de werkzaamheden"".",,,2,Thu Apr 09 2026 16:19:06 GMT+0200 (Midden-Europese zomertijd),Thu Apr 09 2026 16:19:06 GMT+0200 (Midden-Europese zomertijd)
b2b30f3f-7842-4cc0-a492-4d68739577ce,3f70b18e-a30c-462c-87c1-1787f6756edb,B025,41d09e8c-c857-457c-a799-ffc0539e7722,,open,matig,redacteur,"Op pagina 16 onder “Vastgesteld” staat een screenshot van een vastgestelde agenda uit het bestuurlijk besluitvormingssysteem. De afbeelding heeft geen alt-tekst. Hierdoor is de informatie uit deze afbeelding niet toegankelijk voor gebruikers van hulpsoftware, zoals een schermlezer.","De afbeelding is een screenshot van informatie die beter in tekstvorm kan worden opgenomen. Overweeg om de afbeelding te verwijderen en de vaststellingsinformatie in tekstvorm op de pagina op te nemen. Als de afbeelding toch behouden moet blijven, geef deze dan een beschrijvende alt-tekst die de inhoud samenvat, bijvoorbeeld: alt=""Screenshot van de vastgestelde agenda met besluiten van AB, DB en Directie-MT over het privacybeleid"".",,,5,Fri Apr 24 2026 11:25:58 GMT+0200 (Midden-Europese zomertijd),Fri Apr 24 2026 11:25:58 GMT+0200 (Midden-Europese zomertijd)
00bb36fb-ec32-4336-bc29-79cb341c9c63,40e99423-9ded-4123-b726-c0e467b79843,B010,41d09e8c-c857-457c-a799-ffc0539e7722,,open,klein,redacteur,"Op de pagina staat een afbeelding met voorbeelden van goed en verkeerd gesnoeide heggen. De tekst die bij de afbeelding hoort (de alt-tekst) is precies hetzelfde als het bijschrift onder de afbeelding.
Hierdoor wordt dezelfde informatie twee keer voorgelezen aan gebruikers van hulpsoftware zoals een schermlezer.

Omdat het bijschrift de afbeelding al goed uitlegt, is een alt-tekst niet nodig. 
","Gebruik een lege alt-tekst (alt=""""), zodat de informatie niet dubbel wordt voorgelezen.",,,2,Thu Apr 09 2026 09:54:37 GMT+0200 (Midden-Europese zomertijd),Fri Apr 10 2026 09:33:55 GMT+0200 (Midden-Europese zomertijd)
e621535d-ca2f-42b4-b4d9-31f0ab48c3a9,40e99423-9ded-4123-b726-c0e467b79843,B015,41d09e8c-c857-457c-a799-ffc0539e7722,,open,matig,redacteur,"Op de pagina onder de kop 'Verticale boring met infiltratiefilter' staan twee downloadknoppen met de tekst ""Download de onderhoudsinstructies"". Beide knoppen tonen het formulier-icoon in plaats van het PDF-icoon. Daardoor is de toegankelijke naam van de knoppen ""Download de onderhoudsinstructies formulier"", terwijl het PDF-bestanden betreft. Blinde gebruikers die een screenreader gebruiken, krijgen een onjuiste aanduiding te horen.",Vervang het formulier-icoon door het PDF-icoon. De toegankelijke naam van de knop is dan correct.,,,4,Thu Apr 09 2026 11:39:31 GMT+0200 (Midden-Europese zomertijd),Mon Apr 13 2026 11:27:21 GMT+0200 (Midden-Europese zomertijd)
b21f8a5c-a009-4b40-9a41-aecfc19d0ef6,40e99423-9ded-4123-b726-c0e467b79843,B017,cd31b01e-f6f1-4e3a-bbbe-c83d8c570848,,open,serieus,redacteur,"Op de pagina onder de kop ""Verticale boring met infiltratiefilter"" en de kop ""Ontspanningsput""staan links met de tekst ""Bekijk de video"" die elk naar een andere YouTube-video verwijzen. De links zijn niet te onderscheiden op basis van de linktekst alleen. In een screenreader-linklijst verschijnen deze identieke vermeldingen zonder aanduiding welke video het betreft.","Maak de linkteksten onderscheidend door het onderwerp van elke video te benoemen, bijvoorbeeld ""Bekijk de video over de verticale boring"", ""Bekijk de video over het schoonmaken van de zandvangput"" en ""Bekijk de video over de ontspanningsput""",,,0,Thu Apr 09 2026 11:57:54 GMT+0200 (Midden-Europese zomertijd),Mon Apr 13 2026 11:32:10 GMT+0200 (Midden-Europese zomertijd)
29a8f795-2311-4b38-aef2-c1dfb8c55335,6b427de6-113e-496c-adba-0645686f1a1d,B003,4cb21fff-b4e0-4bd5-a312-f472f8541396,,open,klein,redacteur,"In het accordeon-onderdeel “Tips voor scheiden van gft-afval” zijn de tussenkoppen geplaatst in lijsten met slechts één item. Hierdoor klopt de structuur niet. Visueel zijn dit gewone tussenkoppen met tekst, maar in de code zijn ze als losse lijsten opgebouwd.","Verwijder de lijsten en plaats de koppen direct in de inhoud, met daaronder de bijbehorende tekst.

",,,1,Sun Apr 12 2026 15:24:17 GMT+0200 (Midden-Europese zomertijd),Mon Apr 13 2026 12:45:20 GMT+0200 (Midden-Europese zomertijd)
f8ccf229-30dc-43d1-ad86-bb18d5b3cd5c,40e99423-9ded-4123-b726-c0e467b79843,B022,967dd178-96c9-487f-aaf9-6508032abe65,,open,klein,redacteur,"De kop direct onder de paginatitel heeft geen tekst en beschrijft daarmee geen onderwerp of doel. Gebruikers die via koppen navigeren, stuiten op een lege kopregel.","Vul het titelveld van het openingstijden-component in het CMS in met een beschrijvende tekst, bijvoorbeeld ""Loket Burgerzaken"".",,,3,Thu Apr 09 2026 16:40:16 GMT+0200 (Midden-Europese zomertijd),Mon Apr 13 2026 18:49:38 GMT+0200 (Midden-Europese zomertijd)
68b4d7cb-ebcf-4563-8a08-38a9e8da0582,40e99423-9ded-4123-b726-c0e467b79843,B018,41d09e8c-c857-457c-a799-ffc0539e7722,,open,matig,redacteur,"Op de pagina staat een klikbare afbeelding van de kaart. De afbeelding fungeert als link naar een 404 pagina. De alt-tekst beschrijft de visuele inhoud van de kaart terwijl de alt-tekst het doel van de link moet beschrijven. 
Screenreadergebruikers horen een kaartbeschrijving, maar begrijpen niet waar de link naartoe leidt.","Herstel eerst de verbroken link. Pas dan de alt-tekst aan zodat het linkdoel duidelijk is, bijvoorbeeld: alt=""Voorlopig ontwerp Eemnesserweg-West ,klik voor grotere weergave"".",,,5,Thu Apr 09 2026 12:46:34 GMT+0200 (Midden-Europese zomertijd),Tue Apr 21 2026 16:00:05 GMT+0200 (Midden-Europese zomertijd)
bba402f1-d04a-4476-8d49-8932b6f6aa64,40e99423-9ded-4123-b726-c0e467b79843,B038,4cb21fff-b4e0-4bd5-a312-f472f8541396,,resolved,,,"Op de pagina staat een knop met de tekst ""Contactformulier invullen"". Een schermlezer leest deze knop voor als ""Contactformulier invullen formulier"". Het extra woord 'formulier' is visueel niet zichtbaar (op het scherm staat alleen een icoontje) maar komt wel mee als tekst via de onderliggende code.","Verwijder het icoontje uit de knop. De tekst ""Contactformulier invullen"" als CTA knop volstaat.",,,9,Thu Apr 09 2026 16:59:21 GMT+0200 (Midden-Europese zomertijd),Tue Apr 21 2026 18:20:04 GMT+0200 (Midden-Europese zomertijd)
cd8220eb-c010-4ee1-b950-41ec8f3f30d0,40e99423-9ded-4123-b726-c0e467b79843,B024,cd31b01e-f6f1-4e3a-bbbe-c83d8c570848,,open,matig,redacteur,"Op de pagina staat onder de kop ""telefoonnummer"" een link met als tekst ""14 035"".
Dit korte nummer staat los in een eigen alinea zonder omringende tekst. Het beschrijft niet het doel van de link. In een linklijst van een schermlezer horen blinde gebruikers alleen dit getal, zonder context over wat de link doet of waartoe hij leidt.","Pas de linktekst aan zodat het doel duidelijk is, bijvoorbeeld ""Bel 14 035"".",,,1,Thu Apr 09 2026 17:35:41 GMT+0200 (Midden-Europese zomertijd),Thu Apr 09 2026 17:35:41 GMT+0200 (Midden-Europese zomertijd)
3184ba06-8b58-494f-936b-0a0d7670add8,40e99423-9ded-4123-b726-c0e467b79843,B025,4cb21fff-b4e0-4bd5-a312-f472f8541396,,open,matig,redacteur,"Op de pagina staan onder de kop ""Bezoekadressen"" twee locaties: ""BEL Combinatie"" en ""Brinkhuis Laren"". De namen van de locaties staan als gewone tekst in een alinea zonder structuur die aangeeft dat het twee afzonderlijke locaties zijn.
Een schermlezer-gebruiker kan de twee locaties niet als afzonderlijke onderdelen herkennen of er direct naartoe navigeren.","Geef ""BEL Combinatie"" en ""Brinkhuis Laren"" elk een h3-kop, zodat de structuur duidelijk is en gebruikers er direct naartoe kunnen navigeren.",,,10,Thu Apr 09 2026 17:45:19 GMT+0200 (Midden-Europese zomertijd),Thu Apr 09 2026 17:45:19 GMT+0200 (Midden-Europese zomertijd)
9008bd58-f6a0-48f2-87a6-0ebf705299eb,b160cb88-c117-43c1-ac24-66c9da3f77b8,B015,35d250a4-d5a2-4d75-9ebd-6fc4c6da9cbc,,open,serieus,redacteur,"De pagina is gecontroleerd met de hoogcontrastmodus ingeschakeld. In de promotieafbeeldingen “SCAN JE FIT!” (IJsselstein en IJsselveld) staat tekst met onvoldoende contrast. De tekst “Download de gratis QR-FIT app:” en de kaartlabels “IJsselstein” en “IJsselveld” hebben een contrastverhouding van 3,1:1 (#949494 op wit), terwijl minimaal 4,5:1 vereist is.","Zorg dat de tekst in de promotieafbeeldingen voldoende contrast heeft. Gebruik bijvoorbeeld een donkerdere kleur, zoals #767676 of donkerder, zodat minimaal 4,5:1 wordt gehaald.",,,0,Wed Jun 03 2026 15:46:06 GMT+0200 (Midden-Europese zomertijd),Wed Jun 03 2026 15:46:06 GMT+0200 (Midden-Europese zomertijd)
52cd1a15-7da0-4f58-b1de-53849bf5c71a,40e99423-9ded-4123-b726-c0e467b79843,B028,967dd178-96c9-487f-aaf9-6508032abe65,,open,,,"De h1 en h2 op stap 1 van het formulier zijn nagenoeg identiek: de h1 luidt ""Contactformulier - Laren"" en de h2 luidt ""Contactformulier Laren"". De h2 beschrijft de inhoud van de stap niet, zij herhaalt alleen de formuliernaam.","Vervang de h2 door een beschrijvende staptitel die aangeeft wat er in deze stap wordt gevraagd. Bijvoorbeeld ""Over dit formulier"".",,,4,Thu Apr 09 2026 19:07:45 GMT+0200 (Midden-Europese zomertijd),Thu Apr 09 2026 19:07:45 GMT+0200 (Midden-Europese zomertijd)
75d0b372-3938-4045-8d48-6b79f2e6f6b8,40e99423-9ded-4123-b726-c0e467b79843,B029,41d09e8c-c857-457c-a799-ffc0539e7722,,open,klein,redacteur,In het PDF-document staat bovenin het logo van Gemeente Laren. Dit logo is niet als afbeelding getagd en wordt daarom genegeerd door schermlezers.,"Tag het logo op pagina 1 als afbeelding en geef het een tekstalternatief, bijvoorbeeld ""Logo Gemeente Laren"". Voorzie het tekstalternatief in het bronbestand en exporteer het document daarna opnieuw als PDF. Op de vervolgpagina's is het taggen van het logo niet nodig en zelfs niet gewenst, omdat dit daar de leesvolgorde kan onderbreken. Markeer het logo daar als artefact.",,,8,Thu Apr 09 2026 20:11:34 GMT+0200 (Midden-Europese zomertijd),Thu Apr 09 2026 20:11:34 GMT+0200 (Midden-Europese zomertijd)
2563f5e7-0671-46a9-8425-4f6a58f724ff,40e99423-9ded-4123-b726-c0e467b79843,B030,4cb21fff-b4e0-4bd5-a312-f472f8541396,,open,serieus,redacteur,"Het PDF-document bevat meerdere visuele koppen maar geen daarvan is als kop getagd. Het gaat om de documenttitel op pagina 1 en de sectiekoppen ""Deel A: Een idee voor uw wijk of buurt"" (pagina 1), ""Deel B: Bijdrage tbv AED-kosten"" (pagina 2) en ""Deel C: Ondertekening formulier"" (pagina 3). Al deze teksten zijn in de tagstructuur als gewone alinea (P) gemarkeerd. Mensen die blind zijn en een schermlezer gebruiken kunnen hierdoor niet navigeren via koppen en krijgen geen overzicht van de documentstructuur.","Pas de opmaakstijlen in het bronbestand aan zodat de koppen als kopstijl zijn opgemaakt (Kop 1, Kop 2, enzovoort). Exporteer het document daarna opnieuw als PDF.",,,12,Thu Apr 09 2026 20:18:35 GMT+0200 (Midden-Europese zomertijd),Thu Apr 09 2026 20:18:35 GMT+0200 (Midden-Europese zomertijd)
8cbd1492-f6b8-451e-a73b-d67b16a6b85f,40e99423-9ded-4123-b726-c0e467b79843,B031,4cb21fff-b4e0-4bd5-a312-f472f8541396,,open,matig,redacteur,In de drie tabellen in het document zijn de eerste cellen van de invulrijen als koptag (TH) gemarkeerd. Het gaat om lege invulcellen zonder kopfunctie. Schermlezers kondigen deze cellen aan als kop wat verwarrend is voor gebruikers.,Tag de invulcellen in de datarijen als gewone gegevenscellen (TD). Pas dit aan in het bronbestand en exporteer het document daarna opnieuw als PDF,,,13,Thu Apr 09 2026 20:24:38 GMT+0200 (Midden-Europese zomertijd),Thu Apr 09 2026 20:24:38 GMT+0200 (Midden-Europese zomertijd)
146ad07b-568d-4fc1-b440-1016e9aaab72,40e99423-9ded-4123-b726-c0e467b79843,B033,c5da9884-1520-4257-9c7c-cfdf3e78c7a6,,open,klein,redacteur,"Voor PDF-documenten geldt dat zij een goede titel in de bestandseigenschappen nodig hebben en dat deze documenttitel wordt getoond in plaats van de bestandsnaam.
Het PDF-document {URL} heeft wel een goede titel, maar deze wordt niet getoond in de titelbalk.","Zorg ervoor dat de titel in de bestandseigenschappen van de PDF correct is ingesteld. Het liefst doe je dit al in je bronbestand. Een alternatief is om de PDF te openen in een geschikte editor, zoals Adobe Acrobat Pro. Ga naar de eigenschappen van het document. Controleer of de titel correct is opgeslagen in de documentinformatie. Zorg dat ook deze titel wordt getoond in plaats van de bestandsnaam. Sla het document vervolgens opnieuw op om de wijzigingen te bevestigen.",,,0,Thu Apr 09 2026 21:00:25 GMT+0200 (Midden-Europese zomertijd),Thu Apr 09 2026 21:00:25 GMT+0200 (Midden-Europese zomertijd)
349e1f37-a866-4e2a-ab03-981fb53b025d,40e99423-9ded-4123-b726-c0e467b79843,B027,41d09e8c-c857-457c-a799-ffc0539e7722,,open,klein,redacteur,"Op de pagina staan twee impressiefoto’s van de toekomstige Eemnesserweg. De afbeeldingen hebben een alt-tekst die de visuele inhoud beschrijft, terwijl er al een bijschrift bij staat dat deze informatie geeft. Hierdoor hoort een schermlezergebruiker zowel de alt-tekst als het bijschrift, waardoor dezelfde informatie dubbel wordt aangeboden.","Pas de alt-teksten aan zodat ze alleen aangeven dat het om een impressie gaat, bijvoorbeeld: “Impressie 1 van de Eemnesserweg” en “Impressie 2 van de Eemnesserweg”. Zo is duidelijk dat het om twee verschillende afbeeldingen gaat, zonder dat de beschrijving wordt herhaald.",,,7,Thu Apr 09 2026 18:49:20 GMT+0200 (Midden-Europese zomertijd),Mon Apr 13 2026 11:57:32 GMT+0200 (Midden-Europese zomertijd)
04ef81f2-09e2-4466-a589-3e02f7033574,0cfcaf8d-bd5d-4614-82ef-13de9c61ca62,B010,4cb21fff-b4e0-4bd5-a312-f472f8541396,,open,matig,redacteur,"Op de pagina staat in de sectie Vacatures de tekst ""Programmamanager Regionale Transformatieprojecten"". Visueel ziet dit eruit als een subkop. In de code is het echter geen kop, maar een gewone tekstregel met de tekst extra benadrukt via een strong-element. Mensen die de website laten voorlezen krijgen deze tekst niet als kop voorgelezen. Daardoor kunnen zij de vacature niet snel terugvinden via de lijst met koppen op de pagina.","Maak van ""Programmamanager Regionale Transformatieprojecten"" een echte sub-kop (niveau 3), passend onder de hoofd-kop ""Vacatures"".",,,4,Fri Apr 24 2026 15:48:31 GMT+0200 (Midden-Europese zomertijd),Tue Apr 28 2026 09:54:25 GMT+0200 (Midden-Europese zomertijd)
edbfbc96-44e8-4701-b529-6d9dce1ac74e,40e99423-9ded-4123-b726-c0e467b79843,B014,41d09e8c-c857-457c-a799-ffc0539e7722,,open,serieus,redacteur,"Op de pagina is een interactieve kaart opgenomen die de strooiroutes van de gemeente Laren toont. Deze kaart is ingebonden via een iframe. Online kaarten en karteringsdiensten vallen onder een uitzondering voor de toegankelijkheidseisen, maar deze uitzondering geldt alleen voor de kaarttechniek, niet voor de informatie die via de kaart wordt aangeboden.

De informatie over de strooiroutes is momenteel alleen via de kaart beschikbaar. Op de pagina ontbreekt een tekstueel alternatief waarin deze informatie toegankelijk wordt aangeboden.

De kaart bevat een zoekfunctie, maar deze vormt geen aantoonbaar toegankelijk alternatief. Hierdoor is niet gegarandeerd dat de informatie voor alle gebruikers toegankelijk beschikbaar is.","Zorg dat de essentiële informatie uit de kaart (zoals welke straten onder welke strooiroute vallen) ook op een toegankelijke manier wordt aangeboden, bijvoorbeeld via een tekstueel overzicht, tabel of een aantoonbaar toegankelijke zoekfunctie.",,,3,Thu Apr 09 2026 11:16:36 GMT+0200 (Midden-Europese zomertijd),Fri Apr 10 2026 09:42:40 GMT+0200 (Midden-Europese zomertijd)
0c4ca852-a42e-4259-8635-092074791118,40e99423-9ded-4123-b726-c0e467b79843,B034,4cb21fff-b4e0-4bd5-a312-f472f8541396,,open,serieus,redacteur,"Het PDF-document bevat geen tags en heeft daardoor geen vastgelegde structuur. Hierdoor kunnen hulptechnologieën, zoals screenreaders, niet herkennen welke onderdelen koppen, lijsten of andere structurele elementen zijn. Ook worden afbeeldingen niet correct geïnterpreteerd.","Voorzie het document van de juiste tags, zodat de structuur en onderlinge relaties voor hulpsoftware herkenbaar worden. Zo kan bijvoorbeeld worden aangegeven welke onderdelen koppen zijn. In veel gevallen kan dit worden opgelost door het document opnieuw vanuit het bronbestand (bijvoorbeeld in Word of InDesign) naar PDF te exporteren, met de optie voor tags of labels ingeschakeld.

Omdat het document momenteel geen tags bevat, kunnen andere succescriteria, zoals 1.1.1 en 1.3.2, niet worden beoordeeld. Houd er rekening mee dat bij het toevoegen van tags nieuwe toegankelijkheidsproblemen zichtbaar kunnen worden.",,,15,Fri Apr 10 2026 09:48:25 GMT+0200 (Midden-Europese zomertijd),Fri Apr 10 2026 09:48:25 GMT+0200 (Midden-Europese zomertijd)
0392f902-0b8f-4d38-9944-020912c25a65,6b427de6-113e-496c-adba-0645686f1a1d,B001,4cb21fff-b4e0-4bd5-a312-f472f8541396,,open,,,"Op de homepage staat onder de kop “Of bent u op zoek naar...” een overzicht met twaalf links, zoals Nieuws, Gemeentelijke belastingen en Verhuizen. Visueel is dit een opsomming. Deze links staan echter in code niet als lijst opgemaakt. Daardoor kan hulpsoftware niet herkennen dat het om een lijst gaat. 

In te footer staan onder de kop “Volg de gemeente” twee links naar sociale media (Facebook en Instagram). Deze links zijn geplaatst in een p-element, terwijl ze visueel een opsomming vormen. Hierdoor is de lijststructuur niet programmatisch vastgelegd en kan hulpsoftware niet bepalen dat het om een lijst met meerdere items gaat.
","Plaats de links in een ongeordende lijst (ul) met lijstitems (li), zodat hulpsoftware kan herkennen dat het om een opsomming gaat en hoeveel items deze bevat.",,,0,Sun Apr 12 2026 14:39:07 GMT+0200 (Midden-Europese zomertijd),Mon Apr 13 2026 12:32:52 GMT+0200 (Midden-Europese zomertijd)
3dccb00f-aab8-4199-aa3c-b71669aa0cc7,40e99423-9ded-4123-b726-c0e467b79843,B036,35d250a4-d5a2-4d75-9ebd-6fc4c6da9cbc,,resolved,,,"Op de website is een versie voor hoog contrast aanwezig. Deze is aan te zetten door middel van een zogenaamde ""contrast switch"". Dit succescriterium is volledig getest in de modus voor hoog contrast. De versie voor hoog contrast wordt gezien als een alternatief voor de standaard versie. Hierdoor kunnen er contrastproblemen zijn in de standaard versie. Deze zijn verder niet beoordeeld.
","We adviseren om ook de standaard versie te voorzien van voldoende kleurcontrast in alle teksten. Dit bevordert de toegankelijkheid van de website voor bezoekers met een zichtbeperking. Teksten met voldoende kleurcontrast lezen ook makkelijker voor alle lezers. Het lezen is hierdoor minder intensief, kost minder energie en het lezen wordt (onbewust) als prettiger ervaren. Hierdoor is de lezer eerder geneigd om over te gaan tot activatie. De versie voor hoog contrast kan dan vervolgens ingezet worden voor een ""verhoogd contrast"", waarbij wordt voldaan aan succescriterium WCAG 1.4.6 Verhoogd contrast (niveau AAA).
",,,0,Fri Apr 10 2026 09:58:20 GMT+0200 (Midden-Europese zomertijd),Fri Apr 10 2026 09:58:20 GMT+0200 (Midden-Europese zomertijd)
20a6db3f-cf71-4fd0-8d29-611d7948e9aa,40e99423-9ded-4123-b726-c0e467b79843,B001,4cb21fff-b4e0-4bd5-a312-f472f8541396,,open,klein,redacteur,"Op de homepage staat onder de kop “Of bent u op zoek naar...” een overzicht met twaalf links, zoals Nieuws, Gemeentelijke belastingen en Verhuizen. Visueel is dit een opsomming. Deze links staan echter in code niet als lijst opgemaakt. Daardoor kan hulpsoftware niet herkennen dat het om een lijst gaat. 

In te footer staan onder de kop “Volg de gemeente” twee links naar sociale media (Facebook en Instagram). Deze links zijn geplaatst in een p-element, terwijl ze visueel een opsomming vormen. Hierdoor is de lijststructuur niet programmatisch vastgelegd en kan hulpsoftware niet bepalen dat het om een lijst met meerdere items gaat.",Plaats de links in een ongeordende lijst. ,,,0,Wed Apr 08 2026 12:01:27 GMT+0200 (Midden-Europese zomertijd),Sun Apr 12 2026 14:26:12 GMT+0200 (Midden-Europese zomertijd)
d6e8d710-eeb6-4bd8-b726-1151df46e6c7,0cfcaf8d-bd5d-4614-82ef-13de9c61ca62,B008,4cb21fff-b4e0-4bd5-a312-f472f8541396,,open,klein,redacteur,"Op meerdere pagina's staat een lege kop. Dit gebeurt op plekken waar de pagina in twee kolommen is opgemaakt en de lege kop wordt gebruikt om de kolommen visueel uit te lijnen. Een voorbeeld staat onder de illustratie naast de sectie ""Blijf op de hoogte!"" op de pagina ""Fysieke overlegtafel"". Wie de website laat voorlezen en door de koppen navigeert, hoort op die plekken een kop aankondigen die vervolgens niets bevat.","Verwijder de lege kop. Als visuele uitlijning gewenst is, kies daar een andere oplossing voor die geen kop gebruikt.",,,3,Fri Apr 24 2026 13:08:38 GMT+0200 (Midden-Europese zomertijd),Tue Apr 28 2026 09:30:53 GMT+0200 (Midden-Europese zomertijd)
2de5d073-13a6-4c24-9bb0-93f0161a9f56,6b427de6-113e-496c-adba-0645686f1a1d,B004,41d09e8c-c857-457c-a799-ffc0539e7722,,open,matig,redacteur,"Op de pagina staat een portretfoto van Robbert Kouwenhoven met een leeg tekstalternatief (alt=""""). Daardoor wordt de afbeelding door schermlezers overgeslagen. Dit is onjuist omdat hier een portret staat van de persoon die centraal staat op de pagina. Gebruikers van schermlezers krijgen hierdoor niet mee dat er een afbeelding op de pagina staat en wie daarop te zien is.","Geef de portretfoto een passend tekstalternatief met de naam van de persoon, bijvoorbeeld: alt=""Robbert Kouwenhoven"".",,,0,Sun Apr 12 2026 15:47:52 GMT+0200 (Midden-Europese zomertijd),Sun Apr 12 2026 15:47:52 GMT+0200 (Midden-Europese zomertijd)
afb87634-cc4b-402a-b744-548d16cf07e4,0df762bc-d4cf-4000-bcd1-a8b9d8c3a55a,B007,967dd178-96c9-487f-aaf9-6508032abe65,,open,klein,redacteur,"Op de pagina staat een lege kop direct onder de paginatitel. Gebruikers die via koppen navigeren, stuiten op een lege kopregel.","Vul het titelveld van het openingstijden-component in het CMS in met een beschrijvende tekst, bijvoorbeeld ""Loket Burgerzaken"".",,,0,Wed Apr 15 2026 11:13:39 GMT+0200 (Midden-Europese zomertijd),Wed Apr 15 2026 11:13:39 GMT+0200 (Midden-Europese zomertijd)
98fcdc96-89b1-4ef4-b393-d91b21d24286,187ee560-4a80-40ad-bc89-8a1f3f69c80e,B014,4cb21fff-b4e0-4bd5-a312-f472f8541396,,resolved,,,"Op de pagina staan onder de kop ""Maak een afspraak"" het telefoonnummer en het e-mailadres in één alinea (p-element), gescheiden door een br-tag. Het zijn twee verschillende soorten contactinformatie die elk hun eigen alinea zouden moeten zijn, of die beter in een lijst kunnen worden geplaatst (zoals op de Contact-pagina).","Plaats het telefoonnummer en het e-mailadres elk in een eigen alinea, of beter nog in een ul-lijst zoals op de Contact-pagina.",,,4,Mon May 04 2026 10:08:31 GMT+0200 (Midden-Europese zomertijd),Mon May 04 2026 10:08:31 GMT+0200 (Midden-Europese zomertijd)
7676e449-ed08-49e9-a3a6-500b9d6a5e7e,6b427de6-113e-496c-adba-0645686f1a1d,B005,4cb21fff-b4e0-4bd5-a312-f472f8541396,,open,klein,redacteur,"Op de pagina Robbert Kouwenhoven is de koppenstructuur niet logisch opgebouwd. De paginatitel staat als een <h1>. De koppen “Nevenfuncties” en “Contact” staan daar direct onder als <h3>. Hierdoor wordt een niveau overgeslagen (de <h2> ontbreekt).

Voor gebruikers van schermlezers en andere hulpsoftware is de koppenstructuur belangrijk om snel door de pagina te navigeren. Doordat er een niveau wordt overgeslagen, klopt de structuur van de pagina niet en kan dit verwarrend zijn.",Zorg dat de koppen “Nevenfuncties” en “Contact” één niveau hoger worden geplaatst in de structuur. Gebruik hiervoor <h2> in plaats van <h3>,,,2,Sun Apr 12 2026 16:00:59 GMT+0200 (Midden-Europese zomertijd),Sun Apr 12 2026 16:00:59 GMT+0200 (Midden-Europese zomertijd)
97a144bf-79ac-4e9f-accc-380d87acde3a,6b427de6-113e-496c-adba-0645686f1a1d,B014,c5da9884-1520-4257-9c7c-cfdf3e78c7a6,,open,matig,redacteur,"Het PDF-document heeft geen titel. In plaats daarvan wordt de bestandsnaam gebruikt. Daardoor horen screenreadergebruikers geen duidelijke titel, maar de bestandsnaam.","Vul in het bronbestand een beschrijvende documenttitel in, bijvoorbeeld “Informatieavond Ocriet-Sterk-verslag 28 januari 2025”. Stel daarnaast in dat de PDF de documenttitel toont in plaats van de bestandsnaam. Exporteer het document daarna opnieuw als PDF.",,,0,Mon Apr 13 2026 10:07:35 GMT+0200 (Midden-Europese zomertijd),Mon Apr 13 2026 10:07:35 GMT+0200 (Midden-Europese zomertijd)
803165f1-1508-4848-b681-4251da4339ef,6b427de6-113e-496c-adba-0645686f1a1d,B008,cd31b01e-f6f1-4e3a-bbbe-c83d8c570848,,open,klein,redacteur,"Op de pagina staat de link ""op de website van de provincie Utrecht"" in een aparte alinea, los van de alinea die beschrijft waar de informatie over gaat. De linktekst beschrijft de bestemming maar niet het doel van de link. Een screenreadergebruiker die de link buiten context tegenkomt, weet niet dat het gaat om informatie over overlastmeldingen.","Voeg de link samen met de beschrijvende zin in één alinea, of maak de linktekst zelfstandig begrijpelijk, bijvoorbeeld ""Informatie over overlastmeldingen op de website van de provincie Utrecht"".",,,0,Sun Apr 12 2026 17:17:39 GMT+0200 (Midden-Europese zomertijd),Sun Apr 12 2026 17:18:06 GMT+0200 (Midden-Europese zomertijd)
85fc99b7-63ae-4c68-9bb6-feb3a67b9f84,6b427de6-113e-496c-adba-0645686f1a1d,B011,4cb21fff-b4e0-4bd5-a312-f472f8541396,,open,serieus,redacteur,Op de pagina staat een tabel waarvan de bovenste rij visueel als kolomkoppen is opgemaakt maar in de code uit gewone datacellen (td) bestaat. Hierdoor kunnen hulptechnologieën niet bepalen welke kolom bij welke informatie hoort.,Maak van de bovenste rij echte koppen door <th> te gebruiken. Haal de <strong>-elementen weg,,,5,Sun Apr 12 2026 21:17:41 GMT+0200 (Midden-Europese zomertijd),Mon Apr 13 2026 12:50:57 GMT+0200 (Midden-Europese zomertijd)
5fabda05-1e02-4b46-ac69-504e17d3d435,6b427de6-113e-496c-adba-0645686f1a1d,B010,4cb21fff-b4e0-4bd5-a312-f472f8541396,,open,serieus,redacteur,"Op de pagina staat een tabel waarin de maandnamen (zoals “April”, “Mei”) als koppen (<h2>) in de tabelcellen zijn geplaatst. Dit is onjuist, omdat een tabel een eigen structuur heeft voor koppen (met <th>). Het gebruik van <h2> binnen tabelcellen doorbreekt deze structuur. Daarnaast staan er ook lege <h2>-elementen (met alleen een spatie), die door schermlezers als lege kop worden voorgelezen.","Haal de <h2>-koppen uit de tabel.
Je kunt dit op twee manieren oplossen:
- Maak per maand een aparte tabel met de maandnaam als titel, of
- Zet de maand bij de datum (bijvoorbeeld “5 en 6 april 2026”).
Verwijder daarnaast ook de lege rijen.",,,4,Sun Apr 12 2026 21:02:33 GMT+0200 (Midden-Europese zomertijd),Sun Apr 12 2026 21:12:45 GMT+0200 (Midden-Europese zomertijd)
9833e377-019c-485b-9534-5faa4cc0b066,6b427de6-113e-496c-adba-0645686f1a1d,B013,4cb21fff-b4e0-4bd5-a312-f472f8541396,,open,serieus,redacteur,"Het PDF-document bevat visueel herkenbare kopjes, zoals ""Voorstel van college"", ""Sfeerbeelden"" en ""Nieuwe weg"" en ""Aantal woningen"". Deze zijn opgemaakt als gewone alinea’s (<P>) in plaats van als koppen. Hierdoor zijn de secties niet programmatisch van elkaar te onderscheiden. Gebruikers van schermlezers kunnen daardoor niet via koppen door het document navigeren.",Pas de vijf kopjes in het bronbestand aan zodat ze als echte koppen zijn opgemaakt (bijvoorbeeld <H2>). Sla het document daarna opnieuw op als PDF.,,,6,Mon Apr 13 2026 09:56:42 GMT+0200 (Midden-Europese zomertijd),Mon Apr 13 2026 12:51:40 GMT+0200 (Midden-Europese zomertijd)
c6d5ba4c-f348-49cc-96ce-424d8fca5940,6b427de6-113e-496c-adba-0645686f1a1d,B012,41d09e8c-c857-457c-a799-ffc0539e7722,,open,klein,redacteur,"Het PDF-document bevat op pagina 1 het logo van Gemeente Eemnes. De afbeelding is wel als <Figure> gemarkeerd, maar heeft geen tekstalternatief (/Alt-attribuut).
Daardoor krijgen gebruikers van schermlezers niet mee dat er een logo op de pagina staat en van welke organisatie dit is.","Geef het logo in het bronbestand een tekstalternatief, bijvoorbeeld: “Gemeente Eemnes”. Exporteer het document daarna opnieuw als PDF.",,,2,Mon Apr 13 2026 09:47:27 GMT+0200 (Midden-Europese zomertijd),Mon Apr 13 2026 09:47:27 GMT+0200 (Midden-Europese zomertijd)
2dc1f88c-bb7c-41f9-aad4-e4408c121188,0df762bc-d4cf-4000-bcd1-a8b9d8c3a55a,B012,4cb21fff-b4e0-4bd5-a312-f472f8541396,,open,serieus,redacteur,"Op de pagina staat een tabel waarin de maanden (zoals april en mei) als koppen zijn gemaakt met een kop-element <h2>. Dat is niet de juiste manier.

In een tabel gebruik je speciale kopcellen (<th>) om koppen aan te geven. Doordat hier <h2> wordt gebruikt, begrijpen schermlezers de tabel minder goed.","Haal de H2-koppen uit de tabel.
Dit probleem kun je op twee manieren oplossen:
- Maak per maand een aparte tabel met de maandnaam als titel, of
- Zet de maand bij de datum (bijvoorbeeld “5 en 6 april 2026”).
Verwijder daarnaast ook de lege rijen.",,,4,Wed Apr 15 2026 17:03:51 GMT+0200 (Midden-Europese zomertijd),Wed Apr 15 2026 17:03:51 GMT+0200 (Midden-Europese zomertijd)
1a908c32-fdde-40a2-9373-36fa7f6c2b3f,6b427de6-113e-496c-adba-0645686f1a1d,B007,41d09e8c-c857-457c-a799-ffc0539e7722,,open,klein,redacteur,"Op de pagina staat een afbeelding van een persoon die hout in een houtkachel legt. Dit is een sfeerbeeld dat de inhoud van de pagina ondersteunt maar geen aanvullende informatie geeft.

De informatie die de afbeelding overbrengt, is al aanwezig in de paginatitel en de tekst op de pagina. De afbeelding heeft nu een beschrijvende alternatieve tekst (""Persoon legt hout in een houtkachel waarin een vuur brandt.""). Deze beschrijft wat er visueel te zien is, terwijl een alt-tekst bedoeld is om de betekenis van de afbeelding over te brengen.
Omdat de afbeelding geen extra betekenis toevoegt, wordt met deze alt-tekst informatie dubbel aangeboden aan gebruikers van schermlezers.","Geef de afbeelding een leeg alt-attribuut (alt=""""), zodat hulpsoftware de afbeelding overslaat en dubbele informatie wordt voorkomen.",,,1,Sun Apr 12 2026 16:36:42 GMT+0200 (Midden-Europese zomertijd),Mon Apr 13 2026 12:31:00 GMT+0200 (Midden-Europese zomertijd)
5d8d4cdc-bf22-4b54-8eb0-f2de20f18241,6b427de6-113e-496c-adba-0645686f1a1d,B006,4cb21fff-b4e0-4bd5-a312-f472f8541396,,open,klein,redacteur,"Op de pagina staat een knop met de tekst “Aanmelden inwonerspanel”. De volledige tekst is opgemaakt met een <strong>-element. Dit element geeft aan dat tekst extra nadruk heeft, maar op een knop voegt dit geen betekenis toe.

Dit komt ook voor op de pagina bomenkappen waar de kolomkoppen van de tabel zijn opgemaakt met <strong> binnen de <th>-elementen. De kolomkoppen zijn al als kop gemarkeerd, waardoor extra nadruk met <strong> overbodig is.",Verwijder het <strong>-element uit de linktekst en de kolomkoppen.,,,3,Sun Apr 12 2026 16:12:44 GMT+0200 (Midden-Europese zomertijd),Mon Apr 13 2026 12:48:27 GMT+0200 (Midden-Europese zomertijd)
13b82366-71e2-4b20-9da5-1f4c39f27ca0,6b427de6-113e-496c-adba-0645686f1a1d,B009,967dd178-96c9-487f-aaf9-6508032abe65,,open,klein,redacteur,"Op de pagina zijn de h1 en de eerste h2 nagenoeg identiek. De h1 luidt “Contactformulier - eemnes” en de h2 “Contactformulier eemnes”.

De h2 beschrijft de inhoud van het formulieronderdeel niet maar herhaalt alleen de h1 (paginatitel). Hierdoor geeft de kop geen duidelijke informatie over de inhoud.","Vervang de h2 door een beschrijvende kop die aangeeft wat er in dit onderdeel van het formulier gebeurt, bijvoorbeeld “Over dit formulier”.",,,1,Sun Apr 12 2026 17:23:29 GMT+0200 (Midden-Europese zomertijd),Mon Apr 13 2026 12:59:49 GMT+0200 (Midden-Europese zomertijd)
b0311cde-b74a-40de-91b3-92022f83d84a,6b427de6-113e-496c-adba-0645686f1a1d,B015,35d250a4-d5a2-4d75-9ebd-6fc4c6da9cbc,,resolved,,,"Op de website is een versie voor hoog contrast aanwezig. Deze is aan te zetten door middel van een zogenaamde ""contrast switch"".
Dit succescriterium is volledig getest in de modus voor hoog contrast. De versie voor hoog contrast wordt gezien als een alternatief voor de standaard versie.

Hierdoor kunnen er contrastproblemen zijn in de standaard versie. Deze zijn verder niet beoordeeld.","We adviseren om ook de standaard versie te voorzien van voldoende kleurcontrast in alle teksten. Dit bevordert de toegankelijkheid van de website voor bezoekers met een zichtbeperking. 

Teksten met voldoende kleurcontrast lezen ook makkelijker voor alle lezers. Het lezen is hierdoor minder intensief, kost minder energie en het lezen wordt (onbewust) als prettiger ervaren. Hierdoor is de lezer eerder geneigd om over te gaan tot activatie.

De versie voor hoog contrast kan dan vervolgens ingezet worden voor een ""verhoogd contrast"", waarbij wordt voldaan aan succescriterium [WCAG 1.4.6 Verhoogd contrast (niveau AAA)](https://www.w3.org/WAI/WCAG22/Understanding/contrast-enhanced.html).",,,0,Mon Apr 13 2026 10:12:26 GMT+0200 (Midden-Europese zomertijd),Mon Apr 13 2026 10:12:26 GMT+0200 (Midden-Europese zomertijd)
707701d2-5a7b-40e9-ab7e-109c4b1a79fc,40e99423-9ded-4123-b726-c0e467b79843,B019,746bbe4a-dccb-4e47-8533-f973001a5986,,open,matig,redacteur,De instructie “Klik op de afbeelding om het voorlopig ontwerp beter te bekijken.” is onduidelijk omdat niet duidelijk is welke afbeelding hier bedoeld wordt. Alleen gebruikers die de pagina zien kunnen dit bepalen. Omdat de tekst en de afbeelding niet aan elkaar gekoppeld zijn in de code kunnen schermlezergebruikers deze relatie niet leggen.,"Vervang de instructie door een tekstlink direct bij de afbeelding, bijvoorbeeld: ""Bekijk het voorlopig ontwerp in grotere weergave"". Dan is de actie voor alle bezoekers gelijk toegankelijk en is de losse instructie niet meer nodig",,,0,Thu Apr 09 2026 16:13:59 GMT+0200 (Midden-Europese zomertijd),Mon Apr 13 2026 10:23:33 GMT+0200 (Midden-Europese zomertijd)
fb4f646a-33a0-4b61-a39d-ae7010070745,6b427de6-113e-496c-adba-0645686f1a1d,B019,c5da9884-1520-4257-9c7c-cfdf3e78c7a6,,open,klein,redacteur,"Het PDF-document heeft in de bestandseigenschappen wel een titel, namelijk “Geanonimiseerd document”. Deze titel beschrijft de inhoud van het document echter onvoldoende.

Voor PDF-documenten is het belangrijk dat een duidelijke en beschrijvende documenttitel aanwezig is die de inhoud van het document goed weergeeft.

","Stel een betekenisvolle en beschrijvende titel in die de inhoud van het document correct weergeeft. Doe dit bij voorkeur al in het bronbestand (bijvoorbeeld in Word of InDesign) voordat je exporteert naar PDF.

Controleer in  Adobe Acrobat Pro of de titel correct is ingevuld in de documenteigenschappen en sla het document vervolgens opnieuw op om de wijzigingen door te voeren.",,,1,Mon Apr 13 2026 10:39:00 GMT+0200 (Midden-Europese zomertijd),Mon Apr 13 2026 10:41:10 GMT+0200 (Midden-Europese zomertijd)
aa8e3232-4ecd-4fd2-ba94-ada625c47567,6b427de6-113e-496c-adba-0645686f1a1d,B017,41d09e8c-c857-457c-a799-ffc0539e7722,,open,klein,redacteur,"In het PDF-document staat bovenin het logo van Gemeente Eemnes. Dit logo is niet als afbeelding getagd en wordt daarom genegeerd door schermlezers.

","Tag het logo op pagina 1 als afbeelding en geef het een tekstalternatief, bijvoorbeeld ""Logo Gemeente Eemnes"". Voorzie het tekstalternatief in het bronbestand en exporteer het document daarna opnieuw als PDF.",,,3,Mon Apr 13 2026 10:28:31 GMT+0200 (Midden-Europese zomertijd),Mon Apr 13 2026 10:30:14 GMT+0200 (Midden-Europese zomertijd)
3fbb24e7-ab6e-49a8-9a60-e097c2f8a6b0,6b427de6-113e-496c-adba-0645686f1a1d,B018,4cb21fff-b4e0-4bd5-a312-f472f8541396,,open,serieus,redacteur,"Het PDF-document is niet getagd. Dit wil zeggen dat er geen structuur is aangegeven in het bestand door middel van tags. Hulpsoftware (zoals een screenreader) kan hierdoor niet bepalen wat koppen, lijsten en dergelijke zijn en zal afbeeldingen negeren. ","Als het bestand correct getagd wordt, kan hulpsoftware beter de structuur en relaties bepalen. Bij koppen kan dan bijvoorbeeld worden voorgelezen dat dit koppen zijn. In veel gevallen kan dit probleem worden opgelost door het document vanuit het bronbestand (meestal in Word of InDesign) opnieuw te exporteren naar PDF, maar dan inclusief tags of labels. 

Omdat nu de tags ontbreken, kunnen andere succescriteria zoals 1.1.1 en 1.3.2 niet onderzocht worden. Let daarom op dat bij het oplossen van dit probleem nieuwe toegankelijkheidsproblemen kunnen ontstaan.",,,7,Mon Apr 13 2026 10:33:24 GMT+0200 (Midden-Europese zomertijd),Mon Apr 13 2026 10:33:24 GMT+0200 (Midden-Europese zomertijd)
aab3e689-115c-4708-a433-9ea58b0c7d33,40e99423-9ded-4123-b726-c0e467b79843,B035,c5da9884-1520-4257-9c7c-cfdf3e78c7a6,,open,klein,redacteur,"Het PDF-document heeft in de bestandseigenschappen wel een titel, namelijk “Geanonimiseerd document”. Deze titel beschrijft de inhoud van het document echter onvoldoende.

Voor PDF-documenten is het belangrijk dat een duidelijke en beschrijvende documenttitel aanwezig is die de inhoud van het document goed weergeeft.","Stel een betekenisvolle en beschrijvende titel in die de inhoud van het document correct weergeeft. Doe dit bij voorkeur al in het bronbestand (bijvoorbeeld in Word of InDesign) voordat je exporteert naar PDF.

Controleer in Adobe Acrobat Pro of de titel correct is ingevuld in de documenteigenschappen en sla het document vervolgens opnieuw op om de wijzigingen door te voeren.",,,1,Fri Apr 10 2026 09:53:29 GMT+0200 (Midden-Europese zomertijd),Mon Apr 13 2026 10:40:22 GMT+0200 (Midden-Europese zomertijd)
b65cbda7-7854-43da-b669-11ad04cd4b09,6b427de6-113e-496c-adba-0645686f1a1d,B016,9b23fa6b-a0de-4779-b78a-2649f20d17e7,,resolved,,,"Op de website is een versie voor hoog contrast aanwezig. Deze is aan te zetten door middel van een zogenaamde ""contrast switch"". Dit succescriterium is volledig getest in de modus voor hoog contrast. De versie voor hoog contrast wordt gezien als een alternatief voor de standaard versie.

Hierdoor kunnen er contrastproblemen zijn met grafische elementen in de standaard versie. Deze zijn verder niet beoordeeld.","We adviseren om ook de standaard versie te voorzien van voldoende contrast voor grafische elementen, zoals iconen, knoppen en formuliervelden. Dit bevordert de toegankelijkheid van de website voor bezoekers met een zichtbeperking. De versie voor hoog contrast kan dan vervolgens ingezet worden voor een ""verhoogd contrast"".",,,0,Mon Apr 13 2026 10:16:32 GMT+0200 (Midden-Europese zomertijd),Tue Apr 21 2026 18:45:03 GMT+0200 (Midden-Europese zomertijd)
7b3e8943-e016-4678-baac-52c0162e3419,3eb5531b-661d-4f06-a621-68594a23acfe,B004,967dd178-96c9-487f-aaf9-6508032abe65,,resolved,,,"Op meerdere pagina's staat de kop ""Of zoekt u…"" boven een lijst met onderwerpen, bijvoorbeeld op de homepage met onderwerpen zoals ""Niet ingezetenen (RNI)"", ""Parkeren"" en ""Uittreksels"". Dit is geen beschrijvende kop. De kop maakt niet duidelijk welke informatie er onder staat.","Kies een kop die beschrijft wat er onder staat, bijvoorbeeld ""Veelgezochte onderwerpen"".",,,0,Tue Jun 23 2026 10:39:47 GMT+0200 (Midden-Europese zomertijd),Tue Jun 23 2026 11:30:49 GMT+0200 (Midden-Europese zomertijd)
1941297b-acc7-4d5f-a890-e34a35865141,defa249d-d4b2-4184-b269-3cbb73556ed0,B026,41d09e8c-c857-457c-a799-ffc0539e7722,,open,klein,redacteur,"Op de pagina staat een groepsfoto van de gemeenteraad. De afbeelding heeft een leeg tekstalternatief, waardoor hulpsoftware deze foto overslaat. Daardoor missen gebruikers met hulpsoftware de informatie dat er een groepsfoto van de gemeenteraad staat.","Voorzie de groepsfoto van een tekstalternatief, bijvoorbeeld ""Groepsfoto van de gemeenteraad van Valkenswaard"".",,,4,Sat Jun 27 2026 16:43:25 GMT+0200 (Midden-Europese zomertijd),Sat Jun 27 2026 16:43:25 GMT+0200 (Midden-Europese zomertijd)
279ad380-5cb1-4018-bc14-c7db79d93cdb,defa249d-d4b2-4184-b269-3cbb73556ed0,B040,cf8f7d38-2002-4ede-aa09-a382fd4c22f5,,open,kritiek,redacteur,"Het PDF-document ""Toekomstvisie 2040"" bestaat volledig uit afbeeldingen. De tekst in het document is onderdeel van die afbeeldingen en is niet als echte tekst in het document opgenomen. Daardoor kan hulpsoftware de inhoud niet uit het document zelf voorlezen en kunnen gebruikers de tekst niet vergroten, kopiëren of het lettertype aanpassen.",Maak het PDF-document opnieuw vanuit het brondocument zodat de inhoud als echte tekst beschikbaar is.,,,7,Sat Jun 27 2026 16:43:25 GMT+0200 (Midden-Europese zomertijd),Sat Jun 27 2026 16:43:25 GMT+0200 (Midden-Europese zomertijd)
767bbb74-4936-420c-8739-f3c306f79148,6b427de6-113e-496c-adba-0645686f1a1d,B020,41d09e8c-c857-457c-a799-ffc0539e7722,,open,serieus,redacteur,"Op de pagina is een interactieve kaart opgenomen die de strooiroutes van de gemeente Eemnes toont. Deze kaart is ingebonden via een iframe. Online kaarten en karteringsdiensten vallen onder een uitzondering voor de toegankelijkheidseisen, maar deze uitzondering geldt alleen voor de kaarttechniek, niet voor de informatie die via de kaart wordt aangeboden.

De informatie over de strooiroutes is momenteel alleen via de kaart beschikbaar. Op de pagina ontbreekt een tekstueel alternatief waarin deze informatie toegankelijk wordt aangeboden.

De kaart bevat een zoekfunctie, maar deze vormt geen aantoonbaar toegankelijk alternatief. Hierdoor is niet gegarandeerd dat de informatie voor alle gebruikers toegankelijk beschikbaar is.


","Zorg dat de essentiële informatie uit de kaart (zoals welke straten onder welke strooiroute vallen) ook op een toegankelijke manier wordt aangeboden, bijvoorbeeld via een tekstueel overzicht, tabel of een aantoonbaar toegankelijke zoekfunctie.",,,4,Mon Apr 13 2026 11:18:03 GMT+0200 (Midden-Europese zomertijd),Mon Apr 13 2026 11:18:03 GMT+0200 (Midden-Europese zomertijd)
bdc2bc4b-9cdc-4801-9473-bf67cb1dc440,40e99423-9ded-4123-b726-c0e467b79843,B023,41d09e8c-c857-457c-a799-ffc0539e7722,,open,klein,redacteur,"Op de pagina staan drie iconen onder de koppen ""Telefoonnummer"", ""Openingstijden"" en ""Contactformulier"". 
Aan elk icoon is een tekstbeschrijving gekoppeld die een schermlezer voorleest aan blinde gebruikers. 
De iconen bij ""Telefoonnummer"" (een telefoon) en ""Contactformulier"" (een huisje) zijn puur decoratief. De kop erboven vertelt al waar de sectie over gaat. Een schermlezer leest eerst de kop voor en daarna de beschrijving van het icoontje dat is dubbel en verwarrend.
Het icoon bij ""Openingstijden"" toont het woord ""OPEN"". De huidige alt-tekst ""Icoon van een hangend bordje met de tekst 'open'"" is te uitgebreid. Alleen de tekst op het icoon is relevant.","Geef de iconen bij ""Telefoonnummer"" en ""Contactformulier"" een leeg alt-attribuut (alt=""""). Pas de alt-tekst van het openingstijden-icoon aan naar alt=""OPEN"".",,,6,Thu Apr 09 2026 17:29:17 GMT+0200 (Midden-Europese zomertijd),Mon Apr 13 2026 11:40:59 GMT+0200 (Midden-Europese zomertijd)
a130a3dc-dae5-45b2-9a1a-2062e605541b,40e99423-9ded-4123-b726-c0e467b79843,B006,4cb21fff-b4e0-4bd5-a312-f472f8541396,,open,matig,redacteur,"Op meerdere pagina’s zijn opsommingen visueel als lijst weergegeven, maar niet als lijst in de code opgemaakt.

Op de pagina koninklijke-erepenning
staat onder de kop “Overzicht Koninklijke erepenninghouders” een opsomming van erepenninghouders die is opgebouwd als één alinea met regelafbrekingen (br). Hierdoor kunnen hulptechnologieën niet herkennen dat het om een lijst gaat.

Ook onder de kop “Hoe werkt de aanvraag?” zijn de vijf stappen visueel genummerd, maar in de code opgemaakt als losse alinea’s met handmatige nummering. Daarnaast is de bijlagenlijst onder stap 2 niet genest binnen het bijbehorende stap-item, waardoor de hiërarchische structuur niet programmatisch bepaald kan worden.

Op de pagina crimineel gedrag
 zijn de vier opsommingsitems onder de kop “Wat moet u doen” eveneens opgebouwd als één alinea met regelafbrekingen (br). Hierdoor kan hulpsoftware niet aangeven dat het een lijst betreft of uit hoeveel onderdelen deze bestaat.","Maak van deze opsommingen echte lijsten in de code. Gebruik een ongeordende lijst (ul) voor opsommingen en een geordende lijst (ol) voor genummerde stappen. Zorg er daarnaast voor dat onderliggende opsommingen (zoals de bijlagen onder stap 2) correct genest worden binnen het bijbehorende lijstitem, zodat de structuur goed wordt doorgegeven aan hulpsoftware.",,,3,Wed Apr 08 2026 16:23:01 GMT+0200 (Midden-Europese zomertijd),Mon Apr 13 2026 12:07:16 GMT+0200 (Midden-Europese zomertijd)
425634ad-3681-4192-b042-79f430db84b2,0df762bc-d4cf-4000-bcd1-a8b9d8c3a55a,B001,4cb21fff-b4e0-4bd5-a312-f472f8541396,,open,klein,redacteur,"Op de homepage staat onder de kop “Of bent u op zoek naar...” een overzicht met twaalf links, zoals Nieuws, Gemeentelijke belastingen en Verhuizen. Visueel is dit een opsomming. Deze links staan echter in code niet als lijst opgemaakt. Daardoor kan hulpsoftware niet herkennen dat het om een lijst gaat. 
In te footer staan onder de kop “Volg de gemeente” twee links naar sociale media (Facebook en Instagram). Deze links zijn geplaatst in een p-element, terwijl ze visueel een opsomming vormen. Hierdoor is de lijststructuur niet programmatisch vastgelegd en kan hulpsoftware niet bepalen dat het om een lijst met meerdere items gaat.",Plaats de links in een ongeordende lijst.,,,0,Wed Apr 15 2026 09:24:06 GMT+0200 (Midden-Europese zomertijd),Wed Apr 15 2026 09:25:41 GMT+0200 (Midden-Europese zomertijd)
37e952da-3398-4a57-9780-b5593766c98f,0df762bc-d4cf-4000-bcd1-a8b9d8c3a55a,B011,4cb21fff-b4e0-4bd5-a312-f472f8541396,,resolved,,,"De knop ""Zorgmelding doorgeven"" is opgemaakt als een link waarbij de volledige knoptekst in een <strong>-element staat. Het <strong>-element is bedoeld om nadruk aan te geven en is hier niet nodig. De opmaak van een knop hoort via CSS te worden geregeld.",Verwijder het <strong>-element en regel de opmaak via CSS.,,,3,Wed Apr 15 2026 16:38:17 GMT+0200 (Midden-Europese zomertijd),Wed Apr 15 2026 21:04:05 GMT+0200 (Midden-Europese zomertijd)
654a4922-243e-44f1-ab08-da4eb6237e9c,b160cb88-c117-43c1-ac24-66c9da3f77b8,B032,4cb21fff-b4e0-4bd5-a312-f472f8541396,,open,matig,redacteur,"In het PDF-document wordt het organogram van de organisatiestructuur visueel weergegeven met behulp van positionering en verbindingslijnen. De hiërarchische relaties tussen de onderdelen worden alleen visueel overgebracht en zijn niet programmatisch vastgelegd. De verschillende onderdelen zijn opgemaakt als losse alinea’s (P-elementen), waardoor de onderlinge relaties niet bepaald kunnen worden.",Zorg dat de hiërarchische structuur van het organogram programmatisch wordt overgebracht. Dit kan bijvoorbeeld door een geneste lijststructuur of een tekstueel alternatief toe te voegen waarin de relaties tussen de onderdelen duidelijk worden beschreven.,,,15,Wed Jun 03 2026 15:46:06 GMT+0200 (Midden-Europese zomertijd),Wed Jun 03 2026 15:46:06 GMT+0200 (Midden-Europese zomertijd)
43e09c21-0bc6-4f15-b774-059ef949b4e5,b160cb88-c117-43c1-ac24-66c9da3f77b8,B029,4cb21fff-b4e0-4bd5-a312-f472f8541396,,resolved,serieus,redacteur,"In het PDF-document ontbreken koppen in de documentstructuur. De titel “Aanvraagformulier bekostiging leerlingenvervoer schooljaar 2025-2026” en de sectiekoppen, zoals “1. Gegevens leerling” en “2. Gegevens school”, zijn visueel als koppen opgemaakt, maar niet als koppen getagd. Hierdoor is de structuur van het document niet programmatisch bepaald.","Zorg dat alle koppen in het document correct worden opgemaakt met kopstijlen in de bronapplicatie en exporteer het document opnieuw als getagde PDF, zodat de koppen als H1, H2, H3, enzovoort in de structuur worden opgenomen.",,,13,Wed Jun 03 2026 15:46:06 GMT+0200 (Midden-Europese zomertijd),Wed Jun 03 2026 20:43:33 GMT+0200 (Midden-Europese zomertijd)
50417e2b-1422-46a3-9e8b-051e277d4215,187ee560-4a80-40ad-bc89-8a1f3f69c80e,B005,4cb21fff-b4e0-4bd5-a312-f472f8541396,,resolved,,,"Op de contactpagina staan onder de koppen ""Bezoek ons:"" en ""Postadres:"" adressen in een lijst met één item. Een lijst hoort twee of meer items te bevatten. De tekst kan beter als alinea worden opgemaakt.",Vervang de lijst onder de kop door een alinea.,,,1,Sat May 02 2026 13:34:33 GMT+0200 (Midden-Europese zomertijd),Sat May 02 2026 14:29:48 GMT+0200 (Midden-Europese zomertijd)
b8410e0d-7df4-4ed9-a64d-2916d4f2eca0,b160cb88-c117-43c1-ac24-66c9da3f77b8,B032,35d250a4-d5a2-4d75-9ebd-6fc4c6da9cbc,,resolved,,,"Op de website is een versie voor hoog contrast aanwezig. Deze is aan te zetten door middel van een zogenaamde ""contrast switch"". 

Dit succescriterium is volledig getest in de modus voor hoog contrast. De versie voor hoog contrast wordt gezien als een alternatief voor de standaard versie.

Hierdoor kunnen er contrastproblemen zijn in de standaard versie. Deze zijn verder niet beoordeeld.","We adviseren om ook de standaard versie te voorzien van voldoende kleurcontrast in alle teksten. Dit bevordert de toegankelijkheid van de website voor bezoekers met een zichtbeperking. 

Teksten met voldoende kleurcontrast lezen ook makkelijker voor alle lezers. Het lezen is hierdoor minder intensief, kost minder energie en het lezen wordt (onbewust) als prettiger ervaren. Hierdoor is de lezer eerder geneigd om over te gaan tot activatie.

De versie voor hoog contrast kan dan vervolgens ingezet worden voor een ""verhoogd contrast"", waarbij wordt voldaan aan succescriterium [WCAG 1.4.6 Verhoogd contrast (niveau AAA)](https://www.w3.org/WAI/WCAG22/Understanding/contrast-enhanced.html).",,,1,Wed Jun 03 2026 15:46:06 GMT+0200 (Midden-Europese zomertijd),Wed Jun 03 2026 15:46:06 GMT+0200 (Midden-Europese zomertijd)
a420f9fe-379c-4d2b-822e-fe6cd0677015,0df762bc-d4cf-4000-bcd1-a8b9d8c3a55a,B004,41d09e8c-c857-457c-a799-ffc0539e7722,,open,klein,redacteur,"Op de pagina staat een afbeelding met voorbeelden van goed en verkeerd gesnoeide heggen. De tekst die bij de afbeelding hoort (de alt-tekst) is precies hetzelfde als het bijschrift onder de afbeelding.
Hierdoor wordt dezelfde informatie twee keer voorgelezen aan gebruikers van hulpsoftware zoals een schermlezer.

Omdat het bijschrift de afbeelding al goed uitlegt, is een alt-tekst niet nodig.","Gebruik een lege alt-tekst (alt=""""), zodat de informatie niet dubbel wordt voorgelezen.",,,1,Wed Apr 15 2026 10:56:48 GMT+0200 (Midden-Europese zomertijd),Wed Apr 15 2026 10:56:48 GMT+0200 (Midden-Europese zomertijd)
ca08d5ab-0460-4bcc-81e3-4c8cb45816ef,0df762bc-d4cf-4000-bcd1-a8b9d8c3a55a,B006,4cb21fff-b4e0-4bd5-a312-f472f8541396,,open,matig,redacteur,"Op meerdere pagina’s klopt de koppenstructuur niet, waardoor de hiërarchie van de content niet goed wordt overgebracht aan hulpsoftware.

Op de pagina bekendmakingen en verordeningen volgt na de paginatitel (h1) direct een aantal koppen van niveau h3 zoals “Bekendmakingen”, “Verordeningen” en “Bekendmakingen in uw buurt of wijk”. Het niveau h2 ontbreekt, waardoor de structuur een stap overslaat.

Op de pagina duurzaam is de kop “Blaricum Duurzaam” opgemaakt als h2. De onderliggende berichten, zoals “Isolatieactie” en “Energieklus” zijn ook als h2 opgemaakt. Hierdoor is niet duidelijk dat deze onderdelen onder “Blaricum Duurzaam” vallen.

Dit zorgt ervoor dat gebruikers van schermlezers de structuur van de pagina minder goed kunnen begrijpen en moeilijker kunnen navigeren.

","Zorg voor een logische en opeenvolgende koppenstructuur zonder niveaus over te slaan. Gebruik op de pagina “Bekendmakingen en verordeningen” koppen van niveau h2 in plaats van h3. Laat op de pagina “Duurzaam” de kop “Blaricum Duurzaam” staan als h2 en geef de onderliggende berichten een lager kopniveau.

",,,2,Wed Apr 15 2026 11:08:01 GMT+0200 (Midden-Europese zomertijd),Wed Apr 15 2026 11:08:01 GMT+0200 (Midden-Europese zomertijd)
a6fc3bf5-719e-41e6-86d5-0b4ad1944a8b,0df762bc-d4cf-4000-bcd1-a8b9d8c3a55a,B008,967dd178-96c9-487f-aaf9-6508032abe65,,open,klein,redacteur,"De h1 en h2 van stap 1 van het formulier zijn nagenoeg identiek: de h1 luidt ""Contactformulier - Blaricum"" en de h2 luidt ""Contactformulier Blaricum"". De h2 beschrijft de inhoud van de stap niet, zij herhaalt alleen de formuliernaam.","Vervang de h2 door een beschrijvende staptitel die aangeeft wat er in deze stap wordt gevraagd. Bijvoorbeeld ""Over dit formulier"".",,,1,Wed Apr 15 2026 11:15:44 GMT+0200 (Midden-Europese zomertijd),Wed Apr 15 2026 11:15:44 GMT+0200 (Midden-Europese zomertijd)
09d58aad-4872-43c4-b68e-e393b812735f,0df762bc-d4cf-4000-bcd1-a8b9d8c3a55a,B009,967dd178-96c9-487f-aaf9-6508032abe65,,open,klein,redacteur,"Op de homepage staat een kop H2 met de tekst ""Of bent u op zoek naar..."". Deze kop beschrijft de inhoud van de sectie niet, maar stelt een vraag. Hierdoor is het voor gebruikers die via koppen navigeren niet duidelijk wat er in deze sectie staat.","Vervang de kop door een beschrijvende titel die aangeeft wat de sectie bevat, bijvoorbeeld ""Veelgevraagde onderwerpen"" of ""Populaire onderwerpen"".",,,2,Wed Apr 15 2026 13:06:49 GMT+0200 (Midden-Europese zomertijd),Wed Apr 15 2026 13:06:49 GMT+0200 (Midden-Europese zomertijd)
bd12418c-0116-40a4-9dfd-aacaeb60859e,0df762bc-d4cf-4000-bcd1-a8b9d8c3a55a,B010,967dd178-96c9-487f-aaf9-6508032abe65,,open,klein,redacteur,"De Kop “Wees dit voor” op deze pagina beschrijft het onderwerp van de sectie niet duidelijk. Ook binnen de paginacontext blijft de betekenis onduidelijk. Hierdoor is voor gebruikers die via koppen navigeren niet duidelijk wat zij in deze sectie kunnen verwachten.
","Gebruik een beschrijvende koptekst die het onderwerp van de alinea weergeeft, zoals ""Regelmatig onderhoud voorkomt overlast"".",,,3,Wed Apr 15 2026 13:08:09 GMT+0200 (Midden-Europese zomertijd),Wed Apr 15 2026 13:08:09 GMT+0200 (Midden-Europese zomertijd)
969162f1-caac-431e-a17e-b3c02a6bae05,3f70b18e-a30c-462c-87c1-1787f6756edb,B014,35d250a4-d5a2-4d75-9ebd-6fc4c6da9cbc,,resolved,,,"Op de website is een versie voor hoog contrast aanwezig. Deze is aan te zetten door middel van een zogenaamde ""contrast switch"".
Dit succescriterium is volledig getest in de modus voor hoog contrast. De versie voor hoog contrast wordt gezien als een alternatief voor de standaard versie.

Hierdoor kunnen er contrastproblemen zijn in de standaard versie. Deze zijn verder niet beoordeeld.","We adviseren om ook de standaard versie te voorzien van voldoende kleurcontrast in alle teksten. Dit bevordert de toegankelijkheid van de website voor bezoekers met een zichtbeperking. 

Teksten met voldoende kleurcontrast lezen ook makkelijker voor alle lezers. Het lezen is hierdoor minder intensief, kost minder energie en het lezen wordt (onbewust) als prettiger ervaren. Hierdoor is de lezer eerder geneigd om over te gaan tot activatie.

De versie voor hoog contrast kan dan vervolgens ingezet worden voor een ""verhoogd contrast"", waarbij wordt voldaan aan succescriterium [WCAG 1.4.6 Verhoogd contrast (niveau AAA)](https://www.w3.org/WAI/WCAG22/Understanding/contrast-enhanced.html).",,,2,Fri Apr 24 2026 11:25:58 GMT+0200 (Midden-Europese zomertijd),Fri Apr 24 2026 11:25:58 GMT+0200 (Midden-Europese zomertijd)
6bd3126f-6aef-47db-b14d-676751bc65ea,ab62ae84-37ef-4d94-9ed6-58403d0da6ca,B011,967dd178-96c9-487f-aaf9-6508032abe65,,open,klein,redacteur,"Op de pagina staat een lege kop direct boven de openingstijden-module. Deze kop heeft geen tekst en beschrijft daarmee geen onderwerp of doel. Gebruikers die via koppen navigeren, stuiten op een lege kopregel.","Vul het titelveld van het openingstijden-component in het CMS in met een beschrijvende tekst, bijvoorbeeld ""Openingstijden"".",,,0,Mon May 25 2026 15:46:54 GMT+0200 (Midden-Europese zomertijd),Mon May 25 2026 15:46:54 GMT+0200 (Midden-Europese zomertijd)
586747aa-d5ee-4e8b-855f-489aceaf9f53,b160cb88-c117-43c1-ac24-66c9da3f77b8,B010,a831e91c-9db5-42ed-98b0-859517e99564,,open,matig,redacteur,"Op alle pagina’s in het hoofdmenu staan twee links die naar dezelfde pagina verwijzen (/werken-bij-de-gemeente-ijsselstein), maar een verschillend label hebben: “Werken bij de Gemeente IJsselstein” en “Vacatures”.","Zorg dat links die naar dezelfde pagina verwijzen hetzelfde label hebben. Gebruik één consistente naam, bijvoorbeeld “Vacatures” of “Werken bij de gemeente”, en pas dit toe in beide menuonderdelen.",,,0,Wed Jun 03 2026 15:46:06 GMT+0200 (Midden-Europese zomertijd),Wed Jun 03 2026 16:54:08 GMT+0200 (Midden-Europese zomertijd)
fa914fee-6e6d-4211-88bb-532e92996be6,b160cb88-c117-43c1-ac24-66c9da3f77b8,B002,cd31b01e-f6f1-4e3a-bbbe-c83d8c570848,,open,klein,redacteur,Op alle pagina’s van de website staat in de footer het telefoonnummer “14 030” als link. De linktekst beschrijft het doel van de link niet.,Zorg dat de linktekst het doel van de link duidelijk beschrijft. Gebruik bijvoorbeeld “Bel 14 030” of “Telefoonnummer: 14 030”.,,,0,Wed Jun 03 2026 15:46:06 GMT+0200 (Midden-Europese zomertijd),Wed Jun 03 2026 16:54:48 GMT+0200 (Midden-Europese zomertijd)
cfc68488-d11c-4fe0-a00d-050991e8b2db,21a690ed-3af7-426d-ae0d-8b5c6218c565,B009,4cb21fff-b4e0-4bd5-a312-f472f8541396,,open,klein,redacteur,"Op de pagina staat na de H1 direct een H3-kop (""Verkeersregelaars""), gevolgd door een tweede H3 (""Alcohol schenken tijdens evenement""). Een H2-kop tussenin ontbreekt. Daarna volgt pas een reeks H2-koppen voor de evenement-categorieën. Hierdoor is de kopstructuur niet logisch opgebouwd. Gebruikers die via koppen navigeren, kunnen de hiërarchie van de pagina moeilijker begrijpen.","Zorg dat de kopstructuur logisch is opgebouwd. Onder een H1 hoort eerst een H2, en pas daarna eventueel diepere niveaus. Wijzig ""Verkeersregelaars"" en ""Alcohol schenken tijdens evenement"" naar H2, of voeg een overkoepelende H2-kop toe waar deze onderdelen bij horen.",,,1,Thu Jul 02 2026 21:14:39 GMT+0200 (Midden-Europese zomertijd),Thu Jul 02 2026 21:14:39 GMT+0200 (Midden-Europese zomertijd)
a79812bd-568e-4dce-ad47-800bd2e53ade,21a690ed-3af7-426d-ae0d-8b5c6218c565,B012,4cb21fff-b4e0-4bd5-a312-f472f8541396,,open,klein,redacteur,"Onder de kop ""(Gedeeltelijk) online aanvragen: hoe werkt het?"" staan twee genummerde stappen met daaronder een lijst. De twee stappen staan als losse alinea's op de pagina. Schermlezers kondigen daarom niet aan dat de stappen bij elkaar horen als lijst.","Zet Stap 1 en Stap 2 in een genummerde lijst. Verplaats de drie punten (pasfoto, vingerafdruk, handtekening) in een lijst binnen Stap 2, zodat duidelijk is dat ze bij die stap horen.",,,3,Fri Jul 03 2026 10:58:11 GMT+0200 (Midden-Europese zomertijd),Fri Jul 03 2026 10:58:11 GMT+0200 (Midden-Europese zomertijd)
9e1d438e-884e-4260-bae4-d56842905d84,0df762bc-d4cf-4000-bcd1-a8b9d8c3a55a,B014,4cb21fff-b4e0-4bd5-a312-f472f8541396,,open,serieus,redacteur,"In het pdf document staan meerdere uitgelichte tekstkaders met een gele achtergrond die niet zijn getagd en daardoor niet worden voorgelezen door hulpsoftware. Een voorbeeld is de tekst op pagina 4: ""Bereken welke vorm van participatie past."" Dit probleem komt op meerdere pagina's voor.",Tag de uitgelichte tekstkaders als alinea-elementen in het bronbestand en exporteer het document daarna opnieuw als PDF.,,,7,Thu Apr 16 2026 16:40:01 GMT+0200 (Midden-Europese zomertijd),Fri Apr 17 2026 10:11:20 GMT+0200 (Midden-Europese zomertijd)
8a7200ef-2ce5-45eb-ad51-dca255969d6b,e139aa31-44cb-4d11-8af5-58b8a711f2a9,B005,41d09e8c-c857-457c-a799-ffc0539e7722,,open,klein,redacteur,"Op de pagina staan portretfoto's van de bestuursleden. Elke afbeelding heeft een leeg alt-attribuut (alt=""""), wat betekent dat de foto's voor hulpsoftware als decoratief worden behandeld. Hierdoor weten gebruikers van hulpsoftware, zoals een schermlezer, niet dat er een portretfoto van de bestuurder op de pagina staat.","Geef elke portretfoto een tekstalternatief dat aangeeft dat het om een portret van de betreffende persoon gaat, bijvoorbeeld alt=""Portret van Roland van Benthem"".",,,0,Sat Apr 18 2026 13:05:43 GMT+0200 (Midden-Europese zomertijd),Mon Apr 20 2026 17:07:10 GMT+0200 (Midden-Europese zomertijd)
11d051c2-5a3a-4142-8bd1-c52f69eec8c5,b160cb88-c117-43c1-ac24-66c9da3f77b8,B026,41d09e8c-c857-457c-a799-ffc0539e7722,,resolved,klein,redacteur,"In het PDF-document staat het logo van Gemeente IJsselstein zonder tekstalternatief. Omdat de afbeelding niet getagd is, komt het logo niet voor in de tagstructuur en is het niet toegankelijk voor hulpsoftware.","Voorzie het logo in het bronbestand van een alternatieve tekst ""Gemeente IJsselstein"" en exporteer het document opnieuw als PDF.",,,6,Wed Jun 03 2026 15:46:06 GMT+0200 (Midden-Europese zomertijd),Wed Jun 03 2026 20:43:29 GMT+0200 (Midden-Europese zomertijd)
3b5c19c5-edaa-4b3a-ad95-2137532df64d,b160cb88-c117-43c1-ac24-66c9da3f77b8,B028,4cb21fff-b4e0-4bd5-a312-f472f8541396,,resolved,serieus,redacteur,"In het PDF-document is op pagina 1 het kader met de tekst “BELANGRIJK!” en bijbehorende opsomming opgemaakt als tabel, terwijl deze alleen voor vormgeving wordt gebruikt. Hulpsoftware kondigt dit daardoor onterecht aan als tabel.

Hetzelfde geldt voor de keuzeopties onder “3. Soort onderwijs”. Ook deze zijn opgemaakt als tabel zonder dat er sprake is van tabelgegevens. Hierdoor worden deze door hulpsoftware onjuist als tabel aangekondigd.",Gebruik geen tabellen voor opmaak. Vervang deze in het bronbestand door een lijst of platte tekst met een logische structuur en exporteer het document opnieuw als PDF.,,,12,Wed Jun 03 2026 15:46:06 GMT+0200 (Midden-Europese zomertijd),Wed Jun 03 2026 20:43:32 GMT+0200 (Midden-Europese zomertijd)
2cb49b1e-90f8-473f-af5b-9f65b25514ee,b160cb88-c117-43c1-ac24-66c9da3f77b8,B033,4cb21fff-b4e0-4bd5-a312-f472f8541396,,open,klein,redacteur,"In het PDF-document staan bij de keuzevragen (vanaf ""3. Soort onderwijs"") selectievakjes die zijn opgemaakt als een leeg vierkantje (□) in een Span-element. Voorbeeld: bij ""Speciaal onderwijs (SO) of Voortgezet speciaal onderwijs"" en bij ""Maandag ochtend: Taxi / Eigen vervoer"". Het vierkantje is alleen een tekstkarakter zonder semantische betekenis. Hulpsoftware leest dit voor als ""wit vierkantje"" of slaat het over, waardoor de gebruiker niet hoort dat er een selectievakje is om aan te kruisen. De koppeling tussen het vakje en het bijbehorende label is alleen visueel.","Gebruik in het Word-bronbestand echte selectievakje-besturingselementen (tabblad Ontwikkelaars → Besturingselementen → selectievakje). Bij PDF-export ontstaat dan een echt formulierveld dat hulpsoftware aankondigt als selectievakje. Vink bij export ook ""Documentstructuurlabels voor toegankelijkheid"" aan.",,,16,Wed Jun 03 2026 15:46:06 GMT+0200 (Midden-Europese zomertijd),Wed Jun 03 2026 20:43:58 GMT+0200 (Midden-Europese zomertijd)
9ffed5f9-8c2a-4d51-b97d-15a326b4b6fa,21a690ed-3af7-426d-ae0d-8b5c6218c565,B010,4cb21fff-b4e0-4bd5-a312-f472f8541396,,open,klein,ontwikkelaar,"In de tabellen met evenementen per maand staan de datums in de eerste kolom. Deze datums zijn gemarkeerd als gewone tabelcellen (td) in plaats van als rijkoppen (th scope=""row""). Voor gebruikers die de tabel met een schermlezer bekijken, betekent dit dat de datum niet automatisch bij de naam en locatie wordt genoemd. Zij horen alleen ""Naam: Keti koti, Locatie: Grote Kerk"" zonder de datum als context.","Markeer de datum-cellen in elke rij als rijkop, door td te vervangen door th scope=""row"". Hulpsoftware kondigt dan bij elke rij automatisch de datum aan bij naam en locatie.",,,2,Thu Jul 02 2026 21:30:47 GMT+0200 (Midden-Europese zomertijd),Thu Jul 02 2026 21:30:47 GMT+0200 (Midden-Europese zomertijd)
e22c2c08-5ea6-4941-9396-2fbd8e0b63bb,21a690ed-3af7-426d-ae0d-8b5c6218c565,B011,cd31b01e-f6f1-4e3a-bbbe-c83d8c570848,,open,klein,redacteur,"Op de pagina staat de melding ""Er bestaat een mogelijkheid dat u op een evenement wordt gefotografeerd. Klik hier voor meer informatie."" De linktekst ""hier"" beschrijft niet waar de link naartoe leidt. Gebruikers die met een schermlezer door de links van de pagina navigeren, horen alleen ""hier"" zonder context. De link leidt naar informatie over fotografie tijdens evenementen.","Vervang de linktekst ""hier"" door een beschrijvende tekst, bijvoorbeeld ""lees meer over fotografie op evenementen"", of pas de zin aan naar ""Meer informatie over fotografie op evenementen"" met de link op de woorden ""fotografie op evenementen"".",,,0,Thu Jul 02 2026 21:31:02 GMT+0200 (Midden-Europese zomertijd),Thu Jul 02 2026 21:31:02 GMT+0200 (Midden-Europese zomertijd)
53751fee-410a-476b-853e-ad8e356a621f,21a690ed-3af7-426d-ae0d-8b5c6218c565,B013,41d09e8c-c857-457c-a799-ffc0539e7722,,open,klein,redacteur,"Op de pagina staat een afbeelding van een organogram van de gemeentelijke organisatie. De informatie op de afbeelding is niet in tekst beschikbaar op de pagina. Gebruikers die de pagina met een schermlezer bekijken, missen daardoor de indeling van de organisatie.","Zet de teamnamen ook als tekst op de pagina, bijvoorbeeld als lijst onder de afbeelding. Het huidige alt-tekst ""Organogram Beverwijk"" kan zo blijven als label.",,,3,Fri Jul 03 2026 11:13:07 GMT+0200 (Midden-Europese zomertijd),Fri Jul 03 2026 11:13:07 GMT+0200 (Midden-Europese zomertijd)
5148eb8d-62e1-4a79-b1b7-c965436302c8,9b59a171-e91e-48ed-86da-5946a1df3760,B003,cd31b01e-f6f1-4e3a-bbbe-c83d8c570848,,resolved,,,"In de footer staat onder ""Sociale media"" een link met de tekst ""Twitter pagina van de gemeente Valkenswaard"". Deze link gaat naar twitter.com, wat sinds de naamswijziging automatisch doorstuurt naar x.com. Voor mensen die het platform inmiddels als X kennen, kan de linktekst met ""Twitter"" verwarrend zijn.","Werk de linktekst bij naar de huidige naam van het platform, bijvoorbeeld ""X pagina van de gemeente Valkenswaard"", zodat de linktekst overeenkomt met de huidige naam van de dienst.",,,0,Sun Jul 05 2026 10:24:48 GMT+0200 (Midden-Europese zomertijd),Sun Jul 05 2026 10:24:48 GMT+0200 (Midden-Europese zomertijd)
d8f1d3ae-154d-4511-86f8-ac0a7ab443d7,0df762bc-d4cf-4000-bcd1-a8b9d8c3a55a,B017,89d02ab5-a3ba-47aa-8c7b-9c740cc8a23d,,resolved,,,Op pagina 10 staat een klikbare link naar het Omgevingsloket. De link heeft geen onderstreping en wijkt niet af in kleur van de omringende tekst. De link is daardoor voor alle gebruikers visueel niet herkenbaar als klikbaar element.,Onderstreep de link of geef deze een afwijkende kleur zodat deze herkenbaar is als klikbaar element.,,,0,Fri Apr 17 2026 09:44:16 GMT+0200 (Midden-Europese zomertijd),Fri Apr 17 2026 09:44:16 GMT+0200 (Midden-Europese zomertijd)
45c4b290-57ef-45db-b207-3c7772f39f8c,0df762bc-d4cf-4000-bcd1-a8b9d8c3a55a,B018,4cb21fff-b4e0-4bd5-a312-f472f8541396,,open,serieus,redacteur,Op pagina 10 van het pdf document staat een klikbare link naar het Omgevingsloket. De link is niet als link getagd in de tagstructuur. Een screenreadergebruiker hoort de URL voorgelezen als gewone tekst en kan de link niet activeren.,Tag de URL als een klikbare link in het bronbestand en exporteer het document daarna opnieuw als PDF.,,,10,Fri Apr 17 2026 09:51:22 GMT+0200 (Midden-Europese zomertijd),Fri Apr 17 2026 09:51:22 GMT+0200 (Midden-Europese zomertijd)
ea10f5a4-430f-418e-bc80-f010588b82de,0df762bc-d4cf-4000-bcd1-a8b9d8c3a55a,B022,35d250a4-d5a2-4d75-9ebd-6fc4c6da9cbc,,open,serieus,redacteur,"In het PDF-document staat op elke pagina een blauwe kolom met witte tekst. De tekstkleur #FFFFFF heeft onvoldoende contrast met de achtergrondkleur #629DD1. Het kleurcontrast is 2,9:1. Hierdoor is de tekst slecht leesbaar voor mensen met een verminderd gezichtsvermogen.","Het contrast van normale tekst moet minimaal 4,5:1 zijn en voor grote tekst minimaal 3,0:1. Maak de blauwe achtergrondkleur donkerder zodat het contrast met de witte tekst voldoet aan de eis. ",,,0,Fri Apr 17 2026 11:20:42 GMT+0200 (Midden-Europese zomertijd),Fri Apr 17 2026 11:20:42 GMT+0200 (Midden-Europese zomertijd)
1232b3a3-3159-4c93-be73-720002924770,0df762bc-d4cf-4000-bcd1-a8b9d8c3a55a,B019,4cb21fff-b4e0-4bd5-a312-f472f8541396,,open,serieus,redacteur,"Het volgende PDF-document is niet getagd. Dit wil zeggen dat er geen structuur is aangegeven in het bestand door middel van tags. Hulpsoftware (zoals een screenreader) kan hierdoor niet bepalen wat koppen, lijsten en dergelijke zijn en zal afbeeldingen negeren. ","Als het bestand correct getagd wordt, kan hulpsoftware beter de structuur en relaties bepalen. Bij koppen kan dan bijvoorbeeld worden voorgelezen dat dit koppen zijn. In veel gevallen kan dit probleem worden opgelost door het document vanuit het bronbestand (meestal in Word of InDesign) opnieuw te exporteren naar PDF, maar dan inclusief tags of labels. 

Omdat nu de tags ontbreken, kunnen andere succescriteria zoals 1.1.1 en 1.3.2 niet onderzocht worden. Let daarom op dat bij het oplossen van dit probleem nieuwe toegankelijkheidsproblemen kunnen ontstaan.",,,11,Fri Apr 17 2026 10:42:48 GMT+0200 (Midden-Europese zomertijd),Fri Apr 17 2026 10:42:48 GMT+0200 (Midden-Europese zomertijd)
49ef922e-ebc6-404a-af6a-ff626fab74d8,0df762bc-d4cf-4000-bcd1-a8b9d8c3a55a,B021,f9bb183a-eaa4-40fd-b878-91858322913f,,open,serieus,redacteur,"Het PDF-document is Nederlandstalig, maar in de documenteigenschappen is Engels ingesteld als taal. Hierdoor leest een schermlezer de Nederlandse tekst voor met Engelse uitspraakregels. Gebruikers die blind of slechtziend zijn en afhankelijk zijn van een schermlezer kunnen de tekst hierdoor moeilijk of niet volgen.
","Stel in het bronbestand de documenttaal in op Nederlands en exporteer het document daarna opnieuw als PDF. In Word: Bestand → Opties → Taal → Nederlands instellen als documenttaal. Controleer na het exporteren in Acrobat Pro via Bestand → Eigenschappen → Geavanceerd → Leesopties of de waarde op ""Nederlands"" staat.",,,0,Fri Apr 17 2026 11:03:53 GMT+0200 (Midden-Europese zomertijd),Fri Apr 17 2026 11:03:53 GMT+0200 (Midden-Europese zomertijd)
48fa12da-e462-42b8-9a9d-964afbb3babf,0df762bc-d4cf-4000-bcd1-a8b9d8c3a55a,B015,4cb21fff-b4e0-4bd5-a312-f472f8541396,,open,matig,redacteur,"Op pagina 4 van het pdf document staat het overzicht ""Bereken vorm van participatie"" met drie rijen die elk een puntenbereik koppelen aan een omschrijving en een participatieniveau  Visueel is dit een overzichtstabel. In de tagstructuur zijn de drie rijen getagd als losse alinea's. De relatie tussen puntenbereik, omschrijving en participatieniveau is niet programmatisch vastgelegd.","Tag dit overzicht als een tabel in het bronbestand met een rij per puntenbereik en kolomkoppen voor puntenbereik, omschrijving en participatievorm. Exporteer het document daarna opnieuw als PDF.",,,8,Thu Apr 16 2026 17:00:15 GMT+0200 (Midden-Europese zomertijd),Tue Apr 21 2026 09:17:21 GMT+0200 (Midden-Europese zomertijd)
e1c78685-5f59-4d17-b629-31ae4f7b6779,0df762bc-d4cf-4000-bcd1-a8b9d8c3a55a,B018,41d09e8c-c857-457c-a799-ffc0539e7722,,resolved,,,"Het volgende PDF-document is niet getagd. Hierdoor zijn informatieve afbeeldingen niet gemarkeerd als <Figure> en hebben zij geen tekstalternatief. Mensen die blind zijn en een schermlezer gebruiken krijgen deze informatie daardoor niet aangeboden. Omdat het document niet is getagd, is niet vast te stellen of afbeeldingen correct zijn verwerkt. Hierdoor wordt dit nu niet afgekeurd. Zodra het document wel wordt getagd, kan blijken dat informatieve afbeeldingen ontbreken of onjuist zijn getagd.","Zorg dat de PDF wordt voorzien van een volledige tags-structuur en maak daarbij onderscheid tussen informatieve en decoratieve afbeeldingen.

- Tag informatieve afbeeldingen als <Figure> en geef deze van een kort en beschrijvend tekstalternatief dat de functie of inhoud van de afbeelding samenvat.
- Markeer decoratieve afbeeldingen als artefact zodat deze worden genegeerd door schermlezers.",,,3,Fri Apr 17 2026 10:16:28 GMT+0200 (Midden-Europese zomertijd),Fri Apr 17 2026 11:07:57 GMT+0200 (Midden-Europese zomertijd)
e9775801-e0d9-47fe-b6a5-0da970fbb01f,e139aa31-44cb-4d11-8af5-58b8a711f2a9,B001,4cb21fff-b4e0-4bd5-a312-f472f8541396,,open,klein,redacteur,In de footer zijn de koppen “Contact” en “Openingstijden” extra benadrukt met een strong-element (een HTML-element voor nadruk binnen lopende tekst). Een kop heeft van zichzelf al betekenis en nadruk. Het strong-element voegt hier geen extra betekenis toe en hoort semantisch niet binnen koppen thuis.,"Verwijder het strong-element uit de koppen “Contact” en “Openingstijden”. De visuele opmaak van koppen, zoals vetgedrukte tekst, regel je via CSS.",,,0,Fri Apr 17 2026 21:23:45 GMT+0200 (Midden-Europese zomertijd),Sat Apr 18 2026 12:27:35 GMT+0200 (Midden-Europese zomertijd)
79c306cb-8c40-4448-a4ef-1e1cc9247d48,0df762bc-d4cf-4000-bcd1-a8b9d8c3a55a,B020,c5da9884-1520-4257-9c7c-cfdf3e78c7a6,,open,klein,redacteur,"De PDF heeft wel een titel (“Geanonimiseerd document”), maar deze beschrijft de inhoud van het document onvoldoende. Gebruikers van hulpsoftware, zoals een schermlezer, horen daardoor geen beschrijvende documenttitel.",Stel een beschrijvende titel in die de inhoud van het document weergeeft. Doe dit bij voorkeur al in het bronbestand (bijvoorbeeld in Word of InDesign) voordat je exporteert naar PDF.,,,0,Fri Apr 17 2026 10:51:56 GMT+0200 (Midden-Europese zomertijd),Tue Apr 21 2026 09:40:17 GMT+0200 (Midden-Europese zomertijd)
9011249d-a32f-4b46-8408-1a51865be21c,b160cb88-c117-43c1-ac24-66c9da3f77b8,B034,89d02ab5-a3ba-47aa-8c7b-9c740cc8a23d,,open,matig,redacteur,"In het PDF-document staat op pagina 4 de e-maillink ""info@ijsselstein.nl"" in de zin ""Of mail het in gescande formulier naar info@ijsselstein.nl"". De link is niet onderstreept en heeft geen andere visuele aanwijzing die hem onderscheidt van de omringende tekst. Mensen die het kleurverschil niet kunnen zien (bijvoorbeeld door kleurenblindheid) kunnen niet zien dat dit een link is.","Onderstreep de linktekst, zodat hij ook zonder kleurherkenning te onderscheiden is van gewone tekst.",,,0,Wed Jun 03 2026 20:51:05 GMT+0200 (Midden-Europese zomertijd),Wed Jun 03 2026 20:51:05 GMT+0200 (Midden-Europese zomertijd)
12f63ff8-45ff-4723-8374-c9b1170483d2,21a690ed-3af7-426d-ae0d-8b5c6218c565,B014,41d09e8c-c857-457c-a799-ffc0539e7722,,open,klein,redacteur,"De pagina is een overzichtspagina van de collegeleden. Elk collegelid wordt getoond als een klikbaar blok met foto, naam en functie. Dit blok fungeert als één geheel dat doorlinkt naar de detailpagina van die persoon. De foto heeft daarbij geen eigen informatieve waarde — de foto is onderdeel van het blok en fungeert als visuele identificatie. Een tekstuele beschrijving van de foto zelf is daarom niet nodig. Bij vijf van de zes portretten is deze toch opgenomen. Hierdoor wordt de informatie twee keer voorgelezen door een schermlezer.","Verwijder de tekstuele beschrijving bij deze vijf foto's, zoals ook al is gedaan bij de foto van Martijn Smit. De naam en functie staan al in het blok en worden dan één keer voorgelezen.",,,4,Fri Jul 03 2026 11:33:58 GMT+0200 (Midden-Europese zomertijd),Fri Jul 03 2026 11:33:58 GMT+0200 (Midden-Europese zomertijd)
84b2f669-e419-4267-b921-1687323c6d93,9b59a171-e91e-48ed-86da-5946a1df3760,B004,41d09e8c-c857-457c-a799-ffc0539e7722,,resolved,,,"De collage-afbeelding bij de campagne ""Wat je niet ziet…"" heeft een leeg tekstalternatief. De afbeelding toont mensen die hun gezicht bedekken en versterkt daarmee visueel de titel van de campagne. De begeleidende tekst legt de kern al uit, maar de visuele metafoor gaat verloren voor mensen die de afbeelding niet zien.","Voeg een tekstalternatief toe dat weergeeft wat de afbeelding communiceert, bijvoorbeeld ""Drie personen die hun gezicht bedekken met hun handen"".",,,0,Sun Jul 05 2026 11:03:53 GMT+0200 (Midden-Europese zomertijd),Sun Jul 05 2026 11:03:53 GMT+0200 (Midden-Europese zomertijd)
60bbe75d-6e5a-4d05-a540-4130bda04718,0df762bc-d4cf-4000-bcd1-a8b9d8c3a55a,B023,35d250a4-d5a2-4d75-9ebd-6fc4c6da9cbc,,resolved,onbekend,onbekend,"Op de website is een versie voor hoog contrast aanwezig. Deze is aan te zetten door middel van een zogenaamde ""contrast switch"".
Dit succescriterium is volledig getest in de modus voor hoog contrast. De versie voor hoog contrast wordt gezien als een alternatief voor de standaard versie.

Hierdoor kunnen er contrastproblemen zijn in de standaard versie. Deze zijn verder niet beoordeeld.","We adviseren om ook de standaard versie te voorzien van voldoende kleurcontrast in alle teksten. Dit bevordert de toegankelijkheid van de website voor bezoekers met een zichtbeperking. 

Teksten met voldoende kleurcontrast lezen ook makkelijker voor alle lezers. Het lezen is hierdoor minder intensief, kost minder energie en het lezen wordt (onbewust) als prettiger ervaren. Hierdoor is de lezer eerder geneigd om over te gaan tot activatie.

De versie voor hoog contrast kan dan vervolgens ingezet worden voor een ""verhoogd contrast"", waarbij wordt voldaan aan succescriterium [WCAG 1.4.6 Verhoogd contrast (niveau AAA)](https://www.w3.org/WAI/WCAG22/Understanding/contrast-enhanced.html).",,,1,Sat Apr 18 2026 11:40:43 GMT+0200 (Midden-Europese zomertijd),Sat Apr 18 2026 11:41:30 GMT+0200 (Midden-Europese zomertijd)
fc3d9c6c-0d22-43b8-abbd-cad48b1aca30,e139aa31-44cb-4d11-8af5-58b8a711f2a9,B003,cd31b01e-f6f1-4e3a-bbbe-c83d8c570848,,resolved,,,"In de footer onder Contact staat een link met de tekst “Persvragen?”. Een vraagteken aan het einde van een linktekst is ongebruikelijk en kan verwarrend zijn voor gebruikers van hulpsoftware, omdat het lijkt alsof het om een vraag gaat in plaats van een verwijzing naar een pagina. Het linkdoel zelf is in deze context (de contactsectie van de footer) wel duidelijk.","Vervang de linktekst “Persvragen?” door een formulering zonder vraagteken die het linkdoel beschrijft, bijvoorbeeld “Persvragen”, “Informatie voor pers” of “Naar persinformatie”.",,,0,Sat Apr 18 2026 12:48:45 GMT+0200 (Midden-Europese zomertijd),Sat Apr 18 2026 12:49:54 GMT+0200 (Midden-Europese zomertijd)
2f20cd3c-96c0-49ac-a610-8e688e014d48,b160cb88-c117-43c1-ac24-66c9da3f77b8,B035,4cb21fff-b4e0-4bd5-a312-f472f8541396,,open,klein,redacteur,"In het PDF-document staan voetnoot-sterretjes bij verschillende velden waarvan de uitleg verderop in het document staat, gescheiden door andere inhoud. Voorbeelden: ""Relatie tot leerling (vader, moeder, anders)*:"" met uitleg ""Stuur een verklaring mee van de rechtbank..."" enkele regels lager (sectie 10), ""Gewenste ingangsdatum**:"" met uitleg ""kan niet met terugwerkende kracht!"" (sectie 10), en ""Nee, begeleiding is niet mogelijk, omdat*"" met uitleg ""Let op; enkel het hebben van werk..."" (sectie 5). Voor een ziende lezer is de koppeling tussen sterretje en uitleg direct duidelijk. Een gebruiker die het document met hulpsoftware doorleest, hoort eerst alle tussenliggende velden en pas daarna de uitleg, zonder programmatische koppeling tussen het sterretje en de bijbehorende toelichting.","Plaats de uitleg direct onder het veld waar het sterretje bij hoort, op een eigen regel. Bijvoorbeeld:

Relatie tot leerling (vader, moeder, anders):
Stuur een verklaring mee van de rechtbank dat u het gezag heeft.

Op die manier hoort een gebruiker die het document met hulpsoftware doorleest de uitleg meteen na het veld, in plaats van enkele regels verder.",,,17,Wed Jun 03 2026 20:55:16 GMT+0200 (Midden-Europese zomertijd),Thu Jun 04 2026 13:28:34 GMT+0200 (Midden-Europese zomertijd)
7364f379-7a2b-456d-b59f-c6deca95381d,e139aa31-44cb-4d11-8af5-58b8a711f2a9,B006,4cb21fff-b4e0-4bd5-a312-f472f8541396,,open,matig,ontwikkelaar,"Op de pagina staat een tabel met de vergaderdata van het bestuur. De tabel bestaat uit één kolom en heeft geen kopcel (een th-element). Een tabel is bedoeld om gegevens in rijen en kolommen met elkaar in verband te brengen. Bij één kolom is daar geen sprake van en is de inhoud feitelijk een opsomming van datums. Hulpsoftware kondigt de inhoud nu aan als een tabel met 9 rijen en 1 kolom, wat misleidend is voor de gebruiker.","Maak van de datums een echte lijst (een ul-element met een li-element per datum). De visuele opmaak, zoals randen of vakken om elke datum, regel je via CSS.",,,3,Sat Apr 18 2026 13:17:23 GMT+0200 (Midden-Europese zomertijd),Sat Apr 18 2026 13:17:23 GMT+0200 (Midden-Europese zomertijd)
f43d175b-2d78-4df6-8ed5-f1baf2b0e308,0df762bc-d4cf-4000-bcd1-a8b9d8c3a55a,B024,9b23fa6b-a0de-4779-b78a-2649f20d17e7,,resolved,onbekend,onbekend,"Op de website is een versie voor hoog contrast aanwezig. Deze is aan te zetten door middel van een zogenaamde ""contrast switch"".

Dit succescriterium is volledig getest in de modus voor hoog contrast. De versie voor hoog contrast wordt gezien als een alternatief voor de standaard versie.

Hierdoor kunnen er contrastproblemen zijn met grafische elementen in de standaard versie. Deze zijn verder niet beoordeeld.","We adviseren om ook de standaard versie te voorzien van voldoende contrast voor grafische elementen, zoals iconen, knoppen en formuliervelden. Dit bevordert de toegankelijkheid van de website voor bezoekers met een zichtbeperking.

De versie voor hoog contrast kan dan vervolgens ingezet worden voor een ""verhoogd contrast"".",,,0,Sat Apr 18 2026 11:45:42 GMT+0200 (Midden-Europese zomertijd),Tue Apr 21 2026 18:45:03 GMT+0200 (Midden-Europese zomertijd)
21b1a302-9012-4957-845e-3c12def83d5b,b160cb88-c117-43c1-ac24-66c9da3f77b8,B009,41d09e8c-c857-457c-a799-ffc0539e7722,,resolved,matig,redacteur,"Op de pagina staat onder de kop ""Hondenuitlaatkaart"" een interactieve kaart. Online kaarten vallen onder de wettelijke uitzondering, maar die uitzondering geldt alleen voor de kaarttechniek, niet voor de informatie die via de kaart wordt aangeboden. De kaart toont twee soorten informatie: de losloopvelden en de routes tussen die velden. De losloopvelden zijn ook als tekst beschikbaar op de pagina, in de lijst onder ""Losloopgebieden in IJsselstein"". De routes zijn dat niet. De tekst vermeldt alleen dat deze routes bestaan en dat daarop aanlijn- en opruimplicht geldt, maar welke straten of paden de routes volgen is uitsluitend via de kaart te achterhalen. Daarmee is de kaart de enige manier om deze informatie te verkrijgen.","Voeg op de pagina een tekstuele beschrijving toe van de hondenuitlaatroutes, bijvoorbeeld als een lijst van straten of paden per route. Zo is de informatie ook beschikbaar voor gebruikers die de kaart niet kunnen gebruiken.",,,0,Wed Jun 03 2026 15:46:06 GMT+0200 (Midden-Europese zomertijd),Thu Jun 04 2026 13:38:37 GMT+0200 (Midden-Europese zomertijd)
c6870f5f-2e38-40e6-9961-a6112457382d,e139aa31-44cb-4d11-8af5-58b8a711f2a9,B007,41d09e8c-c857-457c-a799-ffc0539e7722,,open,matig,redacteur,"Op de pagina staat een infographic die het BEL-samenwerkingsmodel visueel weergeeft. De infographic toont de bestuurlijke verhoudingen tussen de gemeenteraden, de colleges B&W, het BEL-bestuur, de werkorganisatie en de inwoners van Blaricum, Eemnes en Laren. Deze informatie is niet toegankelijk voor gebruikers van hulpsoftware, zoals een schermlezer. Het huidige tekstalternatief van de afbeelding is “BEL Combinatie model”, wat de informatie uit de infographic niet overbrengt. De tekst boven de infographic beschrijft alleen de samenstelling van het BEL-bestuur en de rol van de Algemeen Directeur; de overige lagen en hun onderlinge verhoudingen worden niet genoemd.","Voor een complexe infographic zijn twee dingen nodig:

1. Geef de infographic zelf een kort tekstalternatief in het alt-attribuut dat aangeeft wat voor afbeelding het is, bijvoorbeeld alt=""Infographic van het BEL-samenwerkingsmodel"".

2. Bied daarnaast de inhoud van de infographic in tekstvorm aan op de pagina, bijvoorbeeld als opsomming of beschrijvende tekst direct onder de infographic. Op die manier krijgen gebruikers die de infographic niet kunnen zien dezelfde informatie als gebruikers die de infographic wel zien.",,,1,Sat Apr 18 2026 14:05:05 GMT+0200 (Midden-Europese zomertijd),Mon Apr 20 2026 17:23:38 GMT+0200 (Midden-Europese zomertijd)
a213801c-3887-4d87-b9b6-bb3a900fdc40,b160cb88-c117-43c1-ac24-66c9da3f77b8,B014,41d09e8c-c857-457c-a799-ffc0539e7722,,resolved,serieus,redacteur,"De twee promotieafbeeldingen zijn aanklikbare links die de afbeelding vergroot openen. De alt-teksten beschrijven de afbeelding, niet het linkdoel. Voorleessoftware kondigt de links aan als ""QR-route IJsselstein"" en ""QR-route IJsselveld"", zonder dat duidelijk is wat er bij klikken gebeurt.","Pas de alt-tekst aan zodat het linkdoel duidelijk is, bijvoorbeeld alt=""Vergroot promotiekaart QR-FIT route IJsselstein"" en alt=""Vergroot promotiekaart QR-FIT route IJsselveld"".
",,,2,Wed Jun 03 2026 15:46:06 GMT+0200 (Midden-Europese zomertijd),Thu Jun 04 2026 13:45:40 GMT+0200 (Midden-Europese zomertijd)
7d65e6d9-f02c-410e-a248-498f940dd668,e139aa31-44cb-4d11-8af5-58b8a711f2a9,B004,4cb21fff-b4e0-4bd5-a312-f472f8541396,,open,klein,redacteur,"Op meerdere plekken op de website is tekst opgemaakt met een em-element:

- In de footer onder Contact staat de tekst “Vanuit het buitenland” als label boven een telefoonnummer.
- Op de pagina Inkoop en aanbesteding staat de documenttitel “Het inkoop- en aanbestedingsbeleid Gooi- en Vechtstreek 2022” cursief.

Het em-element is bedoeld om in een lopende zin een woord extra nadruk te geven, vergelijkbaar met hoe je een woord in spraak iets harder of nadrukkelijker uitspreekt. In beide gevallen wordt het em-element gebruikt voor visuele opmaak (cursief), terwijl het bedoeld is om die semantische nadruk aan te geven.","Verwijder het em-element op deze plekken. De cursieve weergave, als die gewenst is, regel je via CSS.",,,2,Sat Apr 18 2026 12:54:39 GMT+0200 (Midden-Europese zomertijd),Sat Apr 18 2026 14:53:47 GMT+0200 (Midden-Europese zomertijd)
170bafb8-8ac1-4949-bd92-8a5702389233,e139aa31-44cb-4d11-8af5-58b8a711f2a9,B009,4cb21fff-b4e0-4bd5-a312-f472f8541396,,open,klein,redacteur,Op de pagina staat na de hoofdkop “Inkoop en aanbesteding” (een h1-element) direct een h3-kop “Een document downloaden en openen”. Tussen de h1 en deze h3 ontbreekt een tussenliggende h2-kop. Hierdoor wordt een niveau in de koppenhiërarchie overgeslagen. Voor gebruikers van hulpsoftware die op koppen navigeren is de paginastructuur daardoor onlogisch.,"Zorg dat koppen elkaar in hiërarchie opvolgen zonder een niveau over te slaan. Maak van de kop “Een document downloaden en openen” een h2 in plaats van een h3, of plaats deze tekst onder een bestaande h2 (bijvoorbeeld als onderdeel van een sectie over de documenten).",,,4,Sat Apr 18 2026 14:59:03 GMT+0200 (Midden-Europese zomertijd),Sat Apr 18 2026 14:59:03 GMT+0200 (Midden-Europese zomertijd)
72cc926b-3764-42b7-a413-5cae62be7b8c,e139aa31-44cb-4d11-8af5-58b8a711f2a9,B011,4cb21fff-b4e0-4bd5-a312-f472f8541396,,open,klein,redacteur,"Op de pagina staat onder de h2-kop “Verdeling van de Domeinen en Teams binnen de BEL Combinatie” een uitklapbare sectie. Binnen die sectie zijn de vier subkoppen “Domein Fysiek”, “Domein Samenleving”, “Domein Bedrijfsvoering” en “Domein Openbare Ruimte” opgemaakt als h2-koppen. Omdat zij ondergeschikt zijn aan de h2 erboven horen ze h3 te zijn. Hierdoor is de koppenhiërarchie onlogisch en kunnen gebruikers van hulpsoftware niet meer goed zien welke koppen onder welke sectie vallen.","Maak van de vier domein-koppen (“Domein Fysiek”, “Domein Samenleving”, “Domein Bedrijfsvoering”, “Domein Openbare Ruimte”) h3-koppen, zodat zij ondergeschikt zijn aan de h2 “Verdeling van de Domeinen en Teams binnen de BEL Combinatie”.",,,5,Sat Apr 18 2026 15:20:22 GMT+0200 (Midden-Europese zomertijd),Sat Apr 18 2026 15:20:22 GMT+0200 (Midden-Europese zomertijd)
da175a50-7f6e-4c4a-83ca-39a2155f510e,e139aa31-44cb-4d11-8af5-58b8a711f2a9,B012,cd31b01e-f6f1-4e3a-bbbe-c83d8c570848,,open,matig,redacteur,"Op de pagina is het organogram van de BEL Combinatie een link naar een grotere versie van de afbeelding. De afbeelding heeft geen alt-tekst, waardoor de link geen toegankelijke naam heeft. Gebruikers van hulpsoftware, zoals een schermlezer, weten daardoor niet dat er een link is en waar die naar verwijst. Dit issue valt ook onder succescriterium 4.1.2 (Naam, rol, waarde).","Geef de link een toegankelijke naam die het linkdoel beschrijft. Dat kan op twee manieren: geef de afbeelding een passend alt-attribuut (bijvoorbeeld alt=""Organogram van de BEL Combinatie, grotere weergave""), of voeg een aria-label toe aan het a-element zelf.",,,1,Sat Apr 18 2026 17:06:26 GMT+0200 (Midden-Europese zomertijd),Mon Apr 20 2026 18:39:35 GMT+0200 (Midden-Europese zomertijd)
9f71bdde-55a3-428d-9a6d-72330e0f7980,e139aa31-44cb-4d11-8af5-58b8a711f2a9,B020,746bbe4a-dccb-4e47-8533-f973001a5986,,open,klein,redacteur,"Op de pagina staat onder de afbeelding van het organogram de tekst “(Klik op de afbeelding voor een grotere weergave)”. De instructie zegt niet om welke afbeelding het gaat. Voor visuele gebruikers is dat geen probleem: zij zien direct boven de tekst de afbeelding van het organogram staan. Schermlezer-gebruikers krijgen de afbeelding niet te horen, omdat het alt-attribuut leeg is en de afbeelding dus wordt overgeslagen. Zij horen alleen de instructie en weten daardoor niet dat er een afbeelding op de pagina staat, laat staan welke afbeelding bedoeld wordt.",Schrijf de instructie zo dat duidelijk is welke afbeelding bedoeld wordt. Bijvoorbeeld: “Open de grotere weergave van het organogram.”,,,0,Sun Apr 19 2026 10:42:34 GMT+0200 (Midden-Europese zomertijd),Sun Apr 19 2026 10:56:56 GMT+0200 (Midden-Europese zomertijd)
3dce3643-8219-49bd-8c12-718710e26370,21a690ed-3af7-426d-ae0d-8b5c6218c565,B015,4cb21fff-b4e0-4bd5-a312-f472f8541396,,resolved,,,"Onder de kop ""Projecten"" staat een lijst met één item (""Clustervoorzieningen Wijk aan Zee""). Een lijst met slechts één item is semantisch overbodig. Schermlezers kondigen het aan als ""lijst met 1 item"", wat verwarrend kan zijn.","Maak van dit item een gewone paragraaf, of voeg meer projecten toe zodat het echt een lijst wordt.",,,4,Fri Jul 03 2026 11:57:12 GMT+0200 (Midden-Europese zomertijd),Fri Jul 03 2026 11:57:12 GMT+0200 (Midden-Europese zomertijd)
29e6139b-9cd9-4d36-bdd1-309685f4156d,e139aa31-44cb-4d11-8af5-58b8a711f2a9,B010,41d09e8c-c857-457c-a799-ffc0539e7722,,open,matig,redacteur,"Op de pagina staat een infographic met het organogram van de BEL Combinatie. De afbeelding heeft een leeg alt-attribuut (alt=""""), waardoor de afbeelding voor hulpsoftware als decoratief wordt behandeld. Gebruikers van hulpsoftware, zoals een schermlezer, weten hierdoor niet dat er een organogram op de pagina staat. De inhoud van het organogram zelf staat al in tekstvorm op de pagina.","Geef de afbeelding een kort tekstalternatief in het alt-attribuut dat aangeeft wat voor afbeelding het is, bijvoorbeeld alt=""Infographic met het organogram van de BEL Combinatie"".",,,2,Sat Apr 18 2026 15:08:29 GMT+0200 (Midden-Europese zomertijd),Mon Apr 20 2026 17:30:18 GMT+0200 (Midden-Europese zomertijd)
c1297bd6-fb34-48fa-bf9b-956c32a5c76d,e139aa31-44cb-4d11-8af5-58b8a711f2a9,B025,41d09e8c-c857-457c-a799-ffc0539e7722,,open,matig,redacteur,"Op pagina 16 onder “Vastgesteld” staat een screenshot van een vastgestelde agenda uit het bestuurlijk besluitvormingssysteem. De afbeelding heeft geen alt-tekst. Hierdoor is de informatie uit deze afbeelding niet toegankelijk voor gebruikers van hulpsoftware, zoals een schermlezer.","De afbeelding is een screenshot van informatie die beter in tekstvorm kan worden opgenomen. Overweeg om de afbeelding te verwijderen en de vaststellingsinformatie in tekstvorm op de pagina op te nemen. Als de afbeelding toch behouden moet blijven, geef deze dan een beschrijvende alt-tekst die de inhoud samenvat, bijvoorbeeld: alt=""Screenshot van de vastgestelde agenda met besluiten van AB, DB en Directie-MT over het privacybeleid"".",,,5,Mon Apr 20 2026 13:47:23 GMT+0200 (Midden-Europese zomertijd),Mon Apr 20 2026 17:41:45 GMT+0200 (Midden-Europese zomertijd)
14757196-c6b0-4d37-b330-809e48d1f981,9b59a171-e91e-48ed-86da-5946a1df3760,B005,dbbfa87d-0ed1-4b4b-b63c-2a9f75ff5a4d,,open,klein,redacteur,"De link ""Moving from abroad"" op de pagina Verhuizen en wonen is in het Engels, maar niet als Engelstalig gemarkeerd. De pagina staat als Nederlandstalig aangegeven. Hulpsoftware leest deze linktekst voor met de Nederlandse uitspraak, waardoor de tekst voor mensen die op voorlezen aangewezen zijn moeilijk te verstaan is.","Voeg aan de link een taalattribuut toe waarmee wordt aangegeven dat de tekst in het Engels is (bijvoorbeeld lang=""en""). Hulpsoftware kan de tekst dan met de juiste Engelse uitspraak voorlezen.",,,0,Sun Jul 05 2026 12:29:32 GMT+0200 (Midden-Europese zomertijd),Sun Jul 05 2026 12:29:32 GMT+0200 (Midden-Europese zomertijd)
a21e99c4-6188-4fbb-a905-6cf4641f1650,e139aa31-44cb-4d11-8af5-58b8a711f2a9,B014,35d250a4-d5a2-4d75-9ebd-6fc4c6da9cbc,,resolved,,,"Op de website is een versie voor hoog contrast aanwezig. Deze is aan te zetten door middel van een zogenaamde ""contrast switch"".
Dit succescriterium is volledig getest in de modus voor hoog contrast. De versie voor hoog contrast wordt gezien als een alternatief voor de standaard versie.

Hierdoor kunnen er contrastproblemen zijn in de standaard versie. Deze zijn verder niet beoordeeld.","We adviseren om ook de standaard versie te voorzien van voldoende kleurcontrast in alle teksten. Dit bevordert de toegankelijkheid van de website voor bezoekers met een zichtbeperking. 

Teksten met voldoende kleurcontrast lezen ook makkelijker voor alle lezers. Het lezen is hierdoor minder intensief, kost minder energie en het lezen wordt (onbewust) als prettiger ervaren. Hierdoor is de lezer eerder geneigd om over te gaan tot activatie.

De versie voor hoog contrast kan dan vervolgens ingezet worden voor een ""verhoogd contrast"", waarbij wordt voldaan aan succescriterium [WCAG 1.4.6 Verhoogd contrast (niveau AAA)](https://www.w3.org/WAI/WCAG22/Understanding/contrast-enhanced.html).",,,2,Sat Apr 18 2026 17:26:30 GMT+0200 (Midden-Europese zomertijd),Sat Apr 18 2026 17:26:30 GMT+0200 (Midden-Europese zomertijd)
bdfb7310-1464-42d5-b5fe-f76fb6358ccc,b160cb88-c117-43c1-ac24-66c9da3f77b8,B022,41d09e8c-c857-457c-a799-ffc0539e7722,,resolved,matig,redacteur,"Op de pagina staat een infographic over de Economische Visie 2024-2030. De alt-tekst luidt: ""Economische Visie 2024-2030. Lees de uitgeschreven tekst op deze pagina."" Deze tekst verwijst naar de paginatekst als alternatief, maar de paginatekst dekt de inhoud van de infographic niet volledig. Zo ontbreken de slogan ""Sterk geworteld ondernemerschap met een wijde blik"" en de drie visuele clusters met de labels ""belanghebbenden"", ""ligging"" en ""ambitie"", inclusief de bijbehorende beschrijvingen. Gebruikers die de afbeelding niet kunnen zien, missen daarmee een deel van de inhoud.","Schrijf de volledige inhoud van de infographic uit als tekst op de pagina, inclusief de slogan, de drie clusters en de bijbehorende labels. Pas de alt-tekst aan zodat deze verwijst naar de plek op de pagina waar die beschrijving staat.",,,3,Wed Jun 03 2026 15:46:06 GMT+0200 (Midden-Europese zomertijd),Thu Jun 04 2026 13:47:02 GMT+0200 (Midden-Europese zomertijd)
405b549f-6c99-4fa1-a7dc-101fed1fe33a,21a690ed-3af7-426d-ae0d-8b5c6218c565,B016,cd31b01e-f6f1-4e3a-bbbe-c83d8c570848,,resolved,,,"Op de pagina staat de zin ""Wilt u meer informatie over de subsidieregeling voor gemeentelijke monumenten van de gemeente Beverwijk? Klik dan hier."" De linktekst ""hier"" is uit de context wel afleidbaar — de vraagzin ervoor beschrijft waar de link naartoe leidt. Een duidelijkere linktekst zou echter beter zijn voor gebruikers die door de links op de pagina navigeren.","Vervang ""hier"" door een beschrijvende linktekst, bijvoorbeeld ""lees meer over de subsidieregeling"" of maak van ""subsidieregeling voor gemeentelijke monumenten"" de linktekst.",,,1,Fri Jul 03 2026 12:06:58 GMT+0200 (Midden-Europese zomertijd),Fri Jul 03 2026 12:06:58 GMT+0200 (Midden-Europese zomertijd)
6af1d9ff-484d-465d-8ecd-9cf98139f045,9b59a171-e91e-48ed-86da-5946a1df3760,B006,4cb21fff-b4e0-4bd5-a312-f472f8541396,,resolved,,,"De pagina ""Jeugd en gezin"" bevat geen inhoud onder de kop. Alleen de kop en een decoratieve afbeelding zijn zichtbaar. Voor bezoekers is niet duidelijk waarom de pagina bestaat of waar ze verder moeten kijken.","Vul de pagina met inhoud die past bij de kop, of verwijs door naar een pagina met de gewenste informatie. Als de pagina niet meer nodig is, kan hij worden verwijderd.",,,0,Sun Jul 05 2026 12:40:26 GMT+0200 (Midden-Europese zomertijd),Sun Jul 05 2026 12:40:26 GMT+0200 (Midden-Europese zomertijd)
797f4c5d-7aee-44f4-8869-c86311c330e4,e139aa31-44cb-4d11-8af5-58b8a711f2a9,B017,4cb21fff-b4e0-4bd5-a312-f472f8541396,,open,klein,redacteur,"Op de pagina Privacyverklaring staat de eerste paragraaf (de introtekst die begint met “Binnen de BEL Combinatie werken we veel met persoonlijke gegevens...”) volledig binnen een strong-element. Het strong-element is bedoeld om een woord of zinsdeel binnen een tekst extra nadruk te geven, niet om een hele paragraaf visueel vet weer te geven.",Verwijder het strong-element rond de intro-paragraaf. Gebruik in plaats daarvan het intro-veld in het CMS om de tekst vet op te maken.,,,6,Sat Apr 18 2026 17:56:59 GMT+0200 (Midden-Europese zomertijd),Mon Apr 20 2026 17:52:32 GMT+0200 (Midden-Europese zomertijd)
ae1a746a-173f-4edb-9c38-9af08f225742,e139aa31-44cb-4d11-8af5-58b8a711f2a9,B008,35d250a4-d5a2-4d75-9ebd-6fc4c6da9cbc,,open,klein,ontwerper,"Dit succescriterium is getoetst in de modus voor hoog contrast. In de infographic van het BEL-samenwerkingsmodel staat witte tekst (#FFFFFF) op een grijze achtergrond (#949494). De contrastverhouding is 2,85:1. Dit voldoet niet aan de WCAG-norm van minimaal 3:1 voor grote tekst (en 4,5:1 voor normale tekst).","Verhoog het contrast tussen de tekst en de achtergrond in de infographic tot minimaal 3:1 voor grote tekst (of 4,5:1 voor normale tekst), bijvoorbeeld door de achtergrondkleur donkerder te maken.",,,0,Sat Apr 18 2026 14:26:41 GMT+0200 (Midden-Europese zomertijd),Mon Apr 20 2026 18:18:22 GMT+0200 (Midden-Europese zomertijd)
0bc4f084-7e05-4dd8-9f43-bd5ee8cffc6e,e139aa31-44cb-4d11-8af5-58b8a711f2a9,B013,35d250a4-d5a2-4d75-9ebd-6fc4c6da9cbc,,resolved,,,"Dit succescriterium is getoetst in de modus voor hoog contrast. In de infographic van het organogram staat witte tekst (#FFFFFF) op grijze knoppen met verschillende tinten. De contrastverhouding is niet op alle knoppen voldoende:

- Op de lichtgrijze knoppen (#C1C1C1) is de contrastverhouding 1,74:1.
- Op de middelgrijze knoppen (#7F7F7F en #828282) is de contrastverhouding 3,67:1 en 3,54:1.

Voor normale tekst is een contrastverhouding van minimaal 4,5:1 vereist en voor grote tekst minimaal 3:1. De lichtgrijze knoppen halen geen van beide normen.

Deze bevinding wordt niet afgekeurd, omdat de informatie uit de infographic ook in tekstvorm op dezelfde pagina staat. Gebruikers die de tekst in de infographic niet goed kunnen lezen hebben daarmee een alternatief.",Overweeg om het contrast in de infographic te verhogen tot minimaal 4.5:1 voor normale tekst (of 3:1 voor grote tekst).,,,1,Sat Apr 18 2026 17:20:16 GMT+0200 (Midden-Europese zomertijd),Mon Apr 20 2026 18:27:32 GMT+0200 (Midden-Europese zomertijd)
6409046a-a123-4b7c-9ab1-ab48d23d2965,e139aa31-44cb-4d11-8af5-58b8a711f2a9,B016,1f36c6a9-6e39-462e-8051-67c0ac31e0b2,,open,matig,redacteur,"Op de pagina is het organogram van de BEL Combinatie een link naar een grotere versie van de afbeelding. De afbeelding heeft geen alt-tekst, waardoor de link geen toegankelijke naam heeft. Hulpsoftware, zoals een schermlezer, kan de link daardoor niet goed aankondigen. Dit issue valt ook onder succescriterium 2.4.4 (Linkdoel in context).","Geef de link een toegankelijke naam. Dat kan op twee manieren: geef de afbeelding een passend alt-attribuut (bijvoorbeeld alt=""Organogram van de BEL Combinatie, grotere weergave""), of voeg een aria-label toe aan het a-element.",,,0,Sat Apr 18 2026 17:45:06 GMT+0200 (Midden-Europese zomertijd),Mon Apr 20 2026 18:43:32 GMT+0200 (Midden-Europese zomertijd)
10fa4f55-d36c-41af-a234-ddd31555ebe8,e139aa31-44cb-4d11-8af5-58b8a711f2a9,B002,4cb21fff-b4e0-4bd5-a312-f472f8541396,,open,matig,ontwikkelaar,"Op meerdere plekken op de website staan groepen verwante items niet als echte lijst opgemaakt, maar als losse regels of losse paragrafen:

- In de footer van de homepage staan de contactgegevens (telefoon, e-mail, contactformulier, persvragen, telefoonnummer vanuit het buitenland) en de onderste navigatielinks “Over deze website”, “Toegankelijkheid”, “Sitemap” en “Privacyverklaring” als losse regels gescheiden door een regelafbreking (br-element).
- Op de pagina Privacyverklaring staan onder de h3-kop “Hoe kunt u gebruik maken van deze rechten?” drie items in één paragraaf, voorafgegaan door een bullet-teken (•) en gescheiden door regelafbrekingen (br-element).
- Op dezelfde pagina staan de drie knoppen “Gemeente Blaricum”, “Gemeente Eemnes” en “Gemeente Laren” die verwijzen naar de privacyverklaringen van de drie gemeenten, elk in een aparte paragraaf (p-element) in plaats van in één lijst.

Visueel zien deze items eruit als een opsomming, maar in de code zijn ze niet als lijst opgemaakt. Hierdoor weten gebruikers van hulpsoftware, zoals een schermlezer, niet dat de items bij elkaar horen en hoeveel items de groep bevat.","Maak van deze groepen een echte lijst (een ul-element met li-elementen per item). De visuele opmaak van de lijst, zoals het verbergen van bolletjes of de onderlinge afstand, regel je via CSS.",,,1,Sat Apr 18 2026 12:42:05 GMT+0200 (Midden-Europese zomertijd),Sat Apr 18 2026 18:03:03 GMT+0200 (Midden-Europese zomertijd)
28e2e5c5-b637-4e85-a4ad-46a88f336b66,21a690ed-3af7-426d-ae0d-8b5c6218c565,B017,cd31b01e-f6f1-4e3a-bbbe-c83d8c570848,,open,klein,redacteur,"Onder de kop ""Videoserie Monumensen"" staan zes links naar YouTube-video's over verschillende monumenten. De linkteksten geven alleen de naam van het monument aan, niet dat de link naar een YouTube-video leidt. Gebruikers weten daardoor niet dat het klikken op de link een video opent.","Voeg aan de linktekst toe dat het om een video gaat, bijvoorbeeld ""Video: Kasteel Oosterwijk"" of ""Bekijk de video over Kasteel Oosterwijk"". Zo weten gebruikers vooraf wat er gebeurt bij het klikken.",,,2,Fri Jul 03 2026 21:30:16 GMT+0200 (Midden-Europese zomertijd),Fri Jul 03 2026 21:30:16 GMT+0200 (Midden-Europese zomertijd)
b7f76d15-6c48-4272-8f84-83246f3a49ea,d8def788-4dfc-4832-9622-19dc60806382,B003,35d250a4-d5a2-4d75-9ebd-6fc4c6da9cbc,,open,matig,ontwerper,Siteimprove detecteert op 525 pagina's (1068 voorvallen) tekst- of UI-elementen waarvan het kleurcontrast onder de minimale eis van 4.5:1 (of 3:1 voor grote tekst) ligt.,Controleer de templates op contrastfouten en pas de kleuren in het ontwerp/CSS aan zodat alle tekst voldoet aan minimaal 4.5:1 (kleine tekst) of 3:1 (grote tekst).,,,0,Tue Jun 09 2026 17:09:58 GMT+0200 (Midden-Europese zomertijd),Tue Jun 09 2026 17:09:58 GMT+0200 (Midden-Europese zomertijd)
ecce906a-0847-4add-a303-dedaab77023e,3f70b18e-a30c-462c-87c1-1787f6756edb,B017,4cb21fff-b4e0-4bd5-a312-f472f8541396,,open,klein,redacteur,"Op de pagina Privacyverklaring staat de eerste paragraaf (de introtekst die begint met “Binnen de BEL Combinatie werken we veel met persoonlijke gegevens...”) volledig binnen een strong-element. Het strong-element is bedoeld om een woord of zinsdeel binnen een tekst extra nadruk te geven, niet om een hele paragraaf visueel vet weer te geven.",Verwijder het strong-element rond de intro-paragraaf. Gebruik in plaats daarvan het intro-veld in het CMS om de tekst vet op te maken.,,,6,Fri Apr 24 2026 11:25:58 GMT+0200 (Midden-Europese zomertijd),Fri Apr 24 2026 11:25:58 GMT+0200 (Midden-Europese zomertijd)
e3bcd2fc-2ce7-431d-8144-829e2a5c17b6,e139aa31-44cb-4d11-8af5-58b8a711f2a9,B023,4cb21fff-b4e0-4bd5-a312-f472f8541396,,open,klein,redacteur,"In de PDF “Algemeen Privacybeleid” is de titel op pagina 1 niet als H1-kop getagd. De titel bestaat uit meerdere regels (“Algemeen Privacybeleid”, “Gemeenten Blaricum, Eemnes en Laren &”, “Gemeenschappelijke regeling BEL Combinatie”) die elk in een afzonderlijk P-element (paragraaf) staan. In de tagstructuur staat wel een leeg H1-element, maar zonder tekst.","Markeer de titel van het document als één H1-element. Plaats de regels “Algemeen Privacybeleid”, “Gemeenten Blaricum, Eemnes en Laren &” en “Gemeenschappelijke regeling BEL Combinatie” samen in één H1-tag, of maak van “Algemeen Privacybeleid” de H1 en van de overige regels een ondergeschikt element (bijvoorbeeld een ondertitel).",,,8,Mon Apr 20 2026 12:12:24 GMT+0200 (Midden-Europese zomertijd),Mon Apr 20 2026 13:17:00 GMT+0200 (Midden-Europese zomertijd)
eae45a28-b3a3-43ee-ae5e-c6a663092e9f,e139aa31-44cb-4d11-8af5-58b8a711f2a9,B024,143487c8-c34d-4cf6-bb8d-ad91a9db7b53,,open,matig,redacteur,"In de PDF “Algemeen Privacybeleid” komt een afbeelding (Figure-element) in de tagstructuur voor op pagina 1. Visueel staat deze afbeelding pas op pagina 16 (de laatste pagina, onder “Vastgesteld”). Voor gebruikers van hulpsoftware (zoals een schermlezer) betekent dit dat de leesvolgorde van pagina 1 naar pagina 16 springt en daarna terug.","Plaats het Figure-element in de tagstructuur op de juiste plek, namelijk op pagina 16 onder “Vastgesteld”, zodat de leesvolgorde overeenkomt met de visuele volgorde.",,,1,Mon Apr 20 2026 13:36:46 GMT+0200 (Midden-Europese zomertijd),Mon Apr 20 2026 18:12:59 GMT+0200 (Midden-Europese zomertijd)
f0044152-c318-49dd-80cd-b5cca32340be,e139aa31-44cb-4d11-8af5-58b8a711f2a9,B021,41d09e8c-c857-457c-a799-ffc0539e7722,,open,klein,redacteur,"In het volgende PDF-document staat bovenin een gecombineerde afbeelding met de logo's en namen van de gemeenten Blaricum, Eemnes en Laren en het logo van de BEL Combinatie. Deze logo's zijn niet als afbeelding getagd en worden daarom door hulpsoftware (zoals een schermlezer) genegeerd.",Op pagina 1 van het document moet deze afbeelding worden getagd en een goed tekstalternatief krijgen. Op de vervolgpagina's is dat niet nodig.,,,4,Sun Apr 19 2026 11:23:44 GMT+0200 (Midden-Europese zomertijd),Mon Apr 20 2026 17:37:59 GMT+0200 (Midden-Europese zomertijd)
835519d8-791d-4396-8974-25f16f76c430,e139aa31-44cb-4d11-8af5-58b8a711f2a9,B022,4cb21fff-b4e0-4bd5-a312-f472f8541396,,open,matig,redacteur,"In de PDF “Algemeen Privacybeleid” staan twee tabellen: een tabel “Versiebeheer” op pagina 2 en een tabel met doelgroepen en relevantie voor het privacybeleid in hoofdstuk 4.2. In beide tabellen zijn alle cellen als TD (datacellen) gemarkeerd; er zijn geen TH-elementen (kopcellen) gebruikt. Hierdoor kunnen gebruikers van hulpsoftware, zoals een schermlezer, de relatie tussen kopcellen en datacellen niet vaststellen en worden de tabellen voorgelezen zonder dat duidelijk is wat de kolommen en rijen betekenen.",Markeer de bovenste rij van elke tabel als kolomkoppen door de cellen te taggen als TH. Markeer daarnaast de eerste cel van elke data-rij als rij-kop door deze ook als TH te taggen.,,,7,Mon Apr 20 2026 12:07:52 GMT+0200 (Midden-Europese zomertijd),Mon Apr 20 2026 18:00:05 GMT+0200 (Midden-Europese zomertijd)
81e42e0f-09b4-47d3-b24d-c2282c2c7f1d,ab62ae84-37ef-4d94-9ed6-58403d0da6ca,B026,41d09e8c-c857-457c-a799-ffc0539e7722,,open,klein,redacteur,In het PDF-document staat op pagina 1 een afbeelding (het gemeentelogo) zonder tekstalternatief. Mensen die de PDF laten voorlezen door hulpsoftware krijgen daardoor niet mee dat er een logo op de pagina staat en van welke organisatie dit is.,"Geef de afbeelding in het bronbestand een tekstalternatief, bijvoorbeeld ""Gemeente Bunschoten"". Exporteer het document daarna opnieuw als PDF.",,,2,Mon May 25 2026 20:35:39 GMT+0200 (Midden-Europese zomertijd),Mon May 25 2026 20:35:39 GMT+0200 (Midden-Europese zomertijd)
36da77dc-4264-4812-96ae-722f5dd51ac3,9b59a171-e91e-48ed-86da-5946a1df3760,B007,41d09e8c-c857-457c-a799-ffc0539e7722,,open,klein,redacteur,"De groepsfoto van het college op de pagina ""College"" heeft een leeg tekstalternatief. De afbeelding toont de burgemeester en de wethouders en is daarmee een portret van het onderwerp van de pagina. Voor mensen die de afbeelding niet kunnen zien, gaat deze informatie verloren.","Vermeld op de pagina zelf welke personen op de groepsfoto te zien zijn, bijvoorbeeld met een korte introductie: ""Op deze foto ziet u het college. Van links naar rechts: [namen]."" Als de personen in de tekst worden benoemd, mag het tekstalternatief van de foto leeg blijven.",,,1,Sun Jul 05 2026 14:13:05 GMT+0200 (Midden-Europese zomertijd),Sun Jul 05 2026 14:16:50 GMT+0200 (Midden-Europese zomertijd)
ae270549-2abf-493f-8e88-8e842289b388,e139aa31-44cb-4d11-8af5-58b8a711f2a9,B026,cf8f7d38-2002-4ede-aa09-a382fd4c22f5,,open,matig,redacteur,"In de PDF “Algemeen Privacybeleid” staat op pagina 16 onder “Vastgesteld” een screenshot van een vastgestelde agenda uit het bestuurlijk besluitvormingssysteem. Deze afbeelding bevat informatie die volledig als tekst wordt weergegeven (agendapunten, besluiten, parafen, data en namen). Tekst mag alleen als afbeelding worden gebruikt als dat essentieel is voor de weergave. Dat is hier niet het geval: de tekst kan ook als gewone tekst in het document worden opgenomen. Daardoor kan de tekst nu niet worden doorzocht, geselecteerd, gekopieerd of aangepast in grootte of kleur door gebruikers die dat nodig hebben.","Verwijder de screenshot en neem de vaststellingsinformatie als gewone tekst in het document op. Op die manier kunnen gebruikers de tekst doorzoeken, selecteren, vergroten en aanpassen aan hun eigen voorkeuren.",,,0,Mon Apr 20 2026 13:51:17 GMT+0200 (Midden-Europese zomertijd),Mon Apr 20 2026 13:51:17 GMT+0200 (Midden-Europese zomertijd)
ff9a0bd0-2b54-4586-b239-aa24996cb99d,e139aa31-44cb-4d11-8af5-58b8a711f2a9,B028,35d250a4-d5a2-4d75-9ebd-6fc4c6da9cbc,,open,matig,redacteur,"In de PDF “Algemeen Privacybeleid” staat op meerdere plekken tekst met een onvoldoende contrastverhouding tegenover de witte achtergrond:

- De datum “Oktober 2019” op pagina 1 heeft tekstkleur #8DB3E2 op witte achtergrond. De contrastverhouding is 2,2:1.
- De H2-subkoppen (zoals “3.1. Europese privacywetgeving” op pagina 6) hebben tekstkleur #4F81BD op witte achtergrond. De contrastverhouding is 4:1, bij een lettergrootte van 12,96 pt.

Voor normale tekst is volgens WCAG 1.4.3 een contrastverhouding van minimaal 4,5:1 vereist. Beide voorbeelden halen deze norm niet.","Pas de tekstkleuren in het document aan zodat ze minimaal 4,5:1 contrast hebben met de witte achtergrond. Gebruik bijvoorbeeld een donkerdere tint blauw. Controleer het contrast met een Colour Contrast Analyzer.",,,3,Mon Apr 20 2026 14:12:30 GMT+0200 (Midden-Europese zomertijd),Mon Apr 20 2026 14:12:30 GMT+0200 (Midden-Europese zomertijd)
09868279-eee3-4444-bb38-4def66ded507,e139aa31-44cb-4d11-8af5-58b8a711f2a9,B029,4cb21fff-b4e0-4bd5-a312-f472f8541396,,open,serieus,redacteur,"Het volgende PDF-document is niet getagd. Dit wil zeggen dat er geen structuur is aangegeven in het bestand door middel van tags. Hulpsoftware (zoals een screenreader) kan hierdoor niet bepalen wat koppen, lijsten en dergelijke zijn en zal afbeeldingen negeren.","Als het bestand correct getagd wordt, kan hulpsoftware beter de structuur en relaties bepalen. Bij koppen kan dan bijvoorbeeld worden voorgelezen dat dit koppen zijn. In veel gevallen kan dit probleem worden opgelost door het document vanuit het bronbestand (meestal in Word of InDesign) opnieuw te exporteren naar PDF, maar dan inclusief tags of labels.

Omdat nu de tags ontbreken, kunnen andere succescriteria zoals 1.1.1 en 1.3.2 niet onderzocht worden. Let daarom op dat bij het oplossen van dit probleem nieuwe toegankelijkheidsproblemen kunnen ontstaan.",,,9,Mon Apr 20 2026 14:17:09 GMT+0200 (Midden-Europese zomertijd),Mon Apr 20 2026 14:17:09 GMT+0200 (Midden-Europese zomertijd)
28c2413f-44ba-44de-b323-ff918f899807,e139aa31-44cb-4d11-8af5-58b8a711f2a9,B031,c5da9884-1520-4257-9c7c-cfdf3e78c7a6,,open,klein,redacteur,"De PDF heeft wel een titel (“Geanonimiseerd document”), maar deze beschrijft de inhoud van het document onvoldoende. Gebruikers van hulpsoftware, zoals een schermlezer, horen daardoor geen beschrijvende documenttitel.",Stel een beschrijvende titel in die de inhoud van het document weergeeft. Doe dit bij voorkeur al in het bronbestand (bijvoorbeeld in Word of InDesign) voordat je exporteert naar PDF.,,,1,Mon Apr 20 2026 14:46:59 GMT+0200 (Midden-Europese zomertijd),Mon Apr 20 2026 18:35:11 GMT+0200 (Midden-Europese zomertijd)
b7651e92-5f41-480e-9522-258493e3d9e6,e139aa31-44cb-4d11-8af5-58b8a711f2a9,B030,41d09e8c-c857-457c-a799-ffc0539e7722,,resolved,,,"Het volgende PDF-document is niet getagd. Hierdoor zijn informatieve afbeeldingen niet gemarkeerd als Figure en hebben zij geen tekstalternatief. Mensen die blind zijn en een schermlezer gebruiken krijgen deze informatie daardoor niet aangeboden. Omdat het document niet is getagd, is niet vast te stellen of afbeeldingen correct zijn verwerkt. Hierdoor wordt dit nu niet afgekeurd. Zodra het document wel wordt getagd, kan blijken dat informatieve afbeeldingen ontbreken of onjuist zijn getagd.","Zorg dat de PDF wordt voorzien van een volledige tags-structuur en maak daarbij onderscheid tussen informatieve en decoratieve afbeeldingen.
- Tag informatieve afbeeldingen als Figure en voorzie deze van een kort en beschrijvend tekstalternatief .
- Markeer decoratieve afbeeldingen als artefact zodat deze worden genegeerd door schermlezers.",,,6,Mon Apr 20 2026 14:17:12 GMT+0200 (Midden-Europese zomertijd),Mon Apr 20 2026 15:16:13 GMT+0200 (Midden-Europese zomertijd)
4615a0a1-e252-474c-93f4-b5f039baadd7,e139aa31-44cb-4d11-8af5-58b8a711f2a9,B018,41d09e8c-c857-457c-a799-ffc0539e7722,,resolved,,,"Op de pagina staan drie sfeerbeelden bij de introducties van de gemeenten Blaricum, Eemnes en Laren: een foto van de schaapskudde op de Westerheide, een foto van het gemaal in de Eemnes-polder en een foto van het Brinkhuis in Laren. De afbeeldingen zijn voorzien van een alt-tekst. De inhoud van deze foto's voegt echter geen informatie toe die niet al in de omringende tekst staat; het zijn illustratieve sfeerbeelden. Hulpsoftware kondigt deze afbeeldingen nu aan en leest de alt-tekst voor, terwijl ze feitelijk decoratief zijn.","Geef de drie sfeerbeelden een leeg alt-attribuut (alt=""""). Daarmee worden ze door hulpsoftware als decoratief herkend en overgeslagen, wat voor gebruikers van een schermlezer prettiger leest.",,,3,Sat Apr 18 2026 21:53:38 GMT+0200 (Midden-Europese zomertijd),Mon Apr 20 2026 17:35:21 GMT+0200 (Midden-Europese zomertijd)
92e46a36-4c33-44ed-ada7-308cc95ee162,e139aa31-44cb-4d11-8af5-58b8a711f2a9,B027,c5da9884-1520-4257-9c7c-cfdf3e78c7a6,,open,klein,redacteur,"De PDF heeft geen titel. Hierdoor tonen PDF-lezers de bestandsnaam in de tab- en titelbalk. Gebruikers van hulpsoftware, zoals een schermlezer, horen daardoor de bestandsnaam in plaats van een beschrijvende documenttitel.",Vul in de documenteigenschappen van de PDF (Bestand > Eigenschappen > Beschrijving) een beschrijvende titel in. Doe dit bij voorkeur al in het bronbestand (bijvoorbeeld in Word of InDesign) voordat je exporteert naar PDF. Stel daarnaast in bij de geavanceerde weergave-instellingen dat de documenttitel wordt getoond in plaats van de bestandsnaam (Bestand > Eigenschappen > Initiële weergave > Toon: Documenttitel).,,,0,Mon Apr 20 2026 14:02:32 GMT+0200 (Midden-Europese zomertijd),Mon Apr 20 2026 18:30:54 GMT+0200 (Midden-Europese zomertijd)
6c98cfb0-cd1a-47ca-bdf0-e7e6af2869b7,d8def788-4dfc-4832-9622-19dc60806382,B007,1f36c6a9-6e39-462e-8051-67c0ac31e0b2,,open,matig,ontwikkelaar,Siteimprove detecteert op 13 pagina's (145 voorvallen) ARIA-attributen die niet ondersteund of expliciet verboden zijn voor de rol van het element.,Verwijder of vervang de onjuiste ARIA-attributen. Volg de ARIA Authoring Practices voor de juiste combinatie van rol en attributen.,,,0,Tue Jun 09 2026 17:10:33 GMT+0200 (Midden-Europese zomertijd),Tue Jun 09 2026 17:10:33 GMT+0200 (Midden-Europese zomertijd)
0dc737d6-3360-4ad0-88ff-6e48b7bbf7e9,e139aa31-44cb-4d11-8af5-58b8a711f2a9,B019,143487c8-c34d-4cf6-bb8d-ad91a9db7b53,,open,matig,redacteur,"Op de pagina staan de drie gemeenten (Blaricum, Eemnes en Laren) visueel in drie kolommen naast elkaar. In elke kolom staan achtereenvolgens een kop, een inleidende tekst, een afbeelding, een uitgebreide tekst en een knop naar de gemeentesite. In de code is deze informatie niet per kolom, maar per rij opgebouwd. In de code staan eerst de drie koppen met hun inleidende tekst achter elkaar, daarna per gemeente een afbeelding gevolgd door de uitgebreide tekst, en als laatste de drie knoppen achter elkaar. Voor gebruikers van hulpsoftware, zoals een schermlezer, is de samenhang tussen kop, afbeelding, tekst en knop per gemeente daardoor moeilijk te volgen. De volgorde in de code komt niet overeen met de visuele volgorde.","Zet de informatie in de code per gemeente bij elkaar: kop, inleiding, afbeelding, uitgebreide tekst en knop achter elkaar. De visuele drie-koloms weergave regel je via CSS. In het CMS kan dit worden opgelost door het paragraaftype “3 kolommen” te kiezen; daarin wordt de content per kolom in de code bij elkaar geplaatst. Op die manier komt de volgorde in de code overeen met de visuele volgorde.",,,0,Sat Apr 18 2026 22:01:07 GMT+0200 (Midden-Europese zomertijd),Mon Apr 20 2026 18:09:50 GMT+0200 (Midden-Europese zomertijd)
2d499374-9662-4be9-a32c-60a9c7f45caa,0df762bc-d4cf-4000-bcd1-a8b9d8c3a55a,B025,41d09e8c-c857-457c-a799-ffc0539e7722,,resolved,,,"Op de pagina ""College van burgemeester en wethouders"" staan portretfoto's van de burgemeester en wethouders. De alt-tekst van deze foto's beschrijft het uiterlijk van de persoon (bijvoorbeeld alt=""Burgemeester met ambtsketting gekleed in donker jasje met lichtblauwe sjaal""), maar maakt niet duidelijk dat het om een portretfoto gaat. Gebruikers van hulpsoftware, zoals een schermlezer, krijgen daardoor uiterlijke details te horen zonder de context dat dit een portret van de betreffende persoon is.","Geef portretfoto's een tekstalternatief dat duidelijk maakt dat het om een portret gaat en de persoon identificeert, bijvoorbeeld alt=""Portretfoto Burgemeester Barbara de Reijke"" of alt=""Portretfoto Wethouder Anne-Marie Kennis"".",,,4,Mon Apr 20 2026 19:20:17 GMT+0200 (Midden-Europese zomertijd),Mon Apr 20 2026 19:21:08 GMT+0200 (Midden-Europese zomertijd)
72ae7b31-6a9c-4d58-bfe2-35a8d4b2cbd6,3f70b18e-a30c-462c-87c1-1787f6756edb,B005,41d09e8c-c857-457c-a799-ffc0539e7722,,open,klein,redacteur,"Op de pagina staan portretfoto's van de bestuursleden. Elke afbeelding heeft een leeg alt-attribuut (alt=""""), wat betekent dat de foto's voor hulpsoftware als decoratief worden behandeld. Hierdoor weten gebruikers van hulpsoftware, zoals een schermlezer, niet dat er een portretfoto van de bestuurder op de pagina staat.","Geef elke portretfoto een tekstalternatief dat aangeeft dat het om een portret van de betreffende persoon gaat, bijvoorbeeld alt=""Portret van Roland van Benthem"".",,,0,Fri Apr 24 2026 11:25:58 GMT+0200 (Midden-Europese zomertijd),Fri Apr 24 2026 11:25:58 GMT+0200 (Midden-Europese zomertijd)
4c6e2158-5e69-4585-8d81-9009edadf54d,0df762bc-d4cf-4000-bcd1-a8b9d8c3a55a,B026,41d09e8c-c857-457c-a799-ffc0539e7722,,open,klein,redacteur,"Op de pagina ""Wethouder Anne-Marie Kennis"" staat een portretfoto van de wethouder. De alt-tekst is ""Persoon met lichte outfit tegen een lichte en grijze achtergrond"". Deze tekst beschrijft het uiterlijk en de achtergrond, maar maakt niet duidelijk dat het om een portretfoto van de wethouder zelf gaat. Gebruikers van hulpsoftware, zoals een schermlezer, krijgen daardoor uiterlijke details te horen zonder de context dat dit een portret van de wethouder is.","Geef de portretfoto een tekstalternatief dat duidelijk maakt dat het om een portret gaat en de persoon identificeert, bijvoorbeeld alt=""Portretfoto Wethouder Anne-Marie Kennis"".",,,5,Mon Apr 20 2026 19:29:30 GMT+0200 (Midden-Europese zomertijd),Mon Apr 20 2026 19:29:30 GMT+0200 (Midden-Europese zomertijd)
d0b25a86-9f88-4808-abba-1d709c4b2fa1,0df762bc-d4cf-4000-bcd1-a8b9d8c3a55a,B005,41d09e8c-c857-457c-a799-ffc0539e7722,,open,serieus,redacteur,"Op de pagina is een interactieve kaart opgenomen die de strooiroutes van de gemeente Blaricum toont. Deze kaart is ingebonden via een iframe. Online kaarten en karteringsdiensten vallen onder een uitzondering voor de toegankelijkheidseisen, maar deze uitzondering geldt alleen voor de kaarttechniek, niet voor de informatie die via de kaart wordt aangeboden.

De informatie over de strooiroutes is momenteel alleen via de kaart beschikbaar. Op de pagina ontbreekt een tekstueel alternatief waarin deze informatie toegankelijk wordt aangeboden.

De kaart bevat een zoekfunctie, maar die is zelf ook niet toegankelijk voor gebruikers van hulpsoftware.","Zorg dat de essentiële informatie uit de kaart (zoals welke straten onder welke strooiroute vallen) ook op een toegankelijke manier wordt aangeboden, bijvoorbeeld via een tekstueel overzicht, tabel of een aantoonbaar toegankelijke zoekfunctie.",,,2,Wed Apr 15 2026 10:59:11 GMT+0200 (Midden-Europese zomertijd),Mon Apr 20 2026 21:33:28 GMT+0200 (Midden-Europese zomertijd)
68c78182-5fcd-4b0d-bf0c-8d69cc693a33,0df762bc-d4cf-4000-bcd1-a8b9d8c3a55a,B013,4cb21fff-b4e0-4bd5-a312-f472f8541396,,open,serieus,redacteur,"Op de pagina staat een tabel waarvan de bovenste rij visueel als kolomkoppen is opgemaakt maar in de code uit gewone datacellen (td) bestaat. Ook de eerste cel van elke data-rij (de datum-kolom) is een datacel, terwijl deze als rij-kop fungeert. Hierdoor kunnen hulptechnologieën niet bepalen welke kolom en welke rij bij welke informatie horen.","Markeer de bovenste rij als kolomkoppen door de cellen als th te taggen. Markeer ook de eerste cel van elke data-rij als rij-kop door die als th te taggen. Haal daarnaast de strong-elementen weg, omdat koppen via CSS al vet worden weergegeven.",,,5,Wed Apr 15 2026 17:06:55 GMT+0200 (Midden-Europese zomertijd),Mon Apr 20 2026 21:45:31 GMT+0200 (Midden-Europese zomertijd)
cc7cfdb0-ce1e-41f5-b712-c0a3deed6a4b,40e99423-9ded-4123-b726-c0e467b79843,B039,cd31b01e-f6f1-4e3a-bbbe-c83d8c570848,,open,klein,redacteur,"Op de pagina staat een klikbare afbeelding van een kaart. De alt-tekst van de afbeelding beschrijft wat er visueel op de kaart staat, maar niet het doel van de link. Gebruikers van hulpsoftware, zoals een schermlezer, horen daardoor wel een kaartbeschrijving, maar niet waar de link naartoe leidt.","Pas de alt-tekst aan zodat het linkdoel duidelijk is, bijvoorbeeld: alt=""Voorlopig ontwerp Eemnesserweg-West, klik voor grotere weergave"".",,,2,Tue Apr 21 2026 15:56:30 GMT+0200 (Midden-Europese zomertijd),Tue Apr 21 2026 16:07:57 GMT+0200 (Midden-Europese zomertijd)
70123337-30c6-4ae7-858f-311f623af693,40e99423-9ded-4123-b726-c0e467b79843,B037,9b23fa6b-a0de-4779-b78a-2649f20d17e7,,resolved,,,"Op de website is een versie voor hoog contrast aanwezig. Deze is aan te zetten door middel van een zogenaamde ""contrast switch"".

Dit succescriterium is volledig getest in de modus voor hoog contrast. De versie voor hoog contrast wordt gezien als een alternatief voor de standaard versie.

Hierdoor kunnen er contrastproblemen zijn met grafische elementen in de standaard versie. Deze zijn verder niet beoordeeld.","We adviseren om ook de standaard versie te voorzien van voldoende contrast voor grafische elementen, zoals iconen, knoppen en formuliervelden. Dit bevordert de toegankelijkheid van de website voor bezoekers met een zichtbeperking.

De versie voor hoog contrast kan dan vervolgens ingezet worden voor een ""verhoogd contrast"".",,,0,Fri Apr 10 2026 10:02:11 GMT+0200 (Midden-Europese zomertijd),Tue Apr 21 2026 18:06:38 GMT+0200 (Midden-Europese zomertijd)
2dab819e-f9d4-4eed-9626-2dbd21d3483b,3f70b18e-a30c-462c-87c1-1787f6756edb,B001,4cb21fff-b4e0-4bd5-a312-f472f8541396,,open,klein,redacteur,In de footer zijn de koppen “Contact” en “Openingstijden” extra benadrukt met een strong-element (een HTML-element voor nadruk binnen lopende tekst). Een kop heeft van zichzelf al betekenis en nadruk. Het strong-element voegt hier geen extra betekenis toe en hoort semantisch niet binnen koppen thuis.,"Verwijder het strong-element uit de koppen “Contact” en “Openingstijden”. De visuele opmaak van koppen, zoals vetgedrukte tekst, regel je via CSS.",,,0,Fri Apr 24 2026 11:25:58 GMT+0200 (Midden-Europese zomertijd),Fri Apr 24 2026 11:25:58 GMT+0200 (Midden-Europese zomertijd)
2c7000cf-77a3-4079-b988-ea56bd4687f8,acb5ef98-eb1b-432a-97ff-552b0a126fc3,B032,35d250a4-d5a2-4d75-9ebd-6fc4c6da9cbc,,resolved,,,"Op de website is een versie voor hoog contrast aanwezig. Deze is aan te zetten door middel van een zogenaamde ""contrast switch"". 

Dit succescriterium is volledig getest in de modus voor hoog contrast. De versie voor hoog contrast wordt gezien als een alternatief voor de standaard versie.

Hierdoor kunnen er contrastproblemen zijn in de standaard versie. Deze zijn verder niet beoordeeld.","We adviseren om ook de standaard versie te voorzien van voldoende kleurcontrast in alle teksten. Dit bevordert de toegankelijkheid van de website voor bezoekers met een zichtbeperking. 

Teksten met voldoende kleurcontrast lezen ook makkelijker voor alle lezers. Het lezen is hierdoor minder intensief, kost minder energie en het lezen wordt (onbewust) als prettiger ervaren. Hierdoor is de lezer eerder geneigd om over te gaan tot activatie.

De versie voor hoog contrast kan dan vervolgens ingezet worden voor een ""verhoogd contrast"", waarbij wordt voldaan aan succescriterium [WCAG 1.4.6 Verhoogd contrast (niveau AAA)](https://www.w3.org/WAI/WCAG22/Understanding/contrast-enhanced.html).",,,1,Wed Apr 01 2026 15:12:12 GMT+0200 (Midden-Europese zomertijd),Tue Apr 21 2026 18:45:03 GMT+0200 (Midden-Europese zomertijd)
d9865203-c15a-46fb-8306-fd8fa3a63353,e139aa31-44cb-4d11-8af5-58b8a711f2a9,B015,9b23fa6b-a0de-4779-b78a-2649f20d17e7,,resolved,,,"Op de website is een versie voor hoog contrast aanwezig. Deze is aan te zetten door middel van een zogenaamde ""contrast switch"".

Dit succescriterium is volledig getest in de modus voor hoog contrast. De versie voor hoog contrast wordt gezien als een alternatief voor de standaard versie.

Hierdoor kunnen er contrastproblemen zijn met grafische elementen in de standaard versie. Deze zijn verder niet beoordeeld.","We adviseren om ook de standaard versie te voorzien van voldoende contrast voor grafische elementen, zoals iconen, knoppen en formuliervelden. Dit bevordert de toegankelijkheid van de website voor bezoekers met een zichtbeperking.

De versie voor hoog contrast kan dan vervolgens ingezet worden voor een ""verhoogd contrast"".",,,0,Sat Apr 18 2026 17:27:11 GMT+0200 (Midden-Europese zomertijd),Tue Apr 21 2026 18:45:03 GMT+0200 (Midden-Europese zomertijd)
a4d38aa8-41da-45e6-82d4-7bb0afad6fe4,3f70b18e-a30c-462c-87c1-1787f6756edb,B011,4cb21fff-b4e0-4bd5-a312-f472f8541396,,open,klein,redacteur,"Op de pagina staat onder de h2-kop “Verdeling van de Domeinen en Teams binnen de BEL Combinatie” een uitklapbare sectie. Binnen die sectie zijn de vier subkoppen “Domein Fysiek”, “Domein Samenleving”, “Domein Bedrijfsvoering” en “Domein Openbare Ruimte” opgemaakt als h2-koppen. Omdat zij ondergeschikt zijn aan de h2 erboven horen ze h3 te zijn. Hierdoor is de koppenhiërarchie onlogisch en kunnen gebruikers van hulpsoftware niet meer goed zien welke koppen onder welke sectie vallen.","Maak van de vier domein-koppen (“Domein Fysiek”, “Domein Samenleving”, “Domein Bedrijfsvoering”, “Domein Openbare Ruimte”) h3-koppen, zodat zij ondergeschikt zijn aan de h2 “Verdeling van de Domeinen en Teams binnen de BEL Combinatie”.",,,5,Fri Apr 24 2026 11:25:58 GMT+0200 (Midden-Europese zomertijd),Fri Apr 24 2026 11:25:58 GMT+0200 (Midden-Europese zomertijd)
2fe778dc-5132-4909-912d-74a197d9761c,3f70b18e-a30c-462c-87c1-1787f6756edb,B003,cd31b01e-f6f1-4e3a-bbbe-c83d8c570848,,resolved,,,"In de footer onder Contact staat een link met de tekst “Persvragen?”. Een vraagteken aan het einde van een linktekst is ongebruikelijk en kan verwarrend zijn voor gebruikers van hulpsoftware, omdat het lijkt alsof het om een vraag gaat in plaats van een verwijzing naar een pagina. Het linkdoel zelf is in deze context (de contactsectie van de footer) wel duidelijk.","Vervang de linktekst “Persvragen?” door een formulering zonder vraagteken die het linkdoel beschrijft, bijvoorbeeld “Persvragen”, “Informatie voor pers” of “Naar persinformatie”.",,,0,Fri Apr 24 2026 11:25:58 GMT+0200 (Midden-Europese zomertijd),Fri Apr 24 2026 11:25:58 GMT+0200 (Midden-Europese zomertijd)
8d2f3050-3b29-4b65-b24d-982a9f987ebe,3f70b18e-a30c-462c-87c1-1787f6756edb,B006,4cb21fff-b4e0-4bd5-a312-f472f8541396,,open,matig,ontwikkelaar,"Op de pagina staat een tabel met de vergaderdata van het bestuur. De tabel bestaat uit één kolom en heeft geen kopcel (een th-element). Een tabel is bedoeld om gegevens in rijen en kolommen met elkaar in verband te brengen. Bij één kolom is daar geen sprake van en is de inhoud feitelijk een opsomming van datums. Hulpsoftware kondigt de inhoud nu aan als een tabel met 9 rijen en 1 kolom, wat misleidend is voor de gebruiker.","Maak van de datums een echte lijst (een ul-element met een li-element per datum). De visuele opmaak, zoals randen of vakken om elke datum, regel je via CSS.",,,3,Fri Apr 24 2026 11:25:58 GMT+0200 (Midden-Europese zomertijd),Fri Apr 24 2026 11:25:58 GMT+0200 (Midden-Europese zomertijd)
235b8aeb-9ec1-4ac2-b0ed-970dd6f05a41,3f70b18e-a30c-462c-87c1-1787f6756edb,B007,41d09e8c-c857-457c-a799-ffc0539e7722,,open,matig,redacteur,"Op de pagina staat een infographic die het BEL-samenwerkingsmodel visueel weergeeft. De infographic toont de bestuurlijke verhoudingen tussen de gemeenteraden, de colleges B&W, het BEL-bestuur, de werkorganisatie en de inwoners van Blaricum, Eemnes en Laren. Deze informatie is niet toegankelijk voor gebruikers van hulpsoftware, zoals een schermlezer. Het huidige tekstalternatief van de afbeelding is “BEL Combinatie model”, wat de informatie uit de infographic niet overbrengt. De tekst boven de infographic beschrijft alleen de samenstelling van het BEL-bestuur en de rol van de Algemeen Directeur; de overige lagen en hun onderlinge verhoudingen worden niet genoemd.","Voor een complexe infographic zijn twee dingen nodig:

1. Geef de infographic zelf een kort tekstalternatief in het alt-attribuut dat aangeeft wat voor afbeelding het is, bijvoorbeeld alt=""Infographic van het BEL-samenwerkingsmodel"".

2. Bied daarnaast de inhoud van de infographic in tekstvorm aan op de pagina, bijvoorbeeld als opsomming of beschrijvende tekst direct onder de infographic. Op die manier krijgen gebruikers die de infographic niet kunnen zien dezelfde informatie als gebruikers die de infographic wel zien.",,,1,Fri Apr 24 2026 11:25:58 GMT+0200 (Midden-Europese zomertijd),Fri Apr 24 2026 11:25:58 GMT+0200 (Midden-Europese zomertijd)
199874fb-d2f9-4c71-b639-c92bfebe7c03,3f70b18e-a30c-462c-87c1-1787f6756edb,B004,4cb21fff-b4e0-4bd5-a312-f472f8541396,,open,klein,redacteur,"Op meerdere plekken op de website is tekst opgemaakt met een em-element:

- In de footer onder Contact staat de tekst “Vanuit het buitenland” als label boven een telefoonnummer.
- Op de pagina Inkoop en aanbesteding staat de documenttitel “Het inkoop- en aanbestedingsbeleid Gooi- en Vechtstreek 2022” cursief.

Het em-element is bedoeld om in een lopende zin een woord extra nadruk te geven, vergelijkbaar met hoe je een woord in spraak iets harder of nadrukkelijker uitspreekt. In beide gevallen wordt het em-element gebruikt voor visuele opmaak (cursief), terwijl het bedoeld is om die semantische nadruk aan te geven.","Verwijder het em-element op deze plekken. De cursieve weergave, als die gewenst is, regel je via CSS.",,,2,Fri Apr 24 2026 11:25:58 GMT+0200 (Midden-Europese zomertijd),Fri Apr 24 2026 11:25:58 GMT+0200 (Midden-Europese zomertijd)
0b301f6b-4e70-4606-9440-659e26cf5d65,3f70b18e-a30c-462c-87c1-1787f6756edb,B009,4cb21fff-b4e0-4bd5-a312-f472f8541396,,open,klein,redacteur,Op de pagina staat na de hoofdkop “Inkoop en aanbesteding” (een h1-element) direct een h3-kop “Een document downloaden en openen”. Tussen de h1 en deze h3 ontbreekt een tussenliggende h2-kop. Hierdoor wordt een niveau in de koppenhiërarchie overgeslagen. Voor gebruikers van hulpsoftware die op koppen navigeren is de paginastructuur daardoor onlogisch.,"Zorg dat koppen elkaar in hiërarchie opvolgen zonder een niveau over te slaan. Maak van de kop “Een document downloaden en openen” een h2 in plaats van een h3, of plaats deze tekst onder een bestaande h2 (bijvoorbeeld als onderdeel van een sectie over de documenten).",,,4,Fri Apr 24 2026 11:25:58 GMT+0200 (Midden-Europese zomertijd),Fri Apr 24 2026 11:25:58 GMT+0200 (Midden-Europese zomertijd)
75a83a02-3322-44bd-9844-41bb97d703bc,3f70b18e-a30c-462c-87c1-1787f6756edb,B023,4cb21fff-b4e0-4bd5-a312-f472f8541396,,open,klein,redacteur,"In de PDF “Algemeen Privacybeleid” is de titel op pagina 1 niet als H1-kop getagd. De titel bestaat uit meerdere regels (“Algemeen Privacybeleid”, “Gemeenten Blaricum, Eemnes en Laren &”, “Gemeenschappelijke regeling BEL Combinatie”) die elk in een afzonderlijk P-element (paragraaf) staan. In de tagstructuur staat wel een leeg H1-element, maar zonder tekst.","Markeer de titel van het document als één H1-element. Plaats de regels “Algemeen Privacybeleid”, “Gemeenten Blaricum, Eemnes en Laren &” en “Gemeenschappelijke regeling BEL Combinatie” samen in één H1-tag, of maak van “Algemeen Privacybeleid” de H1 en van de overige regels een ondergeschikt element (bijvoorbeeld een ondertitel).",,,8,Fri Apr 24 2026 11:25:58 GMT+0200 (Midden-Europese zomertijd),Fri Apr 24 2026 11:25:58 GMT+0200 (Midden-Europese zomertijd)
0303793b-32a3-4de4-82cc-4b53e188907d,3f70b18e-a30c-462c-87c1-1787f6756edb,B024,143487c8-c34d-4cf6-bb8d-ad91a9db7b53,,open,matig,redacteur,"In de PDF “Algemeen Privacybeleid” komt een afbeelding (Figure-element) in de tagstructuur voor op pagina 1. Visueel staat deze afbeelding pas op pagina 16 (de laatste pagina, onder “Vastgesteld”). Voor gebruikers van hulpsoftware (zoals een schermlezer) betekent dit dat de leesvolgorde van pagina 1 naar pagina 16 springt en daarna terug.","Plaats het Figure-element in de tagstructuur op de juiste plek, namelijk op pagina 16 onder “Vastgesteld”, zodat de leesvolgorde overeenkomt met de visuele volgorde.",,,1,Fri Apr 24 2026 11:25:58 GMT+0200 (Midden-Europese zomertijd),Fri Apr 24 2026 11:25:58 GMT+0200 (Midden-Europese zomertijd)
33692f8e-1b4d-4e50-995b-6bceea76eb23,3f70b18e-a30c-462c-87c1-1787f6756edb,B021,41d09e8c-c857-457c-a799-ffc0539e7722,,open,klein,redacteur,"In het volgende PDF-document staat bovenin een gecombineerde afbeelding met de logo's en namen van de gemeenten Blaricum, Eemnes en Laren en het logo van de BEL Combinatie. Deze logo's zijn niet als afbeelding getagd en worden daarom door hulpsoftware (zoals een schermlezer) genegeerd.",Op pagina 1 van het document moet deze afbeelding worden getagd en een goed tekstalternatief krijgen. Op de vervolgpagina's is dat niet nodig.,,,4,Fri Apr 24 2026 11:25:58 GMT+0200 (Midden-Europese zomertijd),Fri Apr 24 2026 11:25:58 GMT+0200 (Midden-Europese zomertijd)
e66675f6-0efb-4bf8-8bde-ef03dd2eea8a,3f70b18e-a30c-462c-87c1-1787f6756edb,B022,4cb21fff-b4e0-4bd5-a312-f472f8541396,,open,matig,redacteur,"In de PDF “Algemeen Privacybeleid” staan twee tabellen: een tabel “Versiebeheer” op pagina 2 en een tabel met doelgroepen en relevantie voor het privacybeleid in hoofdstuk 4.2. In beide tabellen zijn alle cellen als TD (datacellen) gemarkeerd; er zijn geen TH-elementen (kopcellen) gebruikt. Hierdoor kunnen gebruikers van hulpsoftware, zoals een schermlezer, de relatie tussen kopcellen en datacellen niet vaststellen en worden de tabellen voorgelezen zonder dat duidelijk is wat de kolommen en rijen betekenen.",Markeer de bovenste rij van elke tabel als kolomkoppen door de cellen te taggen als TH. Markeer daarnaast de eerste cel van elke data-rij als rij-kop door deze ook als TH te taggen.,,,7,Fri Apr 24 2026 11:25:58 GMT+0200 (Midden-Europese zomertijd),Fri Apr 24 2026 11:25:58 GMT+0200 (Midden-Europese zomertijd)
1f35b72a-18f2-4a82-b516-69785e4683a0,3f70b18e-a30c-462c-87c1-1787f6756edb,B026,cf8f7d38-2002-4ede-aa09-a382fd4c22f5,,open,matig,redacteur,"In de PDF “Algemeen Privacybeleid” staat op pagina 16 onder “Vastgesteld” een screenshot van een vastgestelde agenda uit het bestuurlijk besluitvormingssysteem. Deze afbeelding bevat informatie die volledig als tekst wordt weergegeven (agendapunten, besluiten, parafen, data en namen). Tekst mag alleen als afbeelding worden gebruikt als dat essentieel is voor de weergave. Dat is hier niet het geval: de tekst kan ook als gewone tekst in het document worden opgenomen. Daardoor kan de tekst nu niet worden doorzocht, geselecteerd, gekopieerd of aangepast in grootte of kleur door gebruikers die dat nodig hebben.","Verwijder de screenshot en neem de vaststellingsinformatie als gewone tekst in het document op. Op die manier kunnen gebruikers de tekst doorzoeken, selecteren, vergroten en aanpassen aan hun eigen voorkeuren.",,,0,Fri Apr 24 2026 11:25:58 GMT+0200 (Midden-Europese zomertijd),Fri Apr 24 2026 11:25:58 GMT+0200 (Midden-Europese zomertijd)
843a2eaf-afbf-42fe-a5ca-9fdb6f98c82c,3f70b18e-a30c-462c-87c1-1787f6756edb,B028,35d250a4-d5a2-4d75-9ebd-6fc4c6da9cbc,,open,matig,redacteur,"In de PDF “Algemeen Privacybeleid” staat op meerdere plekken tekst met een onvoldoende contrastverhouding tegenover de witte achtergrond:

- De datum “Oktober 2019” op pagina 1 heeft tekstkleur #8DB3E2 op witte achtergrond. De contrastverhouding is 2,2:1.
- De H2-subkoppen (zoals “3.1. Europese privacywetgeving” op pagina 6) hebben tekstkleur #4F81BD op witte achtergrond. De contrastverhouding is 4:1, bij een lettergrootte van 12,96 pt.

Voor normale tekst is volgens WCAG 1.4.3 een contrastverhouding van minimaal 4,5:1 vereist. Beide voorbeelden halen deze norm niet.","Pas de tekstkleuren in het document aan zodat ze minimaal 4,5:1 contrast hebben met de witte achtergrond. Gebruik bijvoorbeeld een donkerdere tint blauw. Controleer het contrast met een Colour Contrast Analyzer.",,,3,Fri Apr 24 2026 11:25:58 GMT+0200 (Midden-Europese zomertijd),Fri Apr 24 2026 11:25:58 GMT+0200 (Midden-Europese zomertijd)
dc97e5c4-b024-4c87-a7eb-a9855db19a92,3f70b18e-a30c-462c-87c1-1787f6756edb,B029,4cb21fff-b4e0-4bd5-a312-f472f8541396,,open,serieus,redacteur,"Het volgende PDF-document is niet getagd. Dit wil zeggen dat er geen structuur is aangegeven in het bestand door middel van tags. Hulpsoftware (zoals een screenreader) kan hierdoor niet bepalen wat koppen, lijsten en dergelijke zijn en zal afbeeldingen negeren.","Als het bestand correct getagd wordt, kan hulpsoftware beter de structuur en relaties bepalen. Bij koppen kan dan bijvoorbeeld worden voorgelezen dat dit koppen zijn. In veel gevallen kan dit probleem worden opgelost door het document vanuit het bronbestand (meestal in Word of InDesign) opnieuw te exporteren naar PDF, maar dan inclusief tags of labels.

Omdat nu de tags ontbreken, kunnen andere succescriteria zoals 1.1.1 en 1.3.2 niet onderzocht worden. Let daarom op dat bij het oplossen van dit probleem nieuwe toegankelijkheidsproblemen kunnen ontstaan.",,,9,Fri Apr 24 2026 11:25:58 GMT+0200 (Midden-Europese zomertijd),Fri Apr 24 2026 11:25:58 GMT+0200 (Midden-Europese zomertijd)
50e64a8b-573d-4492-a3ce-4b6269f4dbe5,3f70b18e-a30c-462c-87c1-1787f6756edb,B031,c5da9884-1520-4257-9c7c-cfdf3e78c7a6,,open,klein,redacteur,"De PDF heeft wel een titel (“Geanonimiseerd document”), maar deze beschrijft de inhoud van het document onvoldoende. Gebruikers van hulpsoftware, zoals een schermlezer, horen daardoor geen beschrijvende documenttitel.",Stel een beschrijvende titel in die de inhoud van het document weergeeft. Doe dit bij voorkeur al in het bronbestand (bijvoorbeeld in Word of InDesign) voordat je exporteert naar PDF.,,,1,Fri Apr 24 2026 11:25:58 GMT+0200 (Midden-Europese zomertijd),Fri Apr 24 2026 11:25:58 GMT+0200 (Midden-Europese zomertijd)
5a9f5f1e-beac-4c7c-95d2-8dc13f5bb643,3f70b18e-a30c-462c-87c1-1787f6756edb,B030,41d09e8c-c857-457c-a799-ffc0539e7722,,resolved,,,"Het volgende PDF-document is niet getagd. Hierdoor zijn informatieve afbeeldingen niet gemarkeerd als Figure en hebben zij geen tekstalternatief. Mensen die blind zijn en een schermlezer gebruiken krijgen deze informatie daardoor niet aangeboden. Omdat het document niet is getagd, is niet vast te stellen of afbeeldingen correct zijn verwerkt. Hierdoor wordt dit nu niet afgekeurd. Zodra het document wel wordt getagd, kan blijken dat informatieve afbeeldingen ontbreken of onjuist zijn getagd.","Zorg dat de PDF wordt voorzien van een volledige tags-structuur en maak daarbij onderscheid tussen informatieve en decoratieve afbeeldingen.
- Tag informatieve afbeeldingen als Figure en voorzie deze van een kort en beschrijvend tekstalternatief .
- Markeer decoratieve afbeeldingen als artefact zodat deze worden genegeerd door schermlezers.",,,6,Fri Apr 24 2026 11:25:58 GMT+0200 (Midden-Europese zomertijd),Fri Apr 24 2026 11:25:58 GMT+0200 (Midden-Europese zomertijd)
c68af8a3-be02-4b01-b9e5-453a3e585e22,3f70b18e-a30c-462c-87c1-1787f6756edb,B018,41d09e8c-c857-457c-a799-ffc0539e7722,,resolved,,,"Op de pagina staan drie sfeerbeelden bij de introducties van de gemeenten Blaricum, Eemnes en Laren: een foto van de schaapskudde op de Westerheide, een foto van het gemaal in de Eemnes-polder en een foto van het Brinkhuis in Laren. De afbeeldingen zijn voorzien van een alt-tekst. De inhoud van deze foto's voegt echter geen informatie toe die niet al in de omringende tekst staat; het zijn illustratieve sfeerbeelden. Hulpsoftware kondigt deze afbeeldingen nu aan en leest de alt-tekst voor, terwijl ze feitelijk decoratief zijn.","Geef de drie sfeerbeelden een leeg alt-attribuut (alt=""""). Daarmee worden ze door hulpsoftware als decoratief herkend en overgeslagen, wat voor gebruikers van een schermlezer prettiger leest.",,,3,Fri Apr 24 2026 11:25:58 GMT+0200 (Midden-Europese zomertijd),Fri Apr 24 2026 11:25:58 GMT+0200 (Midden-Europese zomertijd)
27aa7913-5f54-4963-b6f1-35351733abc5,3f70b18e-a30c-462c-87c1-1787f6756edb,B027,c5da9884-1520-4257-9c7c-cfdf3e78c7a6,,open,klein,redacteur,"De PDF heeft geen titel. Hierdoor tonen PDF-lezers de bestandsnaam in de tab- en titelbalk. Gebruikers van hulpsoftware, zoals een schermlezer, horen daardoor de bestandsnaam in plaats van een beschrijvende documenttitel.",Vul in de documenteigenschappen van de PDF (Bestand > Eigenschappen > Beschrijving) een beschrijvende titel in. Doe dit bij voorkeur al in het bronbestand (bijvoorbeeld in Word of InDesign) voordat je exporteert naar PDF. Stel daarnaast in bij de geavanceerde weergave-instellingen dat de documenttitel wordt getoond in plaats van de bestandsnaam (Bestand > Eigenschappen > Initiële weergave > Toon: Documenttitel).,,,0,Fri Apr 24 2026 11:25:58 GMT+0200 (Midden-Europese zomertijd),Fri Apr 24 2026 11:25:58 GMT+0200 (Midden-Europese zomertijd)
29e8fdd6-a266-43e2-b586-3624a94d1065,3f70b18e-a30c-462c-87c1-1787f6756edb,B019,143487c8-c34d-4cf6-bb8d-ad91a9db7b53,,open,matig,redacteur,"Op de pagina staan de drie gemeenten (Blaricum, Eemnes en Laren) visueel in drie kolommen naast elkaar. In elke kolom staan achtereenvolgens een kop, een inleidende tekst, een afbeelding, een uitgebreide tekst en een knop naar de gemeentesite. In de code is deze informatie niet per kolom, maar per rij opgebouwd. In de code staan eerst de drie koppen met hun inleidende tekst achter elkaar, daarna per gemeente een afbeelding gevolgd door de uitgebreide tekst, en als laatste de drie knoppen achter elkaar. Voor gebruikers van hulpsoftware, zoals een schermlezer, is de samenhang tussen kop, afbeelding, tekst en knop per gemeente daardoor moeilijk te volgen. De volgorde in de code komt niet overeen met de visuele volgorde.","Zet de informatie in de code per gemeente bij elkaar: kop, inleiding, afbeelding, uitgebreide tekst en knop achter elkaar. De visuele drie-koloms weergave regel je via CSS. In het CMS kan dit worden opgelost door het paragraaftype “3 kolommen” te kiezen; daarin wordt de content per kolom in de code bij elkaar geplaatst. Op die manier komt de volgorde in de code overeen met de visuele volgorde.",,,0,Fri Apr 24 2026 11:25:58 GMT+0200 (Midden-Europese zomertijd),Fri Apr 24 2026 11:25:58 GMT+0200 (Midden-Europese zomertijd)
74c58ee2-455a-4167-a052-4f5816a3a085,3f70b18e-a30c-462c-87c1-1787f6756edb,B015,9b23fa6b-a0de-4779-b78a-2649f20d17e7,,resolved,,,"Op de website is een versie voor hoog contrast aanwezig. Deze is aan te zetten door middel van een zogenaamde ""contrast switch"".

Dit succescriterium is volledig getest in de modus voor hoog contrast. De versie voor hoog contrast wordt gezien als een alternatief voor de standaard versie.

Hierdoor kunnen er contrastproblemen zijn met grafische elementen in de standaard versie. Deze zijn verder niet beoordeeld.","We adviseren om ook de standaard versie te voorzien van voldoende contrast voor grafische elementen, zoals iconen, knoppen en formuliervelden. Dit bevordert de toegankelijkheid van de website voor bezoekers met een zichtbeperking.

De versie voor hoog contrast kan dan vervolgens ingezet worden voor een ""verhoogd contrast"".",,,0,Fri Apr 24 2026 11:25:58 GMT+0200 (Midden-Europese zomertijd),Fri Apr 24 2026 11:25:58 GMT+0200 (Midden-Europese zomertijd)
313020cb-03b3-4b62-98fb-fe971384e826,9b59a171-e91e-48ed-86da-5946a1df3760,B008,cd31b01e-f6f1-4e3a-bbbe-c83d8c570848,,resolved,,,"Op de pagina ""Huwelijk en partnerschap"" staat onder ""Belangrijk om te weten"" de link ""Klik hier om naar de website van gemeente Den Haag te gaan."" De linktekst begint met ""Klik hier"" en zegt pas daarna waar de link naartoe leidt. Wanneer hulpsoftware alle links op een pagina onder elkaar toont, wordt ""Klik hier"" als beginwoord minder herkenbaar dan een link die met het onderwerp begint.","Verwijder de zin ""Klik hier om naar de website van gemeente Den Haag te gaan."" en maak in de zin ervoor de tekst ""de gemeente Den Haag, Dienst Landelijke Taken"" tot link. Het icoon voor externe link staat automatisch achter de linktekst.",,,1,Sun Jul 05 2026 21:32:06 GMT+0200 (Midden-Europese zomertijd),Sun Jul 05 2026 21:32:06 GMT+0200 (Midden-Europese zomertijd)
63f88648-15cb-4314-9e74-034ca086a8a2,0cfcaf8d-bd5d-4614-82ef-13de9c61ca62,B003,4cb21fff-b4e0-4bd5-a312-f472f8541396,,open,klein,redacteur,"In de paragraaf onder de kop ""Melding contractmanagement"" staan de woorden ""melding zorg"" cursief, gemaakt met een em-element. Met deze cursivering is de naam van een knop op de pagina aangegeven. Het em-element is daar niet voor bedoeld. Het hoort gebruikt te worden om binnen een lopende zin een woord echt extra nadruk te geven, zodat hulpsoftware dat woord met meer klemtoon kan voorlezen. Doordat het hier op een knopnaam zit, horen gebruikers van hulpsoftware ""melding zorg"" als benadrukt woord, terwijl er alleen een knopnaam wordt aangewezen.","Verwijder het em-element rond ""melding zorg"". Als de knopnaam visueel moet opvallen, doe dit via CSS of door van de tekst een daadwerkelijke link naar de knop te maken.",,,2,Fri Apr 24 2026 12:25:01 GMT+0200 (Midden-Europese zomertijd),Mon Apr 27 2026 21:57:10 GMT+0200 (Midden-Europese zomertijd)
3c684608-8d46-4254-98da-7cd80af1f585,0cfcaf8d-bd5d-4614-82ef-13de9c61ca62,B002,4cb21fff-b4e0-4bd5-a312-f472f8541396,,open,klein,redacteur,"Op de homepage staan onder de kop ""Belangrijke onderwerpen"" (H2) vijf onderwerpen naast elkaar. Drie ervan (Fysieke overlegtafel, Regionaal Expertteam (RET), Beleid & regio-ontwikkeling) zijn opgemaakt als H3. De andere twee (ETHOS telling, Inzicht & impact) zijn opgemaakt als H2, terwijl ze visueel en in de code binnen dezelfde sectie vallen en dus op hetzelfde niveau als de H3's zouden moeten staan. Hierdoor klopt de hiërarchie van de koppen niet en kunnen gebruikers van hulpsoftware niet goed horen welke onderwerpen bij elkaar horen.","Maak van ""ETHOS telling"" en ""Inzicht & impact"" een H3, zodat alle vijf onderwerpen in de sectie ""Belangrijke onderwerpen"" op hetzelfde niveau staan.",,,1,Fri Apr 24 2026 11:48:57 GMT+0200 (Midden-Europese zomertijd),Fri Apr 24 2026 13:19:41 GMT+0200 (Midden-Europese zomertijd)
2603b840-c8ff-4d69-bd70-ef219a67249e,0cfcaf8d-bd5d-4614-82ef-13de9c61ca62,B001,4cb21fff-b4e0-4bd5-a312-f472f8541396,,open,klein,redacteur,"Op meerdere pagina's zijn koppen extra benadrukt met een strong-element (een HTML-element voor nadruk binnen lopende tekst). Een voorbeeld is de kop ""Melding contractmanagement"" op de homepage. Een kop is al een prominent element en hoeft niet nog eens extra benadrukt te worden. Hierdoor krijgen gebruikers van hulpsoftware onjuiste informatie: de kop wordt voorgelezen als benadrukt, terwijl dit al uit het kopniveau blijkt.","Verwijder het strong-element binnen de koppen. Als de kop visueel extra moet opvallen, regel dit via CSS in plaats van via een extra strong-element.",,,0,Fri Apr 24 2026 11:48:46 GMT+0200 (Midden-Europese zomertijd),Fri Apr 24 2026 13:28:04 GMT+0200 (Midden-Europese zomertijd)
667e06ba-5aa5-4f68-93fe-f51e9fb38983,d8def788-4dfc-4832-9622-19dc60806382,B010,1f36c6a9-6e39-462e-8051-67c0ac31e0b2,,open,serieus,ontwikkelaar,Siteimprove detecteert op 2 pagina's verborgen elementen (display:none of aria-hidden) die focusbare content bevatten. Hulpsoftware kan focus op onzichtbare elementen krijgen.,Maak focusbare elementen binnen verborgen content ook niet-focusbaar (tabindex=-1) of verberg de hele container correct.,,,1,Tue Jun 09 2026 17:10:54 GMT+0200 (Midden-Europese zomertijd),Tue Jun 09 2026 17:10:54 GMT+0200 (Midden-Europese zomertijd)
10269644-e57e-4969-9b66-67a7c6ce0c14,0cfcaf8d-bd5d-4614-82ef-13de9c61ca62,B009,41d09e8c-c857-457c-a799-ffc0539e7722,,resolved,,,"Op de pagina staat het logo GR JW. Het tekstalternatief bevat naast het logo en de beeldtekst ook een beschrijving van het logo zelf (""Het logo bestaat uit de letters 'GR' in blauw en 'JW' in groen.""). Kleuren en plaatsing voegen geen informatie toe. Voor mensen die de website laten voorlezen leidt dit alleen maar af.",Verwijder de beschrijving van de kleuren van de letters uit het tekstalternatief. Het tekstalternatief bevat dan alleen GR JW (logo) en de beeldtekst.,,,0,Fri Apr 24 2026 15:19:14 GMT+0200 (Midden-Europese zomertijd),Tue Apr 28 2026 09:48:46 GMT+0200 (Midden-Europese zomertijd)
eba9b927-697b-43a1-9884-a17aa8b94607,0cfcaf8d-bd5d-4614-82ef-13de9c61ca62,B012,cd31b01e-f6f1-4e3a-bbbe-c83d8c570848,,resolved,,,"Op de pagina staan drie links met de linktekst ""Startpunt"" die naar twee verschillende bestemmingen wijzen. Twee gaan naar de externe website aanbod.zorgverkeer.nl. De derde springt vanuit de inhoudsopgave naar de sectie ""Startpunt"" lager op de pagina. Hulpsoftware die een lijst van links voorleest, leest drie keer ""Startpunt"" voor zonder onderscheid in bestemming.","We adviseren om identieke linkteksten te vermijden wanneer ze naar verschillende bestemmingen leiden. Dit kan door de linktekst in de inhoudsopgave specifieker te maken (bijvoorbeeld ""Naar sectie Startpunt op deze pagina"") of door de externe link een eigen, beschrijvende linktekst te geven (bijvoorbeeld ""Startpunt: overzicht zorgaanbieders"").",,,2,Sun Apr 26 2026 11:06:58 GMT+0200 (Midden-Europese zomertijd),Tue Apr 28 2026 10:03:14 GMT+0200 (Midden-Europese zomertijd)
739eba91-5729-4384-a283-70b6f841bc7a,0cfcaf8d-bd5d-4614-82ef-13de9c61ca62,B006,cd31b01e-f6f1-4e3a-bbbe-c83d8c570848,,open,klein,redacteur,"Op meerdere pagina's staan links met de linktekst ""Lees meer..."" in een eigen alinea, zonder beschrijvende context in dezelfde zin of alinea. Een voorbeeld is de link ""Lees meer..."" onder ""Fysieke overlegtafel"" op de homepage. De linktekst alleen maakt niet duidelijk waar de link naartoe leidt. Hulpsoftware die een lijst van links voorleest, leest meerdere keren alleen ""Lees meer..."" voor zonder onderscheid.","Maak de linktekst specifiek, bijvoorbeeld ""Lees meer over Fysieke overlegtafel"". Een alternatief is om de link in dezelfde alinea te plaatsen als de beschrijvende tekst. Hulpsoftware kan dan die omringende tekst gebruiken als context, zodat de gebruiker alsnog weet waar de link over gaat.",,,0,Fri Apr 24 2026 12:45:57 GMT+0200 (Midden-Europese zomertijd),Tue Apr 28 2026 09:25:31 GMT+0200 (Midden-Europese zomertijd)
2b92f853-4619-4d01-b460-22fcd59b149b,0cfcaf8d-bd5d-4614-82ef-13de9c61ca62,B007,cd31b01e-f6f1-4e3a-bbbe-c83d8c570848,,open,matig,redacteur,"Op meerdere pagina's staan links waarvan de tekst een mailadres laat zien, maar het webadres achter de link wijst niet naar een mailadres. In plaats daarvan blijft de gebruiker op dezelfde pagina staan. Een voorbeeld is de link ""contact@grjw.nl"" in de footer van de homepage. Wie op deze link klikt, verwacht dat het e-mailprogramma opent, maar dat gebeurt niet. De linktekst belooft iets anders dan wat de link doet.","Stel het webadres achter deze links in op het juiste mailadres, in de vorm ""mailto:contact@grjw.nl"". Klikken op de link opent dan het e-mailprogramma van de gebruiker met het mailadres al ingevuld.",,,1,Fri Apr 24 2026 13:00:47 GMT+0200 (Midden-Europese zomertijd),Tue Apr 28 2026 09:26:57 GMT+0200 (Midden-Europese zomertijd)
276be8b1-0dc5-4df0-bc0b-a451f849bd9a,0cfcaf8d-bd5d-4614-82ef-13de9c61ca62,B013,4cb21fff-b4e0-4bd5-a312-f472f8541396,,open,matig,redacteur,"Op meerdere pagina's staan visuele opsommingen die niet als lijst zijn opgemaakt. Bij de veelgestelde vragen op de pagina Regionaal Expertteam zijn in het antwoord op ""Wat zijn de functies van het RET?"" vier genummerde items opgemaakt als losse alinea's, in plaats van als echte genummerde lijst. Op de pagina Jaarverantwoording staan onder ""Wanneer moet je dit aanleveren?"" drie deadlines in één alinea. Hulpsoftware kondigt deze opsommingen niet als lijst aan. Het aantal items wordt niet genoemd. Daardoor gaat de samenhang tussen de items verloren voor mensen die de website laten voorlezen.",Maak van de visuele opsommingen een echte lijst. Gebruik een genummerde lijst als de volgorde van belang is. Gebruik een opsommingslijst als de volgorde er niet toe doet.,,,6,Mon Apr 27 2026 10:33:02 GMT+0200 (Midden-Europese zomertijd),Tue Apr 28 2026 10:11:58 GMT+0200 (Midden-Europese zomertijd)
b41db6e2-9267-4782-a61e-8310a888d1ef,0cfcaf8d-bd5d-4614-82ef-13de9c61ca62,B016,4cb21fff-b4e0-4bd5-a312-f472f8541396,,open,klein,redacteur,"Op de pagina Jaarverantwoording is de tekst ""De deadlines op een rij:"" cursief gemaakt met een em-element. Deze tekst is een inleidend zinnetje boven de opsomming met deadlines. Het em-element is daar niet voor bedoeld. Het hoort gebruikt te worden om binnen een lopende zin een woord echt extra nadruk te geven, zodat hulpsoftware dat woord met meer klemtoon kan voorlezen. Doordat het hier op een inleidend zinnetje zit, lezen gebruikers van hulpsoftware ""De deadlines op een rij:"" met extra nadruk voor, terwijl er geen woord is dat die nadruk hoeft te krijgen.","Verwijder het em-element rond ""De deadlines op een rij:"". Als de tekst visueel cursief moet blijven, regel dat via CSS.",,,9,Mon Apr 27 2026 12:51:07 GMT+0200 (Midden-Europese zomertijd),Tue Apr 28 2026 10:19:51 GMT+0200 (Midden-Europese zomertijd)
d447ef0c-8758-4eff-8c89-dc4331df0ce5,187ee560-4a80-40ad-bc89-8a1f3f69c80e,B018,35d250a4-d5a2-4d75-9ebd-6fc4c6da9cbc,,open,matig,ontwerper,"Op de pagina staan onder de kaart twee invoervelden met placeholdertekst ""Zoek in de lijst"" en ""Zoek in de buurt van"". Deze grijze placeholdertekst (#ABAECD) op de witte achtergrond (#FFFFFF) heeft een contrastverhouding van 2,2:1. Dat is lager dan de vereiste 4,5:1. Hierdoor is de tekst moeilijk leesbaar voor mensen met een visuele beperking.

De kaart zelf valt onder de wettelijke uitzondering voor kaarten. Die uitzondering geldt niet voor de zoekvelden waarmee gebruikers het tekstuele alternatief (de lijst) doorzoeken. Die moeten wel aan de contrasteis voldoen.","Maak de placeholdertekst donkerder zodat de contrastverhouding met de witte achtergrond minimaal 4,5:1 is.",,,2,Sun Jun 21 2026 16:48:18 GMT+0200 (Midden-Europese zomertijd),Sun Jun 21 2026 17:03:27 GMT+0200 (Midden-Europese zomertijd)
26b72ff8-c9f1-49bb-af82-43e0a90ba299,0cfcaf8d-bd5d-4614-82ef-13de9c61ca62,B018,41d09e8c-c857-457c-a799-ffc0539e7722,,open,klein,redacteur,"Op pagina 3 van de PDF Nieuwsbrief fysieke overlegtafel 6 oktober 2025 staat rechtsonder het logo van GR JW. Dit logo is in het document niet als afbeelding aangemerkt. Een gebruiker die de PDF met hulpsoftware leest, hoort daardoor niet dat hier het logo van GR JW staat.","Markeer het logo als afbeelding en geef het een tekstalternatief, bijvoorbeeld ""Logo GR JW"". Hulpsoftware kondigt het logo dan aan, zodat de gebruiker weet van wie de nieuwsbrief afkomstig is.",,,2,Mon Apr 27 2026 13:41:46 GMT+0200 (Midden-Europese zomertijd),Tue Apr 28 2026 10:25:10 GMT+0200 (Midden-Europese zomertijd)
d93eabac-47e8-457f-8e65-459fce98670c,0cfcaf8d-bd5d-4614-82ef-13de9c61ca62,B019,4cb21fff-b4e0-4bd5-a312-f472f8541396,,open,matig,redacteur,"In de PDF Nieuwsbrief fysieke overlegtafel 6 oktober 2025 klopt de opbouw van de koppen niet. Onder de hoofdtitel staan direct koppen op het laagste niveau, zonder dat er tussenliggende niveaus zijn gebruikt. Dit gebeurt onder andere bij ""Hoe gaat het bij GR JW?"" en ""Wat is een fysieke overlegtafel?"". Op pagina 3 staan onder ""Save the date"" drie tekstregels die als kop op niveau 4 zijn aangemerkt, terwijl het gewone alinea's zijn. Mensen die de PDF laten voorlezen en navigeren via de koppen, krijgen daardoor een onlogische structuur te horen. Het wordt zo lastiger om de hoofdzaken van bijzaken te onderscheiden.","Gebruik de koppen in een logische volgorde, zonder niveaus over te slaan. Markeer alleen daadwerkelijke koppen als kop, en gewone tekst als alinea.",,,10,Mon Apr 27 2026 15:09:06 GMT+0200 (Midden-Europese zomertijd),Tue Apr 28 2026 10:36:26 GMT+0200 (Midden-Europese zomertijd)
1950d113-bac6-4c99-b98b-ac448aad8161,d8def788-4dfc-4832-9622-19dc60806382,B012,35d250a4-d5a2-4d75-9ebd-6fc4c6da9cbc,,resolved,,,"[POTENTIEEL] Siteimprove signaleert op 514 pagina's (11.773 voorvallen) mogelijke contrastproblemen die handmatige beoordeling vragen (tekst op afbeelding, semi-transparante achtergronden, etc.).",Beoordeel een steekproef van de gemarkeerde elementen handmatig en pas waar nodig de kleuren aan.,,,1,Tue Jun 09 2026 20:38:34 GMT+0200 (Midden-Europese zomertijd),Tue Jun 09 2026 20:38:34 GMT+0200 (Midden-Europese zomertijd)
b21dedc3-9757-4cf7-8980-35128ff54189,0cfcaf8d-bd5d-4614-82ef-13de9c61ca62,B023,f9bb183a-eaa4-40fd-b878-91858322913f,,open,serieus,redacteur,"De PDF Nieuwsbrief fysieke overlegtafel 6 oktober 2025 is geschreven in het Nederlands, maar in de documenteigenschappen staat Engels als taal ingesteld. Hulpsoftware leest de Nederlandse tekst daardoor voor met een Engelse uitspraak. De inhoud is dan voor mensen die de PDF laten voorlezen lastiger te volgen.","Stel de documenttaal in op Nederlands. In Adobe Acrobat kan dit via Bestand, Eigenschappen, tabblad Geavanceerd, onderaan bij Leesopties: kies bij Taal ""Nederlands"". Hulpsoftware leest de tekst daarna met de juiste uitspraak voor.",,,0,Mon Apr 27 2026 16:33:27 GMT+0200 (Midden-Europese zomertijd),Tue Apr 28 2026 10:52:30 GMT+0200 (Midden-Europese zomertijd)
239f82a4-1fa2-4c84-86bc-bbb18706ac8d,187ee560-4a80-40ad-bc89-8a1f3f69c80e,B006,4cb21fff-b4e0-4bd5-a312-f472f8541396,,open,klein,redacteur,"Op de pagina staan onder de h2-kop ""Trouwambtenaren"" negen kaarten met de namen van de trouwambtenaren, zoals Anne Rose Orbons, Arris Matlega en Eva Tholen. Deze namen zijn opgemaakt als h2-koppen. Omdat zij ondergeschikt zijn aan de h2 erboven horen ze h3 te zijn. Hierdoor klopt de koppenhiërarchie niet en kunnen schermlezer-gebruikers de structuur van de pagina niet goed bepalen.","Maak van de namen van de trouwambtenaren h3-koppen, zodat zij ondergeschikt zijn aan de h2 ""Trouwambtenaren"".",,,2,Sat May 02 2026 14:49:23 GMT+0200 (Midden-Europese zomertijd),Sat May 02 2026 14:49:23 GMT+0200 (Midden-Europese zomertijd)
2c3071af-d7dc-49e2-95c4-32a62693a04e,187ee560-4a80-40ad-bc89-8a1f3f69c80e,B008,41d09e8c-c857-457c-a799-ffc0539e7722,,open,klein,redacteur,"Op de pagina staat het logo van het Interreg-project. Het tekstalternatief is ""logo van Interreg Noord-West Europa"". Het logo bevat echter ook de naam ""Circular Building Convert"" en de zin ""Co-funded by the European Union"". Deze informatie ontbreekt in het tekstalternatief, waardoor schermlezer-gebruikers niet meekrijgen welk project en welke financier in het logo staan.","Geef het logo een tekstalternatief dat alle namen weergeeft die in het logo staan, bijvoorbeeld alt=""Interreg North-West Europe – Circular Building Convert, mede-gefinancierd door de Europese Unie"".",,,1,Sat May 02 2026 15:43:12 GMT+0200 (Midden-Europese zomertijd),Sat May 02 2026 15:43:12 GMT+0200 (Midden-Europese zomertijd)
554e363c-dd56-4316-b124-e6186a41ad41,0cfcaf8d-bd5d-4614-82ef-13de9c61ca62,B014,4cb21fff-b4e0-4bd5-a312-f472f8541396,,open,matig,redacteur,"Op de pagina Jaarverantwoording staat onder de sub-kop ""Wat moet je aanleveren?"" de tekst ""Steekproefcontrole bij productie tot € 200.000,-"". Visueel ziet dit eruit als een subkop. In de code is het echter geen kop, maar benadrukte tekst via een strong-element. Mensen die de website laten voorlezen krijgen deze tekst niet als kop voorgelezen. Daardoor kunnen zij dit onderwerp niet snel terugvinden via de lijst met koppen op de pagina.","Maak van ""Steekproefcontrole bij productie tot € 200.000,-"" een echte sub-kop op het juiste niveau. Verwijder het strong-element. De visuele opmaak kan met CSS geregeld worden.",,,7,Mon Apr 27 2026 12:50:28 GMT+0200 (Midden-Europese zomertijd),Tue Apr 28 2026 10:16:30 GMT+0200 (Midden-Europese zomertijd)
c994d0b4-10e5-4003-81e4-5bbf5dc6c098,0cfcaf8d-bd5d-4614-82ef-13de9c61ca62,B017,41d09e8c-c857-457c-a799-ffc0539e7722,,open,matig,,"In de PDF Nieuwsbrief fysieke overlegtafel 6 oktober 2025 staan veel decoratieve elementen, zoals golfvormen en pijltjes. Deze elementen zijn in het document aangemerkt als afbeelding, maar zonder tekstalternatief. Hulpsoftware kondigt daardoor steeds afbeeldingen aan zonder dat de gebruiker er iets aan heeft. Decoratieve elementen voegen niets toe aan de inhoud en horen door hulpsoftware overgeslagen te worden.","Markeer alle puur decoratieve elementen zo dat hulpsoftware ze overslaat. In Adobe Acrobat kan dit via het tagvenster: klik met de rechtermuisknop op de afbeelding, kies ""Wijzig tagtype"" en kies daarna ""Artifact"". Hulpsoftware leest deze elementen dan niet meer voor.",,,1,Mon Apr 27 2026 13:41:36 GMT+0200 (Midden-Europese zomertijd),Tue Apr 28 2026 10:21:38 GMT+0200 (Midden-Europese zomertijd)
27340eea-acf5-41b7-93de-5105e4353f96,0cfcaf8d-bd5d-4614-82ef-13de9c61ca62,B021,4cb21fff-b4e0-4bd5-a312-f472f8541396,,open,matig,redacteur,"Op pagina 2 van de PDF Nieuwsbrief fysieke overlegtafel 6 oktober 2025 staan onder de kop ""Wist je dat.."" drie genummerde tegels (1, 2, 3) naast elkaar. Visueel is dit een genummerde opsomming, maar in het document zijn de drie tegels als losse alinea's en koppen geplaatst. Hulpsoftware kondigt daardoor geen lijst aan en noemt het aantal items niet.",Pas het bronbestand zo aan dat de drie tegels bij export naar PDF als één genummerde lijst worden meegenomen.,,,12,Mon Apr 27 2026 16:21:16 GMT+0200 (Midden-Europese zomertijd),Tue Apr 28 2026 10:47:51 GMT+0200 (Midden-Europese zomertijd)
bee50d1c-31d2-4c4b-a622-ae09256b3ac6,187ee560-4a80-40ad-bc89-8a1f3f69c80e,B015,cd31b01e-f6f1-4e3a-bbbe-c83d8c570848,,open,klein,redacteur,"In de footer onder de kop ""Volg ons"" staan vier links naar sociale media met als toegankelijke naam alleen de naam van het platform: ""LinkedIn"", ""Facebook"", ""Instagram"" en ""YouTube"". Een schermlezer leest ""link, LinkedIn"" voor. Daaruit blijkt dat de link naar LinkedIn gaat, maar niet dat het specifiek de pagina van de gemeente Heerlen op dat platform is.","Vul de toegankelijke naam van elke link aan met de organisatie, bijvoorbeeld ""Gemeente Heerlen op LinkedIn"" of ""LinkedIn-pagina gemeente Heerlen"".",,,2,Mon May 04 2026 10:27:07 GMT+0200 (Midden-Europese zomertijd),Mon May 04 2026 10:27:07 GMT+0200 (Midden-Europese zomertijd)
81232c45-a343-4ef2-904d-1a8a2e5d69b4,0cfcaf8d-bd5d-4614-82ef-13de9c61ca62,B020,4cb21fff-b4e0-4bd5-a312-f472f8541396,,open,matig,redacteur,"Op pagina 1 van de PDF Nieuwsbrief fysieke overlegtafel 6 oktober 2025 staat rechtsboven een inhoudsopgave onder de kop ""Inhoud"". Visueel is dit een opsomming, maar in het document zijn de onderwerpen als losse alinea's onder elkaar geplaatst. Hulpsoftware kondigt daardoor geen inhoudsopgave aan en noemt het aantal items niet.","Markeer de onderwerpen onder ""Inhoud"" als één inhoudsopgave, in plaats van als losse alinea's. In Adobe Acrobat kan dit via het tagvenster door het blok aan te merken als inhoudsopgave. Hulpsoftware kondigt het blok dan aan als inhoudsopgave met het aantal items.",,,11,Mon Apr 27 2026 16:20:03 GMT+0200 (Midden-Europese zomertijd),Tue Apr 28 2026 10:41:08 GMT+0200 (Midden-Europese zomertijd)
15283199-ebf4-42fd-8cd6-797f448e8390,0cfcaf8d-bd5d-4614-82ef-13de9c61ca62,B024,143487c8-c34d-4cf6-bb8d-ad91a9db7b53,,open,matig,redacteur,"Op pagina 2 van de PDF Nieuwsbrief fysieke overlegtafel 6 oktober 2025 staan twee blokken in twee kolommen naast elkaar: ""Deelsessie dagvoorzieningen"" en ""Deelsessie externaliserend gedrag in de open jeugdhulp"". Visueel hoort bij elke kop direct de tekst eronder. Hulpsoftware leest echter eerst de twee koppen achter elkaar voor, en pas daarna de twee teksten. Het is dan niet duidelijk welke tekst bij welke kop hoort.",Pas het bronbestand zo aan dat elke kop direct boven de eigen tekst staat in de volgorde waarin het wordt voorgelezen.,,,0,Mon Apr 27 2026 16:39:46 GMT+0200 (Midden-Europese zomertijd),Tue Apr 28 2026 11:45:53 GMT+0200 (Midden-Europese zomertijd)
d4c08a36-2f46-4a84-995c-41566721b78a,0cfcaf8d-bd5d-4614-82ef-13de9c61ca62,B025,35d250a4-d5a2-4d75-9ebd-6fc4c6da9cbc,,open,matig,redacteur,"Op meerdere plekken in de PDF Nieuwsbrief fysieke overlegtafel 6 oktober 2025 is het contrast tussen tekst en achtergrond te laag. Bovenaan elke pagina staat in de blauwe header-balk de datum ""30-10-2025"" en de tekst ""Nieuwsbrief fysieke overlegtafel"" in donkergrijs (#3B474F) op blauw (#5A90CC). Het contrast komt uit op 2,9:1, terwijl voor normale tekst minimaal 4,5:1 vereist is. Onderaan pagina 3 staat het ""Save the date""-blok in witte tekst (#FFFFFF) op turquoise (#10B9A8). Het contrast komt uit op 2,5:1. Voor de grote kop ""Save the date"" is minimaal 3:1 vereist, voor de toelichtende tekst eronder minimaal 4,5:1. Beide normen worden niet gehaald. Deze tekst is daardoor slecht leesbaar voor mensen met een visuele beperking, zoals slechtzienden of mensen met een verminderd contrastgevoel.","Verhoog het contrast op beide plekken zodat de eisen worden gehaald: minimaal 3:1 voor grote koppen en minimaal 4,5:1 voor normale tekst. Pas dit aan in het bronbestand en exporteer de PDF opnieuw.",,,1,Mon Apr 27 2026 16:53:43 GMT+0200 (Midden-Europese zomertijd),Tue Apr 28 2026 11:48:44 GMT+0200 (Midden-Europese zomertijd)
6cc5732e-b547-4a3a-9c78-b6774d336de5,0cfcaf8d-bd5d-4614-82ef-13de9c61ca62,B026,1f36c6a9-6e39-462e-8051-67c0ac31e0b2,,open,matig,redacteur,"In de PDF Nieuwsbrief fysieke overlegtafel 6 oktober 2025 staan op meerdere plekken klikbare links, zoals het mailadres contact@grjw.nl op pagina 2 en de link www.nji.nl op pagina 3. Deze links zijn in het document niet als link aangemerkt. Hulpsoftware kondigt de tekst daardoor niet aan als link.",Pas het bronbestand zo aan dat de klikbare teksten bij export naar PDF als link worden meegenomen.,,,0,Mon Apr 27 2026 16:57:03 GMT+0200 (Midden-Europese zomertijd),Tue Apr 28 2026 11:54:05 GMT+0200 (Midden-Europese zomertijd)
5a9bb5cf-3dd7-4764-97ef-f222f39667c1,0cfcaf8d-bd5d-4614-82ef-13de9c61ca62,B028,c5da9884-1520-4257-9c7c-cfdf3e78c7a6,,open,klein,redacteur,In het PDF-document Overzicht contractmanagers en zorgaanbieders is in de bestandseigenschappen geen titel ingevuld. PDF-lezers tonen daardoor de bestandsnaam (20260224 Overzicht contractmanagers en zorgaanbieders_0.pdf) in de titelbalk en tab van het venster. Mensen die de PDF laten voorlezen krijgen de bestandsnaam te horen in plaats van een betekenisvolle titel.,"Vul in het bronbestand een beschrijvende titel in, bijvoorbeeld ""Overzicht contractmanagers en zorgaanbieders"". Exporteer de PDF daarna opnieuw. Stel in de PDF zelf ook in dat de documenttitel wordt getoond in plaats van de bestandsnaam. In Adobe Acrobat kan dat via Bestand, Eigenschappen, tabblad Initiële weergave: kies bij ""Toon"" de optie ""Documenttitel"".",,,0,Mon Apr 27 2026 17:55:51 GMT+0200 (Midden-Europese zomertijd),Tue Apr 28 2026 12:07:50 GMT+0200 (Midden-Europese zomertijd)
9093b067-829d-4afa-b17a-402e8a5d45cb,187ee560-4a80-40ad-bc89-8a1f3f69c80e,B011,41d09e8c-c857-457c-a799-ffc0539e7722,,resolved,,,"Het PDF-document is niet getagd. Hierdoor zijn informatieve afbeeldingen niet gemarkeerd als Figure en hebben zij geen tekstalternatief. Mensen die blind zijn en een schermlezer gebruiken krijgen deze informatie daardoor niet aangeboden. Omdat het document niet is getagd, is niet vast te stellen of afbeeldingen correct zijn verwerkt. Hierdoor wordt dit nu niet afgekeurd. Zodra het document is getagd, kan dit opnieuw beoordeeld worden.",Zorg dat de PDF wordt voorzien van een volledige tags-structuur en maak daarbij onderscheid tussen informatieve en decoratieve afbeeldingen. Tag informatieve afbeeldingen als Figure en voorzie deze van een kort en beschrijvend tekstalternatief. Markeer decoratieve afbeeldingen als Artifact zodat hulpsoftware ze overslaat.,,,2,Mon May 04 2026 09:04:21 GMT+0200 (Midden-Europese zomertijd),Mon May 04 2026 09:04:21 GMT+0200 (Midden-Europese zomertijd)
26ff8198-1c00-48b4-b1be-e50a7bd174d6,187ee560-4a80-40ad-bc89-8a1f3f69c80e,B002,4cb21fff-b4e0-4bd5-a312-f472f8541396,,open,matig,redacteur,"In de footer staat onder de kop ""Volg ons"" een rij met vier links naar sociale media: LinkedIn, Facebook, Instagram en YouTube. Visueel is dit een opsomming, maar in de code staan de links los achter elkaar in een alinea (p-element) en niet in een lijst (ul met li). Hierdoor kan hulpsoftware niet aankondigen dat het om een lijst gaat en uit hoeveel items deze bestaat.","Plaats de sociale-media-links in een ongeordende lijst, met elke link in een eigen list-item.",,,0,Sat May 02 2026 12:41:06 GMT+0200 (Midden-Europese zomertijd),Sat May 02 2026 12:44:17 GMT+0200 (Midden-Europese zomertijd)
fa508622-e0fb-437a-b5ca-7977d8084861,187ee560-4a80-40ad-bc89-8a1f3f69c80e,B007,41d09e8c-c857-457c-a799-ffc0539e7722,,open,klein,redacteur,"Op de pagina staat een portretfoto van Anne Rose Orbons met een leeg tekstalternatief (alt=""""). Daardoor wordt de afbeelding door hulpsoftware overgeslagen. Dit is onjuist omdat hier een portret staat van de persoon die centraal staat op de pagina. Schermlezer-gebruikers krijgen hierdoor niet mee dat er een afbeelding op de pagina staat en wie daarop te zien is.","Geef de portretfoto een passend tekstalternatief met de naam van de persoon, bijvoorbeeld alt=""Portret van Anne Rose Orbons"".",,,0,Sat May 02 2026 15:17:42 GMT+0200 (Midden-Europese zomertijd),Sat May 02 2026 15:17:42 GMT+0200 (Midden-Europese zomertijd)
2db7f95d-4f23-47d9-9288-f868aa9628a0,187ee560-4a80-40ad-bc89-8a1f3f69c80e,B009,4cb21fff-b4e0-4bd5-a312-f472f8541396,,open,serieus,redacteur,"Het PDF-document Heerlen Stadskrant maart 2026 is niet getagd. Dit wil zeggen dat er geen structuur is aangegeven in het bestand door middel van tags. Hulpsoftware (zoals een schermlezer) kan hierdoor niet bepalen wat koppen, alinea's, lijsten en andere onderdelen zijn.","Tag het PDF-document. Zorg dat de structuur (koppen, alinea's, lijsten, afbeeldingen) als tags is vastgelegd, zodat hulpsoftware de inhoud goed kan voorlezen en doorzoeken.",,,3,Sun May 03 2026 20:59:15 GMT+0200 (Midden-Europese zomertijd),Sun May 03 2026 20:59:15 GMT+0200 (Midden-Europese zomertijd)
9c5a7771-b370-4479-9481-518202dcb3f0,187ee560-4a80-40ad-bc89-8a1f3f69c80e,B010,c5da9884-1520-4257-9c7c-cfdf3e78c7a6,,open,klein,redacteur,"Het PDF-document Heerlen Stadskrant heeft een titel ingevuld in de bestandseigenschappen (""Heerlen Stadskrant""). Deze titel beschrijft echter niet welke uitgave het betreft (maart 2026). Daarnaast staat de weergave-instelling op ""bestandsnaam"", waardoor PDF-lezers en hulpsoftware de bestandsnaam tonen in plaats van de titel. Schermlezer-gebruikers horen daardoor geen beschrijvende documenttitel.","Vul een beschrijvende titel in die ook de uitgave benoemt, bijvoorbeeld ""Heerlen Stadskrant - maart 2026 - Goed gestemd?!"". Stel daarnaast in de PDF-eigenschappen (Bestand > Eigenschappen > Initiële weergave) bij ""Toon"" de optie ""Documenttitel"" in, zodat de titel wordt getoond in plaats van de bestandsnaam. Doe dit bij voorkeur al in het bronbestand voordat je exporteert naar PDF.",,,0,Sun May 03 2026 21:01:54 GMT+0200 (Midden-Europese zomertijd),Sun May 03 2026 21:01:54 GMT+0200 (Midden-Europese zomertijd)
22f3d3a0-8649-44a0-9f6f-8d6a2cb9853d,0cfcaf8d-bd5d-4614-82ef-13de9c61ca62,B011,4cb21fff-b4e0-4bd5-a312-f472f8541396,,open,matig,redacteur,"Op de pagina staat in de sectie Vacatures onder ""Wat ga je doen?"" een opsomming van vijf taken. Visueel is dit een opsomming met groene vinkjes voor elk item. In de code is dit echter niet als lijst opgemaakt, maar als één alinea waarin de items op nieuwe regels staan, met telkens een vinkje-emoji ervoor. Hulpsoftware kondigt dit daardoor niet aan als lijst en noemt het aantal items niet. Bovendien wordt elke vinkje-emoji voorgelezen als ""witte zware check markering"", wat afleidt van de inhoud.","Maak van de opsomming een echte lijst in de code. Verwijder de vinkje-emojis uit de tekst zelf. Als de vinkjes visueel gewenst zijn, regel dit via opmaak (CSS).",,,5,Fri Apr 24 2026 15:48:42 GMT+0200 (Midden-Europese zomertijd),Tue Apr 28 2026 09:57:56 GMT+0200 (Midden-Europese zomertijd)
851f918a-4528-4ddd-ba30-a3b5189745e0,0cfcaf8d-bd5d-4614-82ef-13de9c61ca62,B027,4cb21fff-b4e0-4bd5-a312-f472f8541396,,open,matig,redacteur,"In het PDF-document Overzicht contractmanagers en zorgaanbieders staat een tabel met vier kolommen: Zorgaanbieder, Contractmanager, E-mailadres contractmanager en Telefoonnummer contractmanager. De eerste rij ziet eruit als koprij, maar is in het document niet als koprij ingesteld. Hulpsoftware leest bij elke cel alleen de inhoud voor, zonder erbij te vertellen om welke kolom het gaat. Bovendien wordt deze rij op elke nieuwe pagina herhaald als gewone rij. Hulpsoftware leest daardoor de kolomtitels telkens opnieuw voor, midden tussen de gegevens.","Stel de eerste rij in het bronbestand in als koprij, en zorg dat deze koprij maar één keer in de tabel voorkomt. Exporteer de PDF daarna opnieuw.",,,14,Mon Apr 27 2026 17:52:13 GMT+0200 (Midden-Europese zomertijd),Tue Apr 28 2026 12:04:53 GMT+0200 (Midden-Europese zomertijd)
bb5a6c94-43f3-4e9f-bdf9-2656d607839d,0cfcaf8d-bd5d-4614-82ef-13de9c61ca62,B029,73fc903b-3e33-460d-a942-d5bfb3a34254,,open,klein,ontwikkelaar,"Op de stappen Gegevens zorgaanbieder en Gegevens betrokken inwoner van het meldformulier moeten gegevens worden ingevuld over een ander persoon dan de melder. Bij meerdere invoervelden (achternaam, postcode, straatnaam, plaats, e-mailadres en telefoonnummer) is een autocomplete-attribuut aanwezig. Het autocomplete-attribuut zorgt ervoor dat browsers en hulpsoftware ondersteuning kunnen geven bij het invullen, bijvoorbeeld door de gegevens van de gebruiker zelf voor te stellen. In dit geval gaat het om velden die niet over de gebruiker zelf gaan, maar over een derde. Daarom is het autocomplete-attribuut op deze velden onjuist.",Verwijder het autocomplete-attribuut bij de invoervelden op de stappen Gegevens zorgaanbieder en Gegevens betrokken inwoner. Op de stap waar de melder de eigen contactgegevens invult moet het attribuut blijven staan zoals het nu is.,,,0,Mon Apr 27 2026 18:19:09 GMT+0200 (Midden-Europese zomertijd),Tue Apr 28 2026 12:26:23 GMT+0200 (Midden-Europese zomertijd)
c4d99b09-a293-42b5-b143-2ec6bd21b7fd,d8def788-4dfc-4832-9622-19dc60806382,B013,935bea6d-8edd-4af7-b621-35d1fdecca8d,,resolved,,,"[POTENTIEEL] Siteimprove signaleert op 45 pagina's dat er geen 'skip to main content'-link aanwezig of zichtbaar is. Best practice, raakt 2.4.1.","Voeg een skiplink toe als eerste focusbaar element in het template, die direct naar het main-element springt.",,,0,Tue Jun 09 2026 20:38:41 GMT+0200 (Midden-Europese zomertijd),Tue Jun 09 2026 20:38:41 GMT+0200 (Midden-Europese zomertijd)
31f196ee-f8b4-4efc-820b-dfc645add860,187ee560-4a80-40ad-bc89-8a1f3f69c80e,B012,35d250a4-d5a2-4d75-9ebd-6fc4c6da9cbc,,open,serieus,ontwerper,"In het PDF-document staat op meerdere plekken tekst met onvoldoende contrast:

- Op de cover de handgeschreven tekst ""Goed gestemd?!"" in lichtblauw (#3BADEB) op een witte achtergrond (#FFFFFF). Het kleurcontrast is 2,5:1.
- Op pagina 2 (rechterkant van de spread) in het artikel ""Samen aan de slag in Eikenderveld"" witte tekst (#FFFFFF) op een groen verloop dat van licht- naar donkergroen loopt. Op de lichtgroene delen (#92BD10) is het kleurcontrast 2,2:1.
- De oranje koppen (#EC9100) op witte achtergrond (#FFFFFF), bijvoorbeeld op pagina 4 (linkerkant van de spread). Het kleurcontrast is 2,4:1.
- Op pagina 5 de kop ""Heerlen laat haar stem horen"" in wit (#FFFFFF) op een zacht roze achtergrond (#F1B8D5). Het kleurcontrast is 1,7:1.

Hierdoor is de tekst slecht leesbaar voor mensen met een verminderd gezichtsvermogen.","Het contrast van normale tekst moet minimaal 4,5:1 zijn en voor grote tekst minimaal 3,0:1. Maak de groene achtergrondkleur donkerder zodat het contrast met de witte tekst voldoet aan de eis.",,,0,Mon May 04 2026 09:09:23 GMT+0200 (Midden-Europese zomertijd),Mon May 04 2026 09:25:26 GMT+0200 (Midden-Europese zomertijd)
cd8cdd6c-6610-4293-9330-52bc154c67d2,187ee560-4a80-40ad-bc89-8a1f3f69c80e,B003,cd31b01e-f6f1-4e3a-bbbe-c83d8c570848,,open,matig,ontwikkelaar,"Rechtsboven in de header staan vier links naar andere taalversies van de website: NL, EN, DE en FR. De linktekst bestaat alleen uit een afkorting van twee letters. Hulpsoftware leest ""link, NL"", ""link, EN"", enzovoort voor; daaruit is niet duidelijk dat het om taalwisselaars gaat en welke taal er precies bedoeld wordt. De links staan bovendien in een nav met aria-label ""Snelmenu"" samen met ""Contact"". Ook in de tekst eromheen staat dus nergens dat dit een taalkeuze is.","Gebruik voor elke taallink de volledige naam van de taal in die taal zelf, bijvoorbeeld ""Nederlands"", ""English"", ""Deutsch"" en ""Français"". Voeg op elke link het lang-attribuut toe met de juiste taalcode (lang=""en"", lang=""de"", lang=""fr""), zodat hulpsoftware de naam in de juiste taal uitspreekt.",,,1,Sat May 02 2026 12:52:53 GMT+0200 (Midden-Europese zomertijd),Sat May 02 2026 13:12:14 GMT+0200 (Midden-Europese zomertijd)
f69e22d0-f9b9-4adf-a267-d1732475968f,187ee560-4a80-40ad-bc89-8a1f3f69c80e,B001,cd31b01e-f6f1-4e3a-bbbe-c83d8c570848,,resolved,,,"In de header staat het logo van de gemeente Heerlen als link naar de homepage. Het tekstalternatief is ""Beeldmerk van de gemeente Heerlen"" (op de Engelse versie: ""Logo of the Municipality of Heerlen""). Dit beschrijft het type grafisch element en niet het linkdoel. Een schermlezer leest ""link, Beeldmerk van de gemeente Heerlen"" voor; daaruit is niet meteen duidelijk dat de link naar de homepage gaat.","Vervang het tekstalternatief door alleen de organisatienaam, bijvoorbeeld ""Gemeente Heerlen"". Een schermlezer-gebruiker hoort dan kort en duidelijk waar de link heen gaat.",,,0,Sat May 02 2026 12:27:52 GMT+0200 (Midden-Europese zomertijd),Sat May 02 2026 16:08:16 GMT+0200 (Midden-Europese zomertijd)
54947ed2-5282-490b-8a37-9cf15f294dcf,187ee560-4a80-40ad-bc89-8a1f3f69c80e,B016,35d250a4-d5a2-4d75-9ebd-6fc4c6da9cbc,,resolved,,,Op de website is een versie voor hoog contrast aanwezig. Deze is aan te zetten via het toegankelijkheidsmenu rechtsboven in de pagina. Dit succescriterium is volledig getest in de modus voor hoog contrast. De versie voor hoog contrast wordt gezien als een alternatief voor de standaard versie. Hierdoor kunnen er contrastproblemen zijn in de standaard versie. Deze zijn verder niet beoordeeld.,"We adviseren om ook de standaard versie te voorzien van voldoende kleurcontrast in alle teksten. Dit bevordert de toegankelijkheid van de website voor bezoekers met een zichtbeperking.

Teksten met voldoende kleurcontrast lezen ook makkelijker voor alle lezers. Het lezen is hierdoor minder intensief, kost minder energie en het lezen wordt (onbewust) als prettiger ervaren. Hierdoor is de lezer eerder geneigd om over te gaan tot activatie.

De versie voor hoog contrast kan dan vervolgens ingezet worden voor een ""verhoogd contrast"", waarbij wordt voldaan aan succescriterium [WCAG 1.4.6 Verhoogd contrast (niveau AAA)](https://www.w3.org/WAI/WCAG22/Understanding/contrast-enhanced.html).",,,1,Mon May 04 2026 14:39:23 GMT+0200 (Midden-Europese zomertijd),Mon May 04 2026 15:53:53 GMT+0200 (Midden-Europese zomertijd)
662d698e-866c-49e5-a010-06cc7ad46a92,187ee560-4a80-40ad-bc89-8a1f3f69c80e,B017,9b23fa6b-a0de-4779-b78a-2649f20d17e7,,resolved,,,Op de website is een versie voor hoog contrast aanwezig. Deze is aan te zetten via het toegankelijkheidsmenu rechtsboven in de pagina. Dit succescriterium is volledig getest in de modus voor hoog contrast. De versie voor hoog contrast wordt gezien als een alternatief voor de standaard versie. Hierdoor kunnen er contrastproblemen zijn met grafische elementen in de standaard versie. Deze zijn verder niet beoordeeld.,"We adviseren om ook de standaard versie te voorzien van voldoende contrast voor grafische elementen, zoals iconen, knoppen en formuliervelden. Dit bevordert de toegankelijkheid van de website voor bezoekers met een zichtbeperking.

De versie voor hoog contrast kan dan vervolgens ingezet worden voor een ""verhoogd contrast"".",,,0,Mon May 04 2026 14:39:38 GMT+0200 (Midden-Europese zomertijd),Mon May 04 2026 15:53:53 GMT+0200 (Midden-Europese zomertijd)
679f09bf-264e-4930-9e03-99caac0bac7b,4d230920-ea82-4261-bcc0-cb858d8562bc,B001,35d250a4-d5a2-4d75-9ebd-6fc4c6da9cbc,,resolved,,,"Op de website is een versie voor hoog contrast aanwezig. Deze is aan te zetten door middel van een zogenaamde ""contrast switch"".

Dit succescriterium is volledig getest in de modus voor hoog contrast. De versie voor hoog contrast wordt gezien als een alternatief voor de standaard versie.

Hierdoor kunnen er contrastproblemen zijn in de standaard versie. Deze zijn verder niet beoordeeld.","We adviseren om ook de standaard versie te voorzien van voldoende kleurcontrast in alle teksten. Dit bevordert de toegankelijkheid van de website voor bezoekers met een zichtbeperking.

Teksten met voldoende kleurcontrast lezen ook makkelijker voor alle lezers. Het lezen is hierdoor minder intensief, kost minder energie en het lezen wordt (onbewust) als prettiger ervaren. Hierdoor is de lezer eerder geneigd om over te gaan tot activatie.

De versie voor hoog contrast kan dan vervolgens ingezet worden voor een ""verhoogd contrast"", waarbij wordt voldaan aan succescriterium WCAG 1.4.6 Verhoogd contrast (niveau AAA).",,,0,Mon May 04 2026 16:48:15 GMT+0200 (Midden-Europese zomertijd),Mon May 04 2026 16:48:15 GMT+0200 (Midden-Europese zomertijd)
addfc469-d409-4d81-9803-a210a27f1cbb,4d230920-ea82-4261-bcc0-cb858d8562bc,B002,9b23fa6b-a0de-4779-b78a-2649f20d17e7,,resolved,,,"Op de website is een versie voor hoog contrast aanwezig. Deze is aan te zetten door middel van een zogenaamde ""contrast switch"".

Dit succescriterium is volledig getest in de modus voor hoog contrast. De versie voor hoog contrast wordt gezien als een alternatief voor de standaard versie.

Hierdoor kunnen er contrastproblemen zijn met grafische elementen in de standaard versie. Deze zijn verder niet beoordeeld.

Een opvallend voorbeeld op de homepage: het waarschuwingsicoon (driehoek met uitroepteken) in de groene balk bij de melding ""Aangepaste openingstijden gemeentehuis"" heeft in de standaardweergave een contrast van 1,6:1 met de groene achtergrond (icoon #237A2D op #165720). In de hoogcontrastversie is dit icoon wel duidelijk zichtbaar.","We adviseren om ook de standaard versie te voorzien van voldoende contrast voor grafische elementen, zoals iconen, knoppen en formuliervelden. Dit bevordert de toegankelijkheid van de website voor bezoekers met een zichtbeperking.

De versie voor hoog contrast kan dan vervolgens ingezet worden voor een ""verhoogd contrast"".",,,0,Mon May 04 2026 16:48:15 GMT+0200 (Midden-Europese zomertijd),Wed May 27 2026 15:55:00 GMT+0200 (Midden-Europese zomertijd)
26d5ba32-c208-46aa-b566-388d6fd30cb8,d8def788-4dfc-4832-9622-19dc60806382,B017,35d250a4-d5a2-4d75-9ebd-6fc4c6da9cbc,,open,matig,ontwerper,"In de cookie-toestemmingsmodal staan de labels van de cookie-categorieën (zoals ""Functionele cookies"", ""Analytische cookies"", ""Externe media"") en de bijbehorende switch-teksten in een lichte cyaan kleur (#007D8E) op een lichtgrijze achtergrond (#EFEFEF). De contrastverhouding is 4.22:1, net onder de minimumeis van 4.5:1. Slechtziende gebruikers kunnen de teksten moeilijk lezen. Daarnaast staat onderaan de modal de tekst ""Toegankelijkheid"" met een contrastverhouding van 1.03:1, vrijwel onleesbaar.","Verhoog het contrast van de cyaan tekst op grijze achtergrond naar minimaal 4.5:1, bijvoorbeeld door een donkerdere variant van de huisstijlkleur te gebruiken. Voor de tekst ""Toegankelijkheid"" onderaan de modal moet de kleur volledig herzien worden om aan de minimumeis te voldoen.",,,2,Wed Jun 10 2026 11:03:08 GMT+0200 (Midden-Europese zomertijd),Wed Jun 10 2026 11:03:08 GMT+0200 (Midden-Europese zomertijd)
5e0ab38c-d8fd-4d68-8acf-5727405abb2a,d8def788-4dfc-4832-9622-19dc60806382,B016,1f36c6a9-6e39-462e-8051-67c0ac31e0b2,,open,matig,ontwikkelaar,"Op de pagina staan twee blokken die door hulpsoftware allebei worden voorgelezen als 'banner'. Een gebruiker die met een schermlezer door de landmarks van de pagina navigeert, hoort tweemaal dezelfde naam en kan ze niet uit elkaar houden. Het gaat om de site-header bovenaan met logo en menu, en het paginablok dat de paginatitel toont. Beide zijn opgemaakt met het header-element, waardoor ze automatisch de rol banner krijgen, maar geen van beide heeft een toegankelijke naam die ze onderscheidt. De crawler vond dit op alle subpagina's die getest zijn. Homepages hebben dit niet, daar is alleen de site-header aanwezig en geen paginablok met de titel. Het probleem zit dus in het subpagina-template waar de paginatitel als header wordt weergegeven.",Geef beide blokken een eigen toegankelijke naam zodat hulpsoftware ze als verschillende landmarks kan aankondigen. Een gangbare aanpak is een aria-label op de site-header met de waarde 'Site' en een aria-label op het paginablok met de paginatitel. Alternatief: gebruik het header-element alleen voor de site-header en vervang het paginablok door een section met een eigen aria-label.,,,2,Tue Jun 09 2026 21:07:51 GMT+0200 (Midden-Europese zomertijd),Thu Jun 11 2026 14:35:51 GMT+0200 (Midden-Europese zomertijd)
c1c571a3-3a72-421f-ba90-c4dd9a62dfa4,ab62ae84-37ef-4d94-9ed6-58403d0da6ca,B001,4cb21fff-b4e0-4bd5-a312-f472f8541396,,open,matig,redacteur,"In de footer staat onder de kop ""Praat mee!"" een rij met links naar sociale media (Facebook, X, Instagram, YouTube). Visueel is dit een opsomming, maar in de code staan de links los achter elkaar in een alinea (p-element) en niet in een lijst (ul met li). Hierdoor kan hulpsoftware niet aankondigen dat het om een lijst gaat en uit hoeveel items deze bestaat.","Plaats de sociale-media-links in een ongeordende lijst, met elke link in een eigen list-item. Voeg in de broncode de class ""horizontal"" toe aan de ul om de lijst horizontaal weer te geven.",,,0,Mon May 25 2026 12:29:33 GMT+0200 (Midden-Europese zomertijd),Mon May 25 2026 12:39:24 GMT+0200 (Midden-Europese zomertijd)
c912c6c6-7908-4b52-95f0-22450ace29d0,ab62ae84-37ef-4d94-9ed6-58403d0da6ca,B003,35d250a4-d5a2-4d75-9ebd-6fc4c6da9cbc,,resolved,,,"Op de website is een versie voor hoog contrast aanwezig. Deze is aan te zetten door middel van een zogenaamde ""contrast switch"".

Dit succescriterium is volledig getest in de modus voor hoog contrast. De versie voor hoog contrast wordt gezien als een alternatief voor de standaard versie.

Hierdoor kunnen er contrastproblemen zijn in de standaard versie. Deze zijn verder niet beoordeeld.","We adviseren om ook de standaard versie te voorzien van voldoende kleurcontrast in alle teksten. Dit bevordert de toegankelijkheid van de website voor bezoekers met een zichtbeperking.

Teksten met voldoende kleurcontrast lezen ook makkelijker voor alle lezers. Het lezen is hierdoor minder intensief, kost minder energie en het lezen wordt (onbewust) als prettiger ervaren. Hierdoor is de lezer eerder geneigd om over te gaan tot activatie.

De versie voor hoog contrast kan dan vervolgens ingezet worden voor een ""verhoogd contrast"", waarbij wordt voldaan aan succescriterium [WCAG 1.4.6 Verhoogd contrast (niveau AAA)](https://www.w3.org/WAI/WCAG22/Understanding/contrast-enhanced.html).",,,0,Mon May 25 2026 12:53:55 GMT+0200 (Midden-Europese zomertijd),Mon May 25 2026 12:53:55 GMT+0200 (Midden-Europese zomertijd)
1511b1ff-c06a-4727-9dbf-73b102da5cbb,ab62ae84-37ef-4d94-9ed6-58403d0da6ca,B004,9b23fa6b-a0de-4779-b78a-2649f20d17e7,,resolved,,,"Op de website is een versie voor hoog contrast aanwezig. Deze is aan te zetten door middel van een zogenaamde ""contrast switch"".

Dit succescriterium is volledig getest in de modus voor hoog contrast. De versie voor hoog contrast wordt gezien als een alternatief voor de standaard versie.

Hierdoor kunnen er contrastproblemen zijn met grafische elementen in de standaard versie. Deze zijn verder niet beoordeeld.","We adviseren om ook de standaard versie te voorzien van voldoende contrast voor grafische elementen, zoals iconen, knoppen en formuliervelden. Dit bevordert de toegankelijkheid van de website voor bezoekers met een zichtbeperking.

De versie voor hoog contrast kan dan vervolgens ingezet worden voor een ""verhoogd contrast"".",,,0,Mon May 25 2026 12:56:54 GMT+0200 (Midden-Europese zomertijd),Mon May 25 2026 12:56:54 GMT+0200 (Midden-Europese zomertijd)
56848120-9760-4e4b-98c0-9e76f0b22a46,ab62ae84-37ef-4d94-9ed6-58403d0da6ca,B007,df8f254d-1714-47bb-a54d-bf36898f2a4b,,open,klein,redacteur,"Op de pagina staat een YouTube-video van trouwambtenaar Roel de Graaf. Deze video heeft een automatisch gegenereerde ondertiteling. Deze vorm van ondertiteling bevat echter te veel fouten om te voldoen aan dit succescriterium. Zo worden bijvoorbeeld geen leestekens gebruikt, wat het lezen van de tekst moeilijker maakt. Daarnaast komen ook fouten voor in de vertaling naar tekst. Voorbeelden daarvan zijn:
- Op 0:11 staat ""geregistreerd partnerschap zijn enorme eer""; dit moet zijn ""geregistreerd partnerschap, is een enorme eer""
- Op 0:54 staat ""het moet vooral draaide om jullie""; dit moet zijn ""het moet vooral draaien om jullie""",Via YouTube Studio is de automatische ondertiteling eenvoudig te corrigeren. Zie voor uitleg de pagina [Ondertiteling bewerken of verwijderen op YouTube Help](https://support.google.com/youtube/answer/2734705?hl=nl&ref_topic=7296214&sjid=12679170813940038387-EU#zippy=%2Condertitelingstekst-bewerken).,,,0,Mon May 25 2026 14:22:18 GMT+0200 (Midden-Europese zomertijd),Mon May 25 2026 14:22:18 GMT+0200 (Midden-Europese zomertijd)
9a8e673c-2845-41c7-a546-4858ee3dd0ef,ab62ae84-37ef-4d94-9ed6-58403d0da6ca,B005,cd31b01e-f6f1-4e3a-bbbe-c83d8c570848,,resolved,,,"In de footer onder de kop ""Praat mee!"" staat een link naar het socialemediaplatform X. Het icoon toont het X-logo, maar in de code is de toegankelijke naam nog ""Twitter pagina van gemeente Bunschoten"" (in het title-attribuut) en het verborgen tekstlabel is ""twitter"". Het platform heet sinds 2023 X. Gebruikers van hulpsoftware of spraakbesturing horen of zoeken nu ""Twitter"" terwijl ze visueel een X-link zien.","Vervang in zowel het title-attribuut als het verborgen tekstlabel ""Twitter"" door ""X"". Een passende toegankelijke naam is bijvoorbeeld ""X-pagina van gemeente Bunschoten"".",,,0,Mon May 25 2026 13:10:36 GMT+0200 (Midden-Europese zomertijd),Mon May 25 2026 13:14:43 GMT+0200 (Midden-Europese zomertijd)
59c85156-0011-4559-8f61-ec7d66b1841b,4d230920-ea82-4261-bcc0-cb858d8562bc,B027,4cb21fff-b4e0-4bd5-a312-f472f8541396,,open,klein,ontwikkelaar,"Op de pagina staat per collegelid een tabel met links de portretfoto en rechts naam, telefoon en e-mail. Deze tabel is alleen voor de lay-out gebruikt en bevat geen tabellaire data. Hulpsoftware kondigt deze tabel aan als ""tabel met 1 rij en 2 kolommen"", terwijl het visueel om een eenvoudig blok met foto en contactgegevens gaat.",Gebruik voor de combinatie foto + naam geen tabel. De tabel met nevenfuncties eronder kan zo blijven.,,,7,Wed May 27 2026 20:15:30 GMT+0200 (Midden-Europese zomertijd),Wed May 27 2026 20:15:30 GMT+0200 (Midden-Europese zomertijd)
960c2d79-9ea5-44ce-a75e-90fd167bdc0a,ab62ae84-37ef-4d94-9ed6-58403d0da6ca,B006,4cb21fff-b4e0-4bd5-a312-f472f8541396,,open,matig,redacteur,"Op de pagina staan vier trouwambtenaren onder de kop ""De trouwambtenaren"" (h2). Drie namen, Omaima Ben Hammi, Pierre van der Gijp en Roel de Graaf, zijn opgemaakt als h2. De vierde naam, Esmay Usmany, is opgemaakt als h3. Daardoor zit er een sprong in de kopniveaus en lijkt het programmatisch alsof Esmay Usmany een subsectie is van Roel de Graaf, terwijl het visueel om vier gelijkwaardige onderdelen gaat. Hulpsoftware kan de hiërarchie daardoor niet correct presenteren.","Maak van alle vier de namen van de trouwambtenaren een h3, zodat ze onder de h2 ""De trouwambtenaren"" vallen en onderling gelijkwaardig zijn.",,,2,Mon May 25 2026 14:00:15 GMT+0200 (Midden-Europese zomertijd),Wed May 27 2026 09:59:29 GMT+0200 (Midden-Europese zomertijd)
6939577a-e05a-4485-8a23-da4cfe4463b3,ab62ae84-37ef-4d94-9ed6-58403d0da6ca,B028,c5da9884-1520-4257-9c7c-cfdf3e78c7a6,,open,klein,redacteur,"In het PDF-document is geen documenttitel ingesteld. PDF-lezers tonen daardoor de bestandsnaam (organogram_gemeente_bunschoten_2026.pdf) in de tab- en titelbalk. Mensen die de PDF laten voorlezen, horen de bestandsnaam in plaats van een beschrijvende titel.","Vul in het bronbestand een beschrijvende documenttitel in, bijvoorbeeld ""Organogram gemeente Bunschoten 2026"". Stel daarnaast in de PDF zelf in dat de documenttitel wordt getoond in plaats van de bestandsnaam. In Adobe Acrobat kan dat via Bestand > Eigenschappen > Initiële weergave > Toon: Documenttitel.",,,0,Mon May 25 2026 20:53:12 GMT+0200 (Midden-Europese zomertijd),Wed May 27 2026 10:11:14 GMT+0200 (Midden-Europese zomertijd)
8c42329b-2b42-435a-a38c-ab55452a8241,4d230920-ea82-4261-bcc0-cb858d8562bc,B028,1f36c6a9-6e39-462e-8051-67c0ac31e0b2,,resolved,,,"Op de pagina staat bij elk collegelid het e-mailadres ""bestuurssecretariaat@valkenswaard.nl"". In de code is dit adres gesplitst in twee aparte links: de eerste letter ""b"" staat in een eigen link en de overige tekst ""estuurssecretariaat@valkenswaard.nl"" in een tweede link. Hulpsoftware kondigt deze twee aparte links aan en leest losse delen voor, waardoor gebruikers het e-mailadres niet als één samenhangend element herkennen.",Voeg het e-mailadres samen in één enkele link.,,,0,Wed May 27 2026 20:17:37 GMT+0200 (Midden-Europese zomertijd),Wed May 27 2026 20:17:37 GMT+0200 (Midden-Europese zomertijd)
8c2d884b-2b44-4ca9-b9e1-b09b8300f0b6,d8def788-4dfc-4832-9622-19dc60806382,B018,d1d29352-2853-4671-bd37-d2b466ab1cd0,,open,matig,ontwikkelaar,"In de bovenste werkbalk staat een link naar de Nederlandse versie van de website. Op het scherm staat alleen ""NL"", maar hulpsoftware leest ""Nederlandse versie van de website"" voor. Gebruikers die de website met spraakbesturing bedienen kunnen het commando ""klik NL"" niet gebruiken, omdat de hoorbare naam van de link niet overeenkomt met de zichtbare tekst. De link komt op elke pagina van de website voor.","Maak de hoorbare naam gelijk aan de zichtbare tekst, of laat de zichtbare tekst beginnen met de hoorbare naam. Bijvoorbeeld: gebruik als zichtbare tekst ""NL"" met aria-label ""NL, Nederlandse versie"" of toon de volledige tekst ""Nederlandse versie"" op het scherm.",,,1,Wed Jun 10 2026 11:11:41 GMT+0200 (Midden-Europese zomertijd),Wed Jun 10 2026 11:11:41 GMT+0200 (Midden-Europese zomertijd)
54ec2c2d-eb2d-4cba-a778-af864f2abdf1,ab62ae84-37ef-4d94-9ed6-58403d0da6ca,B009,c0dbc008-6147-462e-b77e-77e39976adb8,,open,matig,redacteur,Op deze pagina staan video's van trouwambtenaren met visuele informatie. Deze informatie is niet beschikbaar voor iemand met een zichtbeperking en dus moet hier een alternatief voor komen.,"Dit alternatief kan geboden worden door deze informatie in het audiospoor op te nemen of een apart audiospoor toe te voegen met deze auditieve informatie (de zogenaamde audiodescriptie). In de video van Roel de Graaf is hier op 0:58 (het tonen van het logo van de gemeente Bunschoten) genoeg ruimte voor, audiodescriptie is dan verplicht. Op de momenten dat de naam van de trouwambtenaar in beeld komt is er onvoldoende ruimte voor audiodescriptie. Omdat er voor die momenten geen ruimte voor audiodescriptie is, volstaat een transcript onder dit succescriterium. Er moet daarom in dit geval ook een transcript komen voor de video's, zie succescriterium 1.2.3.",,,0,Mon May 25 2026 14:32:02 GMT+0200 (Midden-Europese zomertijd),Tue May 26 2026 21:21:55 GMT+0200 (Midden-Europese zomertijd)
a9c4f571-0538-49ec-b41a-7d1d93e15259,ab62ae84-37ef-4d94-9ed6-58403d0da6ca,B010,1f36c6a9-6e39-462e-8051-67c0ac31e0b2,,resolved,,,"Op de pagina staat onder de kop ""Kosten identiteitskaart"" een interactieve kostenberekening waarmee de bezoeker via twee keuzelijsten (Leeftijd, Spoedaanvraag) de kosten, geldigheid en wachttijd kan opvragen. Deze module is geleverd door het CMS en niet zelf opgebouwd door de redactie. In de code staat een aria-label ""productinformatie voor: undefined"": de bedoelde productnaam wordt niet ingevuld door de onderliggende JavaScript. Hulpsoftware leest hierdoor letterlijk ""productinformatie voor undefined"" voor, wat voor de gebruiker betekenisloos is. Dit is een technisch toegankelijkheidsprobleem dat buiten de invloedssfeer van de redactie ligt; daarom wordt deze geconstateerde fout als opmerking gerapporteerd.","Wij adviseren om deze module voorlopig niet te gebruiken op pagina's, omdat de toegankelijkheid op dit moment niet voldoende is geborgd. De informatie over kosten, geldigheid en wachttijd kan in plaats daarvan in lopende tekst of in een gewone opsomming worden aangeboden. Leg het probleem ook neer bij de leverancier van het CMS, zodat de naamgeving van de module in de code wordt verbeterd.",,,0,Mon May 25 2026 14:45:46 GMT+0200 (Midden-Europese zomertijd),Mon May 25 2026 14:45:46 GMT+0200 (Midden-Europese zomertijd)
d4a8c6c2-1fdd-4461-a462-d72ec7a6a2c3,ab62ae84-37ef-4d94-9ed6-58403d0da6ca,B014,cd31b01e-f6f1-4e3a-bbbe-c83d8c570848,,resolved,,,"Op de pagina staat onder de kop ""Locaties"" een link met de tekst ""Bekijk de laadkaart"". De link staat in een eigen alinea (p-element), los van de beschrijvende tekst erboven. Hulpsoftware die links los voorleest, mist de context van de kop en de alinea waarin het over de locaties van de laadpalen gaat. Daarbij beschrijft de linktekst zelf het middel (een kaart) in plaats van het doel (de locaties van de laadpalen bekijken).","Kies een van de twee oplossingen. Plaats de link in dezelfde alinea als de beschrijvende tekst, zodat hulpsoftware de context kan voorlezen wanneer de link los uit de pagina wordt opgepakt; in dat geval kan de huidige linktekst ""Bekijk de laadkaart"" blijven staan. Of laat de link in een eigen alinea staan en maak de linktekst dan zelfstandig begrijpelijk, bijvoorbeeld ""Bekijk de locaties van de openbare laadpalen"".",,,2,Mon May 25 2026 16:11:24 GMT+0200 (Midden-Europese zomertijd),Mon May 25 2026 16:11:24 GMT+0200 (Midden-Europese zomertijd)
2a2afa2e-0680-446d-9553-de096d91be3a,175959f5-2e6d-4655-bfcf-19f99237cb88,B009,c0dbc008-6147-462e-b77e-77e39976adb8,,open,matig,redacteur,Op deze pagina staan video's van trouwambtenaren met visuele informatie. Deze informatie is niet beschikbaar voor iemand met een zichtbeperking en dus moet hier een alternatief voor komen.,"Dit alternatief kan geboden worden door deze informatie in het audiospoor op te nemen of een apart audiospoor toe te voegen met deze auditieve informatie (de zogenaamde audiodescriptie). In de video van Roel de Graaf is hier op 0:58 (het tonen van het logo van de gemeente Bunschoten) genoeg ruimte voor, audiodescriptie is dan verplicht. Op de momenten dat de naam van de trouwambtenaar in beeld komt is er onvoldoende ruimte voor audiodescriptie. Omdat er voor die momenten geen ruimte voor audiodescriptie is, volstaat een transcript onder dit succescriterium. Er moet daarom in dit geval ook een transcript komen voor de video's, zie succescriterium 1.2.3.",,,0,Wed May 27 2026 13:10:53 GMT+0200 (Midden-Europese zomertijd),Wed May 27 2026 13:10:53 GMT+0200 (Midden-Europese zomertijd)
b32d1d33-1cbe-4cc6-9ab4-ea2b4efecda5,ab62ae84-37ef-4d94-9ed6-58403d0da6ca,B013,41d09e8c-c857-457c-a799-ffc0539e7722,,open,klein,redacteur,"Op de pagina staan portretfoto's van de burgemeester, drie wethouders en de gemeentesecretaris. Vier van deze foto's (Jaco Geurts, Wim van der Es, Wim de Jong en Jan Jennekens) hebben een leeg tekstalternatief en worden door hulpsoftware overgeslagen.","Geef elke portretfoto een tekstalternatief met de naam van de persoon, bijvoorbeeld alt=""Jaco Geurts"". Doe dit voor alle vijf de foto's op dezelfde manier, zodat de pagina consistent toegankelijk is voor schermlezergebruikers.",,,0,Mon May 25 2026 15:59:05 GMT+0200 (Midden-Europese zomertijd),Tue May 26 2026 16:42:39 GMT+0200 (Midden-Europese zomertijd)
ae45c01a-0c65-4f62-b534-2c97b20c8348,ab62ae84-37ef-4d94-9ed6-58403d0da6ca,B029,4cb21fff-b4e0-4bd5-a312-f472f8541396,,open,matig,redacteur,"Het organogram laat visueel zien hoe de gemeente is opgebouwd: bovenaan staat het bestuur (Gemeenteraad, Griffie, College B&W), daaronder de uitvoerende afdelingen. Deze structuur is in het PDF-document zelf niet aanwezig. De titel ""ORGANOGRAM GEMEENTE BUNSCHOTEN"" is geen kop en alle namen staan als losse alinea's onder elkaar. Hulpsoftware leest het organogram daardoor voor als een platte lijst van namen, zonder dat duidelijk is welke namen bij het bestuur horen en welke bij de uitvoerende afdelingen.","Maak van de titel ""ORGANOGRAM GEMEENTE BUNSCHOTEN"" een kop op niveau 1 (H1) in het PDF-document. Zorg er daarnaast voor dat het onderscheid tussen het bestuur en de uitvoerende afdelingen ook in de structuur van het document zichtbaar wordt. Gebruik bijvoorbeeld een kop ""Bestuur"" met daaronder een lijst van de namen, en een kop ""Uitvoerende afdelingen"" met daaronder een lijst van de afdelingen.",,,4,Mon May 25 2026 21:01:44 GMT+0200 (Midden-Europese zomertijd),Wed May 27 2026 09:54:06 GMT+0200 (Midden-Europese zomertijd)
f55259ea-26ac-4e56-a28d-7af575c2ad11,ab62ae84-37ef-4d94-9ed6-58403d0da6ca,B018,4cb21fff-b4e0-4bd5-a312-f472f8541396,,open,matig,redacteur,"Op de pagina staan drie uitklap-blokken, opgemaakt als kop op niveau 2 (h2). Binnen het uitklap-blok ""Koninklijke onderscheidingen"" staan vier subkoppen (zoals ""Gelegenheden"" en ""Aanvraag voor lintjesregen"") en binnen ""Gemeentelijke onderscheidingen"" drie subkoppen (zoals ""Pluim"" en ""Erepenning""). Deze subkoppen zijn óók opgemaakt als h2, terwijl ze inhoudelijk onderdeel zijn van het uitklap-blok eronder. Hulpsoftware kan daardoor de hiërarchie niet correct presenteren en gebruikers die via koppen navigeren, krijgen geen duidelijk beeld van welke onderwerpen onder welk blok vallen.","Maak de subkoppen binnen de uitklap-blokken op als kop niveau 3 (h3), zodat ze programmatisch onder de h2 van het bijbehorende uitklap-blok vallen.",,,3,Mon May 25 2026 18:00:35 GMT+0200 (Midden-Europese zomertijd),Mon May 25 2026 18:00:35 GMT+0200 (Midden-Europese zomertijd)
12c6ca92-0458-4d9e-a1f9-7e2f70af9363,ab62ae84-37ef-4d94-9ed6-58403d0da6ca,B017,c0de8899-12e9-477c-b913-465b73abbab2,,open,matig,ontwikkelaar,"Bij een smal scherm (320 pixels breed) wordt de tekst in de accordeon-knoppen van de activiteiten rechts afgekapt. Bijvoorbeeld: ""Themanummer Bun His…"" (afgekapt voor ""Historiael | 23 april""). Mensen die de website op een mobiele telefoon of met een sterk ingezoomd venster bekijken, kunnen de volledige titels van de activiteiten niet zien.","Pas de styling van de accordeon-knoppen aan zodat de kop-tekst binnen de beschikbare ruimte blijft, bijvoorbeeld door de tekst over meerdere regels te laten lopen.",,,0,Mon May 25 2026 16:47:22 GMT+0200 (Midden-Europese zomertijd),Wed May 27 2026 10:07:22 GMT+0200 (Midden-Europese zomertijd)
6e4f54d0-8970-418f-b2a1-e6735b655323,ab62ae84-37ef-4d94-9ed6-58403d0da6ca,B015,4a94beb7-198a-472f-8f94-59884d7b235c,,open,matig,redacteur,"Op de pagina staat een video met de waarnemend burgemeester over 80 jaar vrijheid. In deze video komt visuele informatie voor die niet hoorbaar is en daardoor niet beschikbaar voor mensen die blind of slechtziend zijn. Zorg ervoor dat er een alternatief voor deze visuele informatie komt.

Hierbij enkele voorbeelden van informatie die in beeld staat (visueel) en niet te horen is:
- Op 0:02 verschijnt in beeld de naam ""Bort Koelewijn"" en de functie ""waarnemend burgemeester""; deze worden niet hoorbaar genoemd
- Op 0:12 verschijnt in beeld het logo van ""80 jaar vrijheid""; dit wordt niet hoorbaar genoemd
- Op 0:44 verschijnt in beeld de tekst ""Kijk op Bunschoten.nl voor het lokale programma""; deze wordt niet hoorbaar genoemd
- Op 1:18 verschijnt aan het einde het logo van de gemeente Bunschoten; dit wordt niet hoorbaar genoemd

Bij deze video is er alleen aan het eind voldoende ruimte om audiodescriptie toe te voegen, bijvoorbeeld bij het logo van de gemeente Bunschoten op 1:18. Voor de overige informatie is onvoldoende ruimte, bijvoorbeeld voor de naambalk op 0:02, het logo van ""80 jaar vrijheid"" op 0:12 en de tekst op 0:44.","Voor succescriterium 1.2.3 zijn er twee opties: een transcript of audiodescriptie. Voor succescriterium 1.2.5 is een transcript echter niet meer toegestaan als er voldoende ruimte is voor audiodescriptie. In dat geval moet er audiodescriptie zijn om te voldoen aan niveau AA. Het is het beste om zowel een transcript als audiodescriptie aan te bieden.

Het transcript moet alle informatie in de video bevatten, zowel hoorbaar als zichtbaar. Waar mogelijk wordt het transcript ook voorzien van zogenaamde timestamps. Plaats het transcript onder de video. Een transcript kan voor meerdere mensen voordelen hebben. Voor sommige mensen kan informatie in een video te snel gaan, dan kan een transcript een goed alternatief zijn. Mensen die niet kunnen zien en niet kunnen horen, kunnen een transcript omzetten naar braille.

Audiodescriptie zorgt ervoor dat alle visuele informatie ook hoorbaar wordt. Oftewel: hoor alles wat je ziet. Dit kan door een tweede audiospoor toe te voegen aan de video dat zowel de normale audio bevat als de audiodescriptie. Andere oplossingen zijn ook mogelijk.",,,1,Mon May 25 2026 16:38:47 GMT+0200 (Midden-Europese zomertijd),Tue May 26 2026 21:40:54 GMT+0200 (Midden-Europese zomertijd)
42874c61-0ebf-429c-8603-e4d1d9c5a1f6,ab62ae84-37ef-4d94-9ed6-58403d0da6ca,B019,cd31b01e-f6f1-4e3a-bbbe-c83d8c570848,,resolved,,,"In het uitklap-blok ""Gemeentelijke onderscheidingen"" staat onder de kop ""Pluim"" de link ""Iemand voordragen voor een Pluim"" in een eigen alinea. Hulpsoftware die de links van de pagina los voorleest, mist daardoor de context van de uitleg over de Pluim erboven.","Plaats de link in dezelfde alinea als de uitleg over de Pluim, zodat hulpsoftware de context van de link kan voorlezen.",,,3,Mon May 25 2026 18:04:03 GMT+0200 (Midden-Europese zomertijd),Wed May 27 2026 10:17:30 GMT+0200 (Midden-Europese zomertijd)
a4ac2524-2917-48c2-ba8a-dc593003ef39,175959f5-2e6d-4655-bfcf-19f99237cb88,B011,967dd178-96c9-487f-aaf9-6508032abe65,,open,klein,redacteur,"Op de pagina staat een lege kop direct boven de openingstijden-module. Deze kop heeft geen tekst en beschrijft daarmee geen onderwerp of doel. Gebruikers die via koppen navigeren, stuiten op een lege kopregel.","Vul het titelveld van het openingstijden-component in het CMS in met een beschrijvende tekst, bijvoorbeeld ""Openingstijden"".",,,0,Wed May 27 2026 13:10:53 GMT+0200 (Midden-Europese zomertijd),Wed May 27 2026 13:10:53 GMT+0200 (Midden-Europese zomertijd)
7a76956e-7bed-4d05-a669-731e6729d105,175959f5-2e6d-4655-bfcf-19f99237cb88,B026,41d09e8c-c857-457c-a799-ffc0539e7722,,open,klein,redacteur,In het PDF-document staat op pagina 1 een afbeelding (het gemeentelogo) zonder tekstalternatief. Mensen die de PDF laten voorlezen door hulpsoftware krijgen daardoor niet mee dat er een logo op de pagina staat en van welke organisatie dit is.,"Geef de afbeelding in het bronbestand een tekstalternatief, bijvoorbeeld ""Gemeente Bunschoten"". Exporteer het document daarna opnieuw als PDF.",,,2,Wed May 27 2026 13:10:53 GMT+0200 (Midden-Europese zomertijd),Wed May 27 2026 13:10:53 GMT+0200 (Midden-Europese zomertijd)
9391c9fa-7c59-4eae-a73c-53dc57d53f48,175959f5-2e6d-4655-bfcf-19f99237cb88,B001,4cb21fff-b4e0-4bd5-a312-f472f8541396,,open,matig,redacteur,"In de footer staat onder de kop ""Praat mee!"" een rij met links naar sociale media (Facebook, X, Instagram, YouTube). Visueel is dit een opsomming, maar in de code staan de links los achter elkaar in een alinea (p-element) en niet in een lijst (ul met li). Hierdoor kan hulpsoftware niet aankondigen dat het om een lijst gaat en uit hoeveel items deze bestaat.","Plaats de sociale-media-links in een ongeordende lijst, met elke link in een eigen list-item. Voeg in de broncode de class ""horizontal"" toe aan de ul om de lijst horizontaal weer te geven.",,,0,Wed May 27 2026 13:10:53 GMT+0200 (Midden-Europese zomertijd),Wed May 27 2026 13:10:53 GMT+0200 (Midden-Europese zomertijd)
fca682fc-48c2-4e41-a8db-91535676126b,175959f5-2e6d-4655-bfcf-19f99237cb88,B003,35d250a4-d5a2-4d75-9ebd-6fc4c6da9cbc,,resolved,,,"Op de website is een versie voor hoog contrast aanwezig. Deze is aan te zetten door middel van een zogenaamde ""contrast switch"".

Dit succescriterium is volledig getest in de modus voor hoog contrast. De versie voor hoog contrast wordt gezien als een alternatief voor de standaard versie.

Hierdoor kunnen er contrastproblemen zijn in de standaard versie. Deze zijn verder niet beoordeeld.","We adviseren om ook de standaard versie te voorzien van voldoende kleurcontrast in alle teksten. Dit bevordert de toegankelijkheid van de website voor bezoekers met een zichtbeperking.

Teksten met voldoende kleurcontrast lezen ook makkelijker voor alle lezers. Het lezen is hierdoor minder intensief, kost minder energie en het lezen wordt (onbewust) als prettiger ervaren. Hierdoor is de lezer eerder geneigd om over te gaan tot activatie.

De versie voor hoog contrast kan dan vervolgens ingezet worden voor een ""verhoogd contrast"", waarbij wordt voldaan aan succescriterium [WCAG 1.4.6 Verhoogd contrast (niveau AAA)](https://www.w3.org/WAI/WCAG22/Understanding/contrast-enhanced.html).",,,0,Wed May 27 2026 13:10:53 GMT+0200 (Midden-Europese zomertijd),Wed May 27 2026 13:10:53 GMT+0200 (Midden-Europese zomertijd)
4fa90d09-7a27-4336-ab8e-32557b316e8b,175959f5-2e6d-4655-bfcf-19f99237cb88,B019,cd31b01e-f6f1-4e3a-bbbe-c83d8c570848,,resolved,,,"In het uitklap-blok ""Gemeentelijke onderscheidingen"" staat onder de kop ""Pluim"" de link ""Iemand voordragen voor een Pluim"" in een eigen alinea. Hulpsoftware die de links van de pagina los voorleest, mist daardoor de context van de uitleg over de Pluim erboven.","Plaats de link in dezelfde alinea als de uitleg over de Pluim, zodat hulpsoftware de context van de link kan voorlezen.",,,3,Wed May 27 2026 13:10:53 GMT+0200 (Midden-Europese zomertijd),Wed May 27 2026 13:10:53 GMT+0200 (Midden-Europese zomertijd)
29a33c7e-fd12-415b-9f89-7f08c13215ca,ab62ae84-37ef-4d94-9ed6-58403d0da6ca,B012,cd31b01e-f6f1-4e3a-bbbe-c83d8c570848,,open,klein,redacteur,"Op meerdere pagina's worden URL's als linktekst gebruikt. De volledige URL wordt dan als zichtbare tekst van de link getoond. Hulpsoftware leest de URL letter voor letter voor (""w-w-w punt bunschoten punt n-l slash...""), wat moeilijk te volgen is voor de gebruiker. Bovendien is een URL als linktekst niet zelfstandig beschrijvend voor de actie of bestemming.

Voorbeelden:
- Op de pagina ""Contact en openingstijden"" staat onder de kop ""Snel Herstel of Boa-melding"" de link ""www.bunschoten.nl/melding""
- Op de pagina ""Activiteiten 80 jaar vrijheid"" staan onder verschillende activiteiten links met URL's als linktekst, zoals ""www.oostwende.nl/80jaarvrijheid"", ""www.bibliotheekeemland.nl"" en ""www.covbunschoten.nl""
- Op de pagina ""Onderscheidingen"" staan binnen het uitklap-blok ""Koninklijke onderscheidingen"" en ""Overige onderscheidingen"" links met URL's als linktekst, zoals ""www.lintjes.nl"", ""aanvraag.koninklijkeonderscheidingen.nl"" en ""www.drenkeling.nl""
- Op de pagina ""Gemeentebelasting"" staan onder de koppen ""WOZ"" en ""Heeft u vragen?"" links met URL's als linktekst, zoals ""gblt.nl/woz"" en ""gblt.nl""
- Op de pagina ""Verduurzamen woning"" staan links met URL's als linktekst, zoals ""www.energiepunt.nl"" en ""adviespunt-vve.nl""","Vervang de URL als linktekst door een beschrijvende tekst die de actie of bestemming benoemt, bijvoorbeeld ""een melding maken in Fixi"" of ""naar het meldingsformulier"". Een goed voorbeeld op dezelfde pagina als de URL-links is de link ""de website van Eemland1"".",,,1,Mon May 25 2026 15:49:13 GMT+0200 (Midden-Europese zomertijd),Mon May 25 2026 18:19:27 GMT+0200 (Midden-Europese zomertijd)
90fdeee1-f4b8-4ca6-a52a-6b5db7c0be4b,d8def788-4dfc-4832-9622-19dc60806382,B004,9c213f8f-802a-4ea4-9deb-2260b29fa541,,open,serieus,ontwikkelaar,"Siteimprove detecteert op 45 pagina's dat de pagina automatisch vernieuwt of omgeleid wordt zonder waarschuwing aan de gebruiker (raakt 2.2.1, 2.2.4 en 3.2.5). Verificatie met eigen crawler: onze AutoRefreshTest (raw fetch met redirect manual) bevestigt dat /inwoners een HTTP 308 redirect naar /inwoner geeft. De 45 voorvallen van Siteimprove zijn waarschijnlijk vergelijkbare server-side redirects van oude of gewijzigde URL's. Let op: HTTP 3xx redirects vallen technisch niet onder WCAG 2.2.1 (dat gaat over tijdslimieten met waarschuwing). Dit is een aandachtspunt voor URL-structuur en linkonderhoud, geen pure WCAG-falen.","Verwijder automatische refresh/redirect uit het template, of geef de gebruiker een waarschuwing en de mogelijkheid om de actie te stoppen, uit te stellen of uit te schakelen.",,,0,Tue Jun 09 2026 17:10:07 GMT+0200 (Midden-Europese zomertijd),Wed Jun 10 2026 11:51:21 GMT+0200 (Midden-Europese zomertijd)
3aeb872c-1a8e-400f-9f8b-de9f8e83d0ec,ab62ae84-37ef-4d94-9ed6-58403d0da6ca,B021,cd31b01e-f6f1-4e3a-bbbe-c83d8c570848,,open,klein,redacteur,"Op de pagina staat onder de kop ""Strooiroutes"" een knop met de tekst ""Bekijk de kaart met strooiroutes"". De link gaat naar een PDF-document, maar dat blijkt niet uit de linktekst of een aanduiding ernaast. Een gebruiker verwacht na het klikken een interactieve kaart of webpagina, maar krijgt een PDF-download. Op andere pagina's binnen de website wordt bij PDF-downloads wel een PDF-icoon en de bestandsgrootte getoond (""PDF, ... kB""), waardoor de gebruiker vooraf weet wat er gebeurt.","Voeg aan de linktekst een aanduiding toe dat het om een PDF gaat, bijvoorbeeld ""Bekijk de kaart met strooiroutes (PDF)"". Toon eventueel ook de bestandsgrootte, zoals dat op andere pagina's al gebeurt.",,,5,Mon May 25 2026 18:28:57 GMT+0200 (Midden-Europese zomertijd),Mon May 25 2026 18:28:57 GMT+0200 (Midden-Europese zomertijd)
1ac46d66-a1e9-4e3c-a32e-873312efb3b1,ab62ae84-37ef-4d94-9ed6-58403d0da6ca,B023,953b6042-bb8c-4124-ae4b-a5b1669fe425,,resolved,,,"Op de pagina staat onder de label ""Wat is uw vraag, opmerking of suggestie?"" een invoerveld van één regel. Een gebruiker die een uitgebreide vraag of suggestie wil typen, kan zijn tekst niet in één keer overzien: een deel verdwijnt aan de zijkant van het veld. Voor mensen die hun tekst willen controleren of corrigeren, of die de pagina ingezoomd bekijken, is dat lastig. Voor een vrije vraag of suggestie verwacht de gebruiker een groter, meerregelig invoerveld.","Vervang het invoerveld van één regel door een groter invoerveld waarin meerdere regels passen, zodat de gebruiker zijn volledige vraag of suggestie in één keer kan overzien en bewerken.",,,0,Mon May 25 2026 18:47:20 GMT+0200 (Midden-Europese zomertijd),Mon May 25 2026 18:47:20 GMT+0200 (Midden-Europese zomertijd)
27c8fb52-c8da-478f-81fb-0d1936638f65,ab62ae84-37ef-4d94-9ed6-58403d0da6ca,B024,967dd178-96c9-487f-aaf9-6508032abe65,,resolved,,,"Op stap 1 van het contactformulier herhaalt de staptitel (h2 ""Algemeen contactformulier voor vragen en suggesties"") de naam van het formulier. De kop beschrijft niet de inhoud van deze stap zelf. Gebruikers die via koppen navigeren, zoals mensen die een schermlezer gebruiken, kunnen op basis van deze kop niet opmaken wat er in deze stap van hen wordt verwacht.","Vervang de h2 door een beschrijvende staptitel die aangeeft wat er in deze stap wordt gevraagd, bijvoorbeeld ""Over dit formulier"" of ""Uw vraag of suggestie"".",,,1,Mon May 25 2026 18:50:58 GMT+0200 (Midden-Europese zomertijd),Mon May 25 2026 18:50:58 GMT+0200 (Midden-Europese zomertijd)
ee71145d-8f03-4faa-b02e-ea72efd38e34,ab62ae84-37ef-4d94-9ed6-58403d0da6ca,B025,73fc903b-3e33-460d-a942-d5bfb3a34254,,open,klein,ontwikkelaar,"Op stap 2 van het contactformulier moeten persoonlijke gegevens worden ingevuld. Voor de invoervelden die om persoonsgegevens vragen, is een autocomplete-attribuut nodig op het input-element. Dit zorgt ervoor dat browsers en hulpsoftware ondersteuning kunnen geven bij het invullen van deze invoervelden, bijvoorbeeld door ze automatisch in te vullen met eerder opgeslagen waarden. Het autocomplete-attribuut ontbreekt op dit moment bij de invoervelden Achternaam, Postcode, Woonplaats, E-mailadres en Telefoonnummer.","Voeg op elk relevant invoerveld een passend autocomplete-attribuut toe:
- Achternaam: `autocomplete=""family-name""`
- Postcode: `autocomplete=""postal-code""`
- Woonplaats: `autocomplete=""address-level2""`
- E-mailadres: `autocomplete=""email""`
- Telefoonnummer: `autocomplete=""tel""` of `autocomplete=""tel-national""`

Op de volgende pagina is meer informatie te vinden over de toepassing van dit attribuut en welke waardes verplicht zijn om te gebruiken. Zie: https://www.w3.org/Translations/WCAG22-nl/#input-purposes.",,,0,Mon May 25 2026 18:55:44 GMT+0200 (Midden-Europese zomertijd),Mon May 25 2026 18:55:44 GMT+0200 (Midden-Europese zomertijd)
04b2265e-f5ad-454c-a049-33e208fd93b3,ab62ae84-37ef-4d94-9ed6-58403d0da6ca,B027,41d09e8c-c857-457c-a799-ffc0539e7722,,open,klein,redacteur,In het PDF-document staan drie afbeeldingen die geen tekstalternatief hebben. Het gaat onder andere om het logo van de gemeente Bunschoten dat bovenaan de pagina staat. Mensen die de PDF laten voorlezen door hulpsoftware krijgen niet mee dat dit logo op de pagina staat.,"Geef informatieve afbeeldingen, zoals het logo, in het bronbestand een tekstalternatief. Voor het logo volstaat bijvoorbeeld ""Gemeente Bunschoten"". Markeer afbeeldingen die alleen een decoratieve functie hebben als artefact, zodat hulpsoftware ze overslaat.",,,3,Mon May 25 2026 20:51:52 GMT+0200 (Midden-Europese zomertijd),Tue May 26 2026 16:52:36 GMT+0200 (Midden-Europese zomertijd)
21afaf08-92d5-4f31-b143-ee65c1114003,ab62ae84-37ef-4d94-9ed6-58403d0da6ca,B030,143487c8-c34d-4cf6-bb8d-ad91a9db7b53,,open,matig,redacteur,"De leesvolgorde van het PDF-document volgt niet de logica van het organogram. Mensen die de PDF laten voorlezen door hulpsoftware horen eerst Gemeenteraad, daarna Interne Service, dan Griffie, vervolgens Omgevingsontwikkeling en pas later College B&W. De uitvoerende afdelingen en de bestuursdelen worden zo door elkaar voorgelezen. De legende ""= bestuur"" staat aan het einde, los van de bestuursdelen waarop hij betrekking heeft. De documenttitel ""ORGANOGRAM GEMEENTE BUNSCHOTEN"" staat helemaal onderaan in de leesvolgorde, terwijl gebruikers verwachten eerst te horen waar het document over gaat.","Pas de leesvolgorde in het bronbestand aan, zodat de inhoud in een logische volgorde voor hulpsoftware beschikbaar komt. Begin met de documenttitel, gevolgd door de bestuursdelen (Gemeenteraad, Griffie, College B&W) en daarna de uitvoerende afdelingen. Plaats de legende ""= bestuur"" direct na of bij de bestuursdelen. Exporteer het document daarna opnieuw als PDF.",,,0,Mon May 25 2026 21:05:47 GMT+0200 (Midden-Europese zomertijd),Mon May 25 2026 21:05:47 GMT+0200 (Midden-Europese zomertijd)
744de334-c660-41f5-8f1f-60ae88534f93,ab62ae84-37ef-4d94-9ed6-58403d0da6ca,B022,41d09e8c-c857-457c-a799-ffc0539e7722,,open,matig,redacteur,"Op de pagina is informatie over welke wegen gestrooid worden alleen beschikbaar via een PDF-kaart (""Bekijk de kaart met strooiroutes""). Een tekstueel alternatief ontbreekt. Mensen die blind of slechtziend zijn kunnen de kaart niet bekijken en hebben daardoor geen toegang tot de informatie over de strooiroutes. Kaarten vallen onder de wettelijke uitzondering voor de overheid en hoeven niet toegankelijk te zijn. De informatie die ermee wordt overgebracht (welke wegen worden gestrooid) moet echter ook op een andere manier beschikbaar zijn.","Bied de informatie van de strooiroutes ook in tekstvorm aan, bijvoorbeeld als een lijst van straten of wegen per prioriteit op de webpagina.",,,1,Mon May 25 2026 18:34:04 GMT+0200 (Midden-Europese zomertijd),Tue May 26 2026 16:48:51 GMT+0200 (Midden-Europese zomertijd)
979d2bc9-1920-40a5-a233-3a13b3ad0f04,175959f5-2e6d-4655-bfcf-19f99237cb88,B004,9b23fa6b-a0de-4779-b78a-2649f20d17e7,,resolved,,,"Op de website is een versie voor hoog contrast aanwezig. Deze is aan te zetten door middel van een zogenaamde ""contrast switch"".

Dit succescriterium is volledig getest in de modus voor hoog contrast. De versie voor hoog contrast wordt gezien als een alternatief voor de standaard versie.

Hierdoor kunnen er contrastproblemen zijn met grafische elementen in de standaard versie. Deze zijn verder niet beoordeeld.","We adviseren om ook de standaard versie te voorzien van voldoende contrast voor grafische elementen, zoals iconen, knoppen en formuliervelden. Dit bevordert de toegankelijkheid van de website voor bezoekers met een zichtbeperking.

De versie voor hoog contrast kan dan vervolgens ingezet worden voor een ""verhoogd contrast"".",,,0,Wed May 27 2026 13:10:53 GMT+0200 (Midden-Europese zomertijd),Wed May 27 2026 13:10:53 GMT+0200 (Midden-Europese zomertijd)
c42a737b-2030-4611-bc01-6181dfbb19c3,ab62ae84-37ef-4d94-9ed6-58403d0da6ca,B031,c0dbc008-6147-462e-b77e-77e39976adb8,,open,matig,redacteur,Op deze pagina staat een video met de waarnemend burgemeester over 80 jaar vrijheid met visuele informatie. Deze informatie is niet beschikbaar voor iemand met een zichtbeperking en dus moet hier een alternatief voor komen.,"Dit alternatief kan geboden worden door deze informatie in het audiospoor op te nemen of een apart audiospoor toe te voegen met deze auditieve informatie (de zogenaamde audiodescriptie). In de video is hier op 1:18 (het tonen van het logo van de gemeente Bunschoten) genoeg ruimte voor, audiodescriptie is dan verplicht. Op de momenten dat de naambalk (0:02), het logo van ""80 jaar vrijheid"" (0:12) en de tekst over het lokale programma (0:44) in beeld komen is er onvoldoende ruimte voor audiodescriptie. Omdat er voor die momenten geen ruimte voor audiodescriptie is, volstaat een transcript onder dit succescriterium. Er moet daarom in dit geval ook een transcript komen voor de video, zie succescriterium 1.2.3.",,,2,Tue May 26 2026 18:08:35 GMT+0200 (Midden-Europese zomertijd),Tue May 26 2026 21:40:59 GMT+0200 (Midden-Europese zomertijd)
8184d018-830e-4253-8ac3-0a718f822fdf,175959f5-2e6d-4655-bfcf-19f99237cb88,B028,c5da9884-1520-4257-9c7c-cfdf3e78c7a6,,open,klein,redacteur,"In het PDF-document is geen documenttitel ingesteld. PDF-lezers tonen daardoor de bestandsnaam (organogram_gemeente_bunschoten_2026.pdf) in de tab- en titelbalk. Mensen die de PDF laten voorlezen, horen de bestandsnaam in plaats van een beschrijvende titel.","Vul in het bronbestand een beschrijvende documenttitel in, bijvoorbeeld ""Organogram gemeente Bunschoten 2026"". Stel daarnaast in de PDF zelf in dat de documenttitel wordt getoond in plaats van de bestandsnaam. In Adobe Acrobat kan dat via Bestand > Eigenschappen > Initiële weergave > Toon: Documenttitel.",,,0,Wed May 27 2026 13:10:53 GMT+0200 (Midden-Europese zomertijd),Wed May 27 2026 13:10:53 GMT+0200 (Midden-Europese zomertijd)
925e7b8f-4f99-4cbc-9d42-74546628cecb,175959f5-2e6d-4655-bfcf-19f99237cb88,B007,df8f254d-1714-47bb-a54d-bf36898f2a4b,,open,klein,redacteur,"Op de pagina staat een YouTube-video van trouwambtenaar Roel de Graaf. Deze video heeft een automatisch gegenereerde ondertiteling. Deze vorm van ondertiteling bevat echter te veel fouten om te voldoen aan dit succescriterium. Zo worden bijvoorbeeld geen leestekens gebruikt, wat het lezen van de tekst moeilijker maakt. Daarnaast komen ook fouten voor in de vertaling naar tekst. Voorbeelden daarvan zijn:
- Op 0:11 staat ""geregistreerd partnerschap zijn enorme eer""; dit moet zijn ""geregistreerd partnerschap, is een enorme eer""
- Op 0:54 staat ""het moet vooral draaide om jullie""; dit moet zijn ""het moet vooral draaien om jullie""",Via YouTube Studio is de automatische ondertiteling eenvoudig te corrigeren. Zie voor uitleg de pagina [Ondertiteling bewerken of verwijderen op YouTube Help](https://support.google.com/youtube/answer/2734705?hl=nl&ref_topic=7296214&sjid=12679170813940038387-EU#zippy=%2Condertitelingstekst-bewerken).,,,0,Wed May 27 2026 13:10:53 GMT+0200 (Midden-Europese zomertijd),Wed May 27 2026 13:10:53 GMT+0200 (Midden-Europese zomertijd)
3d3e78e0-2f37-470b-abea-8d0345fb0264,175959f5-2e6d-4655-bfcf-19f99237cb88,B005,cd31b01e-f6f1-4e3a-bbbe-c83d8c570848,,resolved,,,"In de footer onder de kop ""Praat mee!"" staat een link naar het socialemediaplatform X. Het icoon toont het X-logo, maar in de code is de toegankelijke naam nog ""Twitter pagina van gemeente Bunschoten"" (in het title-attribuut) en het verborgen tekstlabel is ""twitter"". Het platform heet sinds 2023 X. Gebruikers van hulpsoftware of spraakbesturing horen of zoeken nu ""Twitter"" terwijl ze visueel een X-link zien.","Vervang in zowel het title-attribuut als het verborgen tekstlabel ""Twitter"" door ""X"". Een passende toegankelijke naam is bijvoorbeeld ""X-pagina van gemeente Bunschoten"".",,,0,Wed May 27 2026 13:10:53 GMT+0200 (Midden-Europese zomertijd),Wed May 27 2026 13:10:53 GMT+0200 (Midden-Europese zomertijd)
4bd4c987-c86b-4878-bd8a-741d2d8e1959,175959f5-2e6d-4655-bfcf-19f99237cb88,B006,4cb21fff-b4e0-4bd5-a312-f472f8541396,,open,matig,redacteur,"Op de pagina staan vier trouwambtenaren onder de kop ""De trouwambtenaren"" (h2). Drie namen, Omaima Ben Hammi, Pierre van der Gijp en Roel de Graaf, zijn opgemaakt als h2. De vierde naam, Esmay Usmany, is opgemaakt als h3. Daardoor zit er een sprong in de kopniveaus en lijkt het programmatisch alsof Esmay Usmany een subsectie is van Roel de Graaf, terwijl het visueel om vier gelijkwaardige onderdelen gaat. Hulpsoftware kan de hiërarchie daardoor niet correct presenteren.","Maak van alle vier de namen van de trouwambtenaren een h3, zodat ze onder de h2 ""De trouwambtenaren"" vallen en onderling gelijkwaardig zijn.",,,2,Wed May 27 2026 13:10:53 GMT+0200 (Midden-Europese zomertijd),Wed May 27 2026 13:10:53 GMT+0200 (Midden-Europese zomertijd)
3c8327c1-4269-4d16-8ccf-d1a8b7e91b50,ab62ae84-37ef-4d94-9ed6-58403d0da6ca,B002,4cb21fff-b4e0-4bd5-a312-f472f8541396,,open,matig,redacteur,"In de footer staat onder de kop ""Gemeentehuis"" eerst het adres (Stadsspui 1, 3752 CL Bunschoten-Spakenburg) en daarna drie items: Telefoon, WhatsApp en Contactformulier. In de code staat dit alles in één alinea (p-element), gescheiden door regeleinden (br-elementen). Het adres hoort programmatisch niet bij de drie items eronder, en die drie items vormen visueel een opsomming. Hierdoor kondigt hulpsoftware niet aan dat het om een lijst van drie items gaat.","Plaats het adres in een eigen alinea (p-element). Plaats Telefoon, WhatsApp en Contactformulier daaronder in een ongeordende lijst (ul-element), met elk item in een eigen list-item.",,,1,Mon May 25 2026 12:36:51 GMT+0200 (Midden-Europese zomertijd),Tue May 26 2026 21:47:36 GMT+0200 (Midden-Europese zomertijd)
7e58d2fd-3ccf-44d9-95e2-ab58438d09d5,ab62ae84-37ef-4d94-9ed6-58403d0da6ca,B008,4a94beb7-198a-472f-8f94-59884d7b235c,,open,matig,redacteur,"Op de pagina staan video's van trouwambtenaren waarin visuele informatie voorkomt. Deze informatie is niet hoorbaar en daardoor niet beschikbaar voor mensen die blind of slechtziend zijn. Zorg ervoor dat er een alternatief voor deze visuele informatie komt.

Hierbij enkele voorbeelden van informatie die in beeld staat (visueel) en niet te horen is:
- In de video's van Omaima Ben Hammi en Pierre van der Gijp verschijnt aan het begin de naam van de trouwambtenaar in beeld; deze naam wordt niet hoorbaar genoemd
- In de video van Roel de Graaf verschijnt aan het einde het logo van de gemeente Bunschoten in beeld; dit wordt niet hoorbaar genoemd

Bij deze video's is er voldoende ruimte aan het eind om audiodescriptie toe te voegen, bijvoorbeeld bij het logo van de gemeente Bunschoten. Voor de overige informatie is onvoldoende ruimte, bijvoorbeeld voor de naam van de trouwambtenaar.","Voor succescriterium 1.2.3 zijn er twee opties: een transcript of audiodescriptie. Voor succescriterium 1.2.5 is een transcript echter niet meer toegestaan als er voldoende ruimte is voor audiodescriptie. In dat geval moet er audiodescriptie zijn om te voldoen aan niveau AA. Het is het beste om zowel een transcript als audiodescriptie aan te bieden.

Het transcript moet alle informatie in de video bevatten, zowel hoorbaar als zichtbaar. Waar mogelijk wordt het transcript ook voorzien van zogenaamde timestamps. Plaats het transcript onder de video. Een transcript kan voor meerdere mensen voordelen hebben. Voor sommige mensen kan informatie in een video te snel gaan, dan kan een transcript een goed alternatief zijn. Mensen die niet kunnen zien en niet kunnen horen, kunnen een transcript omzetten naar braille.

Audiodescriptie zorgt ervoor dat alle visuele informatie ook hoorbaar wordt. Oftewel: hoor alles wat je ziet. Dit kan door een tweede audiospoor toe te voegen aan de video dat zowel de normale audio bevat als de audiodescriptie. Andere oplossingen zijn ook mogelijk.",,,0,Mon May 25 2026 14:32:00 GMT+0200 (Midden-Europese zomertijd),Tue May 26 2026 21:36:59 GMT+0200 (Midden-Europese zomertijd)
b8e2fbe4-9a16-4a28-97d5-f6892aedb67b,4d230920-ea82-4261-bcc0-cb858d8562bc,B024,c0dbc008-6147-462e-b77e-77e39976adb8,,open,matig,redacteur,"Op de pagina staat onder de kop ""Meer weten?"" een video met visuele informatie:
- Op 0:05 verschijnt een naambalkje in beeld met ""Paul van Werde, Boomverzorger gemeente Valkenswaard""; deze informatie wordt niet hoorbaar genoemd
- Aan het einde verschijnt het logo van de gemeente Valkenswaard in beeld; dit wordt niet hoorbaar genoemd

Deze informatie is niet beschikbaar voor mensen die blind of slechtziend zijn, dus moet hier een alternatief voor komen.","Voor dit succescriterium is audiodescriptie verplicht (niveau AA), waar ruimte is in het standaard audiospoor om deze informatie te geven. Er is in deze video voldoende ruimte hiervoor aanwezig. Een media-alternatief is hier niet meer toegestaan als oplossing.",,,1,Wed May 27 2026 19:31:05 GMT+0200 (Midden-Europese zomertijd),Tue Jun 02 2026 10:33:40 GMT+0200 (Midden-Europese zomertijd)
5ce70d46-6e61-41cd-ad3b-c8cc2bb53145,4d230920-ea82-4261-bcc0-cb858d8562bc,B038,c5da9884-1520-4257-9c7c-cfdf3e78c7a6,,open,klein,redacteur,"De paginatitel van het PDF-document is ""Toestemmingsformulier afgifte reisdocument"". De zichtbare titel op de eerste pagina is ""Toestemmingsformulier afgifte reisdocument aan minderjarige"". Doordat de toevoeging ""aan minderjarige"" in de paginatitel ontbreekt, missen gebruikers de informatie dat het document specifiek over minderjarigen gaat.","Vul de paginatitel aan tot ""Toestemmingsformulier afgifte reisdocument aan minderjarige"", zodat deze overeenkomt met de zichtbare titel op de eerste pagina.",,,0,Wed May 27 2026 21:18:20 GMT+0200 (Midden-Europese zomertijd),Tue Jun 02 2026 13:13:33 GMT+0200 (Midden-Europese zomertijd)
b79fb012-8dd9-418b-96a5-1a36e5a6d8e5,175959f5-2e6d-4655-bfcf-19f99237cb88,B010,1f36c6a9-6e39-462e-8051-67c0ac31e0b2,,resolved,,,"Op de pagina staat onder de kop ""Kosten identiteitskaart"" een interactieve kostenberekening waarmee de bezoeker via twee keuzelijsten (Leeftijd, Spoedaanvraag) de kosten, geldigheid en wachttijd kan opvragen. Deze module is geleverd door het CMS en niet zelf opgebouwd door de redactie. In de code staat een aria-label ""productinformatie voor: undefined"": de bedoelde productnaam wordt niet ingevuld door de onderliggende JavaScript. Hulpsoftware leest hierdoor letterlijk ""productinformatie voor undefined"" voor, wat voor de gebruiker betekenisloos is. Dit is een technisch toegankelijkheidsprobleem dat buiten de invloedssfeer van de redactie ligt; daarom wordt deze geconstateerde fout als opmerking gerapporteerd.","Wij adviseren om deze module voorlopig niet te gebruiken op pagina's, omdat de toegankelijkheid op dit moment niet voldoende is geborgd. De informatie over kosten, geldigheid en wachttijd kan in plaats daarvan in lopende tekst of in een gewone opsomming worden aangeboden. Leg het probleem ook neer bij de leverancier van het CMS, zodat de naamgeving van de module in de code wordt verbeterd.",,,0,Wed May 27 2026 13:10:53 GMT+0200 (Midden-Europese zomertijd),Wed May 27 2026 13:10:53 GMT+0200 (Midden-Europese zomertijd)
32bac637-f8c2-4464-81a6-27a7d2d44d57,175959f5-2e6d-4655-bfcf-19f99237cb88,B014,cd31b01e-f6f1-4e3a-bbbe-c83d8c570848,,resolved,,,"Op de pagina staat onder de kop ""Locaties"" een link met de tekst ""Bekijk de laadkaart"". De link staat in een eigen alinea (p-element), los van de beschrijvende tekst erboven. Hulpsoftware die links los voorleest, mist de context van de kop en de alinea waarin het over de locaties van de laadpalen gaat. Daarbij beschrijft de linktekst zelf het middel (een kaart) in plaats van het doel (de locaties van de laadpalen bekijken).","Kies een van de twee oplossingen. Plaats de link in dezelfde alinea als de beschrijvende tekst, zodat hulpsoftware de context kan voorlezen wanneer de link los uit de pagina wordt opgepakt; in dat geval kan de huidige linktekst ""Bekijk de laadkaart"" blijven staan. Of laat de link in een eigen alinea staan en maak de linktekst dan zelfstandig begrijpelijk, bijvoorbeeld ""Bekijk de locaties van de openbare laadpalen"".",,,2,Wed May 27 2026 13:10:53 GMT+0200 (Midden-Europese zomertijd),Wed May 27 2026 13:10:53 GMT+0200 (Midden-Europese zomertijd)
d1f33fac-33a2-4a0e-a972-6b5484c75405,175959f5-2e6d-4655-bfcf-19f99237cb88,B013,41d09e8c-c857-457c-a799-ffc0539e7722,,open,klein,redacteur,"Op de pagina staan portretfoto's van de burgemeester, drie wethouders en de gemeentesecretaris. Vier van deze foto's (Jaco Geurts, Wim van der Es, Wim de Jong en Jan Jennekens) hebben een leeg tekstalternatief en worden door hulpsoftware overgeslagen.","Geef elke portretfoto een tekstalternatief met de naam van de persoon, bijvoorbeeld alt=""Jaco Geurts"". Doe dit voor alle vijf de foto's op dezelfde manier, zodat de pagina consistent toegankelijk is voor schermlezergebruikers.",,,0,Wed May 27 2026 13:10:53 GMT+0200 (Midden-Europese zomertijd),Wed May 27 2026 13:10:53 GMT+0200 (Midden-Europese zomertijd)
fc886d24-fd8a-4e72-9a5d-a3a78b397c9a,175959f5-2e6d-4655-bfcf-19f99237cb88,B029,4cb21fff-b4e0-4bd5-a312-f472f8541396,,open,matig,redacteur,"Het organogram laat visueel zien hoe de gemeente is opgebouwd: bovenaan staat het bestuur (Gemeenteraad, Griffie, College B&W), daaronder de uitvoerende afdelingen. Deze structuur is in het PDF-document zelf niet aanwezig. De titel ""ORGANOGRAM GEMEENTE BUNSCHOTEN"" is geen kop en alle namen staan als losse alinea's onder elkaar. Hulpsoftware leest het organogram daardoor voor als een platte lijst van namen, zonder dat duidelijk is welke namen bij het bestuur horen en welke bij de uitvoerende afdelingen.","Maak van de titel ""ORGANOGRAM GEMEENTE BUNSCHOTEN"" een kop op niveau 1 (H1) in het PDF-document. Zorg er daarnaast voor dat het onderscheid tussen het bestuur en de uitvoerende afdelingen ook in de structuur van het document zichtbaar wordt. Gebruik bijvoorbeeld een kop ""Bestuur"" met daaronder een lijst van de namen, en een kop ""Uitvoerende afdelingen"" met daaronder een lijst van de afdelingen.",,,4,Wed May 27 2026 13:10:53 GMT+0200 (Midden-Europese zomertijd),Wed May 27 2026 13:10:53 GMT+0200 (Midden-Europese zomertijd)
657e5e9b-8fe8-4d17-b197-27de666207d6,175959f5-2e6d-4655-bfcf-19f99237cb88,B018,4cb21fff-b4e0-4bd5-a312-f472f8541396,,open,matig,redacteur,"Op de pagina staan drie uitklap-blokken, opgemaakt als kop op niveau 2 (h2). Binnen het uitklap-blok ""Koninklijke onderscheidingen"" staan vier subkoppen (zoals ""Gelegenheden"" en ""Aanvraag voor lintjesregen"") en binnen ""Gemeentelijke onderscheidingen"" drie subkoppen (zoals ""Pluim"" en ""Erepenning""). Deze subkoppen zijn óók opgemaakt als h2, terwijl ze inhoudelijk onderdeel zijn van het uitklap-blok eronder. Hulpsoftware kan daardoor de hiërarchie niet correct presenteren en gebruikers die via koppen navigeren, krijgen geen duidelijk beeld van welke onderwerpen onder welk blok vallen.","Maak de subkoppen binnen de uitklap-blokken op als kop niveau 3 (h3), zodat ze programmatisch onder de h2 van het bijbehorende uitklap-blok vallen.",,,3,Wed May 27 2026 13:10:53 GMT+0200 (Midden-Europese zomertijd),Wed May 27 2026 13:10:53 GMT+0200 (Midden-Europese zomertijd)
51e968d4-30d5-47ca-820f-3a8bd8d72a0f,175959f5-2e6d-4655-bfcf-19f99237cb88,B017,c0de8899-12e9-477c-b913-465b73abbab2,,open,matig,ontwikkelaar,"Bij een smal scherm (320 pixels breed) wordt de tekst in de accordeon-knoppen van de activiteiten rechts afgekapt. Bijvoorbeeld: ""Themanummer Bun His…"" (afgekapt voor ""Historiael | 23 april""). Mensen die de website op een mobiele telefoon of met een sterk ingezoomd venster bekijken, kunnen de volledige titels van de activiteiten niet zien.","Pas de styling van de accordeon-knoppen aan zodat de kop-tekst binnen de beschikbare ruimte blijft, bijvoorbeeld door de tekst over meerdere regels te laten lopen.",,,0,Wed May 27 2026 13:10:53 GMT+0200 (Midden-Europese zomertijd),Wed May 27 2026 13:10:53 GMT+0200 (Midden-Europese zomertijd)
fff761c6-d26c-454d-9a15-62c301c93187,175959f5-2e6d-4655-bfcf-19f99237cb88,B015,4a94beb7-198a-472f-8f94-59884d7b235c,,open,matig,redacteur,"Op de pagina staat een video met de waarnemend burgemeester over 80 jaar vrijheid. In deze video komt visuele informatie voor die niet hoorbaar is en daardoor niet beschikbaar voor mensen die blind of slechtziend zijn. Zorg ervoor dat er een alternatief voor deze visuele informatie komt.

Hierbij enkele voorbeelden van informatie die in beeld staat (visueel) en niet te horen is:
- Op 0:02 verschijnt in beeld de naam ""Bort Koelewijn"" en de functie ""waarnemend burgemeester""; deze worden niet hoorbaar genoemd
- Op 0:12 verschijnt in beeld het logo van ""80 jaar vrijheid""; dit wordt niet hoorbaar genoemd
- Op 0:44 verschijnt in beeld de tekst ""Kijk op Bunschoten.nl voor het lokale programma""; deze wordt niet hoorbaar genoemd
- Op 1:18 verschijnt aan het einde het logo van de gemeente Bunschoten; dit wordt niet hoorbaar genoemd

Bij deze video is er alleen aan het eind voldoende ruimte om audiodescriptie toe te voegen, bijvoorbeeld bij het logo van de gemeente Bunschoten op 1:18. Voor de overige informatie is onvoldoende ruimte, bijvoorbeeld voor de naambalk op 0:02, het logo van ""80 jaar vrijheid"" op 0:12 en de tekst op 0:44.","Voor succescriterium 1.2.3 zijn er twee opties: een transcript of audiodescriptie. Voor succescriterium 1.2.5 is een transcript echter niet meer toegestaan als er voldoende ruimte is voor audiodescriptie. In dat geval moet er audiodescriptie zijn om te voldoen aan niveau AA. Het is het beste om zowel een transcript als audiodescriptie aan te bieden.

Het transcript moet alle informatie in de video bevatten, zowel hoorbaar als zichtbaar. Waar mogelijk wordt het transcript ook voorzien van zogenaamde timestamps. Plaats het transcript onder de video. Een transcript kan voor meerdere mensen voordelen hebben. Voor sommige mensen kan informatie in een video te snel gaan, dan kan een transcript een goed alternatief zijn. Mensen die niet kunnen zien en niet kunnen horen, kunnen een transcript omzetten naar braille.

Audiodescriptie zorgt ervoor dat alle visuele informatie ook hoorbaar wordt. Oftewel: hoor alles wat je ziet. Dit kan door een tweede audiospoor toe te voegen aan de video dat zowel de normale audio bevat als de audiodescriptie. Andere oplossingen zijn ook mogelijk.",,,1,Wed May 27 2026 13:10:53 GMT+0200 (Midden-Europese zomertijd),Wed May 27 2026 13:10:53 GMT+0200 (Midden-Europese zomertijd)
9058d83b-003c-424c-8aa8-4459ef07e9a8,175959f5-2e6d-4655-bfcf-19f99237cb88,B012,cd31b01e-f6f1-4e3a-bbbe-c83d8c570848,,open,klein,redacteur,"Op meerdere pagina's worden URL's als linktekst gebruikt. De volledige URL wordt dan als zichtbare tekst van de link getoond. Hulpsoftware leest de URL letter voor letter voor (""w-w-w punt bunschoten punt n-l slash...""), wat moeilijk te volgen is voor de gebruiker. Bovendien is een URL als linktekst niet zelfstandig beschrijvend voor de actie of bestemming.

Voorbeelden:
- Op de pagina ""Contact en openingstijden"" staat onder de kop ""Snel Herstel of Boa-melding"" de link ""www.bunschoten.nl/melding""
- Op de pagina ""Activiteiten 80 jaar vrijheid"" staan onder verschillende activiteiten links met URL's als linktekst, zoals ""www.oostwende.nl/80jaarvrijheid"", ""www.bibliotheekeemland.nl"" en ""www.covbunschoten.nl""
- Op de pagina ""Onderscheidingen"" staan binnen het uitklap-blok ""Koninklijke onderscheidingen"" en ""Overige onderscheidingen"" links met URL's als linktekst, zoals ""www.lintjes.nl"", ""aanvraag.koninklijkeonderscheidingen.nl"" en ""www.drenkeling.nl""
- Op de pagina ""Gemeentebelasting"" staan onder de koppen ""WOZ"" en ""Heeft u vragen?"" links met URL's als linktekst, zoals ""gblt.nl/woz"" en ""gblt.nl""
- Op de pagina ""Verduurzamen woning"" staan links met URL's als linktekst, zoals ""www.energiepunt.nl"" en ""adviespunt-vve.nl""","Vervang de URL als linktekst door een beschrijvende tekst die de actie of bestemming benoemt, bijvoorbeeld ""een melding maken in Fixi"" of ""naar het meldingsformulier"". Een goed voorbeeld op dezelfde pagina als de URL-links is de link ""de website van Eemland1"".",,,1,Wed May 27 2026 13:10:53 GMT+0200 (Midden-Europese zomertijd),Wed May 27 2026 13:10:53 GMT+0200 (Midden-Europese zomertijd)
a6bd180d-97dc-4c9a-88d5-64204c81244e,175959f5-2e6d-4655-bfcf-19f99237cb88,B021,cd31b01e-f6f1-4e3a-bbbe-c83d8c570848,,open,klein,redacteur,"Op de pagina staat onder de kop ""Strooiroutes"" een knop met de tekst ""Bekijk de kaart met strooiroutes"". De link gaat naar een PDF-document, maar dat blijkt niet uit de linktekst of een aanduiding ernaast. Een gebruiker verwacht na het klikken een interactieve kaart of webpagina, maar krijgt een PDF-download. Op andere pagina's binnen de website wordt bij PDF-downloads wel een PDF-icoon en de bestandsgrootte getoond (""PDF, ... kB""), waardoor de gebruiker vooraf weet wat er gebeurt.","Voeg aan de linktekst een aanduiding toe dat het om een PDF gaat, bijvoorbeeld ""Bekijk de kaart met strooiroutes (PDF)"". Toon eventueel ook de bestandsgrootte, zoals dat op andere pagina's al gebeurt.",,,5,Wed May 27 2026 13:10:53 GMT+0200 (Midden-Europese zomertijd),Wed May 27 2026 13:10:53 GMT+0200 (Midden-Europese zomertijd)
a3e997d3-5087-44ea-800e-2ac094d10501,175959f5-2e6d-4655-bfcf-19f99237cb88,B023,953b6042-bb8c-4124-ae4b-a5b1669fe425,,resolved,,,"Op de pagina staat onder de label ""Wat is uw vraag, opmerking of suggestie?"" een invoerveld van één regel. Een gebruiker die een uitgebreide vraag of suggestie wil typen, kan zijn tekst niet in één keer overzien: een deel verdwijnt aan de zijkant van het veld. Voor mensen die hun tekst willen controleren of corrigeren, of die de pagina ingezoomd bekijken, is dat lastig. Voor een vrije vraag of suggestie verwacht de gebruiker een groter, meerregelig invoerveld.","Vervang het invoerveld van één regel door een groter invoerveld waarin meerdere regels passen, zodat de gebruiker zijn volledige vraag of suggestie in één keer kan overzien en bewerken.",,,0,Wed May 27 2026 13:10:53 GMT+0200 (Midden-Europese zomertijd),Wed May 27 2026 13:10:53 GMT+0200 (Midden-Europese zomertijd)
932670ce-651a-4bdb-a844-eea594db3694,175959f5-2e6d-4655-bfcf-19f99237cb88,B024,967dd178-96c9-487f-aaf9-6508032abe65,,resolved,,,"Op stap 1 van het contactformulier herhaalt de staptitel (h2 ""Algemeen contactformulier voor vragen en suggesties"") de naam van het formulier. De kop beschrijft niet de inhoud van deze stap zelf. Gebruikers die via koppen navigeren, zoals mensen die een schermlezer gebruiken, kunnen op basis van deze kop niet opmaken wat er in deze stap van hen wordt verwacht.","Vervang de h2 door een beschrijvende staptitel die aangeeft wat er in deze stap wordt gevraagd, bijvoorbeeld ""Over dit formulier"" of ""Uw vraag of suggestie"".",,,1,Wed May 27 2026 13:10:53 GMT+0200 (Midden-Europese zomertijd),Wed May 27 2026 13:10:53 GMT+0200 (Midden-Europese zomertijd)
02c54927-f118-42b7-99b3-1f30cda4da0a,175959f5-2e6d-4655-bfcf-19f99237cb88,B025,73fc903b-3e33-460d-a942-d5bfb3a34254,,open,klein,ontwikkelaar,"Op stap 2 van het contactformulier moeten persoonlijke gegevens worden ingevuld. Voor de invoervelden die om persoonsgegevens vragen, is een autocomplete-attribuut nodig op het input-element. Dit zorgt ervoor dat browsers en hulpsoftware ondersteuning kunnen geven bij het invullen van deze invoervelden, bijvoorbeeld door ze automatisch in te vullen met eerder opgeslagen waarden. Het autocomplete-attribuut ontbreekt op dit moment bij de invoervelden Achternaam, Postcode, Woonplaats, E-mailadres en Telefoonnummer.","Voeg op elk relevant invoerveld een passend autocomplete-attribuut toe:
- Achternaam: `autocomplete=""family-name""`
- Postcode: `autocomplete=""postal-code""`
- Woonplaats: `autocomplete=""address-level2""`
- E-mailadres: `autocomplete=""email""`
- Telefoonnummer: `autocomplete=""tel""` of `autocomplete=""tel-national""`

Op de volgende pagina is meer informatie te vinden over de toepassing van dit attribuut en welke waardes verplicht zijn om te gebruiken. Zie: https://www.w3.org/Translations/WCAG22-nl/#input-purposes.",,,0,Wed May 27 2026 13:10:53 GMT+0200 (Midden-Europese zomertijd),Wed May 27 2026 13:10:53 GMT+0200 (Midden-Europese zomertijd)
587d3424-ff2e-4f3c-a1f4-0f27c582a902,175959f5-2e6d-4655-bfcf-19f99237cb88,B027,41d09e8c-c857-457c-a799-ffc0539e7722,,open,klein,redacteur,In het PDF-document staan drie afbeeldingen die geen tekstalternatief hebben. Het gaat onder andere om het logo van de gemeente Bunschoten dat bovenaan de pagina staat. Mensen die de PDF laten voorlezen door hulpsoftware krijgen niet mee dat dit logo op de pagina staat.,"Geef informatieve afbeeldingen, zoals het logo, in het bronbestand een tekstalternatief. Voor het logo volstaat bijvoorbeeld ""Gemeente Bunschoten"". Markeer afbeeldingen die alleen een decoratieve functie hebben als artefact, zodat hulpsoftware ze overslaat.",,,3,Wed May 27 2026 13:10:53 GMT+0200 (Midden-Europese zomertijd),Wed May 27 2026 13:10:53 GMT+0200 (Midden-Europese zomertijd)
d77e7202-d48f-4f86-b101-1bce6ee1db9c,175959f5-2e6d-4655-bfcf-19f99237cb88,B030,143487c8-c34d-4cf6-bb8d-ad91a9db7b53,,open,matig,redacteur,"De leesvolgorde van het PDF-document volgt niet de logica van het organogram. Mensen die de PDF laten voorlezen door hulpsoftware horen eerst Gemeenteraad, daarna Interne Service, dan Griffie, vervolgens Omgevingsontwikkeling en pas later College B&W. De uitvoerende afdelingen en de bestuursdelen worden zo door elkaar voorgelezen. De legende ""= bestuur"" staat aan het einde, los van de bestuursdelen waarop hij betrekking heeft. De documenttitel ""ORGANOGRAM GEMEENTE BUNSCHOTEN"" staat helemaal onderaan in de leesvolgorde, terwijl gebruikers verwachten eerst te horen waar het document over gaat.","Pas de leesvolgorde in het bronbestand aan, zodat de inhoud in een logische volgorde voor hulpsoftware beschikbaar komt. Begin met de documenttitel, gevolgd door de bestuursdelen (Gemeenteraad, Griffie, College B&W) en daarna de uitvoerende afdelingen. Plaats de legende ""= bestuur"" direct na of bij de bestuursdelen. Exporteer het document daarna opnieuw als PDF.",,,0,Wed May 27 2026 13:10:53 GMT+0200 (Midden-Europese zomertijd),Wed May 27 2026 13:10:53 GMT+0200 (Midden-Europese zomertijd)
1e519987-238a-4bb0-84fb-12a63b1a3cac,175959f5-2e6d-4655-bfcf-19f99237cb88,B022,41d09e8c-c857-457c-a799-ffc0539e7722,,open,matig,redacteur,"Op de pagina is informatie over welke wegen gestrooid worden alleen beschikbaar via een PDF-kaart (""Bekijk de kaart met strooiroutes""). Een tekstueel alternatief ontbreekt. Mensen die blind of slechtziend zijn kunnen de kaart niet bekijken en hebben daardoor geen toegang tot de informatie over de strooiroutes. Kaarten vallen onder de wettelijke uitzondering voor de overheid en hoeven niet toegankelijk te zijn. De informatie die ermee wordt overgebracht (welke wegen worden gestrooid) moet echter ook op een andere manier beschikbaar zijn.","Bied de informatie van de strooiroutes ook in tekstvorm aan, bijvoorbeeld als een lijst van straten of wegen per prioriteit op de webpagina.",,,1,Wed May 27 2026 13:10:53 GMT+0200 (Midden-Europese zomertijd),Wed May 27 2026 13:10:53 GMT+0200 (Midden-Europese zomertijd)
699282ba-5ad0-4a10-9d14-ddfad243c022,175959f5-2e6d-4655-bfcf-19f99237cb88,B031,c0dbc008-6147-462e-b77e-77e39976adb8,,open,matig,redacteur,Op deze pagina staat een video met de waarnemend burgemeester over 80 jaar vrijheid met visuele informatie. Deze informatie is niet beschikbaar voor iemand met een zichtbeperking en dus moet hier een alternatief voor komen.,"Dit alternatief kan geboden worden door deze informatie in het audiospoor op te nemen of een apart audiospoor toe te voegen met deze auditieve informatie (de zogenaamde audiodescriptie). In de video is hier op 1:18 (het tonen van het logo van de gemeente Bunschoten) genoeg ruimte voor, audiodescriptie is dan verplicht. Op de momenten dat de naambalk (0:02), het logo van ""80 jaar vrijheid"" (0:12) en de tekst over het lokale programma (0:44) in beeld komen is er onvoldoende ruimte voor audiodescriptie. Omdat er voor die momenten geen ruimte voor audiodescriptie is, volstaat een transcript onder dit succescriterium. Er moet daarom in dit geval ook een transcript komen voor de video, zie succescriterium 1.2.3.",,,2,Wed May 27 2026 13:10:53 GMT+0200 (Midden-Europese zomertijd),Wed May 27 2026 13:10:53 GMT+0200 (Midden-Europese zomertijd)
83797264-9faa-4145-aace-78d678b43366,175959f5-2e6d-4655-bfcf-19f99237cb88,B002,4cb21fff-b4e0-4bd5-a312-f472f8541396,,open,matig,redacteur,"In de footer staat onder de kop ""Gemeentehuis"" eerst het adres (Stadsspui 1, 3752 CL Bunschoten-Spakenburg) en daarna drie items: Telefoon, WhatsApp en Contactformulier. In de code staat dit alles in één alinea (p-element), gescheiden door regeleinden (br-elementen). Het adres hoort programmatisch niet bij de drie items eronder, en die drie items vormen visueel een opsomming. Hierdoor kondigt hulpsoftware niet aan dat het om een lijst van drie items gaat.","Plaats het adres in een eigen alinea (p-element). Plaats Telefoon, WhatsApp en Contactformulier daaronder in een ongeordende lijst (ul-element), met elk item in een eigen list-item.",,,1,Wed May 27 2026 13:10:53 GMT+0200 (Midden-Europese zomertijd),Wed May 27 2026 13:10:53 GMT+0200 (Midden-Europese zomertijd)
cfe62c1e-2f40-4560-949c-2d1cb19220b2,175959f5-2e6d-4655-bfcf-19f99237cb88,B008,4a94beb7-198a-472f-8f94-59884d7b235c,,open,matig,redacteur,"Op de pagina staan video's van trouwambtenaren waarin visuele informatie voorkomt. Deze informatie is niet hoorbaar en daardoor niet beschikbaar voor mensen die blind of slechtziend zijn. Zorg ervoor dat er een alternatief voor deze visuele informatie komt.

Hierbij enkele voorbeelden van informatie die in beeld staat (visueel) en niet te horen is:
- In de video's van Omaima Ben Hammi en Pierre van der Gijp verschijnt aan het begin de naam van de trouwambtenaar in beeld; deze naam wordt niet hoorbaar genoemd
- In de video van Roel de Graaf verschijnt aan het einde het logo van de gemeente Bunschoten in beeld; dit wordt niet hoorbaar genoemd

Bij deze video's is er voldoende ruimte aan het eind om audiodescriptie toe te voegen, bijvoorbeeld bij het logo van de gemeente Bunschoten. Voor de overige informatie is onvoldoende ruimte, bijvoorbeeld voor de naam van de trouwambtenaar.","Voor succescriterium 1.2.3 zijn er twee opties: een transcript of audiodescriptie. Voor succescriterium 1.2.5 is een transcript echter niet meer toegestaan als er voldoende ruimte is voor audiodescriptie. In dat geval moet er audiodescriptie zijn om te voldoen aan niveau AA. Het is het beste om zowel een transcript als audiodescriptie aan te bieden.

Het transcript moet alle informatie in de video bevatten, zowel hoorbaar als zichtbaar. Waar mogelijk wordt het transcript ook voorzien van zogenaamde timestamps. Plaats het transcript onder de video. Een transcript kan voor meerdere mensen voordelen hebben. Voor sommige mensen kan informatie in een video te snel gaan, dan kan een transcript een goed alternatief zijn. Mensen die niet kunnen zien en niet kunnen horen, kunnen een transcript omzetten naar braille.

Audiodescriptie zorgt ervoor dat alle visuele informatie ook hoorbaar wordt. Oftewel: hoor alles wat je ziet. Dit kan door een tweede audiospoor toe te voegen aan de video dat zowel de normale audio bevat als de audiodescriptie. Andere oplossingen zijn ook mogelijk.",,,0,Wed May 27 2026 13:10:53 GMT+0200 (Midden-Europese zomertijd),Wed May 27 2026 13:10:53 GMT+0200 (Midden-Europese zomertijd)
afed09d7-aa4e-484e-8c85-13a75a32e898,4d230920-ea82-4261-bcc0-cb858d8562bc,B003,4cb21fff-b4e0-4bd5-a312-f472f8541396,,open,matig,redacteur,"In de footer staat onder de kop ""Sociale media"" een rij met links naar Facebook, Instagram, X, YouTube en LinkedIn. Visueel is dit een opsomming, maar in de code staan de links los achter elkaar in een alinea (p-element) en niet in een lijst (ul met li). Hierdoor kan hulpsoftware niet aankondigen dat het om een lijst gaat en uit hoeveel items deze bestaat.","Plaats de sociale-media-links in een ongeordende lijst, met elke link in een eigen list-item. Voeg in de broncode de class ""horizontal"" toe aan de ul om de lijst horizontaal weer te geven.",,,0,Wed May 27 2026 14:44:58 GMT+0200 (Midden-Europese zomertijd),Wed May 27 2026 14:44:58 GMT+0200 (Midden-Europese zomertijd)
11987bf1-5e8d-49ea-83da-c10f0f347e6b,4d230920-ea82-4261-bcc0-cb858d8562bc,B007,cd31b01e-f6f1-4e3a-bbbe-c83d8c570848,,open,klein,redacteur,"Op de pagina staat onder de kop ""Stel uw vraag via het online formulier"" een link met de tekst ""Vraag stellen"". De link staat in een eigen alinea, zonder context in dezelfde alinea. Daardoor kan hulpsoftware bij het doorlopen van de linkenlijst niet aankondigen waar de link naartoe leidt.","Maak in de linktekst zelf duidelijk waar de link naartoe gaat, bijvoorbeeld ""Vraag stellen via het contactformulier"". Of plaats de link binnen een alinea die de context geeft. Een andere oplossing is een icoontje met aria-label ""formulier"" toevoegen, zoals de knop ""Vraag stellen"" onder de kop ""Contact met de gemeente"" op deze zelfde pagina.",,,0,Wed May 27 2026 16:09:14 GMT+0200 (Midden-Europese zomertijd),Tue Jun 02 2026 13:25:48 GMT+0200 (Midden-Europese zomertijd)
ca848e25-429f-4379-bc0c-3c5c7ee861c9,4d230920-ea82-4261-bcc0-cb858d8562bc,B005,4cb21fff-b4e0-4bd5-a312-f472f8541396,,open,matig,redacteur,"In de footer staan de koppen ""Bezoekadres"", ""Postadres"", ""Sociale media"" en ""Meer informatie"" als kop op niveau 3. Op de pagina staat er geen h2 kop boven die deze koppen logisch onder zich heeft. Daardoor lijken deze koppen in de structuur ondergeschikt aan een eerdere kop op de pagina, terwijl ze daar inhoudelijk niet bij horen.","Markeer de koppen in de footer als h2, zodat de koppenstructuur op de pagina geen niveau overslaat en hulpsoftware de footer-secties op het juiste niveau aankondigt.",,,2,Wed May 27 2026 15:45:32 GMT+0200 (Midden-Europese zomertijd),Tue Jun 02 2026 11:04:06 GMT+0200 (Midden-Europese zomertijd)
9b498513-14e9-4e47-b8b1-a45c645be651,4d230920-ea82-4261-bcc0-cb858d8562bc,B009,cd31b01e-f6f1-4e3a-bbbe-c83d8c570848,,resolved,,,"Onder Stap 4 staat een knop met de tekst ""Download hier de schriftelijke toestemming"", gevolgd door een icoon dat door hulpsoftware wordt voorgelezen als ""formulier"". De link verwijst echter naar een niet-invulbaar PDF-document dat uitgeprint en met de hand ingevuld moet worden. Voor gebruikers wekt de aanduiding ""formulier"" de indruk dat het om een online of invulbaar formulier gaat, terwijl het in werkelijkheid een afdrukbaar PDF-document is.","Pas de linktekst aan zodat duidelijk is dat het om een afdrukbaar PDF-document gaat, bijvoorbeeld ""Download de schriftelijke toestemming (PDF, om af te drukken en in te vullen)"". Vervang of verwijder daarbij het ""formulier""-icoon als dat verwarrend werkt.",,,1,Wed May 27 2026 17:30:56 GMT+0200 (Midden-Europese zomertijd),Wed May 27 2026 17:30:56 GMT+0200 (Midden-Europese zomertijd)
09a72472-96e4-4a22-a64c-1adb35c9dd39,4d230920-ea82-4261-bcc0-cb858d8562bc,B013,cd31b01e-f6f1-4e3a-bbbe-c83d8c570848,,open,matig,redacteur,"Onder de kop ""Persoonlijk contact"" staat de zin ""Bel 040 208 35 31"". De linktekst is een telefoonnummer, maar de link verwijst niet naar een belactie en ook niet naar een pagina van de gemeente Valkenswaard. In plaats daarvan opent de link de website van de gemeente Cranendonck (www.cranendonck.nl). Daardoor komt een gebruiker bij het aanklikken van het telefoonnummer onverwacht op de site van een andere gemeente terecht.",Vervang de link zodat het telefoonnummer direct gebeld kan worden bij het aanklikken.,,,2,Wed May 27 2026 18:05:00 GMT+0200 (Midden-Europese zomertijd),Tue Jun 02 2026 13:31:38 GMT+0200 (Midden-Europese zomertijd)
22424c2f-cac9-467b-bfa3-da61bcf0433f,4d230920-ea82-4261-bcc0-cb858d8562bc,B008,4cb21fff-b4e0-4bd5-a312-f472f8541396,,open,matig,redacteur,"Op de pagina staat onder de kop ""Contact met de gemeente"" een blok met twee instructiezinnen en daaronder drie knoppen (""Afspraak maken"", ""Melding maken"" en ""Vraag stellen""). De twee instructiezinnen staan in de code als een opsomming, terwijl het geen opsomming is maar twee losse alinea's. De drie knoppen staan los achter elkaar in een alinea, terwijl ze visueel een opsomming vormen. Daardoor kondigt hulpsoftware een opsomming aan waar er geen is, en mist tegelijk de opsomming waar er wel een zichtbaar is.",Zet de twee instructiezinnen in losse alinea's. Plaats de drie knoppen daaronder in een opsomming met elke knop als eigen item.,,,3,Wed May 27 2026 17:22:08 GMT+0200 (Midden-Europese zomertijd),Tue Jun 02 2026 11:08:33 GMT+0200 (Midden-Europese zomertijd)
3b5cf98d-2650-4f99-aa7e-25aadd09b96c,4d230920-ea82-4261-bcc0-cb858d8562bc,B011,4cb21fff-b4e0-4bd5-a312-f472f8541396,,open,matig,redacteur,"Op de pagina hebben alle koppen onder de paginatitel het niveau kop 3. Gebruikers van een schermlezer raken hierdoor in verwarring, omdat ze een h2 kop missen die daarboven zou moeten staan.","Markeer de koppen op deze pagina als h2, zodat de koppenstructuur direct onder de h1 op het juiste niveau begint en geen niveau wordt overgeslagen.",,,4,Wed May 27 2026 17:38:44 GMT+0200 (Midden-Europese zomertijd),Tue Jun 02 2026 12:03:02 GMT+0200 (Midden-Europese zomertijd)
f55e292c-30a5-45a5-ae0b-ff76347dce05,4d230920-ea82-4261-bcc0-cb858d8562bc,B010,dbbfa87d-0ed1-4b4b-b63c-2a9f75ff5a4d,,open,matig,redacteur,"Op de pagina staat onder de Nederlandse uitleg een Engelse vertaling met daarna nog een Engelse zin over telefonisch contact. De pagina is in de code als Nederlands gemarkeerd, maar deze Engelse passages hebben geen eigen taal-aanduiding. Daardoor leest hulpsoftware de Engelse tekst voor met de Nederlandse uitspraak, wat de tekst voor schermlezers onverstaanbaar maakt.","Markeer de Engelse passages met een lang-attribuut, bijvoorbeeld door de twee Engelse alinea's te plaatsen in een element met lang=""en"". Zo schakelt hulpsoftware tijdens het voorlezen automatisch over op de Engelse uitspraak.",,,0,Wed May 27 2026 17:34:42 GMT+0200 (Midden-Europese zomertijd),Tue Jun 02 2026 13:39:46 GMT+0200 (Midden-Europese zomertijd)
4573c84c-9d92-42a1-8c43-4eee01f2664e,4d230920-ea82-4261-bcc0-cb858d8562bc,B019,41d09e8c-c857-457c-a799-ffc0539e7722,,open,klein,redacteur,"Onder de kop ""De Groote Meer: toen en nu"" staan twee foto's naast elkaar die de situatie voor en na het herstel laten zien. Het bijschrift onder de foto's vermeldt alleen wanneer ze zijn gemaakt (""De Groote Meer begin 2025"" en ""De Groote Meer maart 2026""), maar niet wat er op de foto's te zien is. Daardoor missen blinde of slechtziende gebruikers het verschil tussen de overwoekerde, dichtgegroeide situatie van begin 2025 en het herstelde, open ven van maart 2026, terwijl dit verschil juist de kern van het verhaal op deze pagina is.","Vul het bijschrift onder elke foto aan met een korte beschrijving van wat er te zien is. Bijvoorbeeld ""De Groote Meer begin 2025: het ven is grotendeels dichtgegroeid met riet en planten, het water is nauwelijks zichtbaar"" en ""De Groote Meer maart 2026: het ven is opnieuw open water, met zandige oevers en bos op de achtergrond"".",,,1,Wed May 27 2026 18:58:04 GMT+0200 (Midden-Europese zomertijd),Wed May 27 2026 18:58:04 GMT+0200 (Midden-Europese zomertijd)
491f16f3-ab7d-4e05-9cb3-109662b1c3c9,4d230920-ea82-4261-bcc0-cb858d8562bc,B017,4a94beb7-198a-472f-8f94-59884d7b235c,,open,matig,redacteur,"Op de pagina staat onder de kop ""De Groote Meer: een sfeerimpressie"" een video waarin visuele informatie voorkomt:
- Op 0:07 verschijnt een naambalkje in beeld met ""Projectleider Daan, gemeente Valkenswaard""; deze informatie wordt niet hoorbaar genoemd

Deze informatie is niet hoorbaar en daardoor niet beschikbaar voor mensen die blind of slechtziend zijn. Zorg ervoor dat er een alternatief voor deze visuele informatie komt. Er is in deze video voldoende ruimte aanwezig om audiodescriptie toe te voegen.","Voor succescriterium 1.2.3 zijn er twee opties: een transcript of audiodescriptie. Voor succescriterium 1.2.5 is een transcript echter niet meer toegestaan als er voldoende ruimte is voor audiodescriptie. In dat geval moet er audiodescriptie zijn om te voldoen aan niveau AA. Het is het beste om zowel een transcript als audiodescriptie aan te bieden.

Het transcript moet alle informatie in de video bevatten, zowel hoorbaar als zichtbaar. Waar mogelijk wordt het transcript ook voorzien van zogenaamde timestamps. Plaats het transcript onder de video. Een transcript kan voor meerdere mensen voordelen hebben. Voor sommige mensen kan informatie in een video te snel gaan, dan kan een transcript een goed alternatief zijn. Mensen die niet kunnen zien en niet kunnen horen, kunnen een transcript omzetten naar braille.

Audiodescriptie zorgt ervoor dat alle visuele informatie ook hoorbaar wordt. Oftewel: hoor alles wat je ziet. Dit kan door een tweede audiospoor toe te voegen aan de video dat zowel de normale audio bevat als de audiodescriptie. Andere oplossingen zijn ook mogelijk.",,,0,Wed May 27 2026 18:54:39 GMT+0200 (Midden-Europese zomertijd),Tue Jun 02 2026 10:16:29 GMT+0200 (Midden-Europese zomertijd)
6b21bb98-0fa9-43c2-b78b-0a30e3903126,4d230920-ea82-4261-bcc0-cb858d8562bc,B018,c0dbc008-6147-462e-b77e-77e39976adb8,,open,matig,redacteur,"Op de pagina staat onder de kop ""De Groote Meer: een sfeerimpressie"" een video met visuele informatie:
- Op 0:07 verschijnt een naambalkje in beeld met ""Projectleider Daan, gemeente Valkenswaard""; deze informatie wordt niet hoorbaar genoemd

Deze informatie is niet beschikbaar voor mensen die blind of slechtziend zijn, dus moet hier een alternatief voor komen.","Voor dit succescriterium is audiodescriptie verplicht (niveau AA), waar ruimte is in het standaard audiospoor om deze informatie te geven. Er is in deze video voldoende ruimte hiervoor aanwezig. Een media-alternatief is hier niet meer toegestaan als oplossing.",,,0,Wed May 27 2026 18:54:53 GMT+0200 (Midden-Europese zomertijd),Tue Jun 02 2026 10:31:24 GMT+0200 (Midden-Europese zomertijd)
2b5e3339-cdbb-4eed-8a59-ccbbf69b80f7,4d230920-ea82-4261-bcc0-cb858d8562bc,B020,4cb21fff-b4e0-4bd5-a312-f472f8541396,,resolved,,,"Op de overzichtspagina staan twaalf nieuwskaarten. Elf van deze kaarten hebben een titel die is gemarkeerd als h2-kop, gevolgd door een datum en een korte introtekst (teaser). De kaart ""Doe mee met de Week van de Mentale Gezondheid – Hoe blijf jij mentaal fit?"" wijkt af: de titel is een gewone link in plaats van een h2 en er staat geen introtekst onder de titel.",Maak de opmaak van deze nieuwskaart gelijk aan de andere kaarten: markeer de titel als h2 en voeg een korte introtekst onder de titel toe.,,,6,Wed May 27 2026 19:04:50 GMT+0200 (Midden-Europese zomertijd),Tue Jun 02 2026 11:47:54 GMT+0200 (Midden-Europese zomertijd)
9eec1678-f443-4648-a042-4d1a99d6cd05,4d230920-ea82-4261-bcc0-cb858d8562bc,B030,4cb21fff-b4e0-4bd5-a312-f472f8541396,,open,matig,ontwikkelaar,"Op de pagina staan twee overkoepelende koppen (""Behandelde onderwerpen in het inwonerspanel"" en ""Na de start in 2022 gaf het panel zijn mening over de volgende onderwerpen"") die elk meerdere accordions onder zich hebben. Zowel deze overkoepelende koppen als de koppen binnen de accordions (""2023 en 2024"", ""Mei 2022 – Bijeenkomst..."", ""Juni 2022 – Vragenlijst..."" enzovoort) zijn in de code gemarkeerd als h2. Daardoor staat de accordion-inhoud op hetzelfde niveau als de overkoepelende kop, terwijl deze inhoudelijk eronder valt.","Twee opties:
- Markeer de koppen binnen de accordions als h3, zodat ze één niveau onder de overkoepelende h2 staan en de koppenstructuur de inhoudelijke hiërarchie weergeeft.
- Of verwijder de heading-elementen binnen de summary en laat de summary alleen de knoptekst zijn. De accordion wordt dan voor hulpsoftware als knop aangekondigd zonder extra kop-aanduiding.",,,9,Wed May 27 2026 20:26:55 GMT+0200 (Midden-Europese zomertijd),Wed May 27 2026 20:26:55 GMT+0200 (Midden-Europese zomertijd)
7e08d460-885f-47bd-81a6-d8df885cf549,4d230920-ea82-4261-bcc0-cb858d8562bc,B034,41d09e8c-c857-457c-a799-ffc0539e7722,,open,matig,redacteur,Bovenaan het PDF-document staat het logo van de gemeente Valkenswaard. Het logo heeft geen tekstalternatief en wordt niet door hulpsoftware aangekondigd. Daardoor weten gebruikers van een schermlezer niet dat het document afkomstig is van de gemeente Valkenswaard.,"Voorzie het logo van een tekstalternatief, bijvoorbeeld ""Logo gemeente Valkenswaard"".",,,5,Wed May 27 2026 21:04:13 GMT+0200 (Midden-Europese zomertijd),Tue Jun 02 2026 09:24:24 GMT+0200 (Midden-Europese zomertijd)
30919a40-7504-45cc-8987-ba19de858d41,4d230920-ea82-4261-bcc0-cb858d8562bc,B036,4cb21fff-b4e0-4bd5-a312-f472f8541396,,open,matig,redacteur,"In het PDF-document staan onder de koppen ""Ondergetekende(n)"" en ""Toestemming"" twee tabellen. In de linkerkolom staan beschrijvingen (""Naam ouder 1/voogd"", ""Geboortedatum"", ""Naam minderjarige"" enzovoort), in de rechterkolom een ruimte om de gevraagde gegevens met de hand in te vullen. In de opbouw van de PDF zijn deze tabellen opgezet alsof er kolomkoppen bovenaan staan, terwijl die er niet zijn. Voor hulpsoftware is daardoor onduidelijk wat een kop is en wat een invulruimte. Bovendien staat niet aangegeven dat de woorden links bedoeld zijn als label bij de invulruimte ernaast.","Markeer in beide tabellen de woorden links (zoals ""Naam ouder 1/voogd"" en ""Naam minderjarige"") als rij-kop bij de invulruimte ernaast.",,,11,Wed May 27 2026 21:13:04 GMT+0200 (Midden-Europese zomertijd),Tue Jun 02 2026 12:29:33 GMT+0200 (Midden-Europese zomertijd)
d0ba8f97-bf12-4906-8f93-3d5897fdd250,4d230920-ea82-4261-bcc0-cb858d8562bc,B033,4cb21fff-b4e0-4bd5-a312-f472f8541396,,open,matig,redacteur,"In de PDF ""Toestemmingsformulier reisdocument minderjarige"" zijn de visuele koppen niet als heading-tag gemarkeerd. De hoofdtitel ""Toestemmingsformulier afgifte reisdocument aan minderjarige"" en de groene sectiebalken ""Ondergetekende(n)"" en ""Toestemming"" staan in de tag-tree als P-element (alinea), niet als H1 of H2. Daardoor kan hulpsoftware de koppenstructuur van de PDF niet voorlezen en kunnen gebruikers niet snel door de secties navigeren.","Markeer de hoofdtitel als H1 en de sectie-balken ""Ondergetekende(n)"" en ""Toestemming"" als H2. Zo komt de koppenstructuur van de PDF overeen met de visuele weergave en kan hulpsoftware de secties als kop aankondigen.",,,10,Wed May 27 2026 21:02:37 GMT+0200 (Midden-Europese zomertijd),Tue Jun 02 2026 12:42:04 GMT+0200 (Midden-Europese zomertijd)
8cc16180-f955-44c9-a9f6-989447e826ed,4d230920-ea82-4261-bcc0-cb858d8562bc,B037,143487c8-c34d-4cf6-bb8d-ad91a9db7b53,,open,matig,redacteur,"Onder de kop ""Ondertekening"" staan visueel twee kolommen naast elkaar: links ""Handtekening ouder /voogd 1"" met daaronder een datum-veld, en rechts ""Handtekening ouder /voogd 2"" met daaronder een datum-veld. In de leesvolgorde van de PDF staan beide regels ""Handtekening ouder"" eerst achter elkaar, daarna beide regels ""/voogd 1"" en ""/voogd 2"", en hetzelfde geldt voor de datum-velden eronder. Daardoor worden de kolommen niet goed voorgelezen door hulpsoftware.",Pas de leesvolgorde aan zodat eerst de complete linker kolom wordt voorgelezen en daarna de complete rechter kolom.,,,0,Wed May 27 2026 21:16:30 GMT+0200 (Midden-Europese zomertijd),Tue Jun 02 2026 12:48:31 GMT+0200 (Midden-Europese zomertijd)
cffd05f2-e537-4dc7-bb61-a1b386e0caba,4d230920-ea82-4261-bcc0-cb858d8562bc,B032,73fc903b-3e33-460d-a942-d5bfb3a34254,,open,klein,redacteur,"Op het veld ""Buitenlands telefoonnummer"" in het formulier ontbreekt het autocomplete-attribuut ""tel"". Daardoor kan de browser het veld niet automatisch invullen.","Voeg het autocomplete-attribuut ""tel"" toe aan het veld.",,,0,Wed May 27 2026 20:54:15 GMT+0200 (Midden-Europese zomertijd),Tue Jun 02 2026 16:21:30 GMT+0200 (Midden-Europese zomertijd)
5b2a7e13-0784-4224-9743-12dd55a7dc4b,4d230920-ea82-4261-bcc0-cb858d8562bc,B043,f9bb183a-eaa4-40fd-b878-91858322913f,,open,matig,ontwikkelaar,"In de PDF ""Toekomstvisie 2040"" is in de documenteigenschappen geen taal ingesteld. Daardoor weet hulpsoftware niet welke taal de tekst heeft en wordt de inhoud mogelijk voorgelezen met de verkeerde uitspraak.","Stel in de documenteigenschappen onder ""Geavanceerd"" de taal in op ""Nederlands"". Zo gebruikt hulpsoftware automatisch de Nederlandse uitspraak bij het voorlezen van het document.",,,0,Wed May 27 2026 21:29:10 GMT+0200 (Midden-Europese zomertijd),Wed May 27 2026 21:29:10 GMT+0200 (Midden-Europese zomertijd)
fc36e745-cf08-4251-84eb-017f40316fec,4d230920-ea82-4261-bcc0-cb858d8562bc,B042,c5da9884-1520-4257-9c7c-cfdf3e78c7a6,,open,klein,redacteur,"In de documenteigenschappen van de PDF staat als titel ""Toekomstvisie B5 WT.indd"". Dit is de interne bestandsnaam van het Adobe InDesign-bronbestand, niet een leesbare titel die de inhoud van het document beschrijft. Hulpsoftware en de browser-tabtitel tonen deze interne naam, waardoor gebruikers niet weten waar het document over gaat.","Vul de titel in de documenteigenschappen aan tot een leesbare titel, bijvoorbeeld ""Toekomstvisie 2040 gemeente Valkenswaard"". Stel daarnaast bij de ""Weergave bij openen"" in dat de documenttitel wordt getoond in plaats van de bestandsnaam, zodat de leesbare titel ook daadwerkelijk in de browser-tab en in Acrobat zichtbaar is.",,,1,Wed May 27 2026 21:29:06 GMT+0200 (Midden-Europese zomertijd),Wed May 27 2026 21:44:44 GMT+0200 (Midden-Europese zomertijd)
71d1ca36-b39e-4855-ba53-a1b8be880a0d,4d230920-ea82-4261-bcc0-cb858d8562bc,B026,41d09e8c-c857-457c-a799-ffc0539e7722,,open,klein,redacteur,"Op de pagina staat een groepsfoto van de gemeenteraad. De afbeelding heeft een leeg tekstalternatief, waardoor hulpsoftware deze foto overslaat. Daardoor missen gebruikers met hulpsoftware de informatie dat er een groepsfoto van de gemeenteraad staat.","Voorzie de groepsfoto van een tekstalternatief, bijvoorbeeld ""Groepsfoto van de gemeenteraad van Valkenswaard"".",,,4,Wed May 27 2026 19:43:11 GMT+0200 (Midden-Europese zomertijd),Tue Jun 02 2026 09:27:30 GMT+0200 (Midden-Europese zomertijd)
630d9f55-4c06-44fb-a560-b0242ced71e3,35a3b077-91f2-41a7-ac21-0dc40577e669,B001,35d250a4-d5a2-4d75-9ebd-6fc4c6da9cbc,,resolved,,,"Op de website is een versie voor hoog contrast aanwezig. Deze is aan te zetten door middel van een zogenaamde ""contrast switch"".

Dit succescriterium is volledig getest in de modus voor hoog contrast. De versie voor hoog contrast wordt gezien als een alternatief voor de standaard versie.

Hierdoor kunnen er contrastproblemen zijn in de standaard versie. Deze zijn verder niet beoordeeld.","We adviseren om ook de standaard versie te voorzien van voldoende kleurcontrast in alle teksten. Dit bevordert de toegankelijkheid van de website voor bezoekers met een zichtbeperking.

Teksten met voldoende kleurcontrast lezen ook makkelijker voor alle lezers. Het lezen is hierdoor minder intensief, kost minder energie en het lezen wordt (onbewust) als prettiger ervaren. Hierdoor is de lezer eerder geneigd om over te gaan tot activatie.

De versie voor hoog contrast kan dan vervolgens ingezet worden voor een ""verhoogd contrast"", waarbij wordt voldaan aan succescriterium WCAG 1.4.6 Verhoogd contrast (niveau AAA).",,,0,Fri May 29 2026 10:06:06 GMT+0200 (Midden-Europese zomertijd),Fri May 29 2026 10:06:06 GMT+0200 (Midden-Europese zomertijd)
14b512b9-691c-4a81-967f-c35093579d84,35a3b077-91f2-41a7-ac21-0dc40577e669,B002,9b23fa6b-a0de-4779-b78a-2649f20d17e7,,resolved,,,"Op de website is een versie voor hoog contrast aanwezig. Deze is aan te zetten door middel van een zogenaamde ""contrast switch"".

Dit succescriterium is volledig getest in de modus voor hoog contrast. De versie voor hoog contrast wordt gezien als een alternatief voor de standaard versie.

Hierdoor kunnen er contrastproblemen zijn met grafische elementen in de standaard versie. Deze zijn verder niet beoordeeld.","We adviseren om ook de standaard versie te voorzien van voldoende contrast voor grafische elementen, zoals iconen, knoppen en formuliervelden. Dit bevordert de toegankelijkheid van de website voor bezoekers met een zichtbeperking.

De versie voor hoog contrast kan dan vervolgens ingezet worden voor een ""verhoogd contrast"".",,,0,Fri May 29 2026 10:06:06 GMT+0200 (Midden-Europese zomertijd),Fri May 29 2026 10:06:06 GMT+0200 (Midden-Europese zomertijd)
d54109cc-7be0-49cf-9799-deada961e619,4d230920-ea82-4261-bcc0-cb858d8562bc,B040,cf8f7d38-2002-4ede-aa09-a382fd4c22f5,,open,kritiek,redacteur,"Het PDF-document ""Toekomstvisie 2040"" bestaat volledig uit afbeeldingen. De tekst in het document is onderdeel van die afbeeldingen en is niet als echte tekst in het document opgenomen. Daardoor kan hulpsoftware de inhoud niet uit het document zelf voorlezen en kunnen gebruikers de tekst niet vergroten, kopiëren of het lettertype aanpassen.",Maak het PDF-document opnieuw vanuit het brondocument zodat de inhoud als echte tekst beschikbaar is.,,,7,Wed May 27 2026 21:28:56 GMT+0200 (Midden-Europese zomertijd),Tue Jun 02 2026 09:34:54 GMT+0200 (Midden-Europese zomertijd)
b435c874-53bc-480e-b477-34fe95017658,9d8d3b8c-2675-4603-b6b6-01125bf9b024,B001,35d250a4-d5a2-4d75-9ebd-6fc4c6da9cbc,,resolved,,,"Op de website is een versie voor hoog contrast aanwezig. Deze is aan te zetten door middel van een zogenaamde ""contrast switch"".

Dit succescriterium is volledig getest in de modus voor hoog contrast. De versie voor hoog contrast wordt gezien als een alternatief voor de standaard versie.

Hierdoor kunnen er contrastproblemen zijn in de standaard versie. Deze zijn verder niet beoordeeld.","We adviseren om ook de standaard versie te voorzien van voldoende kleurcontrast in alle teksten. Dit bevordert de toegankelijkheid van de website voor bezoekers met een zichtbeperking.

Teksten met voldoende kleurcontrast lezen ook makkelijker voor alle lezers. Het lezen is hierdoor minder intensief, kost minder energie en het lezen wordt (onbewust) als prettiger ervaren. Hierdoor is de lezer eerder geneigd om over te gaan tot activatie.

De versie voor hoog contrast kan dan vervolgens ingezet worden voor een ""verhoogd contrast"", waarbij wordt voldaan aan succescriterium WCAG 1.4.6 Verhoogd contrast (niveau AAA).",,,0,Fri May 29 2026 10:30:33 GMT+0200 (Midden-Europese zomertijd),Fri May 29 2026 10:30:33 GMT+0200 (Midden-Europese zomertijd)
aeae1b78-9df2-443d-a78e-e4d2a3d26984,9d8d3b8c-2675-4603-b6b6-01125bf9b024,B002,9b23fa6b-a0de-4779-b78a-2649f20d17e7,,resolved,,,"Op de website is een versie voor hoog contrast aanwezig. Deze is aan te zetten door middel van een zogenaamde ""contrast switch"".

Dit succescriterium is volledig getest in de modus voor hoog contrast. De versie voor hoog contrast wordt gezien als een alternatief voor de standaard versie.

Hierdoor kunnen er contrastproblemen zijn met grafische elementen in de standaard versie. Deze zijn verder niet beoordeeld.","We adviseren om ook de standaard versie te voorzien van voldoende contrast voor grafische elementen, zoals iconen, knoppen en formuliervelden. Dit bevordert de toegankelijkheid van de website voor bezoekers met een zichtbeperking.

De versie voor hoog contrast kan dan vervolgens ingezet worden voor een ""verhoogd contrast"".",,,0,Fri May 29 2026 10:30:33 GMT+0200 (Midden-Europese zomertijd),Fri May 29 2026 10:30:33 GMT+0200 (Midden-Europese zomertijd)
a958730d-882e-4bfa-b319-8395acf6e5ee,84e92ff0-0d0b-4442-819c-2c30531238b5,B001,35d250a4-d5a2-4d75-9ebd-6fc4c6da9cbc,,resolved,,,"Op de website is een versie voor hoog contrast aanwezig. Deze is aan te zetten door middel van een zogenaamde ""contrast switch"".

Dit succescriterium is volledig getest in de modus voor hoog contrast. De versie voor hoog contrast wordt gezien als een alternatief voor de standaard versie.

Hierdoor kunnen er contrastproblemen zijn in de standaard versie. Deze zijn verder niet beoordeeld.","We adviseren om ook de standaard versie te voorzien van voldoende kleurcontrast in alle teksten. Dit bevordert de toegankelijkheid van de website voor bezoekers met een zichtbeperking.

Teksten met voldoende kleurcontrast lezen ook makkelijker voor alle lezers. Het lezen is hierdoor minder intensief, kost minder energie en het lezen wordt (onbewust) als prettiger ervaren. Hierdoor is de lezer eerder geneigd om over te gaan tot activatie.

De versie voor hoog contrast kan dan vervolgens ingezet worden voor een ""verhoogd contrast"", waarbij wordt voldaan aan succescriterium WCAG 1.4.6 Verhoogd contrast (niveau AAA).",,,0,Fri May 29 2026 10:44:40 GMT+0200 (Midden-Europese zomertijd),Fri May 29 2026 10:44:40 GMT+0200 (Midden-Europese zomertijd)
e775b64e-a7ff-49e4-ae3e-961395b05248,84e92ff0-0d0b-4442-819c-2c30531238b5,B002,9b23fa6b-a0de-4779-b78a-2649f20d17e7,,resolved,,,"Op de website is een versie voor hoog contrast aanwezig. Deze is aan te zetten door middel van een zogenaamde ""contrast switch"".

Dit succescriterium is volledig getest in de modus voor hoog contrast. De versie voor hoog contrast wordt gezien als een alternatief voor de standaard versie.

Hierdoor kunnen er contrastproblemen zijn met grafische elementen in de standaard versie. Deze zijn verder niet beoordeeld.","We adviseren om ook de standaard versie te voorzien van voldoende contrast voor grafische elementen, zoals iconen, knoppen en formuliervelden. Dit bevordert de toegankelijkheid van de website voor bezoekers met een zichtbeperking.

De versie voor hoog contrast kan dan vervolgens ingezet worden voor een ""verhoogd contrast"".",,,0,Fri May 29 2026 10:44:40 GMT+0200 (Midden-Europese zomertijd),Fri May 29 2026 10:44:40 GMT+0200 (Midden-Europese zomertijd)
b07548e5-dce7-4543-ba61-2e81e7bd8934,4d230920-ea82-4261-bcc0-cb858d8562bc,B045,967dd178-96c9-487f-aaf9-6508032abe65,,open,klein,redacteur,"Op de pagina staat onder de kop ""Reuzenbalsemien / Sprinbalsemien"" een galerij met twee afbeeldingen. Wanneer een afbeelding wordt vergroot, verschijnt de bestandsnaam (""rb1.png"" of ""rb2.png"") als bijschrift bij de afbeelding. Hetzelfde gebeurt in de toegankelijkheidsnaam van de link naar de afbeelding (""Bekijk afbeelding: rb1.png""). Voor zowel ziende gebruikers als gebruikers van een schermlezer is een bestandsnaam geen bruikbare informatie.","Vervang de bestandsnaam in de vergrote weergave door een korte beschrijving van wat er op de foto staat. Wanneer de afbeelding geen informatie toevoegt aan de tekst op de pagina, gebruik dan geen galerij maar een gewone afbeelding.",,,0,Mon Jun 01 2026 21:06:41 GMT+0200 (Midden-Europese zomertijd),Mon Jun 01 2026 21:06:41 GMT+0200 (Midden-Europese zomertijd)
d15280d6-ad0b-4f8a-a58d-45f8fab0b23d,4d230920-ea82-4261-bcc0-cb858d8562bc,B035,4cb21fff-b4e0-4bd5-a312-f472f8541396,,open,matig,redacteur,"In het PDF-document staat onder de kop ""Toestemming"" een lijst met twee keuze-opties: ""Nederlands Paspoort"" en ""Nederlandse identiteitskaart"". Vóór elke optie staat visueel een rondje dat fungeert als selectievakje. In de structuur van het document is dit rondje opgenomen als de letter ""o"", waardoor hulpsoftware ""o Nederlands Paspoort"" voorleest. Daardoor herkennen gebruikers van een schermlezer niet dat dit een keuze-optie is en weten ze niet wat de bedoeling van het rondje is.","Vervang het rondje door een echt selectievakje of markeer de opties als keuzelijst, zodat hulpsoftware kan voorlezen dat het om aankruisbare opties gaat.",,,6,Wed May 27 2026 21:08:13 GMT+0200 (Midden-Europese zomertijd),Tue Jun 02 2026 09:22:31 GMT+0200 (Midden-Europese zomertijd)
96da2348-e25d-49b3-b032-fd414d0f4a95,4d230920-ea82-4261-bcc0-cb858d8562bc,B016,df8f254d-1714-47bb-a54d-bf36898f2a4b,,open,matig,redacteur,"Op de pagina staat onder de kop ""De Groote Meer: een sfeerimpressie"" een video. De video heeft een automatisch gegenereerde ondertiteling van YouTube. De tekst bevat fouten waardoor de inhoud verkeerd wordt weergegeven. Voorbeelden in de video:
- 0:37 ""verlamen"" terwijl er ""verlanden"" wordt gezegd
- 0:53 ""uitbakken van het meer"" terwijl er ""uitbaggeren van het meer"" wordt gezegd
- 0:55 ""binnnen de korte keren"" terwijl er ""binnen de kortste keren"" wordt gezegd
- 1:13 ""vleermou"" terwijl er ""vleermuizen"" wordt gezegd

Automatisch gegenereerde ondertiteling is meestal niet betrouwbaar genoeg om als toegankelijk alternatief te dienen voor mensen die doof of slechthorend zijn.","Gebruik de automatisch gegenereerde ondertiteling als basis en corrigeer de fouten. Zorg dat de ondertiteling de gesproken tekst nauwkeurig weergeeft, inclusief belangrijke geluiden en sprekersaanduiding waar relevant.",,,0,Wed May 27 2026 18:44:17 GMT+0200 (Midden-Europese zomertijd),Tue Jun 02 2026 10:20:46 GMT+0200 (Midden-Europese zomertijd)
f08c6a33-6b71-4231-bd2e-1091ece7601c,4d230920-ea82-4261-bcc0-cb858d8562bc,B023,4a94beb7-198a-472f-8f94-59884d7b235c,,open,matig,redacteur,"Op de pagina staat onder de kop ""Meer weten?"" een video waarin visuele informatie voorkomt:
- Op 0:05 verschijnt een naambalkje in beeld met ""Paul van Werde, Boomverzorger gemeente Valkenswaard""; deze informatie wordt niet hoorbaar genoemd
- Aan het einde verschijnt het logo van de gemeente Valkenswaard in beeld; dit wordt niet hoorbaar genoemd

Deze informatie is niet hoorbaar en daardoor niet beschikbaar voor mensen die blind of slechtziend zijn. Zorg ervoor dat er een alternatief voor deze visuele informatie komt. Er is in deze video voldoende ruimte aanwezig om audiodescriptie toe te voegen.","Voor succescriterium 1.2.3 zijn er twee opties: een transcript of audiodescriptie. Voor succescriterium 1.2.5 is een transcript echter niet meer toegestaan als er voldoende ruimte is voor audiodescriptie. In dat geval moet er audiodescriptie zijn om te voldoen aan niveau AA. Het is het beste om zowel een transcript als audiodescriptie aan te bieden.

Het transcript moet alle informatie in de video bevatten, zowel hoorbaar als zichtbaar. Waar mogelijk wordt het transcript ook voorzien van zogenaamde timestamps. Plaats het transcript onder de video. Een transcript kan voor meerdere mensen voordelen hebben. Voor sommige mensen kan informatie in een video te snel gaan, dan kan een transcript een goed alternatief zijn. Mensen die niet kunnen zien en niet kunnen horen, kunnen een transcript omzetten naar braille.

Audiodescriptie zorgt ervoor dat alle visuele informatie ook hoorbaar wordt. Oftewel: hoor alles wat je ziet. Dit kan door een tweede audiospoor toe te voegen aan de video dat zowel de normale audio bevat als de audiodescriptie. Andere oplossingen zijn ook mogelijk.",,,1,Wed May 27 2026 19:31:02 GMT+0200 (Midden-Europese zomertijd),Tue Jun 02 2026 10:12:30 GMT+0200 (Midden-Europese zomertijd)
19c0cc09-983a-4c8c-902b-cfb90d4cac68,4d230920-ea82-4261-bcc0-cb858d8562bc,B004,4cb21fff-b4e0-4bd5-a312-f472f8541396,,resolved,,,"In de footer staat onder de kop ""Bezoekadres"" het bezoekadres met telefoonnummer in één alinea. Daardoor kunnen gebruikers van een schermlezer het bezoekadres en het telefoonnummer niet als losse onderdelen herkennen.

Onder de kop ""Postadres"" staat het postadres met e-mailadres in één alinea. Daardoor kunnen gebruikers van een schermlezer het postadres en het e-mailadres niet als losse onderdelen herkennen.","Overweeg om het adres en het telefoonnummer (onder ""Bezoekadres"") en het adres en het e-mailadres (onder ""Postadres"") als aparte onderdelen op te nemen, zodat ze in de code los van elkaar herkenbaar zijn.",,,1,Wed May 27 2026 14:46:24 GMT+0200 (Midden-Europese zomertijd),Tue Jun 02 2026 10:54:57 GMT+0200 (Midden-Europese zomertijd)
e4a3a964-54aa-4d2b-81ef-65c28ca95742,4d230920-ea82-4261-bcc0-cb858d8562bc,B046,4cb21fff-b4e0-4bd5-a312-f472f8541396,,open,klein,redacteur,"Op de pagina's bevatten koppen een strong-element om de koptekst vetgedrukt te tonen. Op ""Bedrijf of beroep aan huis"" geldt dit voor alle koppen onder de paginatitel. Op ""Hulp bij geldzorgen, werk en inkomen"" geldt dit voor de koppen ""Contact met de gemeente"", ""Persoonlijk contact"" en ""Online contact"". Het strong-element is niet nodig, omdat een kop al voldoende semantische betekenis heeft.",Verwijder de strong-elementen uit de koppen.,,,13,Tue Jun 02 2026 12:12:27 GMT+0200 (Midden-Europese zomertijd),Tue Jun 02 2026 12:12:27 GMT+0200 (Midden-Europese zomertijd)
0a42bca1-6a8e-4de6-b5dd-e21618d952b7,4d230920-ea82-4261-bcc0-cb858d8562bc,B044,35d250a4-d5a2-4d75-9ebd-6fc4c6da9cbc,,open,matig,ontwerper,"De koppen in het document worden weergegeven in een rood-/perzikachtige kleur (#F16164). Deze kleur wordt zowel op een witte achtergrond (#FFFFFF) als op een beige achtergrond (#EAE4D1) gebruikt, bijvoorbeeld in de beige tekstblokken bij thema's als ""Economie"", ""Mobiliteit"" en ""Samenleving"". In beide gevallen is het contrast 2,2:1, terwijl minimaal 3:1 vereist is voor grote tekst en 4,5:1 voor reguliere tekst. Daardoor zijn de koppen voor slechtziende gebruikers slecht leesbaar.","Pas de kleur van de koppen aan zodat het contrast met beide achtergronden (wit en de beige tint) minimaal 4,5:1 is (of minimaal 3:1 als de koppen voldoen aan de criteria voor ""grote tekst"": minstens 18 punten, of minstens 14 punten bij vette tekst). Een donkerder rood-tint of een vergelijkbare kleur uit de huisstijl kan voldoende contrast bieden.",,,1,Wed May 27 2026 21:52:24 GMT+0200 (Midden-Europese zomertijd),Tue Jun 02 2026 13:05:39 GMT+0200 (Midden-Europese zomertijd)
327d30a9-2b62-4822-a853-ddd1a42d9563,4d230920-ea82-4261-bcc0-cb858d8562bc,B015,cd31b01e-f6f1-4e3a-bbbe-c83d8c570848,,open,klein,redacteur,"Onder de kop ""Masterplan Centrum"" staat een link met de tekst ""Meer informatie"". De link staat in een eigen alinea, zonder context in dezelfde alinea. Daardoor kan hulpsoftware bij het doorlopen van de linkenlijst niet aankondigen waar de link naartoe leidt.","Maak in de linktekst zelf duidelijk waar de link naartoe gaat, bijvoorbeeld ""Meer informatie over Masterplan Centrum"", of plaats de link binnen een alinea die de context geeft.",,,3,Wed May 27 2026 18:29:21 GMT+0200 (Midden-Europese zomertijd),Tue Jun 02 2026 13:33:49 GMT+0200 (Midden-Europese zomertijd)
c7a53241-b207-4c57-b195-4817bd891c8b,3eb5531b-661d-4f06-a621-68594a23acfe,B018,35d250a4-d5a2-4d75-9ebd-6fc4c6da9cbc,,open,matig,ontwerper,"Op de pagina staan onder de kaart twee invoervelden met placeholdertekst ""Zoek in de lijst"" en ""Zoek in de buurt van"". Deze grijze placeholdertekst (#ABAECD) op de witte achtergrond (#FFFFFF) heeft een contrastverhouding van 2,2:1. Dat is lager dan de vereiste 4,5:1. Hierdoor is de tekst moeilijk leesbaar voor mensen met een visuele beperking.

De kaart zelf valt onder de wettelijke uitzondering voor kaarten. Die uitzondering geldt niet voor de zoekvelden waarmee gebruikers het tekstuele alternatief (de lijst) doorzoeken. Die moeten wel aan de contrasteis voldoen.","Maak de placeholdertekst donkerder zodat de contrastverhouding met de witte achtergrond minimaal 4,5:1 is.",,,2,Tue Jun 23 2026 10:39:47 GMT+0200 (Midden-Europese zomertijd),Tue Jun 23 2026 10:39:47 GMT+0200 (Midden-Europese zomertijd)
e71b1bf8-b153-4213-b590-34a790a38305,3eb5531b-661d-4f06-a621-68594a23acfe,B005,4cb21fff-b4e0-4bd5-a312-f472f8541396,,resolved,,,"Op de contactpagina staan onder de koppen ""Bezoek ons:"" en ""Postadres:"" adressen in een lijst met één item. Een lijst hoort twee of meer items te bevatten. De tekst kan beter als alinea worden opgemaakt.",Vervang de lijst onder de kop door een alinea.,,,1,Tue Jun 23 2026 10:39:47 GMT+0200 (Midden-Europese zomertijd),Tue Jun 23 2026 11:24:23 GMT+0200 (Midden-Europese zomertijd)
088ec44d-0e48-442b-84ed-296f1d6970f2,3eb5531b-661d-4f06-a621-68594a23acfe,B009,4cb21fff-b4e0-4bd5-a312-f472f8541396,,resolved,serieus,redacteur,"Het PDF-document Heerlen Stadskrant maart 2026 is niet getagd. Dit wil zeggen dat er geen structuur is aangegeven in het bestand door middel van tags. Hulpsoftware (zoals een schermlezer) kan hierdoor niet bepalen wat koppen, alinea's, lijsten en andere onderdelen zijn.","Tag het PDF-document. Zorg dat de structuur (koppen, alinea's, lijsten, afbeeldingen) als tags is vastgelegd, zodat hulpsoftware de inhoud goed kan voorlezen en doorzoeken.",,,3,Tue Jun 23 2026 10:39:47 GMT+0200 (Midden-Europese zomertijd),Tue Jun 23 2026 11:09:46 GMT+0200 (Midden-Europese zomertijd)
1c9395a2-5587-468f-ada3-426d89181c00,3eb5531b-661d-4f06-a621-68594a23acfe,B015,cd31b01e-f6f1-4e3a-bbbe-c83d8c570848,,resolved,klein,redacteur,"In de footer onder de kop ""Volg ons"" staan vier links naar sociale media met als toegankelijke naam alleen de naam van het platform: ""LinkedIn"", ""Facebook"", ""Instagram"" en ""YouTube"". Een schermlezer leest ""link, LinkedIn"" voor. Daaruit blijkt dat de link naar LinkedIn gaat, maar niet dat het specifiek de pagina van de gemeente Heerlen op dat platform is.","Vul de toegankelijke naam van elke link aan met de organisatie, bijvoorbeeld ""Gemeente Heerlen op LinkedIn"" of ""LinkedIn-pagina gemeente Heerlen"".",,,2,Tue Jun 23 2026 10:39:47 GMT+0200 (Midden-Europese zomertijd),Tue Jun 23 2026 11:22:26 GMT+0200 (Midden-Europese zomertijd)
39034eab-1c1d-41a6-9c50-91fff281e1dc,3eb5531b-661d-4f06-a621-68594a23acfe,B011,41d09e8c-c857-457c-a799-ffc0539e7722,,resolved,,,"Het PDF-document is niet getagd. Hierdoor zijn informatieve afbeeldingen niet gemarkeerd als Figure en hebben zij geen tekstalternatief. Mensen die blind zijn en een schermlezer gebruiken krijgen deze informatie daardoor niet aangeboden. Omdat het document niet is getagd, is niet vast te stellen of afbeeldingen correct zijn verwerkt. Hierdoor wordt dit nu niet afgekeurd. Zodra het document is getagd, kan dit opnieuw beoordeeld worden.",Zorg dat de PDF wordt voorzien van een volledige tags-structuur en maak daarbij onderscheid tussen informatieve en decoratieve afbeeldingen. Tag informatieve afbeeldingen als Figure en voorzie deze van een kort en beschrijvend tekstalternatief. Markeer decoratieve afbeeldingen als Artifact zodat hulpsoftware ze overslaat.,,,2,Tue Jun 23 2026 10:39:47 GMT+0200 (Midden-Europese zomertijd),Tue Jun 23 2026 11:22:37 GMT+0200 (Midden-Europese zomertijd)
dae12eed-d498-4d1c-bc99-1e383d942a54,3eb5531b-661d-4f06-a621-68594a23acfe,B014,4cb21fff-b4e0-4bd5-a312-f472f8541396,,resolved,,,"Op de pagina staan onder de kop ""Maak een afspraak"" het telefoonnummer en het e-mailadres in één alinea (p-element), gescheiden door een br-tag. Het zijn twee verschillende soorten contactinformatie die elk hun eigen alinea zouden moeten zijn, of die beter in een lijst kunnen worden geplaatst (zoals op de Contact-pagina).","Plaats het telefoonnummer en het e-mailadres elk in een eigen alinea, of beter nog in een ul-lijst zoals op de Contact-pagina.",,,4,Tue Jun 23 2026 10:39:47 GMT+0200 (Midden-Europese zomertijd),Tue Jun 23 2026 11:26:45 GMT+0200 (Midden-Europese zomertijd)
23e3ab65-723c-4205-a038-01409b4fff09,3eb5531b-661d-4f06-a621-68594a23acfe,B002,4cb21fff-b4e0-4bd5-a312-f472f8541396,,resolved,matig,redacteur,"In de footer staat onder de kop ""Volg ons"" een rij met vier links naar sociale media: LinkedIn, Facebook, Instagram en YouTube. Visueel is dit een opsomming, maar in de code staan de links los achter elkaar in een alinea (p-element) en niet in een lijst (ul met li). Hierdoor kan hulpsoftware niet aankondigen dat het om een lijst gaat en uit hoeveel items deze bestaat.","Plaats de sociale-media-links in een ongeordende lijst, met elke link in een eigen list-item.",,,0,Tue Jun 23 2026 10:39:47 GMT+0200 (Midden-Europese zomertijd),Fri Jun 26 2026 17:38:18 GMT+0200 (Midden-Europese zomertijd)
4ef4e6f0-a787-440e-8cfb-19fa8b55b5e5,3eb5531b-661d-4f06-a621-68594a23acfe,B006,4cb21fff-b4e0-4bd5-a312-f472f8541396,,resolved,klein,redacteur,"Op de pagina staan onder de h2-kop ""Trouwambtenaren"" negen kaarten met de namen van de trouwambtenaren, zoals Anne Rose Orbons, Arris Matlega en Eva Tholen. Deze namen zijn opgemaakt als h2-koppen. Omdat zij ondergeschikt zijn aan de h2 erboven horen ze h3 te zijn. Hierdoor klopt de koppenhiërarchie niet en kunnen schermlezer-gebruikers de structuur van de pagina niet goed bepalen.","Maak van de namen van de trouwambtenaren h3-koppen, zodat zij ondergeschikt zijn aan de h2 ""Trouwambtenaren"".",,,2,Tue Jun 23 2026 10:39:47 GMT+0200 (Midden-Europese zomertijd),Fri Jun 26 2026 17:39:15 GMT+0200 (Midden-Europese zomertijd)
66ec4295-96d6-4fb3-a54f-fee4ca9b639c,3eb5531b-661d-4f06-a621-68594a23acfe,B003,cd31b01e-f6f1-4e3a-bbbe-c83d8c570848,,open,matig,ontwikkelaar,"Rechtsboven in de header staan vier links naar andere taalversies van de website: NL, EN, DE en FR. De linktekst bestaat alleen uit een afkorting van twee letters. Hulpsoftware leest ""link, NL"", ""link, EN"", enzovoort voor; daaruit is niet duidelijk dat het om taalwisselaars gaat en welke taal er precies bedoeld wordt. De links staan bovendien in een nav met aria-label ""Snelmenu"" samen met ""Contact"". Ook in de tekst eromheen staat dus nergens dat dit een taalkeuze is.","Gebruik voor elke taallink de volledige naam van de taal in die taal zelf, bijvoorbeeld ""Nederlands"", ""English"", ""Deutsch"" en ""Français"". Voeg op elke link het lang-attribuut toe met de juiste taalcode (lang=""en"", lang=""de"", lang=""fr""), zodat hulpsoftware de naam in de juiste taal uitspreekt.",,,1,Tue Jun 23 2026 10:39:47 GMT+0200 (Midden-Europese zomertijd),Tue Jun 23 2026 10:39:47 GMT+0200 (Midden-Europese zomertijd)
9f33f28b-c570-4244-9fb4-6db4a2bbfb5a,3eb5531b-661d-4f06-a621-68594a23acfe,B007,41d09e8c-c857-457c-a799-ffc0539e7722,,resolved,klein,redacteur,"Op de pagina staat een portretfoto van Anne Rose Orbons met een leeg tekstalternatief (alt=""""). Daardoor wordt de afbeelding door hulpsoftware overgeslagen. Dit is onjuist omdat hier een portret staat van de persoon die centraal staat op de pagina. Schermlezer-gebruikers krijgen hierdoor niet mee dat er een afbeelding op de pagina staat en wie daarop te zien is.","Geef de portretfoto een passend tekstalternatief met de naam van de persoon, bijvoorbeeld alt=""Portret van Anne Rose Orbons"".",,,0,Tue Jun 23 2026 10:39:47 GMT+0200 (Midden-Europese zomertijd),Tue Jun 23 2026 11:03:18 GMT+0200 (Midden-Europese zomertijd)
8c8b41fc-db78-4395-b7aa-8ce54134a410,3eb5531b-661d-4f06-a621-68594a23acfe,B008,41d09e8c-c857-457c-a799-ffc0539e7722,,resolved,klein,redacteur,"Op de pagina staat het logo van het Interreg-project. Het tekstalternatief is ""logo van Interreg Noord-West Europa"". Het logo bevat echter ook de naam ""Circular Building Convert"" en de zin ""Co-funded by the European Union"". Deze informatie ontbreekt in het tekstalternatief, waardoor schermlezer-gebruikers niet meekrijgen welk project en welke financier in het logo staan.","Geef het logo een tekstalternatief dat alle namen weergeeft die in het logo staan, bijvoorbeeld alt=""Interreg North-West Europe – Circular Building Convert, mede-gefinancierd door de Europese Unie"".",,,1,Tue Jun 23 2026 10:39:47 GMT+0200 (Midden-Europese zomertijd),Tue Jun 23 2026 11:06:10 GMT+0200 (Midden-Europese zomertijd)
bf256fc3-4f62-4615-a637-b11cead45569,3eb5531b-661d-4f06-a621-68594a23acfe,B012,35d250a4-d5a2-4d75-9ebd-6fc4c6da9cbc,,resolved,serieus,ontwerper,"In het PDF-document staat op meerdere plekken tekst met onvoldoende contrast:

- Op de cover de handgeschreven tekst ""Goed gestemd?!"" in lichtblauw (#3BADEB) op een witte achtergrond (#FFFFFF). Het kleurcontrast is 2,5:1.
- Op pagina 2 (rechterkant van de spread) in het artikel ""Samen aan de slag in Eikenderveld"" witte tekst (#FFFFFF) op een groen verloop dat van licht- naar donkergroen loopt. Op de lichtgroene delen (#92BD10) is het kleurcontrast 2,2:1.
- De oranje koppen (#EC9100) op witte achtergrond (#FFFFFF), bijvoorbeeld op pagina 4 (linkerkant van de spread). Het kleurcontrast is 2,4:1.
- Op pagina 5 de kop ""Heerlen laat haar stem horen"" in wit (#FFFFFF) op een zacht roze achtergrond (#F1B8D5). Het kleurcontrast is 1,7:1.

Hierdoor is de tekst slecht leesbaar voor mensen met een verminderd gezichtsvermogen.","Het contrast van normale tekst moet minimaal 4,5:1 zijn en voor grote tekst minimaal 3,0:1. Maak de groene achtergrondkleur donkerder zodat het contrast met de witte tekst voldoet aan de eis.",,,0,Tue Jun 23 2026 10:39:47 GMT+0200 (Midden-Europese zomertijd),Tue Jun 23 2026 11:09:55 GMT+0200 (Midden-Europese zomertijd)
132b2183-27f5-4695-9677-938fff1dcc0e,3eb5531b-661d-4f06-a621-68594a23acfe,B016,35d250a4-d5a2-4d75-9ebd-6fc4c6da9cbc,,resolved,,,Op de website is een versie voor hoog contrast aanwezig. Deze is aan te zetten via het toegankelijkheidsmenu rechtsboven in de pagina. Dit succescriterium is volledig getest in de modus voor hoog contrast. De versie voor hoog contrast wordt gezien als een alternatief voor de standaard versie. Hierdoor kunnen er contrastproblemen zijn in de standaard versie. Deze zijn verder niet beoordeeld.,"We adviseren om ook de standaard versie te voorzien van voldoende kleurcontrast in alle teksten. Dit bevordert de toegankelijkheid van de website voor bezoekers met een zichtbeperking.

Teksten met voldoende kleurcontrast lezen ook makkelijker voor alle lezers. Het lezen is hierdoor minder intensief, kost minder energie en het lezen wordt (onbewust) als prettiger ervaren. Hierdoor is de lezer eerder geneigd om over te gaan tot activatie.

De versie voor hoog contrast kan dan vervolgens ingezet worden voor een ""verhoogd contrast"", waarbij wordt voldaan aan succescriterium [WCAG 1.4.6 Verhoogd contrast (niveau AAA)](https://www.w3.org/WAI/WCAG22/Understanding/contrast-enhanced.html).",,,1,Tue Jun 23 2026 10:39:47 GMT+0200 (Midden-Europese zomertijd),Tue Jun 23 2026 11:26:55 GMT+0200 (Midden-Europese zomertijd)
15a44dae-5522-4c83-810d-5ba5b7d4b454,3eb5531b-661d-4f06-a621-68594a23acfe,B017,9b23fa6b-a0de-4779-b78a-2649f20d17e7,,resolved,,,Op de website is een versie voor hoog contrast aanwezig. Deze is aan te zetten via het toegankelijkheidsmenu rechtsboven in de pagina. Dit succescriterium is volledig getest in de modus voor hoog contrast. De versie voor hoog contrast wordt gezien als een alternatief voor de standaard versie. Hierdoor kunnen er contrastproblemen zijn met grafische elementen in de standaard versie. Deze zijn verder niet beoordeeld.,"We adviseren om ook de standaard versie te voorzien van voldoende contrast voor grafische elementen, zoals iconen, knoppen en formuliervelden. Dit bevordert de toegankelijkheid van de website voor bezoekers met een zichtbeperking.

De versie voor hoog contrast kan dan vervolgens ingezet worden voor een ""verhoogd contrast"".",,,0,Tue Jun 23 2026 10:39:47 GMT+0200 (Midden-Europese zomertijd),Tue Jun 23 2026 11:27:26 GMT+0200 (Midden-Europese zomertijd)
19527aa0-4eb1-46d6-8770-9fb3eb254877,3eb5531b-661d-4f06-a621-68594a23acfe,B001,cd31b01e-f6f1-4e3a-bbbe-c83d8c570848,,resolved,,,"In de header staat het logo van de gemeente Heerlen als link naar de homepage. Het tekstalternatief is ""Beeldmerk van de gemeente Heerlen"" (op de Engelse versie: ""Logo of the Municipality of Heerlen""). Dit beschrijft het type grafisch element en niet het linkdoel. Een schermlezer leest ""link, Beeldmerk van de gemeente Heerlen"" voor; daaruit is niet meteen duidelijk dat de link naar de homepage gaat.","Vervang het tekstalternatief door alleen de organisatienaam, bijvoorbeeld ""Gemeente Heerlen"". Een schermlezer-gebruiker hoort dan kort en duidelijk waar de link heen gaat.",,,0,Tue Jun 23 2026 10:39:47 GMT+0200 (Midden-Europese zomertijd),Tue Jun 23 2026 11:29:12 GMT+0200 (Midden-Europese zomertijd)
981ec2aa-7b98-449e-8d2d-bac320df563d,3eb5531b-661d-4f06-a621-68594a23acfe,B010,c5da9884-1520-4257-9c7c-cfdf3e78c7a6,,resolved,klein,redacteur,"Het PDF-document Heerlen Stadskrant heeft een titel ingevuld in de bestandseigenschappen (""Heerlen Stadskrant""). Deze titel beschrijft echter niet welke uitgave het betreft (maart 2026). Daarnaast staat de weergave-instelling op ""bestandsnaam"", waardoor PDF-lezers en hulpsoftware de bestandsnaam tonen in plaats van de titel. Schermlezer-gebruikers horen daardoor geen beschrijvende documenttitel.","Vul een beschrijvende titel in die ook de uitgave benoemt, bijvoorbeeld ""Heerlen Stadskrant - maart 2026 - Goed gestemd?!"". Stel daarnaast in de PDF-eigenschappen (Bestand > Eigenschappen > Initiële weergave) bij ""Toon"" de optie ""Documenttitel"" in, zodat de titel wordt getoond in plaats van de bestandsnaam. Doe dit bij voorkeur al in het bronbestand voordat je exporteert naar PDF.",,,0,Tue Jun 23 2026 10:39:47 GMT+0200 (Midden-Europese zomertijd),Tue Jun 23 2026 11:16:50 GMT+0200 (Midden-Europese zomertijd)
e625fb73-5d64-42bc-ab40-da71196f6893,4d230920-ea82-4261-bcc0-cb858d8562bc,B047,35d250a4-d5a2-4d75-9ebd-6fc4c6da9cbc,,open,matig,redacteur,"In het document worden de sectiekoppen ""Ondergetekende(n)"", ""Toestemming"" en ""Ondertekening"" weergegeven als witte tekst op een groene achtergrond (#009A3D). De contrastverhouding is 3,7:1, terwijl WCAG voor kleine tekst minimaal 4,5:1 vereist. Hierdoor zijn de koppen voor mensen met een verminderd gezichtsvermogen lastig leesbaar.","Pas de achtergrondkleur van de koppen aan zodat de contrastverhouding met de witte tekst minimaal 4,5:1 wordt. Een donkerdere variant van het groen kan dit oplossen.",,,2,Thu Jun 25 2026 12:15:49 GMT+0200 (Midden-Europese zomertijd),Thu Jun 25 2026 12:16:53 GMT+0200 (Midden-Europese zomertijd)
32938ab2-4cf0-4f83-be68-d2cecaef06b6,21a690ed-3af7-426d-ae0d-8b5c6218c565,B001,35d250a4-d5a2-4d75-9ebd-6fc4c6da9cbc,,resolved,,,"Op de website is een versie voor hoog contrast aanwezig. Deze is aan te zetten door middel van een zogenaamde ""contrast switch"".

Dit succescriterium is volledig getest in de modus voor hoog contrast. De versie voor hoog contrast wordt gezien als een alternatief voor de standaard versie.

Hierdoor kunnen er contrastproblemen zijn in de standaard versie. Deze zijn verder niet beoordeeld.","We adviseren om ook de standaard versie te voorzien van voldoende kleurcontrast in alle teksten. Dit bevordert de toegankelijkheid van de website voor bezoekers met een zichtbeperking.

Teksten met voldoende kleurcontrast lezen ook makkelijker voor alle lezers. Het lezen is hierdoor minder intensief, kost minder energie en het lezen wordt (onbewust) als prettiger ervaren. Hierdoor is de lezer eerder geneigd om over te gaan tot activatie.

De versie voor hoog contrast kan dan vervolgens ingezet worden voor een ""verhoogd contrast"", waarbij wordt voldaan aan succescriterium WCAG 1.4.6 Verhoogd contrast (niveau AAA).",,,0,Fri Jun 26 2026 13:28:07 GMT+0200 (Midden-Europese zomertijd),Fri Jun 26 2026 13:28:07 GMT+0200 (Midden-Europese zomertijd)
33e1b2b3-2bb8-45fb-aa11-09b05e856861,21a690ed-3af7-426d-ae0d-8b5c6218c565,B002,9b23fa6b-a0de-4779-b78a-2649f20d17e7,,resolved,,,"Op de website is een versie voor hoog contrast aanwezig. Deze is aan te zetten door middel van een zogenaamde ""contrast switch"".

Dit succescriterium is volledig getest in de modus voor hoog contrast. De versie voor hoog contrast wordt gezien als een alternatief voor de standaard versie.

Hierdoor kunnen er contrastproblemen zijn met grafische elementen in de standaard versie. Deze zijn verder niet beoordeeld.","We adviseren om ook de standaard versie te voorzien van voldoende contrast voor grafische elementen, zoals iconen, knoppen en formuliervelden. Dit bevordert de toegankelijkheid van de website voor bezoekers met een zichtbeperking.

De versie voor hoog contrast kan dan vervolgens ingezet worden voor een ""verhoogd contrast"".",,,0,Fri Jun 26 2026 13:28:07 GMT+0200 (Midden-Europese zomertijd),Fri Jun 26 2026 13:28:07 GMT+0200 (Midden-Europese zomertijd)
2b8819b7-b5c3-4629-9c7f-e7957a3e11a2,bfcf29e4-fee0-4960-9401-e2aa5dacde45,B001,35d250a4-d5a2-4d75-9ebd-6fc4c6da9cbc,,resolved,,,"Op de website is een versie voor hoog contrast aanwezig. Deze is aan te zetten door middel van een zogenaamde ""contrast switch"".

Dit succescriterium is volledig getest in de modus voor hoog contrast. De versie voor hoog contrast wordt gezien als een alternatief voor de standaard versie.

Hierdoor kunnen er contrastproblemen zijn in de standaard versie. Deze zijn verder niet beoordeeld.","We adviseren om ook de standaard versie te voorzien van voldoende kleurcontrast in alle teksten. Dit bevordert de toegankelijkheid van de website voor bezoekers met een zichtbeperking.

Teksten met voldoende kleurcontrast lezen ook makkelijker voor alle lezers. Het lezen is hierdoor minder intensief, kost minder energie en het lezen wordt (onbewust) als prettiger ervaren. Hierdoor is de lezer eerder geneigd om over te gaan tot activatie.

De versie voor hoog contrast kan dan vervolgens ingezet worden voor een ""verhoogd contrast"", waarbij wordt voldaan aan succescriterium WCAG 1.4.6 Verhoogd contrast (niveau AAA).",,,0,Fri Jun 26 2026 13:29:17 GMT+0200 (Midden-Europese zomertijd),Fri Jun 26 2026 13:29:17 GMT+0200 (Midden-Europese zomertijd)
e97a6813-7642-4b34-aef9-d8ef9cc69358,bfcf29e4-fee0-4960-9401-e2aa5dacde45,B002,9b23fa6b-a0de-4779-b78a-2649f20d17e7,,resolved,,,"Op de website is een versie voor hoog contrast aanwezig. Deze is aan te zetten door middel van een zogenaamde ""contrast switch"".

Dit succescriterium is volledig getest in de modus voor hoog contrast. De versie voor hoog contrast wordt gezien als een alternatief voor de standaard versie.

Hierdoor kunnen er contrastproblemen zijn met grafische elementen in de standaard versie. Deze zijn verder niet beoordeeld.","We adviseren om ook de standaard versie te voorzien van voldoende contrast voor grafische elementen, zoals iconen, knoppen en formuliervelden. Dit bevordert de toegankelijkheid van de website voor bezoekers met een zichtbeperking.

De versie voor hoog contrast kan dan vervolgens ingezet worden voor een ""verhoogd contrast"".",,,0,Fri Jun 26 2026 13:29:17 GMT+0200 (Midden-Europese zomertijd),Fri Jun 26 2026 13:29:17 GMT+0200 (Midden-Europese zomertijd)
56b9014a-b60c-401d-b40a-91cb0ad49118,d9f5afb7-54a9-4ce8-b876-4f3580b31f55,B001,35d250a4-d5a2-4d75-9ebd-6fc4c6da9cbc,,resolved,,,"Op de website is een versie voor hoog contrast aanwezig. Deze is aan te zetten door middel van een zogenaamde ""contrast switch"".

Dit succescriterium is volledig getest in de modus voor hoog contrast. De versie voor hoog contrast wordt gezien als een alternatief voor de standaard versie.

Hierdoor kunnen er contrastproblemen zijn in de standaard versie. Deze zijn verder niet beoordeeld.","We adviseren om ook de standaard versie te voorzien van voldoende kleurcontrast in alle teksten. Dit bevordert de toegankelijkheid van de website voor bezoekers met een zichtbeperking.

Teksten met voldoende kleurcontrast lezen ook makkelijker voor alle lezers. Het lezen is hierdoor minder intensief, kost minder energie en het lezen wordt (onbewust) als prettiger ervaren. Hierdoor is de lezer eerder geneigd om over te gaan tot activatie.

De versie voor hoog contrast kan dan vervolgens ingezet worden voor een ""verhoogd contrast"", waarbij wordt voldaan aan succescriterium WCAG 1.4.6 Verhoogd contrast (niveau AAA).",,,0,Fri Jun 26 2026 13:30:32 GMT+0200 (Midden-Europese zomertijd),Fri Jun 26 2026 13:30:32 GMT+0200 (Midden-Europese zomertijd)
b84e01a6-17b5-43bf-a3e8-f86ad0c33c49,d9f5afb7-54a9-4ce8-b876-4f3580b31f55,B002,9b23fa6b-a0de-4779-b78a-2649f20d17e7,,resolved,,,"Op de website is een versie voor hoog contrast aanwezig. Deze is aan te zetten door middel van een zogenaamde ""contrast switch"".

Dit succescriterium is volledig getest in de modus voor hoog contrast. De versie voor hoog contrast wordt gezien als een alternatief voor de standaard versie.

Hierdoor kunnen er contrastproblemen zijn met grafische elementen in de standaard versie. Deze zijn verder niet beoordeeld.","We adviseren om ook de standaard versie te voorzien van voldoende contrast voor grafische elementen, zoals iconen, knoppen en formuliervelden. Dit bevordert de toegankelijkheid van de website voor bezoekers met een zichtbeperking.

De versie voor hoog contrast kan dan vervolgens ingezet worden voor een ""verhoogd contrast"".",,,0,Fri Jun 26 2026 13:30:32 GMT+0200 (Midden-Europese zomertijd),Fri Jun 26 2026 13:30:32 GMT+0200 (Midden-Europese zomertijd)
b31b5ce9-c319-42bb-ae42-e7a6c591762d,44076d33-b81b-4bcb-8bd8-6ae27ad6aa2d,B001,35d250a4-d5a2-4d75-9ebd-6fc4c6da9cbc,,resolved,,,"Op de website is een versie voor hoog contrast aanwezig. Deze is aan te zetten door middel van een zogenaamde ""contrast switch"".

Dit succescriterium is volledig getest in de modus voor hoog contrast. De versie voor hoog contrast wordt gezien als een alternatief voor de standaard versie.

Hierdoor kunnen er contrastproblemen zijn in de standaard versie. Deze zijn verder niet beoordeeld.","We adviseren om ook de standaard versie te voorzien van voldoende kleurcontrast in alle teksten. Dit bevordert de toegankelijkheid van de website voor bezoekers met een zichtbeperking.

Teksten met voldoende kleurcontrast lezen ook makkelijker voor alle lezers. Het lezen is hierdoor minder intensief, kost minder energie en het lezen wordt (onbewust) als prettiger ervaren. Hierdoor is de lezer eerder geneigd om over te gaan tot activatie.

De versie voor hoog contrast kan dan vervolgens ingezet worden voor een ""verhoogd contrast"", waarbij wordt voldaan aan succescriterium WCAG 1.4.6 Verhoogd contrast (niveau AAA).",,,0,Fri Jun 26 2026 13:31:26 GMT+0200 (Midden-Europese zomertijd),Fri Jun 26 2026 13:31:26 GMT+0200 (Midden-Europese zomertijd)
99a87c1b-ec8f-439d-bdcc-1713f05f4b1a,44076d33-b81b-4bcb-8bd8-6ae27ad6aa2d,B002,9b23fa6b-a0de-4779-b78a-2649f20d17e7,,resolved,,,"Op de website is een versie voor hoog contrast aanwezig. Deze is aan te zetten door middel van een zogenaamde ""contrast switch"".

Dit succescriterium is volledig getest in de modus voor hoog contrast. De versie voor hoog contrast wordt gezien als een alternatief voor de standaard versie.

Hierdoor kunnen er contrastproblemen zijn met grafische elementen in de standaard versie. Deze zijn verder niet beoordeeld.","We adviseren om ook de standaard versie te voorzien van voldoende contrast voor grafische elementen, zoals iconen, knoppen en formuliervelden. Dit bevordert de toegankelijkheid van de website voor bezoekers met een zichtbeperking.

De versie voor hoog contrast kan dan vervolgens ingezet worden voor een ""verhoogd contrast"".",,,0,Fri Jun 26 2026 13:31:26 GMT+0200 (Midden-Europese zomertijd),Fri Jun 26 2026 13:31:26 GMT+0200 (Midden-Europese zomertijd)
124be6a0-c035-4503-9bcc-d475abe2bd9d,defa249d-d4b2-4184-b269-3cbb73556ed0,B001,35d250a4-d5a2-4d75-9ebd-6fc4c6da9cbc,,resolved,,,"Op de website is een versie voor hoog contrast aanwezig. Deze is aan te zetten door middel van een zogenaamde ""contrast switch"".

Dit succescriterium is volledig getest in de modus voor hoog contrast. De versie voor hoog contrast wordt gezien als een alternatief voor de standaard versie.

Hierdoor kunnen er contrastproblemen zijn in de standaard versie. Deze zijn verder niet beoordeeld.","We adviseren om ook de standaard versie te voorzien van voldoende kleurcontrast in alle teksten. Dit bevordert de toegankelijkheid van de website voor bezoekers met een zichtbeperking.

Teksten met voldoende kleurcontrast lezen ook makkelijker voor alle lezers. Het lezen is hierdoor minder intensief, kost minder energie en het lezen wordt (onbewust) als prettiger ervaren. Hierdoor is de lezer eerder geneigd om over te gaan tot activatie.

De versie voor hoog contrast kan dan vervolgens ingezet worden voor een ""verhoogd contrast"", waarbij wordt voldaan aan succescriterium WCAG 1.4.6 Verhoogd contrast (niveau AAA).",,,0,Sat Jun 27 2026 16:43:25 GMT+0200 (Midden-Europese zomertijd),Sat Jun 27 2026 16:43:25 GMT+0200 (Midden-Europese zomertijd)
1e3562ac-d774-4e13-833c-e7974e4164fc,defa249d-d4b2-4184-b269-3cbb73556ed0,B002,9b23fa6b-a0de-4779-b78a-2649f20d17e7,,resolved,,,"Op de website is een versie voor hoog contrast aanwezig. Deze is aan te zetten door middel van een zogenaamde ""contrast switch"".

Dit succescriterium is volledig getest in de modus voor hoog contrast. De versie voor hoog contrast wordt gezien als een alternatief voor de standaard versie.

Hierdoor kunnen er contrastproblemen zijn met grafische elementen in de standaard versie. Deze zijn verder niet beoordeeld.

Een opvallend voorbeeld op de homepage: het waarschuwingsicoon (driehoek met uitroepteken) in de groene balk bij de melding ""Aangepaste openingstijden gemeentehuis"" heeft in de standaardweergave een contrast van 1,6:1 met de groene achtergrond (icoon #237A2D op #165720). In de hoogcontrastversie is dit icoon wel duidelijk zichtbaar.","We adviseren om ook de standaard versie te voorzien van voldoende contrast voor grafische elementen, zoals iconen, knoppen en formuliervelden. Dit bevordert de toegankelijkheid van de website voor bezoekers met een zichtbeperking.

De versie voor hoog contrast kan dan vervolgens ingezet worden voor een ""verhoogd contrast"".",,,0,Sat Jun 27 2026 16:43:25 GMT+0200 (Midden-Europese zomertijd),Sat Jun 27 2026 16:43:25 GMT+0200 (Midden-Europese zomertijd)
1804920c-b195-4dc2-9a28-d293b9ea263a,defa249d-d4b2-4184-b269-3cbb73556ed0,B027,4cb21fff-b4e0-4bd5-a312-f472f8541396,,open,klein,ontwikkelaar,"Op de pagina staat per collegelid een tabel met links de portretfoto en rechts naam, telefoon en e-mail. Deze tabel is alleen voor de lay-out gebruikt en bevat geen tabellaire data. Hulpsoftware kondigt deze tabel aan als ""tabel met 1 rij en 2 kolommen"", terwijl het visueel om een eenvoudig blok met foto en contactgegevens gaat.",Gebruik voor de combinatie foto + naam geen tabel. De tabel met nevenfuncties eronder kan zo blijven.,,,7,Sat Jun 27 2026 16:43:25 GMT+0200 (Midden-Europese zomertijd),Sat Jun 27 2026 16:43:25 GMT+0200 (Midden-Europese zomertijd)
a375e3c6-3d2d-4965-b622-adb1377fa3b1,defa249d-d4b2-4184-b269-3cbb73556ed0,B028,1f36c6a9-6e39-462e-8051-67c0ac31e0b2,,resolved,,,"Op de pagina staat bij elk collegelid het e-mailadres ""bestuurssecretariaat@valkenswaard.nl"". In de code is dit adres gesplitst in twee aparte links: de eerste letter ""b"" staat in een eigen link en de overige tekst ""estuurssecretariaat@valkenswaard.nl"" in een tweede link. Hulpsoftware kondigt deze twee aparte links aan en leest losse delen voor, waardoor gebruikers het e-mailadres niet als één samenhangend element herkennen.",Voeg het e-mailadres samen in één enkele link.,,,0,Sat Jun 27 2026 16:43:25 GMT+0200 (Midden-Europese zomertijd),Sat Jun 27 2026 16:43:25 GMT+0200 (Midden-Europese zomertijd)
d2a646ec-af90-47a4-bac2-854d81b427e3,defa249d-d4b2-4184-b269-3cbb73556ed0,B024,c0dbc008-6147-462e-b77e-77e39976adb8,,open,matig,redacteur,"Op de pagina staat onder de kop ""Meer weten?"" een video met visuele informatie:
- Op 0:05 verschijnt een naambalkje in beeld met ""Paul van Werde, Boomverzorger gemeente Valkenswaard""; deze informatie wordt niet hoorbaar genoemd
- Aan het einde verschijnt het logo van de gemeente Valkenswaard in beeld; dit wordt niet hoorbaar genoemd

Deze informatie is niet beschikbaar voor mensen die blind of slechtziend zijn, dus moet hier een alternatief voor komen.","Voor dit succescriterium is audiodescriptie verplicht (niveau AA), waar ruimte is in het standaard audiospoor om deze informatie te geven. Er is in deze video voldoende ruimte hiervoor aanwezig. Een media-alternatief is hier niet meer toegestaan als oplossing.",,,1,Sat Jun 27 2026 16:43:25 GMT+0200 (Midden-Europese zomertijd),Sat Jun 27 2026 16:43:25 GMT+0200 (Midden-Europese zomertijd)
e1cf10c1-3c01-4590-8699-8b1f9a5cc79f,defa249d-d4b2-4184-b269-3cbb73556ed0,B038,c5da9884-1520-4257-9c7c-cfdf3e78c7a6,,open,klein,redacteur,"De paginatitel van het PDF-document is ""Toestemmingsformulier afgifte reisdocument"". De zichtbare titel op de eerste pagina is ""Toestemmingsformulier afgifte reisdocument aan minderjarige"". Doordat de toevoeging ""aan minderjarige"" in de paginatitel ontbreekt, missen gebruikers de informatie dat het document specifiek over minderjarigen gaat.","Vul de paginatitel aan tot ""Toestemmingsformulier afgifte reisdocument aan minderjarige"", zodat deze overeenkomt met de zichtbare titel op de eerste pagina.",,,0,Sat Jun 27 2026 16:43:25 GMT+0200 (Midden-Europese zomertijd),Sat Jun 27 2026 16:43:25 GMT+0200 (Midden-Europese zomertijd)
80c11ff2-905d-4732-845b-50a50e05ef27,defa249d-d4b2-4184-b269-3cbb73556ed0,B043,f9bb183a-eaa4-40fd-b878-91858322913f,,open,matig,ontwikkelaar,"In de PDF ""Toekomstvisie 2040"" is in de documenteigenschappen geen taal ingesteld. Daardoor weet hulpsoftware niet welke taal de tekst heeft en wordt de inhoud mogelijk voorgelezen met de verkeerde uitspraak.","Stel in de documenteigenschappen onder ""Geavanceerd"" de taal in op ""Nederlands"". Zo gebruikt hulpsoftware automatisch de Nederlandse uitspraak bij het voorlezen van het document.",,,0,Sat Jun 27 2026 16:43:25 GMT+0200 (Midden-Europese zomertijd),Sat Jun 27 2026 16:43:25 GMT+0200 (Midden-Europese zomertijd)
b5940ef4-0245-4e34-bd58-f49d682296d2,defa249d-d4b2-4184-b269-3cbb73556ed0,B003,4cb21fff-b4e0-4bd5-a312-f472f8541396,,open,matig,redacteur,"In de footer staat onder de kop ""Sociale media"" een rij met links naar Facebook, Instagram, X, YouTube en LinkedIn. Visueel is dit een opsomming, maar in de code staan de links los achter elkaar in een alinea (p-element) en niet in een lijst (ul met li). Hierdoor kan hulpsoftware niet aankondigen dat het om een lijst gaat en uit hoeveel items deze bestaat.","Plaats de sociale-media-links in een ongeordende lijst, met elke link in een eigen list-item. Voeg in de broncode de class ""horizontal"" toe aan de ul om de lijst horizontaal weer te geven.",,,0,Sat Jun 27 2026 16:43:25 GMT+0200 (Midden-Europese zomertijd),Sat Jun 27 2026 16:43:25 GMT+0200 (Midden-Europese zomertijd)
c8b3f2ed-1df7-4fb9-b829-a1946d137c34,defa249d-d4b2-4184-b269-3cbb73556ed0,B007,cd31b01e-f6f1-4e3a-bbbe-c83d8c570848,,open,klein,redacteur,"Op de pagina staat onder de kop ""Stel uw vraag via het online formulier"" een link met de tekst ""Vraag stellen"". De link staat in een eigen alinea, zonder context in dezelfde alinea. Daardoor kan hulpsoftware bij het doorlopen van de linkenlijst niet aankondigen waar de link naartoe leidt.","Maak in de linktekst zelf duidelijk waar de link naartoe gaat, bijvoorbeeld ""Vraag stellen via het contactformulier"". Of plaats de link binnen een alinea die de context geeft. Een andere oplossing is een icoontje met aria-label ""formulier"" toevoegen, zoals de knop ""Vraag stellen"" onder de kop ""Contact met de gemeente"" op deze zelfde pagina.",,,0,Sat Jun 27 2026 16:43:25 GMT+0200 (Midden-Europese zomertijd),Sat Jun 27 2026 16:43:25 GMT+0200 (Midden-Europese zomertijd)
9387c256-573b-432b-9f42-85ce28a3baf8,defa249d-d4b2-4184-b269-3cbb73556ed0,B005,4cb21fff-b4e0-4bd5-a312-f472f8541396,,open,matig,redacteur,"In de footer staan de koppen ""Bezoekadres"", ""Postadres"", ""Sociale media"" en ""Meer informatie"" als kop op niveau 3. Op de pagina staat er geen h2 kop boven die deze koppen logisch onder zich heeft. Daardoor lijken deze koppen in de structuur ondergeschikt aan een eerdere kop op de pagina, terwijl ze daar inhoudelijk niet bij horen.","Markeer de koppen in de footer als h2, zodat de koppenstructuur op de pagina geen niveau overslaat en hulpsoftware de footer-secties op het juiste niveau aankondigt.",,,2,Sat Jun 27 2026 16:43:25 GMT+0200 (Midden-Europese zomertijd),Sat Jun 27 2026 16:43:25 GMT+0200 (Midden-Europese zomertijd)
373e2225-1cfa-4420-a6ed-32b44993c4c2,defa249d-d4b2-4184-b269-3cbb73556ed0,B009,cd31b01e-f6f1-4e3a-bbbe-c83d8c570848,,resolved,,,"Onder Stap 4 staat een knop met de tekst ""Download hier de schriftelijke toestemming"", gevolgd door een icoon dat door hulpsoftware wordt voorgelezen als ""formulier"". De link verwijst echter naar een niet-invulbaar PDF-document dat uitgeprint en met de hand ingevuld moet worden. Voor gebruikers wekt de aanduiding ""formulier"" de indruk dat het om een online of invulbaar formulier gaat, terwijl het in werkelijkheid een afdrukbaar PDF-document is.","Pas de linktekst aan zodat duidelijk is dat het om een afdrukbaar PDF-document gaat, bijvoorbeeld ""Download de schriftelijke toestemming (PDF, om af te drukken en in te vullen)"". Vervang of verwijder daarbij het ""formulier""-icoon als dat verwarrend werkt.",,,1,Sat Jun 27 2026 16:43:25 GMT+0200 (Midden-Europese zomertijd),Sat Jun 27 2026 16:43:25 GMT+0200 (Midden-Europese zomertijd)
67d33934-1ed2-4306-a786-a81a3f04dd11,defa249d-d4b2-4184-b269-3cbb73556ed0,B013,cd31b01e-f6f1-4e3a-bbbe-c83d8c570848,,open,matig,redacteur,"Onder de kop ""Persoonlijk contact"" staat de zin ""Bel 040 208 35 31"". De linktekst is een telefoonnummer, maar de link verwijst niet naar een belactie en ook niet naar een pagina van de gemeente Valkenswaard. In plaats daarvan opent de link de website van de gemeente Cranendonck (www.cranendonck.nl). Daardoor komt een gebruiker bij het aanklikken van het telefoonnummer onverwacht op de site van een andere gemeente terecht.",Vervang de link zodat het telefoonnummer direct gebeld kan worden bij het aanklikken.,,,2,Sat Jun 27 2026 16:43:25 GMT+0200 (Midden-Europese zomertijd),Sat Jun 27 2026 16:43:25 GMT+0200 (Midden-Europese zomertijd)
21230850-ac14-4230-98bb-d21d05c25798,defa249d-d4b2-4184-b269-3cbb73556ed0,B008,4cb21fff-b4e0-4bd5-a312-f472f8541396,,open,matig,redacteur,"Op de pagina staat onder de kop ""Contact met de gemeente"" een blok met twee instructiezinnen en daaronder drie knoppen (""Afspraak maken"", ""Melding maken"" en ""Vraag stellen""). De twee instructiezinnen staan in de code als een opsomming, terwijl het geen opsomming is maar twee losse alinea's. De drie knoppen staan los achter elkaar in een alinea, terwijl ze visueel een opsomming vormen. Daardoor kondigt hulpsoftware een opsomming aan waar er geen is, en mist tegelijk de opsomming waar er wel een zichtbaar is.",Zet de twee instructiezinnen in losse alinea's. Plaats de drie knoppen daaronder in een opsomming met elke knop als eigen item.,,,3,Sat Jun 27 2026 16:43:25 GMT+0200 (Midden-Europese zomertijd),Sat Jun 27 2026 16:43:25 GMT+0200 (Midden-Europese zomertijd)
3662c81a-9d7f-49cd-b705-a5141db24f41,defa249d-d4b2-4184-b269-3cbb73556ed0,B011,4cb21fff-b4e0-4bd5-a312-f472f8541396,,open,matig,redacteur,"Op de pagina hebben alle koppen onder de paginatitel het niveau kop 3. Gebruikers van een schermlezer raken hierdoor in verwarring, omdat ze een h2 kop missen die daarboven zou moeten staan.","Markeer de koppen op deze pagina als h2, zodat de koppenstructuur direct onder de h1 op het juiste niveau begint en geen niveau wordt overgeslagen.",,,4,Sat Jun 27 2026 16:43:25 GMT+0200 (Midden-Europese zomertijd),Sat Jun 27 2026 16:43:25 GMT+0200 (Midden-Europese zomertijd)
7f814641-e65f-49ff-8795-c087c87c88fa,defa249d-d4b2-4184-b269-3cbb73556ed0,B010,dbbfa87d-0ed1-4b4b-b63c-2a9f75ff5a4d,,open,matig,redacteur,"Op de pagina staat onder de Nederlandse uitleg een Engelse vertaling met daarna nog een Engelse zin over telefonisch contact. De pagina is in de code als Nederlands gemarkeerd, maar deze Engelse passages hebben geen eigen taal-aanduiding. Daardoor leest hulpsoftware de Engelse tekst voor met de Nederlandse uitspraak, wat de tekst voor schermlezers onverstaanbaar maakt.","Markeer de Engelse passages met een lang-attribuut, bijvoorbeeld door de twee Engelse alinea's te plaatsen in een element met lang=""en"". Zo schakelt hulpsoftware tijdens het voorlezen automatisch over op de Engelse uitspraak.",,,0,Sat Jun 27 2026 16:43:25 GMT+0200 (Midden-Europese zomertijd),Sat Jun 27 2026 16:43:25 GMT+0200 (Midden-Europese zomertijd)
e221ddf1-c5b2-4cd5-9452-80d44fd0fcad,defa249d-d4b2-4184-b269-3cbb73556ed0,B019,41d09e8c-c857-457c-a799-ffc0539e7722,,open,klein,redacteur,"Onder de kop ""De Groote Meer: toen en nu"" staan twee foto's naast elkaar die de situatie voor en na het herstel laten zien. Het bijschrift onder de foto's vermeldt alleen wanneer ze zijn gemaakt (""De Groote Meer begin 2025"" en ""De Groote Meer maart 2026""), maar niet wat er op de foto's te zien is. Daardoor missen blinde of slechtziende gebruikers het verschil tussen de overwoekerde, dichtgegroeide situatie van begin 2025 en het herstelde, open ven van maart 2026, terwijl dit verschil juist de kern van het verhaal op deze pagina is.","Vul het bijschrift onder elke foto aan met een korte beschrijving van wat er te zien is. Bijvoorbeeld ""De Groote Meer begin 2025: het ven is grotendeels dichtgegroeid met riet en planten, het water is nauwelijks zichtbaar"" en ""De Groote Meer maart 2026: het ven is opnieuw open water, met zandige oevers en bos op de achtergrond"".",,,1,Sat Jun 27 2026 16:43:25 GMT+0200 (Midden-Europese zomertijd),Sat Jun 27 2026 16:43:25 GMT+0200 (Midden-Europese zomertijd)
efc5704c-8b46-4a0c-a514-0bf80ca7a184,defa249d-d4b2-4184-b269-3cbb73556ed0,B042,c5da9884-1520-4257-9c7c-cfdf3e78c7a6,,open,klein,redacteur,"In de documenteigenschappen van de PDF staat als titel ""Toekomstvisie B5 WT.indd"". Dit is de interne bestandsnaam van het Adobe InDesign-bronbestand, niet een leesbare titel die de inhoud van het document beschrijft. Hulpsoftware en de browser-tabtitel tonen deze interne naam, waardoor gebruikers niet weten waar het document over gaat.","Vul de titel in de documenteigenschappen aan tot een leesbare titel, bijvoorbeeld ""Toekomstvisie 2040 gemeente Valkenswaard"". Stel daarnaast bij de ""Weergave bij openen"" in dat de documenttitel wordt getoond in plaats van de bestandsnaam, zodat de leesbare titel ook daadwerkelijk in de browser-tab en in Acrobat zichtbaar is.",,,1,Sat Jun 27 2026 16:43:25 GMT+0200 (Midden-Europese zomertijd),Sat Jun 27 2026 16:43:25 GMT+0200 (Midden-Europese zomertijd)
623c6774-4304-44a4-a06d-be2b73612e23,defa249d-d4b2-4184-b269-3cbb73556ed0,B017,4a94beb7-198a-472f-8f94-59884d7b235c,,open,matig,redacteur,"Op de pagina staat onder de kop ""De Groote Meer: een sfeerimpressie"" een video waarin visuele informatie voorkomt:
- Op 0:07 verschijnt een naambalkje in beeld met ""Projectleider Daan, gemeente Valkenswaard""; deze informatie wordt niet hoorbaar genoemd

Deze informatie is niet hoorbaar en daardoor niet beschikbaar voor mensen die blind of slechtziend zijn. Zorg ervoor dat er een alternatief voor deze visuele informatie komt. Er is in deze video voldoende ruimte aanwezig om audiodescriptie toe te voegen.","Voor succescriterium 1.2.3 zijn er twee opties: een transcript of audiodescriptie. Voor succescriterium 1.2.5 is een transcript echter niet meer toegestaan als er voldoende ruimte is voor audiodescriptie. In dat geval moet er audiodescriptie zijn om te voldoen aan niveau AA. Het is het beste om zowel een transcript als audiodescriptie aan te bieden.

Het transcript moet alle informatie in de video bevatten, zowel hoorbaar als zichtbaar. Waar mogelijk wordt het transcript ook voorzien van zogenaamde timestamps. Plaats het transcript onder de video. Een transcript kan voor meerdere mensen voordelen hebben. Voor sommige mensen kan informatie in een video te snel gaan, dan kan een transcript een goed alternatief zijn. Mensen die niet kunnen zien en niet kunnen horen, kunnen een transcript omzetten naar braille.

Audiodescriptie zorgt ervoor dat alle visuele informatie ook hoorbaar wordt. Oftewel: hoor alles wat je ziet. Dit kan door een tweede audiospoor toe te voegen aan de video dat zowel de normale audio bevat als de audiodescriptie. Andere oplossingen zijn ook mogelijk.",,,0,Sat Jun 27 2026 16:43:25 GMT+0200 (Midden-Europese zomertijd),Sat Jun 27 2026 16:43:25 GMT+0200 (Midden-Europese zomertijd)
557d56f7-0efb-4c2e-9318-ab57983f8642,defa249d-d4b2-4184-b269-3cbb73556ed0,B018,c0dbc008-6147-462e-b77e-77e39976adb8,,open,matig,redacteur,"Op de pagina staat onder de kop ""De Groote Meer: een sfeerimpressie"" een video met visuele informatie:
- Op 0:07 verschijnt een naambalkje in beeld met ""Projectleider Daan, gemeente Valkenswaard""; deze informatie wordt niet hoorbaar genoemd

Deze informatie is niet beschikbaar voor mensen die blind of slechtziend zijn, dus moet hier een alternatief voor komen.","Voor dit succescriterium is audiodescriptie verplicht (niveau AA), waar ruimte is in het standaard audiospoor om deze informatie te geven. Er is in deze video voldoende ruimte hiervoor aanwezig. Een media-alternatief is hier niet meer toegestaan als oplossing.",,,0,Sat Jun 27 2026 16:43:25 GMT+0200 (Midden-Europese zomertijd),Sat Jun 27 2026 16:43:25 GMT+0200 (Midden-Europese zomertijd)
444b7573-4119-480b-a669-24e1963bdc96,defa249d-d4b2-4184-b269-3cbb73556ed0,B020,4cb21fff-b4e0-4bd5-a312-f472f8541396,,resolved,,,"Op de overzichtspagina staan twaalf nieuwskaarten. Elf van deze kaarten hebben een titel die is gemarkeerd als h2-kop, gevolgd door een datum en een korte introtekst (teaser). De kaart ""Doe mee met de Week van de Mentale Gezondheid – Hoe blijf jij mentaal fit?"" wijkt af: de titel is een gewone link in plaats van een h2 en er staat geen introtekst onder de titel.",Maak de opmaak van deze nieuwskaart gelijk aan de andere kaarten: markeer de titel als h2 en voeg een korte introtekst onder de titel toe.,,,6,Sat Jun 27 2026 16:43:25 GMT+0200 (Midden-Europese zomertijd),Sat Jun 27 2026 16:43:25 GMT+0200 (Midden-Europese zomertijd)
6ec400dd-f07c-40d2-9fd1-dd1f86f7a289,defa249d-d4b2-4184-b269-3cbb73556ed0,B030,4cb21fff-b4e0-4bd5-a312-f472f8541396,,open,matig,ontwikkelaar,"Op de pagina staan twee overkoepelende koppen (""Behandelde onderwerpen in het inwonerspanel"" en ""Na de start in 2022 gaf het panel zijn mening over de volgende onderwerpen"") die elk meerdere accordions onder zich hebben. Zowel deze overkoepelende koppen als de koppen binnen de accordions (""2023 en 2024"", ""Mei 2022 – Bijeenkomst..."", ""Juni 2022 – Vragenlijst..."" enzovoort) zijn in de code gemarkeerd als h2. Daardoor staat de accordion-inhoud op hetzelfde niveau als de overkoepelende kop, terwijl deze inhoudelijk eronder valt.","Twee opties:
- Markeer de koppen binnen de accordions als h3, zodat ze één niveau onder de overkoepelende h2 staan en de koppenstructuur de inhoudelijke hiërarchie weergeeft.
- Of verwijder de heading-elementen binnen de summary en laat de summary alleen de knoptekst zijn. De accordion wordt dan voor hulpsoftware als knop aangekondigd zonder extra kop-aanduiding.",,,9,Sat Jun 27 2026 16:43:25 GMT+0200 (Midden-Europese zomertijd),Sat Jun 27 2026 16:43:25 GMT+0200 (Midden-Europese zomertijd)
08d94563-0174-414e-b60e-058c4f751b73,defa249d-d4b2-4184-b269-3cbb73556ed0,B034,41d09e8c-c857-457c-a799-ffc0539e7722,,open,matig,redacteur,Bovenaan het PDF-document staat het logo van de gemeente Valkenswaard. Het logo heeft geen tekstalternatief en wordt niet door hulpsoftware aangekondigd. Daardoor weten gebruikers van een schermlezer niet dat het document afkomstig is van de gemeente Valkenswaard.,"Voorzie het logo van een tekstalternatief, bijvoorbeeld ""Logo gemeente Valkenswaard"".",,,5,Sat Jun 27 2026 16:43:25 GMT+0200 (Midden-Europese zomertijd),Sat Jun 27 2026 16:43:25 GMT+0200 (Midden-Europese zomertijd)
ab668794-a9f4-4c0c-a30b-7e275b9d6bcf,defa249d-d4b2-4184-b269-3cbb73556ed0,B036,4cb21fff-b4e0-4bd5-a312-f472f8541396,,open,matig,redacteur,"In het PDF-document staan onder de koppen ""Ondergetekende(n)"" en ""Toestemming"" twee tabellen. In de linkerkolom staan beschrijvingen (""Naam ouder 1/voogd"", ""Geboortedatum"", ""Naam minderjarige"" enzovoort), in de rechterkolom een ruimte om de gevraagde gegevens met de hand in te vullen. In de opbouw van de PDF zijn deze tabellen opgezet alsof er kolomkoppen bovenaan staan, terwijl die er niet zijn. Voor hulpsoftware is daardoor onduidelijk wat een kop is en wat een invulruimte. Bovendien staat niet aangegeven dat de woorden links bedoeld zijn als label bij de invulruimte ernaast.","Markeer in beide tabellen de woorden links (zoals ""Naam ouder 1/voogd"" en ""Naam minderjarige"") als rij-kop bij de invulruimte ernaast.",,,11,Sat Jun 27 2026 16:43:25 GMT+0200 (Midden-Europese zomertijd),Sat Jun 27 2026 16:43:25 GMT+0200 (Midden-Europese zomertijd)
f6de51a1-41f1-4e95-9626-58f6f5162c0b,defa249d-d4b2-4184-b269-3cbb73556ed0,B033,4cb21fff-b4e0-4bd5-a312-f472f8541396,,open,matig,redacteur,"In de PDF ""Toestemmingsformulier reisdocument minderjarige"" zijn de visuele koppen niet als heading-tag gemarkeerd. De hoofdtitel ""Toestemmingsformulier afgifte reisdocument aan minderjarige"" en de groene sectiebalken ""Ondergetekende(n)"" en ""Toestemming"" staan in de tag-tree als P-element (alinea), niet als H1 of H2. Daardoor kan hulpsoftware de koppenstructuur van de PDF niet voorlezen en kunnen gebruikers niet snel door de secties navigeren.","Markeer de hoofdtitel als H1 en de sectie-balken ""Ondergetekende(n)"" en ""Toestemming"" als H2. Zo komt de koppenstructuur van de PDF overeen met de visuele weergave en kan hulpsoftware de secties als kop aankondigen.",,,10,Sat Jun 27 2026 16:43:25 GMT+0200 (Midden-Europese zomertijd),Sat Jun 27 2026 16:43:25 GMT+0200 (Midden-Europese zomertijd)
83031418-bae5-4663-ba14-0461470e5b19,defa249d-d4b2-4184-b269-3cbb73556ed0,B037,143487c8-c34d-4cf6-bb8d-ad91a9db7b53,,open,matig,redacteur,"Onder de kop ""Ondertekening"" staan visueel twee kolommen naast elkaar: links ""Handtekening ouder /voogd 1"" met daaronder een datum-veld, en rechts ""Handtekening ouder /voogd 2"" met daaronder een datum-veld. In de leesvolgorde van de PDF staan beide regels ""Handtekening ouder"" eerst achter elkaar, daarna beide regels ""/voogd 1"" en ""/voogd 2"", en hetzelfde geldt voor de datum-velden eronder. Daardoor worden de kolommen niet goed voorgelezen door hulpsoftware.",Pas de leesvolgorde aan zodat eerst de complete linker kolom wordt voorgelezen en daarna de complete rechter kolom.,,,0,Sat Jun 27 2026 16:43:25 GMT+0200 (Midden-Europese zomertijd),Sat Jun 27 2026 16:43:25 GMT+0200 (Midden-Europese zomertijd)
ca9194dd-1abd-4452-aad3-85e6f5699d1a,defa249d-d4b2-4184-b269-3cbb73556ed0,B032,73fc903b-3e33-460d-a942-d5bfb3a34254,,open,klein,redacteur,"Op het veld ""Buitenlands telefoonnummer"" in het formulier ontbreekt het autocomplete-attribuut ""tel"". Daardoor kan de browser het veld niet automatisch invullen.","Voeg het autocomplete-attribuut ""tel"" toe aan het veld.",,,0,Sat Jun 27 2026 16:43:25 GMT+0200 (Midden-Europese zomertijd),Sat Jun 27 2026 16:43:25 GMT+0200 (Midden-Europese zomertijd)
f31c3f28-ba24-442d-9586-9a4e69f20309,defa249d-d4b2-4184-b269-3cbb73556ed0,B045,967dd178-96c9-487f-aaf9-6508032abe65,,open,klein,redacteur,"Op de pagina staat onder de kop ""Reuzenbalsemien / Sprinbalsemien"" een galerij met twee afbeeldingen. Wanneer een afbeelding wordt vergroot, verschijnt de bestandsnaam (""rb1.png"" of ""rb2.png"") als bijschrift bij de afbeelding. Hetzelfde gebeurt in de toegankelijkheidsnaam van de link naar de afbeelding (""Bekijk afbeelding: rb1.png""). Voor zowel ziende gebruikers als gebruikers van een schermlezer is een bestandsnaam geen bruikbare informatie.","Vervang de bestandsnaam in de vergrote weergave door een korte beschrijving van wat er op de foto staat. Wanneer de afbeelding geen informatie toevoegt aan de tekst op de pagina, gebruik dan geen galerij maar een gewone afbeelding.",,,0,Sat Jun 27 2026 16:43:25 GMT+0200 (Midden-Europese zomertijd),Sat Jun 27 2026 16:43:25 GMT+0200 (Midden-Europese zomertijd)
544315ff-f827-446b-89ff-d859f90c0a57,defa249d-d4b2-4184-b269-3cbb73556ed0,B035,4cb21fff-b4e0-4bd5-a312-f472f8541396,,open,matig,redacteur,"In het PDF-document staat onder de kop ""Toestemming"" een lijst met twee keuze-opties: ""Nederlands Paspoort"" en ""Nederlandse identiteitskaart"". Vóór elke optie staat visueel een rondje dat fungeert als selectievakje. In de structuur van het document is dit rondje opgenomen als de letter ""o"", waardoor hulpsoftware ""o Nederlands Paspoort"" voorleest. Daardoor herkennen gebruikers van een schermlezer niet dat dit een keuze-optie is en weten ze niet wat de bedoeling van het rondje is.","Vervang het rondje door een echt selectievakje of markeer de opties als keuzelijst, zodat hulpsoftware kan voorlezen dat het om aankruisbare opties gaat.",,,6,Sat Jun 27 2026 16:43:25 GMT+0200 (Midden-Europese zomertijd),Sat Jun 27 2026 16:43:25 GMT+0200 (Midden-Europese zomertijd)
506d1293-efdb-423b-9029-acb230ae4f00,defa249d-d4b2-4184-b269-3cbb73556ed0,B016,df8f254d-1714-47bb-a54d-bf36898f2a4b,,open,matig,redacteur,"Op de pagina staat onder de kop ""De Groote Meer: een sfeerimpressie"" een video. De video heeft een automatisch gegenereerde ondertiteling van YouTube. De tekst bevat fouten waardoor de inhoud verkeerd wordt weergegeven. Voorbeelden in de video:
- 0:37 ""verlamen"" terwijl er ""verlanden"" wordt gezegd
- 0:53 ""uitbakken van het meer"" terwijl er ""uitbaggeren van het meer"" wordt gezegd
- 0:55 ""binnnen de korte keren"" terwijl er ""binnen de kortste keren"" wordt gezegd
- 1:13 ""vleermou"" terwijl er ""vleermuizen"" wordt gezegd

Automatisch gegenereerde ondertiteling is meestal niet betrouwbaar genoeg om als toegankelijk alternatief te dienen voor mensen die doof of slechthorend zijn.","Gebruik de automatisch gegenereerde ondertiteling als basis en corrigeer de fouten. Zorg dat de ondertiteling de gesproken tekst nauwkeurig weergeeft, inclusief belangrijke geluiden en sprekersaanduiding waar relevant.",,,0,Sat Jun 27 2026 16:43:25 GMT+0200 (Midden-Europese zomertijd),Sat Jun 27 2026 16:43:25 GMT+0200 (Midden-Europese zomertijd)
defaac63-f5e0-4949-bc23-eba8b2879e2a,defa249d-d4b2-4184-b269-3cbb73556ed0,B023,4a94beb7-198a-472f-8f94-59884d7b235c,,open,matig,redacteur,"Op de pagina staat onder de kop ""Meer weten?"" een video waarin visuele informatie voorkomt:
- Op 0:05 verschijnt een naambalkje in beeld met ""Paul van Werde, Boomverzorger gemeente Valkenswaard""; deze informatie wordt niet hoorbaar genoemd
- Aan het einde verschijnt het logo van de gemeente Valkenswaard in beeld; dit wordt niet hoorbaar genoemd

Deze informatie is niet hoorbaar en daardoor niet beschikbaar voor mensen die blind of slechtziend zijn. Zorg ervoor dat er een alternatief voor deze visuele informatie komt. Er is in deze video voldoende ruimte aanwezig om audiodescriptie toe te voegen.","Voor succescriterium 1.2.3 zijn er twee opties: een transcript of audiodescriptie. Voor succescriterium 1.2.5 is een transcript echter niet meer toegestaan als er voldoende ruimte is voor audiodescriptie. In dat geval moet er audiodescriptie zijn om te voldoen aan niveau AA. Het is het beste om zowel een transcript als audiodescriptie aan te bieden.

Het transcript moet alle informatie in de video bevatten, zowel hoorbaar als zichtbaar. Waar mogelijk wordt het transcript ook voorzien van zogenaamde timestamps. Plaats het transcript onder de video. Een transcript kan voor meerdere mensen voordelen hebben. Voor sommige mensen kan informatie in een video te snel gaan, dan kan een transcript een goed alternatief zijn. Mensen die niet kunnen zien en niet kunnen horen, kunnen een transcript omzetten naar braille.

Audiodescriptie zorgt ervoor dat alle visuele informatie ook hoorbaar wordt. Oftewel: hoor alles wat je ziet. Dit kan door een tweede audiospoor toe te voegen aan de video dat zowel de normale audio bevat als de audiodescriptie. Andere oplossingen zijn ook mogelijk.",,,1,Sat Jun 27 2026 16:43:25 GMT+0200 (Midden-Europese zomertijd),Sat Jun 27 2026 16:43:25 GMT+0200 (Midden-Europese zomertijd)
dc7e08f4-bb16-4eae-b3ee-9beecc914de0,defa249d-d4b2-4184-b269-3cbb73556ed0,B004,4cb21fff-b4e0-4bd5-a312-f472f8541396,,resolved,,,"In de footer staat onder de kop ""Bezoekadres"" het bezoekadres met telefoonnummer in één alinea. Daardoor kunnen gebruikers van een schermlezer het bezoekadres en het telefoonnummer niet als losse onderdelen herkennen.

Onder de kop ""Postadres"" staat het postadres met e-mailadres in één alinea. Daardoor kunnen gebruikers van een schermlezer het postadres en het e-mailadres niet als losse onderdelen herkennen.","Overweeg om het adres en het telefoonnummer (onder ""Bezoekadres"") en het adres en het e-mailadres (onder ""Postadres"") als aparte onderdelen op te nemen, zodat ze in de code los van elkaar herkenbaar zijn.",,,1,Sat Jun 27 2026 16:43:25 GMT+0200 (Midden-Europese zomertijd),Sat Jun 27 2026 16:43:25 GMT+0200 (Midden-Europese zomertijd)
dec2ebba-98e5-45b8-98a1-d02f707a6488,defa249d-d4b2-4184-b269-3cbb73556ed0,B046,4cb21fff-b4e0-4bd5-a312-f472f8541396,,open,klein,redacteur,"Op de pagina's bevatten koppen een strong-element om de koptekst vetgedrukt te tonen. Op ""Bedrijf of beroep aan huis"" geldt dit voor alle koppen onder de paginatitel. Op ""Hulp bij geldzorgen, werk en inkomen"" geldt dit voor de koppen ""Contact met de gemeente"", ""Persoonlijk contact"" en ""Online contact"". Het strong-element is niet nodig, omdat een kop al voldoende semantische betekenis heeft.",Verwijder de strong-elementen uit de koppen.,,,13,Sat Jun 27 2026 16:43:25 GMT+0200 (Midden-Europese zomertijd),Sat Jun 27 2026 16:43:25 GMT+0200 (Midden-Europese zomertijd)
299c245f-2e37-4a72-8eca-0c0c11496a7a,defa249d-d4b2-4184-b269-3cbb73556ed0,B044,35d250a4-d5a2-4d75-9ebd-6fc4c6da9cbc,,open,matig,ontwerper,"De koppen in het document worden weergegeven in een rood-/perzikachtige kleur (#F16164). Deze kleur wordt zowel op een witte achtergrond (#FFFFFF) als op een beige achtergrond (#EAE4D1) gebruikt, bijvoorbeeld in de beige tekstblokken bij thema's als ""Economie"", ""Mobiliteit"" en ""Samenleving"". In beide gevallen is het contrast 2,2:1, terwijl minimaal 3:1 vereist is voor grote tekst en 4,5:1 voor reguliere tekst. Daardoor zijn de koppen voor slechtziende gebruikers slecht leesbaar.","Pas de kleur van de koppen aan zodat het contrast met beide achtergronden (wit en de beige tint) minimaal 4,5:1 is (of minimaal 3:1 als de koppen voldoen aan de criteria voor ""grote tekst"": minstens 18 punten, of minstens 14 punten bij vette tekst). Een donkerder rood-tint of een vergelijkbare kleur uit de huisstijl kan voldoende contrast bieden.",,,1,Sat Jun 27 2026 16:43:25 GMT+0200 (Midden-Europese zomertijd),Sat Jun 27 2026 16:43:25 GMT+0200 (Midden-Europese zomertijd)
0cab2175-4d51-4de8-a2ad-ad077e045f52,defa249d-d4b2-4184-b269-3cbb73556ed0,B015,cd31b01e-f6f1-4e3a-bbbe-c83d8c570848,,open,klein,redacteur,"Onder de kop ""Masterplan Centrum"" staat een link met de tekst ""Meer informatie"". De link staat in een eigen alinea, zonder context in dezelfde alinea. Daardoor kan hulpsoftware bij het doorlopen van de linkenlijst niet aankondigen waar de link naartoe leidt.","Maak in de linktekst zelf duidelijk waar de link naartoe gaat, bijvoorbeeld ""Meer informatie over Masterplan Centrum"", of plaats de link binnen een alinea die de context geeft.",,,3,Sat Jun 27 2026 16:43:25 GMT+0200 (Midden-Europese zomertijd),Sat Jun 27 2026 16:43:25 GMT+0200 (Midden-Europese zomertijd)
5450f1e8-cb62-489f-b37c-f08029b65aff,defa249d-d4b2-4184-b269-3cbb73556ed0,B047,35d250a4-d5a2-4d75-9ebd-6fc4c6da9cbc,,open,matig,redacteur,"In het document worden de sectiekoppen ""Ondergetekende(n)"", ""Toestemming"" en ""Ondertekening"" weergegeven als witte tekst op een groene achtergrond (#009A3D). De contrastverhouding is 3,7:1, terwijl WCAG voor kleine tekst minimaal 4,5:1 vereist. Hierdoor zijn de koppen voor mensen met een verminderd gezichtsvermogen lastig leesbaar.","Pas de achtergrondkleur van de koppen aan zodat de contrastverhouding met de witte tekst minimaal 4,5:1 wordt. Een donkerdere variant van het groen kan dit oplossen.",,,2,Sat Jun 27 2026 16:43:25 GMT+0200 (Midden-Europese zomertijd),Sat Jun 27 2026 16:43:25 GMT+0200 (Midden-Europese zomertijd)
58fe4a24-9de4-4004-a948-5f3f855c923c,21a690ed-3af7-426d-ae0d-8b5c6218c565,B003,41d09e8c-c857-457c-a799-ffc0539e7722,,open,klein,redacteur,"Boven aan de pagina staat het logo van de gemeente Beverwijk. Deze afbeelding heeft een leeg tekstalternatief (alt=""""), waardoor hulpsoftware de afbeelding overslaat. Het logo is informatief: gebruikers die de website met een schermlezer bezoeken, horen daardoor niet welke organisatie het betreft.","Vul het alt-attribuut van de afbeelding met een korte beschrijving van het logo, bijvoorbeeld ""Logo gemeente Beverwijk"". Zo wordt de informatie ook hoorbaar voor gebruikers van een schermlezer.",,,0,Thu Jul 02 2026 17:26:00 GMT+0200 (Midden-Europese zomertijd),Thu Jul 02 2026 17:28:20 GMT+0200 (Midden-Europese zomertijd)
e234a360-b4a7-4736-807f-35a64cb7ff82,21a690ed-3af7-426d-ae0d-8b5c6218c565,B004,c0de8899-12e9-477c-b913-465b73abbab2,,resolved,,,"Bij een schermbreedte van 320 pixels blijft er rechts van de content een grote lege ruimte staan. Dit patroon is op alle pagina's van de website aanwezig. De content zelf is volledig zichtbaar en er is geen horizontale scroll, dus dit is geen afkeuring op WCAG 1.4.10. De beschikbare schermbreedte wordt echter niet optimaal benut, waardoor de leesregels onnodig smal zijn en woorden vaker afgebroken worden.",Overweeg de layout zo aan te passen dat de content de volledige breedte gebruikt op smalle schermen.,,,0,Thu Jul 02 2026 17:56:58 GMT+0200 (Midden-Europese zomertijd),Thu Jul 02 2026 19:09:56 GMT+0200 (Midden-Europese zomertijd)
ad336557-81d9-4979-ad75-1438a4f27453,21a690ed-3af7-426d-ae0d-8b5c6218c565,B005,41d09e8c-c857-457c-a799-ffc0539e7722,,open,matig,redacteur,"Op de pagina staat een poster van het evenement BeverBeach. Deze afbeelding heeft geen tekstalternatief, waardoor hulpsoftware de afbeelding overslaat. Op de poster staat belangrijke informatie, waaronder de locatie (Parallelweg 45, bij Bij45 in Beverwijk). Deze locatie staat niet in de tekst op de pagina. Gebruikers die de website met een schermlezer bezoeken, missen hierdoor essentiële informatie over het evenement.","Geef de poster een korte alt-tekst, bijvoorbeeld ""Poster van BeverBeach 2026"". Zet vervolgens de volledige informatie van de poster als normale tekst onder de afbeelding, of verwerk deze in de lopende tekst op de pagina. Denk daarbij aan: datum en tijd, locatie (adres), programma en eventuele aanmeld- of contactinformatie.",,,1,Thu Jul 02 2026 18:53:21 GMT+0200 (Midden-Europese zomertijd),Thu Jul 02 2026 19:04:17 GMT+0200 (Midden-Europese zomertijd)