id,projectId,url,title,crawlerType,inScope,note,crawledAt,parentUrlId
33600900-8172-43d2-a86e-74940301605c,6b40737b-a874-4e09-8b16-d4de37a18487,https://mijn.urk.nl/nl,Home | DigiD,Productieomgeving,true,,Sun Feb 01 2026 21:01:29 GMT+0100 (Midden-Europese standaardtijd),1fb71295-0229-4e0a-ac54-85358637943d
e26e8119-ae7c-4785-8350-2365c4c0f7b4,6b40737b-a874-4e09-8b16-d4de37a18487,https://mijn.urk.nl/inlogmethodes,Home | DigiD,Productieomgeving,true,,Sun Feb 01 2026 21:01:33 GMT+0100 (Midden-Europese standaardtijd),1fb71295-0229-4e0a-ac54-85358637943d
0891c4b8-b8db-4cef-90c4-f09292b1028f,6b40737b-a874-4e09-8b16-d4de37a18487,https://mijn.urk.nl/veiligheid,Home | DigiD,Productieomgeving,true,,Sun Feb 01 2026 21:01:34 GMT+0100 (Midden-Europese standaardtijd),1fb71295-0229-4e0a-ac54-85358637943d
ba20428e-b7ce-4473-ae04-81d19e61e7c5,6b40737b-a874-4e09-8b16-d4de37a18487,https://mijn.urk.nl/hulp,Home | DigiD,Productieomgeving,true,,Sun Feb 01 2026 21:01:36 GMT+0100 (Midden-Europese standaardtijd),1fb71295-0229-4e0a-ac54-85358637943d
e37f89f4-b7a4-4286-a0b3-5933c9719633,6b40737b-a874-4e09-8b16-d4de37a18487,https://mijn.urk.nl/inlogmethodes/digid-app,Home | DigiD,Productieomgeving,true,,Sun Feb 01 2026 21:01:38 GMT+0100 (Midden-Europese standaardtijd),1fb71295-0229-4e0a-ac54-85358637943d
25678446-7f11-4bab-9887-fd6fb00488ff,6b40737b-a874-4e09-8b16-d4de37a18487,https://mijn.urk.nl/inlogmethodes/identiteitsbewijs,Home | DigiD,Productieomgeving,true,,Sun Feb 01 2026 21:01:39 GMT+0100 (Midden-Europese standaardtijd),1fb71295-0229-4e0a-ac54-85358637943d
9dc174f3-80da-4344-a033-14d3bd1c4847,6b40737b-a874-4e09-8b16-d4de37a18487,https://mijn.urk.nl/over-digid,Home | DigiD,Productieomgeving,true,,Sun Feb 01 2026 21:01:41 GMT+0100 (Midden-Europese standaardtijd),1fb71295-0229-4e0a-ac54-85358637943d
0a17a48b-aa63-4d1c-b9e0-307e83225a7a,6b40737b-a874-4e09-8b16-d4de37a18487,https://mijn.urk.nl/over-digid/privacy,Home | DigiD,Productieomgeving,true,,Sun Feb 01 2026 21:01:43 GMT+0100 (Midden-Europese standaardtijd),1fb71295-0229-4e0a-ac54-85358637943d
820d5778-16cf-431d-bba9-c6127e257d27,6b40737b-a874-4e09-8b16-d4de37a18487,https://mijn.urk.nl/over-digid/toegankelijkheid-van-digid,Home | DigiD,Productieomgeving,true,,Sun Feb 01 2026 21:01:44 GMT+0100 (Midden-Europese standaardtijd),1fb71295-0229-4e0a-ac54-85358637943d
e6526ff9-637c-4174-90c1-26278a4ba374,6b40737b-a874-4e09-8b16-d4de37a18487,https://mijn.urk.nl/contact,Home | DigiD,Productieomgeving,true,,Sun Feb 01 2026 21:01:46 GMT+0100 (Midden-Europese standaardtijd),1fb71295-0229-4e0a-ac54-85358637943d
1772834f-b7ca-420a-a9df-7db507c96913,6b40737b-a874-4e09-8b16-d4de37a18487,https://mijn.urk.nl/hulp-contact/contact/ik-heb-een-klacht,Home | DigiD,Productieomgeving,true,,Sun Feb 01 2026 21:01:48 GMT+0100 (Midden-Europese standaardtijd),1fb71295-0229-4e0a-ac54-85358637943d
b4b565c0-fb75-4421-a764-8542e078d452,6b40737b-a874-4e09-8b16-d4de37a18487,https://mijn.urk.nl/kwetsbaarheid-melden,Home | DigiD,Productieomgeving,true,,Sun Feb 01 2026 21:01:49 GMT+0100 (Midden-Europese standaardtijd),1fb71295-0229-4e0a-ac54-85358637943d
b3cada4b-b578-416e-bdf7-aedb72a1c3d1,6b40737b-a874-4e09-8b16-d4de37a18487,https://mijn.urk.nl/aanvragen-en-activeren/digid-aanvragen,Home | DigiD,Productieomgeving,true,,Sun Feb 01 2026 21:01:51 GMT+0100 (Midden-Europese standaardtijd),1fb71295-0229-4e0a-ac54-85358637943d
00cd362b-43d1-47f3-a489-54f1770c046f,6b40737b-a874-4e09-8b16-d4de37a18487,https://mijn.urk.nl/aanvragen-en-activeren/digid-activeren,Home | DigiD,Productieomgeving,true,,Sun Feb 01 2026 21:01:53 GMT+0100 (Midden-Europese standaardtijd),1fb71295-0229-4e0a-ac54-85358637943d
794f9c6c-043e-4e8b-8b52-cfdd46c4a704,6b40737b-a874-4e09-8b16-d4de37a18487,https://mijn.urk.nl/aanvragen-en-activeren/machtigen,Home | DigiD,Productieomgeving,true,,Sun Feb 01 2026 21:01:54 GMT+0100 (Midden-Europese standaardtijd),1fb71295-0229-4e0a-ac54-85358637943d
4d440ccb-2c03-428f-b00f-554e1aec9e2a,6b40737b-a874-4e09-8b16-d4de37a18487,https://mijn.urk.nl/aanvragen-en-activeren/code-ontvangen,Home | DigiD,Productieomgeving,true,,Sun Feb 01 2026 21:01:56 GMT+0100 (Midden-Europese standaardtijd),1fb71295-0229-4e0a-ac54-85358637943d
d5166c72-6e87-43f1-8cf7-0365322dc43c,6b40737b-a874-4e09-8b16-d4de37a18487,https://mijn.urk.nl/inlogmethodes/sms-controle,Home | DigiD,Productieomgeving,true,,Sun Feb 01 2026 21:01:58 GMT+0100 (Midden-Europese standaardtijd),1fb71295-0229-4e0a-ac54-85358637943d
473b2d09-589b-4cb9-97c4-82653c83a3cd,6b40737b-a874-4e09-8b16-d4de37a18487,https://mijn.urk.nl/inlogmethodes/gebruikersnaam-en-wachtwoord,Home | DigiD,Productieomgeving,true,,Sun Feb 01 2026 21:01:59 GMT+0100 (Midden-Europese standaardtijd),1fb71295-0229-4e0a-ac54-85358637943d
aa66aa2c-d480-48a4-8930-de46baecd3ef,6b40737b-a874-4e09-8b16-d4de37a18487,https://mijn.urk.nl/aanvragen-en-activeren,Home | DigiD,Productieomgeving,true,,Sun Feb 01 2026 21:03:13 GMT+0100 (Midden-Europese standaardtijd),1fb71295-0229-4e0a-ac54-85358637943d
0a1afe0f-6235-455b-aa8c-4de7a70deb7d,6b40737b-a874-4e09-8b16-d4de37a18487,https://digid.nl/inloggen,,Productieomgeving,false,,,
f88a96bd-8b12-4b2e-84b1-19801352cc71,acb5ef98-eb1b-432a-97ff-552b0a126fc3,https://ijsselstein.raadsinformatie.nl,,Productieomgeving,false,,,
1a7bdbff-c7cf-4c15-a82e-170c72adc17a,acb5ef98-eb1b-432a-97ff-552b0a126fc3,https://ijsselstein.mijnafspraakmaken.nl/,Een afspraak maken | Gemeente IJsselstein,Productieomgeving,false,,,
35479b92-70ff-4e11-aa0a-f208a7dae86f,acb5ef98-eb1b-432a-97ff-552b0a126fc3,https://eloket.ijsselstein.nl/f/10022/login,Djuma portal,Productieomgeving,false,,,
ec75c102-f461-410b-ab0e-3eb22ffccba6,acb5ef98-eb1b-432a-97ff-552b0a126fc3,https://inijsselstein.nl/,Je ontmoet elkaar in IJsselstein | Blij je te zien,Productieomgeving,false,,,
8267bd8f-06fc-414d-b4dc-6d9223e08d11,dfc078cf-a6b5-4c92-b72e-15d5d1089804,https://www.wierden.nl/form/reactieformulier-vernieuwing-speelplek-de-stouwe-europaring-oostzijde/reactieformulier-vernieuwing-speelplek-de-stouwe-europaring-oostzijde-0,Reactieformulier,Productieomgeving,true,,,
23eb3047-21cd-4c4f-99d3-d7d993f2e442,b160cb88-c117-43c1-ac24-66c9da3f77b8,https://ijsselstein.raadsinformatie.nl,,Productieomgeving,false,,,
1fb71295-0229-4e0a-ac54-85358637943d,6b40737b-a874-4e09-8b16-d4de37a18487,https://mijn.urk.nl/,Home | DigiD,Productieomgeving,true,,Sun Feb 01 2026 21:01:28 GMT+0100 (Midden-Europese standaardtijd),
8774e133-bd6a-4585-99b3-c10f3bf56e9d,b160cb88-c117-43c1-ac24-66c9da3f77b8,https://ijsselstein.mijnafspraakmaken.nl/,Een afspraak maken | Gemeente IJsselstein,Productieomgeving,false,,,
f14ec166-6323-4da8-9e7f-d191b6266ab0,6b427de6-113e-496c-adba-0645686f1a1d,https://www.eemnes.nl/,Home | Gemeente EemnesToegankelijkheid,Productieomgeving,true,,,
46c15883-783e-4d4b-b642-4220ae8d0f5c,40e99423-9ded-4123-b726-c0e467b79843,https://laren.notubiz.nl/,Gemeente Laren,Productieomgeving,false,,,
6f666c2f-4fe0-4e45-b850-c768d8cb30ac,6b427de6-113e-496c-adba-0645686f1a1d,https://eemnes.bestuurlijkeinformatie.nl/,Dashboard eemnes - iBabs Publieksportaal,Productieomgeving,false,,,
ee78778d-169f-4b22-802a-fa4ffd226789,acb5ef98-eb1b-432a-97ff-552b0a126fc3,https://www.ijsselstein.nl/wonen-en-leven,Wonen en leven | Gemeente IJsselsteinToegankelijkheidToegankelijkheidLoading..,Productieomgeving,true,,Thu Apr 16 2026 17:22:19 GMT+0200 (Midden-Europese zomertijd),e9bc28f6-c82b-4f8f-957b-e49295b50930
f4a60cd0-0a17-484e-95b1-d83cea45ffc2,acb5ef98-eb1b-432a-97ff-552b0a126fc3,https://www.ijsselstein.nl/afval,Afval | Gemeente IJsselsteinToegankelijkheidToegankelijkheidLoading..,Productieomgeving,true,,Thu Apr 16 2026 17:22:21 GMT+0200 (Midden-Europese zomertijd),e9bc28f6-c82b-4f8f-957b-e49295b50930
4ad43d59-b90a-410a-bc45-970fcc0e5092,acb5ef98-eb1b-432a-97ff-552b0a126fc3,https://www.ijsselstein.nl/gemeentelijke-belastingen,Gemeentelijke belastingen | Gemeente IJsselsteinToegankelijkheidToegankelijkheidLoading..,Productieomgeving,true,,Thu Apr 16 2026 17:22:24 GMT+0200 (Midden-Europese zomertijd),e9bc28f6-c82b-4f8f-957b-e49295b50930
268a7fb0-bbf1-4710-8bb4-b293f52af2c2,b160cb88-c117-43c1-ac24-66c9da3f77b8,https://eloket.ijsselstein.nl/f/10022/login,Djuma portal,Productieomgeving,false,,,
ed9582b5-6fbd-47b0-9d54-65267bbb53f0,b160cb88-c117-43c1-ac24-66c9da3f77b8,https://inijsselstein.nl/,Je ontmoet elkaar in IJsselstein | Blij je te zien,Productieomgeving,false,,,
bddbd282-a5c0-49b2-9444-ea190a23bb15,d9f5afb7-54a9-4ce8-b876-4f3580b31f55,https://duurzaam.beverwijk.nl,Home,,true,,,
6199a111-90c1-43a2-a871-bb08b9fc48f6,40e99423-9ded-4123-b726-c0e467b79843,https://laren.bestuurlijkeinformatie.nl,Dashboard laren - iBabs Publieksportaal,Productieomgeving,false,,,
6881a4d0-e9bf-4a92-ad47-92208954f872,40e99423-9ded-4123-b726-c0e467b79843,https://meldingen.belcombinatie.nl/incident/beschrijf,Meldingen BEL Combinatie,Productieomgeving,false,,,
63915041-4e11-4f9b-bf9d-09772980d821,40e99423-9ded-4123-b726-c0e467b79843,https://iburgerzaken.laren.nl/gaas-web/server/continue/StartGeboorte#burgerzaken,Geboorteaangifte,Productieomgeving,false,,,
9e9fbf88-2a26-4493-a272-4bfc6023ff16,40e99423-9ded-4123-b726-c0e467b79843,https://belcombinatie.mijnafspraakmaken.nl/?product=337,Een afspraak maken | BEL Combinatie,Productieomgeving,false,,,
28f05197-46c3-4ac3-9eae-9d4a179076a2,40e99423-9ded-4123-b726-c0e467b79843,https://www.laren.nl/,Home | Gemeente LarenToegankelijkheidToegankelijkheidLoading..,Productieomgeving,true,,,
bae3c3b5-d78a-4ec0-acca-12567f61813c,6b427de6-113e-496c-adba-0645686f1a1d,https://eemnes.notubiz.nl/,Gemeente Eemnes,Productieomgeving,false,,,
58247b1c-985f-4f56-9eb9-b109a3f09d84,acb5ef98-eb1b-432a-97ff-552b0a126fc3,https://www.ijsselstein.nl/woningbouwprojecten,Woningbouwprojecten | Gemeente IJsselsteinToegankelijkheidToegankelijkheidLoading..,Productieomgeving,true,,Thu Apr 16 2026 17:22:07 GMT+0200 (Midden-Europese zomertijd),e9bc28f6-c82b-4f8f-957b-e49295b50930
f12480fc-8c15-4069-a895-6c3461d0c221,acb5ef98-eb1b-432a-97ff-552b0a126fc3,https://www.ijsselstein.nl/newsletter,Nieuwsbrief | Gemeente IJsselsteinToegankelijkheidToegankelijkheidLoading..,Productieomgeving,true,,Thu Apr 16 2026 17:22:11 GMT+0200 (Midden-Europese zomertijd),e9bc28f6-c82b-4f8f-957b-e49295b50930
1c0ac721-de1e-4a58-b971-6a7494550985,acb5ef98-eb1b-432a-97ff-552b0a126fc3,https://www.ijsselstein.nl/over-deze-site,Over deze site | Gemeente IJsselsteinToegankelijkheidToegankelijkheidLoading..,Productieomgeving,true,,Thu Apr 16 2026 17:22:13 GMT+0200 (Midden-Europese zomertijd),e9bc28f6-c82b-4f8f-957b-e49295b50930
e9387cab-6cf1-4622-b880-f2798ed48220,acb5ef98-eb1b-432a-97ff-552b0a126fc3,https://www.ijsselstein.nl/geboorte-trouwen-en-overlijden,"Geboorte, trouwen en overlijden | Gemeente IJsselsteinToegankelijkheidToegankelijkheidLoading..",Productieomgeving,true,,Thu Apr 16 2026 17:22:22 GMT+0200 (Midden-Europese zomertijd),e9bc28f6-c82b-4f8f-957b-e49295b50930
ca358bee-1456-4ac1-9b31-e6d5d0058bf6,acb5ef98-eb1b-432a-97ff-552b0a126fc3,https://www.ijsselstein.nl/bouwen-en-wonen,Bouwen en wonen | Gemeente IJsselsteinToegankelijkheidToegankelijkheidLoading..,Productieomgeving,true,,Thu Apr 16 2026 17:22:26 GMT+0200 (Midden-Europese zomertijd),e9bc28f6-c82b-4f8f-957b-e49295b50930
4cf09e1f-c090-4771-9f92-c08b035d265a,acb5ef98-eb1b-432a-97ff-552b0a126fc3,https://www.ijsselstein.nl/duurzaamheid-en-klimaat,Duurzaamheid en klimaat | Gemeente IJsselsteinToegankelijkheidToegankelijkheidLoading..,Productieomgeving,true,,Thu Apr 16 2026 17:22:28 GMT+0200 (Midden-Europese zomertijd),e9bc28f6-c82b-4f8f-957b-e49295b50930
788eb5e4-544a-4fce-93b2-06dae9f94a3a,acb5ef98-eb1b-432a-97ff-552b0a126fc3,https://www.ijsselstein.nl/leefomgeving,Leefomgeving | Gemeente IJsselsteinToegankelijkheidToegankelijkheidLoading..,Productieomgeving,true,,Thu Apr 16 2026 17:22:32 GMT+0200 (Midden-Europese zomertijd),e9bc28f6-c82b-4f8f-957b-e49295b50930
3d70e63b-dc4f-454f-bc10-aa4daa5121b4,acb5ef98-eb1b-432a-97ff-552b0a126fc3,https://www.ijsselstein.nl/zorg-en-inkomen,Zorg en inkomen | Gemeente IJsselsteinToegankelijkheidToegankelijkheidLoading..,Productieomgeving,true,,Thu Apr 16 2026 17:22:37 GMT+0200 (Midden-Europese zomertijd),e9bc28f6-c82b-4f8f-957b-e49295b50930
307e450a-6ece-442d-8082-1133f76b733b,acb5ef98-eb1b-432a-97ff-552b0a126fc3,https://www.ijsselstein.nl/team-sociaal-domein,Team Sociaal Domein | Gemeente IJsselsteinToegankelijkheidToegankelijkheidLoading..,Productieomgeving,true,,Thu Apr 16 2026 17:22:39 GMT+0200 (Midden-Europese zomertijd),e9bc28f6-c82b-4f8f-957b-e49295b50930
a13e6507-71f6-40c2-949f-6131c507b303,acb5ef98-eb1b-432a-97ff-552b0a126fc3,https://www.ijsselstein.nl/werk-en-geldzaken,Werk en geldzaken | Gemeente IJsselsteinToegankelijkheidToegankelijkheidLoading..,Productieomgeving,true,,Thu Apr 16 2026 17:22:45 GMT+0200 (Midden-Europese zomertijd),e9bc28f6-c82b-4f8f-957b-e49295b50930
2d0bdae0-e20c-411f-841c-d9eb2396488a,acb5ef98-eb1b-432a-97ff-552b0a126fc3,https://www.ijsselstein.nl/ondernemers,Ondernemers | Gemeente IJsselsteinToegankelijkheidToegankelijkheidLoading..,Productieomgeving,true,,Thu Apr 16 2026 17:22:46 GMT+0200 (Midden-Europese zomertijd),e9bc28f6-c82b-4f8f-957b-e49295b50930
a20e28b0-f4a8-4ad4-a53f-5bceb1fde017,acb5ef98-eb1b-432a-97ff-552b0a126fc3,https://www.ijsselstein.nl/handig-om-te-weten,Handig om te weten | Gemeente IJsselsteinToegankelijkheidToegankelijkheidLoading..,Productieomgeving,true,,Thu Apr 16 2026 17:22:52 GMT+0200 (Midden-Europese zomertijd),e9bc28f6-c82b-4f8f-957b-e49295b50930
546ca848-3a0c-466d-be8f-7815f1174ccf,acb5ef98-eb1b-432a-97ff-552b0a126fc3,https://www.ijsselstein.nl/subsidies,Subsidies | Gemeente IJsselsteinToegankelijkheidToegankelijkheidLoading..,Productieomgeving,true,,Thu Apr 16 2026 17:22:56 GMT+0200 (Midden-Europese zomertijd),e9bc28f6-c82b-4f8f-957b-e49295b50930
14fca237-7f0d-43c6-8599-ce584ddf4514,acb5ef98-eb1b-432a-97ff-552b0a126fc3,https://www.ijsselstein.nl/gemeenteraad,Raad | Gemeente IJsselsteinToegankelijkheidToegankelijkheidLoading..,Productieomgeving,true,,Thu Apr 16 2026 17:23:00 GMT+0200 (Midden-Europese zomertijd),e9bc28f6-c82b-4f8f-957b-e49295b50930
23337e37-5407-45bc-8052-5f2a48f28ea2,acb5ef98-eb1b-432a-97ff-552b0a126fc3,https://www.ijsselstein.nl/burgemeester-en-wethouders,Burgemeester en wethouders | Gemeente IJsselsteinToegankelijkheidToegankelijkheidLoading..,Productieomgeving,true,,Thu Apr 16 2026 17:23:01 GMT+0200 (Midden-Europese zomertijd),e9bc28f6-c82b-4f8f-957b-e49295b50930
832c421e-fde7-4cf3-a79a-afcac6866fd9,acb5ef98-eb1b-432a-97ff-552b0a126fc3,https://www.ijsselstein.nl/onderzoeken-jaarplannen-en-verslagen,"Onderzoeken, jaarplannen en-verslagen | Gemeente IJsselsteinToegankelijkheidToegankelijkheidLoading..",Productieomgeving,true,,Thu Apr 16 2026 17:23:08 GMT+0200 (Midden-Europese zomertijd),e9bc28f6-c82b-4f8f-957b-e49295b50930
c3bfc82f-edee-4aed-84e5-a6fb421d2ce5,acb5ef98-eb1b-432a-97ff-552b0a126fc3,https://www.ijsselstein.nl/over-ijsselstein,Over IJsselstein | Gemeente IJsselsteinToegankelijkheidToegankelijkheidLoading..,Productieomgeving,true,,Thu Apr 16 2026 17:23:09 GMT+0200 (Midden-Europese zomertijd),e9bc28f6-c82b-4f8f-957b-e49295b50930
b7de1fd3-7e79-425a-be99-9918cd7195cd,acb5ef98-eb1b-432a-97ff-552b0a126fc3,https://www.ijsselstein.nl/bekendmakingen-plannen-en-besluiten,"Bekendmakingen, plannen en besluiten | Gemeente IJsselsteinToegankelijkheidToegankelijkheidLoading..",Productieomgeving,true,,Thu Apr 16 2026 17:23:19 GMT+0200 (Midden-Europese zomertijd),e9bc28f6-c82b-4f8f-957b-e49295b50930
4b01aea0-ff2d-453c-8863-f1b84e2f204f,acb5ef98-eb1b-432a-97ff-552b0a126fc3,https://www.ijsselstein.nl/noodopvang,Noodopvang vluchtelingen | Gemeente IJsselsteinToegankelijkheidToegankelijkheidLoading..,Productieomgeving,true,,Thu Apr 16 2026 17:23:23 GMT+0200 (Midden-Europese zomertijd),e9bc28f6-c82b-4f8f-957b-e49295b50930
3951395f-5fb7-4e0d-afb8-9a357c58aa5b,acb5ef98-eb1b-432a-97ff-552b0a126fc3,https://www.ijsselstein.nl/verkort-telefoonnummer,Verkort telefoonnummer | Gemeente IJsselsteinToegankelijkheidToegankelijkheidLoading..,Productieomgeving,true,,Thu Apr 16 2026 17:23:27 GMT+0200 (Midden-Europese zomertijd),e9bc28f6-c82b-4f8f-957b-e49295b50930
4d9c63ce-936d-47d8-bcb3-d0ac1acd4299,dfc078cf-a6b5-4c92-b72e-15d5d1089804,https://www.wierden.nl/form/aanmelden-updates-zenderink/gegevens-0-1,,Productieomgeving,true,,,
f7dda0b0-4c90-43c3-bc6b-c7088bfeebe0,dfc078cf-a6b5-4c92-b72e-15d5d1089804,https://www.wierden.nl/form/contactformulier-trouwambtenaar-bert-groothengel/contactformulier-trouwambtenaar-bert-groothengel-0,,Productieomgeving,true,,,
b6f328e7-52a6-4eda-9737-2d32e37946c5,44076d33-b81b-4bcb-8bd8-6ae27ad6aa2d,https://open.beverwijk.nl,Home,,true,,,
ce3644db-0ed4-40f8-bfdd-b21e2a70f3ca,40e99423-9ded-4123-b726-c0e467b79843,https://onzebelgemeenten.nl/onslaren/default.aspx,Ons Laren | Onze BEL gemeenten,Productieomgeving,false,,,
56267821-0b7a-4b0c-b735-e5cb9b3ad8dd,9b59a171-e91e-48ed-86da-5946a1df3760,https://www.valkenswaard.nl/actueel,Actueel,,true,Overzichtspagina,,
2914ffa6-2d51-4f1f-b568-44880d73debf,acb5ef98-eb1b-432a-97ff-552b0a126fc3,https://www.ijsselstein.nl/verhuizen-migratie-en-naturalisatie,"Verhuizen, migratie en naturalisatie | Gemeente IJsselsteinToegankelijkheidToegankelijkheidLoading..",Productieomgeving,true,,Thu Apr 16 2026 17:22:30 GMT+0200 (Midden-Europese zomertijd),e9bc28f6-c82b-4f8f-957b-e49295b50930
431e3de5-d273-4267-946e-7f7e72973843,6b427de6-113e-496c-adba-0645686f1a1d,https://meldingen.belcombinatie.nl/incident/beschrijf,Meldingen BEL Combinatie,Productieomgeving,false,,,
3ddd8210-84a6-480f-82bc-b103757c72fa,6b427de6-113e-496c-adba-0645686f1a1d,https://belcombinatie.mijnafspraakmaken.nl/?product=335,Een afspraak maken | BEL Combinatie,Productieomgeving,false,,,
659fa44e-5530-48be-8d51-7dc624d9ca1e,6b427de6-113e-496c-adba-0645686f1a1d,https://iburgerzaken.eemnes.nl/gaas-web/server/continue/StartGeboorte#burgerzaken,Geboorteaangifte,Productieomgeving,false,,,
9e0a089d-a96e-4b0e-8c82-3cf5e5ac8aff,acb5ef98-eb1b-432a-97ff-552b0a126fc3,https://www.ijsselstein.nl/parkeren-verkeer-en-vervoer,"Parkeren, verkeer en vervoer | Gemeente IJsselsteinToegankelijkheidToegankelijkheidLoading..",Productieomgeving,true,,Thu Apr 16 2026 17:22:34 GMT+0200 (Midden-Europese zomertijd),e9bc28f6-c82b-4f8f-957b-e49295b50930
9bb0db7b-3d34-4304-a39f-3c623f69b348,acb5ef98-eb1b-432a-97ff-552b0a126fc3,https://www.ijsselstein.nl/vrije-tijd-sport-en-cultuur,"Vrije tijd, sport en cultuur | Gemeente IJsselsteinToegankelijkheidToegankelijkheidLoading..",Productieomgeving,true,,Thu Apr 16 2026 17:22:35 GMT+0200 (Midden-Europese zomertijd),e9bc28f6-c82b-4f8f-957b-e49295b50930
07787938-ceac-4dae-bd85-21a6f1312ac5,acb5ef98-eb1b-432a-97ff-552b0a126fc3,https://www.ijsselstein.nl/zorg-en-ondersteuning,Zorg en ondersteuning | Gemeente IJsselsteinToegankelijkheidToegankelijkheidLoading..,Productieomgeving,true,,Thu Apr 16 2026 17:22:41 GMT+0200 (Midden-Europese zomertijd),e9bc28f6-c82b-4f8f-957b-e49295b50930
e5ec4c05-0f8e-4e74-bacb-e2ed47b1549b,acb5ef98-eb1b-432a-97ff-552b0a126fc3,https://www.ijsselstein.nl/onderwijs-en-kinderopvang,Onderwijs en kinderopvang | Gemeente IJsselsteinToegankelijkheidToegankelijkheidLoading..,Productieomgeving,true,,Thu Apr 16 2026 17:22:43 GMT+0200 (Midden-Europese zomertijd),e9bc28f6-c82b-4f8f-957b-e49295b50930
8c88ac7c-a64e-4ca7-9b39-4482b688ee84,acb5ef98-eb1b-432a-97ff-552b0a126fc3,https://www.ijsselstein.nl/contact-advies-en-netwerken,"Contact, advies en netwerken | Gemeente IJsselsteinToegankelijkheidToegankelijkheidLoading..",Productieomgeving,true,,Thu Apr 16 2026 17:22:48 GMT+0200 (Midden-Europese zomertijd),e9bc28f6-c82b-4f8f-957b-e49295b50930
f176aa44-fb92-4905-9b10-3799c341d7b7,acb5ef98-eb1b-432a-97ff-552b0a126fc3,https://www.ijsselstein.nl/vergunningen,Vergunningen | Gemeente IJsselsteinToegankelijkheidToegankelijkheidLoading..,Productieomgeving,true,,Thu Apr 16 2026 17:22:50 GMT+0200 (Midden-Europese zomertijd),e9bc28f6-c82b-4f8f-957b-e49295b50930
ec8ae9f5-3f63-4ecc-8a5f-801a56e8b702,acb5ef98-eb1b-432a-97ff-552b0a126fc3,https://www.ijsselstein.nl/beleid-en-projecten,Beleid en projecten | Gemeente IJsselsteinToegankelijkheidToegankelijkheidLoading..,Productieomgeving,true,,Thu Apr 16 2026 17:22:54 GMT+0200 (Midden-Europese zomertijd),e9bc28f6-c82b-4f8f-957b-e49295b50930
c7b4289c-6a1c-41f1-b87e-ed8a6ea47435,acb5ef98-eb1b-432a-97ff-552b0a126fc3,https://www.ijsselstein.nl/bestuur-en-organisatie,Bestuur en organisatie | Gemeente IJsselsteinToegankelijkheidToegankelijkheidLoading..,Productieomgeving,true,,Thu Apr 16 2026 17:22:58 GMT+0200 (Midden-Europese zomertijd),e9bc28f6-c82b-4f8f-957b-e49295b50930
baffe5c6-706d-4a59-8094-03fa75c08005,acb5ef98-eb1b-432a-97ff-552b0a126fc3,https://www.ijsselstein.nl/organisatie,Organisatie | Gemeente IJsselsteinToegankelijkheidToegankelijkheidLoading..,Productieomgeving,true,,Thu Apr 16 2026 17:23:03 GMT+0200 (Midden-Europese zomertijd),e9bc28f6-c82b-4f8f-957b-e49295b50930
e1f081be-86cf-4d74-b477-adbd57eb59a5,acb5ef98-eb1b-432a-97ff-552b0a126fc3,https://www.ijsselstein.nl/financien,Financiën | Gemeente IJsselsteinToegankelijkheidToegankelijkheidLoading..,Productieomgeving,true,,Thu Apr 16 2026 17:23:05 GMT+0200 (Midden-Europese zomertijd),e9bc28f6-c82b-4f8f-957b-e49295b50930
5e07b62e-6122-424e-900d-727e50b10bf5,acb5ef98-eb1b-432a-97ff-552b0a126fc3,https://www.ijsselstein.nl/onderscheidingen,Onderscheidingen | Gemeente IJsselsteinToegankelijkheidToegankelijkheidLoading..,Productieomgeving,true,,Thu Apr 16 2026 17:23:11 GMT+0200 (Midden-Europese zomertijd),e9bc28f6-c82b-4f8f-957b-e49295b50930
d3b3c21d-021f-46e8-873b-c65e59f58307,acb5ef98-eb1b-432a-97ff-552b0a126fc3,https://www.ijsselstein.nl/verkiezingen,Verkiezingen | Gemeente IJsselsteinToegankelijkheidToegankelijkheidLoading..,Productieomgeving,true,,Thu Apr 16 2026 17:23:13 GMT+0200 (Midden-Europese zomertijd),e9bc28f6-c82b-4f8f-957b-e49295b50930
a47c42b6-202d-40b3-9376-0164122b7097,acb5ef98-eb1b-432a-97ff-552b0a126fc3,https://www.ijsselstein.nl/actueel,Actueel | Gemeente IJsselsteinToegankelijkheidToegankelijkheidLoading..,Productieomgeving,true,,Thu Apr 16 2026 17:23:17 GMT+0200 (Midden-Europese zomertijd),e9bc28f6-c82b-4f8f-957b-e49295b50930
ff4a8774-d869-4f8a-8044-ed77b8625f57,acb5ef98-eb1b-432a-97ff-552b0a126fc3,https://www.ijsselstein.nl/melding-openbare-ruimte,Melding openbare ruimte | Gemeente IJsselsteinToegankelijkheidToegankelijkheidLoading..,Productieomgeving,true,,Thu Apr 16 2026 17:23:25 GMT+0200 (Midden-Europese zomertijd),e9bc28f6-c82b-4f8f-957b-e49295b50930
b62bfb0a-7a37-4450-9c0e-9895aac6b2ae,acb5ef98-eb1b-432a-97ff-552b0a126fc3,https://www.ijsselstein.nl/regel-het-online,Regel het online | Gemeente IJsselsteinToegankelijkheidToegankelijkheidLoading..,Productieomgeving,true,,Thu Apr 16 2026 17:23:29 GMT+0200 (Midden-Europese zomertijd),e9bc28f6-c82b-4f8f-957b-e49295b50930
e87df9e5-98bf-40c1-9ea8-c233014e8b03,acb5ef98-eb1b-432a-97ff-552b0a126fc3,https://www.ijsselstein.nl/gevonden-of-verloren,Gevonden of verloren | Gemeente IJsselsteinToegankelijkheidToegankelijkheidLoading..,Productieomgeving,true,,Thu Apr 16 2026 17:23:32 GMT+0200 (Midden-Europese zomertijd),e9bc28f6-c82b-4f8f-957b-e49295b50930
17726c5c-b047-4eec-a4ab-8bfa558eebd3,acb5ef98-eb1b-432a-97ff-552b0a126fc3,https://www.ijsselstein.nl/overlast-ratten-melden,Overlast ratten melden | Gemeente IJsselsteinToegankelijkheidToegankelijkheidLoading..,Productieomgeving,true,,Thu Apr 16 2026 17:23:34 GMT+0200 (Midden-Europese zomertijd),e9bc28f6-c82b-4f8f-957b-e49295b50930
4ee76723-43ba-4ff2-a940-1c6d88eba2b3,acb5ef98-eb1b-432a-97ff-552b0a126fc3,https://www.ijsselstein.nl/melding-ongewenst-verhuurgedrag,Melding ongewenst verhuurgedrag | Gemeente IJsselsteinToegankelijkheidToegankelijkheidLoading..,Productieomgeving,true,,Thu Apr 16 2026 17:23:38 GMT+0200 (Midden-Europese zomertijd),e9bc28f6-c82b-4f8f-957b-e49295b50930
398538e5-37a2-4c95-bb31-95325105fa22,acb5ef98-eb1b-432a-97ff-552b0a126fc3,https://www.ijsselstein.nl/ravijnjaar,Ravijnjaar | Gemeente IJsselsteinToegankelijkheidToegankelijkheidLoading..,Productieomgeving,true,,Thu Apr 16 2026 17:25:05 GMT+0200 (Midden-Europese zomertijd),e9bc28f6-c82b-4f8f-957b-e49295b50930
8b994d70-8a09-4788-a0f1-c09cc614b7d0,acb5ef98-eb1b-432a-97ff-552b0a126fc3,https://www.ijsselstein.nl/melding-zorgfraude,Melding zorgfraude | Gemeente IJsselsteinToegankelijkheidToegankelijkheidLoading..,Productieomgeving,true,,Thu Apr 16 2026 17:23:36 GMT+0200 (Midden-Europese zomertijd),e9bc28f6-c82b-4f8f-957b-e49295b50930
c22e1fde-ecca-4f1b-8913-f8101e41bffa,acb5ef98-eb1b-432a-97ff-552b0a126fc3,https://www.ijsselstein.nl/meldpunt-bezorgd,Meldpunt Bezorgd | Gemeente IJsselsteinToegankelijkheidToegankelijkheidLoading..,Productieomgeving,true,,Thu Apr 16 2026 17:23:40 GMT+0200 (Midden-Europese zomertijd),e9bc28f6-c82b-4f8f-957b-e49295b50930
32eff476-b2a2-4a57-bbd2-4c542dfea257,acb5ef98-eb1b-432a-97ff-552b0a126fc3,https://www.ijsselstein.nl/klacht-over-aanbestedingsprocedures,Klacht over aanbestedingsprocedures | Gemeente IJsselsteinToegankelijkheidToegankelijkheidLoading..,Productieomgeving,true,,Thu Apr 16 2026 17:23:44 GMT+0200 (Midden-Europese zomertijd),e9bc28f6-c82b-4f8f-957b-e49295b50930
71f3019e-7cab-407c-9ad7-4e4cfa40afcd,acb5ef98-eb1b-432a-97ff-552b0a126fc3,https://www.ijsselstein.nl/bezwaar-maken,Bezwaar maken | Gemeente IJsselsteinToegankelijkheidToegankelijkheidLoading..,Productieomgeving,true,,Thu Apr 16 2026 17:23:48 GMT+0200 (Midden-Europese zomertijd),e9bc28f6-c82b-4f8f-957b-e49295b50930
7091f0eb-376d-4bb3-b579-0355f57627e0,acb5ef98-eb1b-432a-97ff-552b0a126fc3,https://www.ijsselstein.nl/nadeelcompensatie,Nadeelcompensatie | Gemeente IJsselsteinToegankelijkheidToegankelijkheidLoading..,Productieomgeving,true,,Thu Apr 16 2026 17:23:53 GMT+0200 (Midden-Europese zomertijd),e9bc28f6-c82b-4f8f-957b-e49295b50930
7d78f535-96f2-4e90-a968-ac8b11adb1cc,acb5ef98-eb1b-432a-97ff-552b0a126fc3,https://www.ijsselstein.nl/paspoort-en-identiteitskaart,Paspoort en identiteitskaart | Gemeente IJsselsteinToegankelijkheidToegankelijkheidLoading..,Productieomgeving,true,,Thu Apr 16 2026 17:23:57 GMT+0200 (Midden-Europese zomertijd),e9bc28f6-c82b-4f8f-957b-e49295b50930
8f234fe1-6494-4102-99c3-c85767ff3254,acb5ef98-eb1b-432a-97ff-552b0a126fc3,https://www.ijsselstein.nl/uittreksels-en-verklaringen,Uittreksels en verklaringen | Gemeente IJsselsteinToegankelijkheidToegankelijkheidLoading..,Productieomgeving,true,,Thu Apr 16 2026 17:24:01 GMT+0200 (Midden-Europese zomertijd),e9bc28f6-c82b-4f8f-957b-e49295b50930
1ffd9bc6-65c6-4398-980a-8287cc8e08e4,acb5ef98-eb1b-432a-97ff-552b0a126fc3,http://www.ijsselstein.nl/noodopvang,Noodopvang vluchtelingen | Gemeente IJsselsteinToegankelijkheidToegankelijkheidLoading..,Productieomgeving,true,,Thu Apr 16 2026 17:24:05 GMT+0200 (Midden-Europese zomertijd),e9bc28f6-c82b-4f8f-957b-e49295b50930
f8ee186a-9e59-4259-928b-e1de562458b3,acb5ef98-eb1b-432a-97ff-552b0a126fc3,https://www.ijsselstein.nl/groen-licht-voor-herinrichting-overtoom,Groen licht voor herinrichting Overtoom | Gemeente IJsselsteinToegankelijkheidToegankelijkheidLoading..,Productieomgeving,true,,Thu Apr 16 2026 17:24:13 GMT+0200 (Midden-Europese zomertijd),e9bc28f6-c82b-4f8f-957b-e49295b50930
107732e4-522b-44b3-8d9d-1d00ac69c4bc,acb5ef98-eb1b-432a-97ff-552b0a126fc3,https://www.ijsselstein.nl/voorlopige-uitslag-gemeenteraadsverkiezingen,Voorlopige uitslag gemeenteraadsverkiezingen | Gemeente IJsselsteinToegankelijkheidToegankelijkheidLoading..,Productieomgeving,true,,Thu Apr 16 2026 17:24:14 GMT+0200 (Midden-Europese zomertijd),e9bc28f6-c82b-4f8f-957b-e49295b50930
84400c70-88a0-4b9b-a308-8bf8c4bfe340,acb5ef98-eb1b-432a-97ff-552b0a126fc3,https://www.ijsselstein.nl/start-subsidieproces-2027,Start subsidieproces 2027 | Gemeente IJsselsteinToegankelijkheidToegankelijkheidLoading..,Productieomgeving,true,,Thu Apr 16 2026 17:24:20 GMT+0200 (Midden-Europese zomertijd),e9bc28f6-c82b-4f8f-957b-e49295b50930
a8af3bd5-47b9-4a45-b6ca-e0917b53ed76,acb5ef98-eb1b-432a-97ff-552b0a126fc3,https://www.ijsselstein.nl/versterking-elektriciteitsnet,Versterking elektriciteitsnet | Gemeente IJsselsteinToegankelijkheidToegankelijkheidLoading..,Productieomgeving,true,,Thu Apr 16 2026 17:24:24 GMT+0200 (Midden-Europese zomertijd),e9bc28f6-c82b-4f8f-957b-e49295b50930
e1fe21b2-3c26-4dc1-95c6-c6c7e1c7123a,acb5ef98-eb1b-432a-97ff-552b0a126fc3,https://www.ijsselstein.nl/aanslag-gemeentelijke-belastingen,Aanslag gemeentelijke belastingen | Gemeente IJsselsteinToegankelijkheidToegankelijkheidLoading..,Productieomgeving,true,,Thu Apr 16 2026 17:24:26 GMT+0200 (Midden-Europese zomertijd),e9bc28f6-c82b-4f8f-957b-e49295b50930
2d82650e-9995-41ae-9973-c6785a44e696,acb5ef98-eb1b-432a-97ff-552b0a126fc3,https://www.ijsselstein.nl/nieuws/1,Nieuws | Gemeente IJsselsteinToegankelijkheidToegankelijkheidLoading..,Productieomgeving,true,,Thu Apr 16 2026 17:24:30 GMT+0200 (Midden-Europese zomertijd),e9bc28f6-c82b-4f8f-957b-e49295b50930
11e5ec76-3ae1-4fce-8fe2-5658cde24de4,acb5ef98-eb1b-432a-97ff-552b0a126fc3,https://www.ijsselstein.nl/nieuws/3,Nieuws | Gemeente IJsselsteinToegankelijkheidToegankelijkheidLoading..,Productieomgeving,true,,Thu Apr 16 2026 17:24:34 GMT+0200 (Midden-Europese zomertijd),e9bc28f6-c82b-4f8f-957b-e49295b50930
4378b005-a641-4e9a-af50-6adfd373bc6f,acb5ef98-eb1b-432a-97ff-552b0a126fc3,https://www.ijsselstein.nl/economische-visie-2030,Economische visie 2030 | Gemeente IJsselsteinToegankelijkheidToegankelijkheidLoading..,Productieomgeving,true,,Thu Apr 16 2026 17:24:42 GMT+0200 (Midden-Europese zomertijd),e9bc28f6-c82b-4f8f-957b-e49295b50930
49e3fec8-fe35-4d44-9ef7-ad60864c5ccd,acb5ef98-eb1b-432a-97ff-552b0a126fc3,https://www.ijsselstein.nl/fietspad-nedereindse-plas-poortdijk,Fietspad Nedereindse Plas - Poortdijk | Gemeente IJsselsteinToegankelijkheidToegankelijkheidLoading..,Productieomgeving,true,,Thu Apr 16 2026 17:24:44 GMT+0200 (Midden-Europese zomertijd),e9bc28f6-c82b-4f8f-957b-e49295b50930
e73e95b5-cd7f-412f-a688-36500e1c5fe1,acb5ef98-eb1b-432a-97ff-552b0a126fc3,https://www.ijsselstein.nl/fietsvrije-binnenstad,Fietsvrije binnenstad | Gemeente IJsselsteinToegankelijkheidToegankelijkheidLoading..,Productieomgeving,true,,Thu Apr 16 2026 17:24:48 GMT+0200 (Midden-Europese zomertijd),e9bc28f6-c82b-4f8f-957b-e49295b50930
5f540b0a-f770-4894-a71d-977d1decd68b,acb5ef98-eb1b-432a-97ff-552b0a126fc3,https://www.ijsselstein.nl/kindcentrum-zomerdijk-43,Kindcentrum - Zomerdijk 43 | Gemeente IJsselsteinToegankelijkheidToegankelijkheidLoading..,Productieomgeving,true,,Thu Apr 16 2026 17:24:54 GMT+0200 (Midden-Europese zomertijd),e9bc28f6-c82b-4f8f-957b-e49295b50930
55093ce0-9d4c-4875-b2ea-c411e10594d1,acb5ef98-eb1b-432a-97ff-552b0a126fc3,https://www.ijsselstein.nl/onderhoud-bruggen-binnenstad,Onderhoud bruggen binnenstad | Gemeente IJsselsteinToegankelijkheidToegankelijkheidLoading..,Productieomgeving,true,,Thu Apr 16 2026 17:24:59 GMT+0200 (Midden-Europese zomertijd),e9bc28f6-c82b-4f8f-957b-e49295b50930
338e10ad-bd59-4c86-a69a-ad5a25478e2d,b160cb88-c117-43c1-ac24-66c9da3f77b8,https://www.ijsselstein.nl/woningbouwprojecten,Woningbouwprojecten | Gemeente IJsselsteinToegankelijkheidToegankelijkheidLoading..,Productieomgeving,true,,Thu Apr 16 2026 17:22:07 GMT+0200 (Midden-Europese zomertijd),057a6465-5f96-4eb2-9c4e-294c310af510
a1795863-46b3-4c2a-9fb4-2028ba45d1ed,b160cb88-c117-43c1-ac24-66c9da3f77b8,https://www.ijsselstein.nl/newsletter,Nieuwsbrief | Gemeente IJsselsteinToegankelijkheidToegankelijkheidLoading..,Productieomgeving,true,,Thu Apr 16 2026 17:22:11 GMT+0200 (Midden-Europese zomertijd),057a6465-5f96-4eb2-9c4e-294c310af510
8a985ca0-cd5b-4d04-a69d-6b9b8e11bc86,b160cb88-c117-43c1-ac24-66c9da3f77b8,https://www.ijsselstein.nl/over-deze-site,Over deze site | Gemeente IJsselsteinToegankelijkheidToegankelijkheidLoading..,Productieomgeving,true,,Thu Apr 16 2026 17:22:13 GMT+0200 (Midden-Europese zomertijd),057a6465-5f96-4eb2-9c4e-294c310af510
35456cca-574b-4394-b820-62a6962f6357,b160cb88-c117-43c1-ac24-66c9da3f77b8,https://www.ijsselstein.nl/geboorte-trouwen-en-overlijden,"Geboorte, trouwen en overlijden | Gemeente IJsselsteinToegankelijkheidToegankelijkheidLoading..",Productieomgeving,true,,Thu Apr 16 2026 17:22:22 GMT+0200 (Midden-Europese zomertijd),057a6465-5f96-4eb2-9c4e-294c310af510
089fb16f-60a4-4473-a71e-a92efdf1ff6e,acb5ef98-eb1b-432a-97ff-552b0a126fc3,https://www.ijsselstein.nl/klacht-over-gedrag-van-gemeentepersonen,Klacht over gedrag van gemeentepersonen | Gemeente IJsselsteinToegankelijkheidToegankelijkheidLoading..,Productieomgeving,true,,Thu Apr 16 2026 17:23:46 GMT+0200 (Midden-Europese zomertijd),e9bc28f6-c82b-4f8f-957b-e49295b50930
35a09ade-5709-4fa9-8476-db3c24b8b938,acb5ef98-eb1b-432a-97ff-552b0a126fc3,https://www.ijsselstein.nl/informatieverzoek-indienen,Informatieverzoek indienen | Gemeente IJsselsteinToegankelijkheidToegankelijkheidLoading..,Productieomgeving,true,,Thu Apr 16 2026 17:23:49 GMT+0200 (Midden-Europese zomertijd),e9bc28f6-c82b-4f8f-957b-e49295b50930
e89b884e-87d1-4822-a832-f94422f99ce7,acb5ef98-eb1b-432a-97ff-552b0a126fc3,https://www.ijsselstein.nl/wet-open-overheid,Wet open overheid | Gemeente IJsselsteinToegankelijkheidToegankelijkheidLoading..,Productieomgeving,true,,Thu Apr 16 2026 17:23:51 GMT+0200 (Midden-Europese zomertijd),e9bc28f6-c82b-4f8f-957b-e49295b50930
be8130ed-6154-4ca5-a098-d5309f70c225,acb5ef98-eb1b-432a-97ff-552b0a126fc3,https://www.ijsselstein.nl/dwangsom-bij-niet-op-tijd-beslissen,Dwangsom bij niet op tijd beslissen | Gemeente IJsselsteinToegankelijkheidToegankelijkheidLoading..,Productieomgeving,true,,Thu Apr 16 2026 17:23:55 GMT+0200 (Midden-Europese zomertijd),e9bc28f6-c82b-4f8f-957b-e49295b50930
0393d385-3390-48cc-a985-e31d8cdd7752,acb5ef98-eb1b-432a-97ff-552b0a126fc3,https://www.ijsselstein.nl/rijbewijs,Rijbewijs | Gemeente IJsselsteinToegankelijkheidToegankelijkheidLoading..,Productieomgeving,true,,Thu Apr 16 2026 17:23:59 GMT+0200 (Midden-Europese zomertijd),e9bc28f6-c82b-4f8f-957b-e49295b50930
3105cfc5-0869-4f6a-895c-d17551428ea0,acb5ef98-eb1b-432a-97ff-552b0a126fc3,https://www.ijsselstein.nl/gehandicaptenparkeerplaats,Gehandicaptenparkeerplaats | Gemeente IJsselsteinToegankelijkheidToegankelijkheidLoading..,Productieomgeving,true,,Thu Apr 16 2026 17:24:03 GMT+0200 (Midden-Europese zomertijd),e9bc28f6-c82b-4f8f-957b-e49295b50930
34b36ae3-2194-4392-b8b7-ad6efb96d91c,acb5ef98-eb1b-432a-97ff-552b0a126fc3,https://www.ijsselstein.nl/lintje-voor-raadsleden,Lintje voor raadsleden | Gemeente IJsselsteinToegankelijkheidToegankelijkheidLoading..,Productieomgeving,true,,Thu Apr 16 2026 17:24:09 GMT+0200 (Midden-Europese zomertijd),e9bc28f6-c82b-4f8f-957b-e49295b50930
7662bd62-d396-4043-8750-952e5eb36d97,acb5ef98-eb1b-432a-97ff-552b0a126fc3,https://www.ijsselstein.nl/minimaregelingen-werken-en-werken-loont,Minimaregelingen werken en werken loont | Gemeente IJsselsteinToegankelijkheidToegankelijkheidLoading..,Productieomgeving,true,,Thu Apr 16 2026 17:24:11 GMT+0200 (Midden-Europese zomertijd),e9bc28f6-c82b-4f8f-957b-e49295b50930
6586467b-a122-4b9f-9c91-6777be744746,acb5ef98-eb1b-432a-97ff-552b0a126fc3,https://www.ijsselstein.nl/blog-van-de-burgemeester,Blog van de burgemeester | Gemeente IJsselsteinToegankelijkheidToegankelijkheidLoading..,Productieomgeving,true,,Thu Apr 16 2026 17:24:16 GMT+0200 (Midden-Europese zomertijd),e9bc28f6-c82b-4f8f-957b-e49295b50930
78b3c101-f1da-43f5-92f5-20b443b889ee,acb5ef98-eb1b-432a-97ff-552b0a126fc3,https://www.ijsselstein.nl/wie-verdient-er-een-lintje,Wie verdient er een lintje | Gemeente IJsselsteinToegankelijkheidToegankelijkheidLoading..,Productieomgeving,true,,Thu Apr 16 2026 17:24:18 GMT+0200 (Midden-Europese zomertijd),e9bc28f6-c82b-4f8f-957b-e49295b50930
5462b0ef-dbc1-4b56-a591-278d56726bbb,acb5ef98-eb1b-432a-97ff-552b0a126fc3,https://www.ijsselstein.nl/mogelijke-risicos-gezondheid-uf-schuim,Mogelijke risico's gezondheid UF-schuim | Gemeente IJsselsteinToegankelijkheidToegankelijkheidLoading..,Productieomgeving,true,,Thu Apr 16 2026 17:24:22 GMT+0200 (Midden-Europese zomertijd),e9bc28f6-c82b-4f8f-957b-e49295b50930
245b42f3-c11d-471a-aa99-87e7bd10e28f,acb5ef98-eb1b-432a-97ff-552b0a126fc3,https://www.ijsselstein.nl/nieuwe-ontmoetingsplek-voor-en-door-jongeren,Nieuwe ontmoetingsplek voor en door jongeren | Gemeente IJsselsteinToegankelijkheidToegankelijkheidLoading..,Productieomgeving,true,,Thu Apr 16 2026 17:24:28 GMT+0200 (Midden-Europese zomertijd),e9bc28f6-c82b-4f8f-957b-e49295b50930
d6fbbc2f-1bea-4441-b249-c7c95ae4ee99,acb5ef98-eb1b-432a-97ff-552b0a126fc3,https://www.ijsselstein.nl/nieuws/2,Nieuws | Gemeente IJsselsteinToegankelijkheidToegankelijkheidLoading..,Productieomgeving,true,,Thu Apr 16 2026 17:24:32 GMT+0200 (Midden-Europese zomertijd),e9bc28f6-c82b-4f8f-957b-e49295b50930
c5e64fab-8563-40c7-895f-762e697a901b,acb5ef98-eb1b-432a-97ff-552b0a126fc3,https://www.ijsselstein.nl/bedrijvenpark-de-kroon,Bedrijvenpark De Kroon | Gemeente IJsselsteinToegankelijkheidToegankelijkheidLoading..,Productieomgeving,true,,Thu Apr 16 2026 17:24:36 GMT+0200 (Midden-Europese zomertijd),e9bc28f6-c82b-4f8f-957b-e49295b50930
5d8e3fe0-23fe-4767-b6e9-c35ee0028e9d,acb5ef98-eb1b-432a-97ff-552b0a126fc3,https://www.ijsselstein.nl/bomen-vervangen-schonauwen,Bomen vervangen Schonauwen | Gemeente IJsselsteinToegankelijkheidToegankelijkheidLoading..,Productieomgeving,true,,Thu Apr 16 2026 17:24:38 GMT+0200 (Midden-Europese zomertijd),e9bc28f6-c82b-4f8f-957b-e49295b50930
68f2547e-339e-4282-a421-8481cd575c2a,acb5ef98-eb1b-432a-97ff-552b0a126fc3,https://www.ijsselstein.nl/fietsstraat-eiteren-laatste-fase,Fietsstraat Eiteren laatste fase | Gemeente IJsselsteinToegankelijkheidToegankelijkheidLoading..,Productieomgeving,true,,Thu Apr 16 2026 17:24:46 GMT+0200 (Midden-Europese zomertijd),e9bc28f6-c82b-4f8f-957b-e49295b50930
98da9e26-2782-4ae7-9df1-6ae13d4ea28e,acb5ef98-eb1b-432a-97ff-552b0a126fc3,https://www.ijsselstein.nl/groenverbeterplan-randdijk,Groenverbeterplan Randdijk | Gemeente IJsselsteinToegankelijkheidToegankelijkheidLoading..,Productieomgeving,true,,Thu Apr 16 2026 17:24:50 GMT+0200 (Midden-Europese zomertijd),e9bc28f6-c82b-4f8f-957b-e49295b50930
e2a3398d-d6a7-47dc-9e90-d1d578065f96,acb5ef98-eb1b-432a-97ff-552b0a126fc3,https://www.ijsselstein.nl/hollandse-ijsselgebied-noordwesthoek-herinrichting,Hollandse IJsselgebied Noordwesthoek (herinrichting) | Gemeente IJsselsteinToegankelijkheidToegankelijkheidLoading..,Productieomgeving,true,,Thu Apr 16 2026 17:24:52 GMT+0200 (Midden-Europese zomertijd),e9bc28f6-c82b-4f8f-957b-e49295b50930
a4bb7e5c-b4e0-4c97-84d2-ec31709276e3,acb5ef98-eb1b-432a-97ff-552b0a126fc3,https://www.ijsselstein.nl/leefbaarheid-ijsselveld-oost,Leefbaarheid IJsselveld-Oost | Gemeente IJsselsteinToegankelijkheidToegankelijkheidLoading..,Productieomgeving,true,,Thu Apr 16 2026 17:24:56 GMT+0200 (Midden-Europese zomertijd),e9bc28f6-c82b-4f8f-957b-e49295b50930
dd2cadff-9fd1-4eb1-aa7c-3a3b32290a7a,acb5ef98-eb1b-432a-97ff-552b0a126fc3,https://www.ijsselstein.nl/opnieuw-inrichten-overtoom,Opnieuw inrichten Overtoom | Gemeente IJsselsteinToegankelijkheidToegankelijkheidLoading..,Productieomgeving,true,,Thu Apr 16 2026 17:25:01 GMT+0200 (Midden-Europese zomertijd),e9bc28f6-c82b-4f8f-957b-e49295b50930
0078b0c8-a488-47ac-b01f-c92e2214d8b8,acb5ef98-eb1b-432a-97ff-552b0a126fc3,https://www.ijsselstein.nl/parkeerbeleid,Parkeerbeleid | Gemeente IJsselsteinToegankelijkheidToegankelijkheidLoading..,Productieomgeving,true,,Thu Apr 16 2026 17:25:03 GMT+0200 (Midden-Europese zomertijd),e9bc28f6-c82b-4f8f-957b-e49295b50930
3903318c-c260-41fc-baed-ff576f2abfe2,acb5ef98-eb1b-432a-97ff-552b0a126fc3,https://www.ijsselstein.nl/studio-10-en-woningbouwontwikkeling,Studio 10 en woningbouwontwikkeling | Gemeente IJsselsteinToegankelijkheidToegankelijkheidLoading..,Productieomgeving,true,,Thu Apr 16 2026 17:25:07 GMT+0200 (Midden-Europese zomertijd),e9bc28f6-c82b-4f8f-957b-e49295b50930
58a24a95-141b-42e0-9786-82e6b8abf8aa,acb5ef98-eb1b-432a-97ff-552b0a126fc3,https://www.ijsselstein.nl/wonen-in-de-linten,Wonen in de linten | Gemeente IJsselsteinToegankelijkheidToegankelijkheidLoading..,Productieomgeving,true,,Thu Apr 16 2026 17:25:13 GMT+0200 (Midden-Europese zomertijd),e9bc28f6-c82b-4f8f-957b-e49295b50930
30825ee2-3c0d-42b9-81ca-85058d6210b7,acb5ef98-eb1b-432a-97ff-552b0a126fc3,https://www.ijsselstein.nl/vervangen-straatverlichting-binnenstad,Vervangen straatverlichting binnenstad | Gemeente IJsselsteinToegankelijkheidToegankelijkheidLoading..,Productieomgeving,true,,Thu Apr 16 2026 17:25:09 GMT+0200 (Midden-Europese zomertijd),e9bc28f6-c82b-4f8f-957b-e49295b50930
36785d37-7aa9-49a3-b825-f82529ccd866,acb5ef98-eb1b-432a-97ff-552b0a126fc3,https://www.ijsselstein.nl/visie-toerisme-en-recreatie,Visie Toerisme en recreatie | Gemeente IJsselsteinToegankelijkheidToegankelijkheidLoading..,Productieomgeving,true,,Thu Apr 16 2026 17:25:11 GMT+0200 (Midden-Europese zomertijd),e9bc28f6-c82b-4f8f-957b-e49295b50930
6e3baba7-dec3-4d34-80cf-564ddaf9a0bc,acb5ef98-eb1b-432a-97ff-552b0a126fc3,https://www.ijsselstein.nl/einsteinweg-kantoor-centric,Einsteinweg Kantoor Centric | Gemeente IJsselsteinToegankelijkheidToegankelijkheidLoading..,Productieomgeving,true,,Thu Apr 16 2026 17:25:15 GMT+0200 (Midden-Europese zomertijd),e9bc28f6-c82b-4f8f-957b-e49295b50930
1dfdfffc-a646-4290-8da7-201c4e83867f,acb5ef98-eb1b-432a-97ff-552b0a126fc3,https://www.ijsselstein.nl/europakwartier-oost,Europakwartier-Oost | Gemeente IJsselsteinToegankelijkheidToegankelijkheidLoading..,Productieomgeving,true,,Thu Apr 16 2026 17:25:19 GMT+0200 (Midden-Europese zomertijd),e9bc28f6-c82b-4f8f-957b-e49295b50930
883c8403-1c56-4d6f-84a2-76970e725f02,acb5ef98-eb1b-432a-97ff-552b0a126fc3,https://www.ijsselstein.nl/ijsseloeversrobaterrein,IJsseloevers/Robaterrein | Gemeente IJsselsteinToegankelijkheidToegankelijkheidLoading..,Productieomgeving,true,,Thu Apr 16 2026 17:25:23 GMT+0200 (Midden-Europese zomertijd),e9bc28f6-c82b-4f8f-957b-e49295b50930
6e0c582b-cb4f-4023-b234-c41a2e9d166d,acb5ef98-eb1b-432a-97ff-552b0a126fc3,https://www.ijsselstein.nl/lagebiezen-4-10,Lagebiezen 4-10 | Gemeente IJsselsteinToegankelijkheidToegankelijkheidLoading..,Productieomgeving,true,,Thu Apr 16 2026 17:25:27 GMT+0200 (Midden-Europese zomertijd),e9bc28f6-c82b-4f8f-957b-e49295b50930
c5e2e7e5-95db-457d-abce-59d1ae5ce0ee,acb5ef98-eb1b-432a-97ff-552b0a126fc3,https://www.ijsselstein.nl/mr-abbink-spainkstraat,Mr. Abbink Spainkstraat | Gemeente IJsselsteinToegankelijkheidToegankelijkheidLoading..,Productieomgeving,true,,Thu Apr 16 2026 17:25:33 GMT+0200 (Midden-Europese zomertijd),e9bc28f6-c82b-4f8f-957b-e49295b50930
34bac5bc-5460-4202-9fb6-abaed8f2f100,b160cb88-c117-43c1-ac24-66c9da3f77b8,https://www.ijsselstein.nl/zorg-en-inkomen,Zorg en inkomen | Gemeente IJsselsteinToegankelijkheidToegankelijkheidLoading..,Productieomgeving,true,,Thu Apr 16 2026 17:22:37 GMT+0200 (Midden-Europese zomertijd),057a6465-5f96-4eb2-9c4e-294c310af510
07b02d2c-fee4-401c-8fea-989cd21d3ef6,b160cb88-c117-43c1-ac24-66c9da3f77b8,https://www.ijsselstein.nl/team-sociaal-domein,Team Sociaal Domein | Gemeente IJsselsteinToegankelijkheidToegankelijkheidLoading..,Productieomgeving,true,,Thu Apr 16 2026 17:22:39 GMT+0200 (Midden-Europese zomertijd),057a6465-5f96-4eb2-9c4e-294c310af510
a0036f47-ca40-4a94-9740-ee8d84c45386,b160cb88-c117-43c1-ac24-66c9da3f77b8,https://www.ijsselstein.nl/ondernemers,Ondernemers | Gemeente IJsselsteinToegankelijkheidToegankelijkheidLoading..,Productieomgeving,true,,Thu Apr 16 2026 17:22:46 GMT+0200 (Midden-Europese zomertijd),057a6465-5f96-4eb2-9c4e-294c310af510
c37d1b2d-6cc1-4039-9473-7eee4ce1ae8a,b160cb88-c117-43c1-ac24-66c9da3f77b8,https://www.ijsselstein.nl/handig-om-te-weten,Handig om te weten | Gemeente IJsselsteinToegankelijkheidToegankelijkheidLoading..,Productieomgeving,true,,Thu Apr 16 2026 17:22:52 GMT+0200 (Midden-Europese zomertijd),057a6465-5f96-4eb2-9c4e-294c310af510
dbe4ae1e-4d5a-49e7-9a29-60b2c7fada09,b160cb88-c117-43c1-ac24-66c9da3f77b8,https://www.ijsselstein.nl/subsidies,Subsidies | Gemeente IJsselsteinToegankelijkheidToegankelijkheidLoading..,Productieomgeving,true,,Thu Apr 16 2026 17:22:56 GMT+0200 (Midden-Europese zomertijd),057a6465-5f96-4eb2-9c4e-294c310af510
004ebaa7-c285-487a-b15f-883e06a3afa6,b160cb88-c117-43c1-ac24-66c9da3f77b8,https://www.ijsselstein.nl/gemeenteraad,Raad | Gemeente IJsselsteinToegankelijkheidToegankelijkheidLoading..,Productieomgeving,true,,Thu Apr 16 2026 17:23:00 GMT+0200 (Midden-Europese zomertijd),057a6465-5f96-4eb2-9c4e-294c310af510
79721576-6f98-47e0-882c-031b020f2f33,b160cb88-c117-43c1-ac24-66c9da3f77b8,https://www.ijsselstein.nl/burgemeester-en-wethouders,Burgemeester en wethouders | Gemeente IJsselsteinToegankelijkheidToegankelijkheidLoading..,Productieomgeving,true,,Thu Apr 16 2026 17:23:01 GMT+0200 (Midden-Europese zomertijd),057a6465-5f96-4eb2-9c4e-294c310af510
22389cca-edd4-4e2d-acd7-3a0d3b5e6799,b160cb88-c117-43c1-ac24-66c9da3f77b8,https://www.ijsselstein.nl/over-ijsselstein,Over IJsselstein | Gemeente IJsselsteinToegankelijkheidToegankelijkheidLoading..,Productieomgeving,true,,Thu Apr 16 2026 17:23:09 GMT+0200 (Midden-Europese zomertijd),057a6465-5f96-4eb2-9c4e-294c310af510
1c041050-2cbe-48d6-a5e7-6d4ea9e21d69,b160cb88-c117-43c1-ac24-66c9da3f77b8,https://www.ijsselstein.nl/bekendmakingen-plannen-en-besluiten,"Bekendmakingen, plannen en besluiten | Gemeente IJsselsteinToegankelijkheidToegankelijkheidLoading..",Productieomgeving,true,,Thu Apr 16 2026 17:23:19 GMT+0200 (Midden-Europese zomertijd),057a6465-5f96-4eb2-9c4e-294c310af510
04f6c691-a248-47a4-b095-a5e736e5084d,b160cb88-c117-43c1-ac24-66c9da3f77b8,https://www.ijsselstein.nl/noodopvang,Noodopvang vluchtelingen | Gemeente IJsselsteinToegankelijkheidToegankelijkheidLoading..,Productieomgeving,true,,Thu Apr 16 2026 17:23:23 GMT+0200 (Midden-Europese zomertijd),057a6465-5f96-4eb2-9c4e-294c310af510
b2547ca5-f4c0-48b3-9019-52df69999a34,b160cb88-c117-43c1-ac24-66c9da3f77b8,https://www.ijsselstein.nl/verkort-telefoonnummer,Verkort telefoonnummer | Gemeente IJsselsteinToegankelijkheidToegankelijkheidLoading..,Productieomgeving,true,,Thu Apr 16 2026 17:23:27 GMT+0200 (Midden-Europese zomertijd),057a6465-5f96-4eb2-9c4e-294c310af510
e04e71fe-b3a7-4fd5-bb0a-c1b6cd38ee21,b160cb88-c117-43c1-ac24-66c9da3f77b8,https://www.ijsselstein.nl/verhuizen-migratie-en-naturalisatie,"Verhuizen, migratie en naturalisatie | Gemeente IJsselsteinToegankelijkheidToegankelijkheidLoading..",Productieomgeving,true,,Thu Apr 16 2026 17:22:30 GMT+0200 (Midden-Europese zomertijd),057a6465-5f96-4eb2-9c4e-294c310af510
d9b495db-a302-4e90-ae50-447b43620d7f,b160cb88-c117-43c1-ac24-66c9da3f77b8,https://www.ijsselstein.nl/parkeren-verkeer-en-vervoer,"Parkeren, verkeer en vervoer | Gemeente IJsselsteinToegankelijkheidToegankelijkheidLoading..",Productieomgeving,true,,Thu Apr 16 2026 17:22:34 GMT+0200 (Midden-Europese zomertijd),057a6465-5f96-4eb2-9c4e-294c310af510
1308f7a9-09d3-4f81-91cd-6813a7dfc38f,b160cb88-c117-43c1-ac24-66c9da3f77b8,https://www.ijsselstein.nl/vrije-tijd-sport-en-cultuur,"Vrije tijd, sport en cultuur | Gemeente IJsselsteinToegankelijkheidToegankelijkheidLoading..",Productieomgeving,true,,Thu Apr 16 2026 17:22:35 GMT+0200 (Midden-Europese zomertijd),057a6465-5f96-4eb2-9c4e-294c310af510
09913459-cae9-4d7b-8f6e-233c23dd088f,b160cb88-c117-43c1-ac24-66c9da3f77b8,https://www.ijsselstein.nl/onderwijs-en-kinderopvang,Onderwijs en kinderopvang | Gemeente IJsselsteinToegankelijkheidToegankelijkheidLoading..,Productieomgeving,true,,Thu Apr 16 2026 17:22:43 GMT+0200 (Midden-Europese zomertijd),057a6465-5f96-4eb2-9c4e-294c310af510
cbcaf402-6353-42a3-b70f-592245014bdf,b160cb88-c117-43c1-ac24-66c9da3f77b8,https://www.ijsselstein.nl/contact-advies-en-netwerken,"Contact, advies en netwerken | Gemeente IJsselsteinToegankelijkheidToegankelijkheidLoading..",Productieomgeving,true,,Thu Apr 16 2026 17:22:48 GMT+0200 (Midden-Europese zomertijd),057a6465-5f96-4eb2-9c4e-294c310af510
e19ad2cf-50ee-4a10-b198-aa07a7cdc641,b160cb88-c117-43c1-ac24-66c9da3f77b8,https://www.ijsselstein.nl/vergunningen,Vergunningen | Gemeente IJsselsteinToegankelijkheidToegankelijkheidLoading..,Productieomgeving,true,,Thu Apr 16 2026 17:22:50 GMT+0200 (Midden-Europese zomertijd),057a6465-5f96-4eb2-9c4e-294c310af510
e9bc28f6-c82b-4f8f-957b-e49295b50930,acb5ef98-eb1b-432a-97ff-552b0a126fc3,https://www.ijsselstein.nl,Home | Gemeente IJsselstein,Productieomgeving,true,,Thu Apr 16 2026 17:21:40 GMT+0200 (Midden-Europese zomertijd),
f08e1413-7fb1-4f5f-b21b-5c8d8a8e4174,acb5ef98-eb1b-432a-97ff-552b0a126fc3,https://www.ijsselstein.nl/,Home | Gemeente IJsselsteinToegankelijkheidToegankelijkheidLoading..,Productieomgeving,true,,Thu Apr 16 2026 17:21:42 GMT+0200 (Midden-Europese zomertijd),e9bc28f6-c82b-4f8f-957b-e49295b50930
0b26a983-86dc-4bd5-8a09-a098bc0befd0,acb5ef98-eb1b-432a-97ff-552b0a126fc3,https://www.ijsselstein.nl/contact-en-openingstijden,Contact en openingstijden | Gemeente IJsselsteinToegankelijkheidToegankelijkheidLoading..,Productieomgeving,true,,Thu Apr 16 2026 17:21:44 GMT+0200 (Midden-Europese zomertijd),e9bc28f6-c82b-4f8f-957b-e49295b50930
c5ba503a-f211-4aed-bb86-fdbc9b03c279,acb5ef98-eb1b-432a-97ff-552b0a126fc3,https://www.ijsselstein.nl/melding-klacht-of-bezwaar,"Melding, klacht of bezwaar | Gemeente IJsselsteinToegankelijkheidToegankelijkheidLoading..",Productieomgeving,true,,Thu Apr 16 2026 17:21:46 GMT+0200 (Midden-Europese zomertijd),e9bc28f6-c82b-4f8f-957b-e49295b50930
0eeb323f-7e07-4580-96da-c40e316d705e,acb5ef98-eb1b-432a-97ff-552b0a126fc3,https://www.ijsselstein.nl/paspoort-identiteitskaart-rijbewijs-en-uittreksels,"Paspoort, identiteitskaart, rijbewijs en uittreksels | Gemeente IJsselsteinToegankelijkheidToegankelijkheidLoading..",Productieomgeving,true,,Thu Apr 16 2026 17:21:48 GMT+0200 (Midden-Europese zomertijd),e9bc28f6-c82b-4f8f-957b-e49295b50930
59fa711b-d340-4e82-bd84-e4ed50c1dee0,acb5ef98-eb1b-432a-97ff-552b0a126fc3,https://www.ijsselstein.nl/verhuizen,Verhuizen | Gemeente IJsselsteinToegankelijkheidToegankelijkheidLoading..,Productieomgeving,true,,Thu Apr 16 2026 17:21:50 GMT+0200 (Midden-Europese zomertijd),e9bc28f6-c82b-4f8f-957b-e49295b50930
4cf3f3df-eaed-4ba7-a385-fd242fbefd44,acb5ef98-eb1b-432a-97ff-552b0a126fc3,https://www.ijsselstein.nl/afval-0,Afval | Gemeente IJsselsteinToegankelijkheidToegankelijkheidLoading..,Productieomgeving,true,,Thu Apr 16 2026 17:21:52 GMT+0200 (Midden-Europese zomertijd),e9bc28f6-c82b-4f8f-957b-e49295b50930
efcdafc9-b097-4879-bd48-f6410be1388f,acb5ef98-eb1b-432a-97ff-552b0a126fc3,https://www.ijsselstein.nl/parkeren,Parkeren | Gemeente IJsselsteinToegankelijkheidToegankelijkheidLoading..,Productieomgeving,true,,Thu Apr 16 2026 17:21:54 GMT+0200 (Midden-Europese zomertijd),e9bc28f6-c82b-4f8f-957b-e49295b50930
4472f0b8-6934-477f-ab86-0cd6ae0683d8,acb5ef98-eb1b-432a-97ff-552b0a126fc3,https://www.ijsselstein.nl/ijsselstein-biedt-noodopvang-aan-vluchtelingen,IJsselstein biedt noodopvang aan vluchtelingen | Gemeente IJsselsteinToegankelijkheidToegankelijkheidLoading..,Productieomgeving,true,,Thu Apr 16 2026 17:21:55 GMT+0200 (Midden-Europese zomertijd),e9bc28f6-c82b-4f8f-957b-e49295b50930
9c098343-28bd-43a2-940a-c8fcf0e49853,acb5ef98-eb1b-432a-97ff-552b0a126fc3,https://www.ijsselstein.nl/ijsselsteinse-jacht,IJsselsteinse Jacht | Gemeente IJsselsteinToegankelijkheidToegankelijkheidLoading..,Productieomgeving,true,,Thu Apr 16 2026 17:21:57 GMT+0200 (Midden-Europese zomertijd),e9bc28f6-c82b-4f8f-957b-e49295b50930
82f92d60-69ce-4b60-9db4-6597ea9c18db,acb5ef98-eb1b-432a-97ff-552b0a126fc3,https://www.ijsselstein.nl/nk-tegelwippen-ijsselstein-gaat-weer-de-strijd-aan,NK Tegelwippen: IJsselstein gaat weer de strijd aan | Gemeente IJsselsteinToegankelijkheidToegankelijkheidLoading..,Productieomgeving,true,,Thu Apr 16 2026 17:21:59 GMT+0200 (Midden-Europese zomertijd),e9bc28f6-c82b-4f8f-957b-e49295b50930
fd63ff41-4e06-4942-9a9f-a3ef1e3a3bfc,acb5ef98-eb1b-432a-97ff-552b0a126fc3,https://www.ijsselstein.nl/nieuws,Nieuws | Gemeente IJsselsteinToegankelijkheidToegankelijkheidLoading..,Productieomgeving,true,,Thu Apr 16 2026 17:22:02 GMT+0200 (Midden-Europese zomertijd),e9bc28f6-c82b-4f8f-957b-e49295b50930
1e5ef03a-fc29-45d9-8125-522156852039,acb5ef98-eb1b-432a-97ff-552b0a126fc3,https://www.ijsselstein.nl/projecten,Projecten | Gemeente IJsselsteinToegankelijkheidToegankelijkheidLoading..,Productieomgeving,true,,Thu Apr 16 2026 17:22:04 GMT+0200 (Midden-Europese zomertijd),e9bc28f6-c82b-4f8f-957b-e49295b50930
a24a4eb0-a318-4a3c-9b16-440b4324b3fd,acb5ef98-eb1b-432a-97ff-552b0a126fc3,https://www.ijsselstein.nl/wegwerkzaamheden,Wegwerkzaamheden | Gemeente IJsselsteinToegankelijkheidToegankelijkheidLoading..,Productieomgeving,true,,Thu Apr 16 2026 17:22:09 GMT+0200 (Midden-Europese zomertijd),e9bc28f6-c82b-4f8f-957b-e49295b50930
a25c0e4f-a1aa-45e5-9f75-268015007781,acb5ef98-eb1b-432a-97ff-552b0a126fc3,https://www.ijsselstein.nl/hulp-bij-digitale-diensten,Hulp bij digitale diensten | Gemeente IJsselsteinToegankelijkheidToegankelijkheidLoading..,Productieomgeving,true,,Thu Apr 16 2026 17:22:15 GMT+0200 (Midden-Europese zomertijd),e9bc28f6-c82b-4f8f-957b-e49295b50930
8826ea7b-ca03-4099-8461-078e149e61e3,acb5ef98-eb1b-432a-97ff-552b0a126fc3,https://www.ijsselstein.nl/nieuwsbrief,Nieuwsbrief | Gemeente IJsselsteinToegankelijkheidToegankelijkheidLoading..,Productieomgeving,true,,Thu Apr 16 2026 17:22:17 GMT+0200 (Midden-Europese zomertijd),e9bc28f6-c82b-4f8f-957b-e49295b50930
22effe1a-df08-4ad8-b08c-5fff409b5e75,acb5ef98-eb1b-432a-97ff-552b0a126fc3,https://www.ijsselstein.nl/werken-bij-de-gemeente-ijsselstein,Werken bij de Gemeente IJsselstein | Gemeente IJsselsteinToegankelijkheidToegankelijkheidLoading..,Productieomgeving,true,,Thu Apr 16 2026 17:23:15 GMT+0200 (Midden-Europese zomertijd),e9bc28f6-c82b-4f8f-957b-e49295b50930
43f3e737-0395-4b37-9855-2e60974cd839,acb5ef98-eb1b-432a-97ff-552b0a126fc3,https://www.ijsselstein.nl/pers,Pers | Gemeente IJsselsteinToegankelijkheidToegankelijkheidLoading..,Productieomgeving,true,,Thu Apr 16 2026 17:23:21 GMT+0200 (Midden-Europese zomertijd),e9bc28f6-c82b-4f8f-957b-e49295b50930
5c8b58ce-8c84-498f-8d79-3965fa5542fb,acb5ef98-eb1b-432a-97ff-552b0a126fc3,https://www.ijsselstein.nl/melding-straatverlichting-en-verkeerslichten,Melding straatverlichting en verkeerslichten | Gemeente IJsselsteinToegankelijkheidToegankelijkheidLoading..,Productieomgeving,true,,Thu Apr 16 2026 17:23:30 GMT+0200 (Midden-Europese zomertijd),e9bc28f6-c82b-4f8f-957b-e49295b50930
6e633f54-a90c-4f32-8217-03b8762fe870,acb5ef98-eb1b-432a-97ff-552b0a126fc3,https://www.ijsselstein.nl/gemeente-aansprakelijk-stellen,Gemeente aansprakelijk stellen | Gemeente IJsselsteinToegankelijkheidToegankelijkheidLoading..,Productieomgeving,true,,Thu Apr 16 2026 17:23:42 GMT+0200 (Midden-Europese zomertijd),e9bc28f6-c82b-4f8f-957b-e49295b50930
83940c66-900c-4158-aad3-192683f92abc,acb5ef98-eb1b-432a-97ff-552b0a126fc3,https://www.ijsselstein.nl/isolatieactie-voor-koopwoningen-weer-van-start,Isolatieactie voor koopwoningen weer van start | Gemeente IJsselsteinToegankelijkheidToegankelijkheidLoading..,Productieomgeving,true,,Thu Apr 16 2026 17:24:07 GMT+0200 (Midden-Europese zomertijd),e9bc28f6-c82b-4f8f-957b-e49295b50930
b1fe1665-9f00-4f49-9f9a-0624a7d8aeeb,acb5ef98-eb1b-432a-97ff-552b0a126fc3,https://www.ijsselstein.nl/eiteren-31,Eiteren 31 | Gemeente IJsselsteinToegankelijkheidToegankelijkheidLoading..,Productieomgeving,true,,Thu Apr 16 2026 17:25:16 GMT+0200 (Midden-Europese zomertijd),e9bc28f6-c82b-4f8f-957b-e49295b50930
d1d84dab-3894-4cc4-9bcb-e2ee3775b47e,acb5ef98-eb1b-432a-97ff-552b0a126fc3,https://www.ijsselstein.nl/hitteschild-2-tot-4,Hitteschild 2 tot 4 | Gemeente IJsselsteinToegankelijkheidToegankelijkheidLoading..,Productieomgeving,true,,Thu Apr 16 2026 17:25:21 GMT+0200 (Midden-Europese zomertijd),e9bc28f6-c82b-4f8f-957b-e49295b50930
98637a3c-e8e3-44ec-a3c4-ba57f29cf985,acb5ef98-eb1b-432a-97ff-552b0a126fc3,https://www.ijsselstein.nl/kromme-ijsselgebied,Kromme IJsselgebied | Gemeente IJsselsteinToegankelijkheidToegankelijkheidLoading..,Productieomgeving,true,,Thu Apr 16 2026 17:25:25 GMT+0200 (Midden-Europese zomertijd),e9bc28f6-c82b-4f8f-957b-e49295b50930
d039e668-ca3c-4bf1-9643-0483e399fc11,acb5ef98-eb1b-432a-97ff-552b0a126fc3,https://www.ijsselstein.nl/lanceerplaats,Lanceerplaats | Gemeente IJsselsteinToegankelijkheidToegankelijkheidLoading..,Productieomgeving,true,,Thu Apr 16 2026 17:25:30 GMT+0200 (Midden-Europese zomertijd),e9bc28f6-c82b-4f8f-957b-e49295b50930
3351c7dc-ec21-4d2b-8ab3-08138a4dcc20,acb5ef98-eb1b-432a-97ff-552b0a126fc3,https://www.ijsselstein.nl/rss/content-list?type%5B%5D=news&tags%5B%5D=4&sort_by=published_at&sort_order=DESC,Gemeente IJsselstein (RSS)IJsselstein biedt noodopvang aan vluchtelingenIJsselsteinse JachtNK Tegelwippen: IJsselstein gaat weer de strijd aanIsolatieactie voor koopwoningen weer van startLintje voor raadsledenMinimaregelingen werken en werken loontGroen licht voor herinrichting OvertoomVoorlopige uitslag gemeenteraadsverkiezingenBlog van de burgemeesterWie verdient er een lintjeStart subsidieproces 2027Mogelijke risico's gezondheid UF-schuimVersterking elektriciteitsnetAanslag gemeentelijke belastingenNieuwe ontmoetingsplek voor en door jongerenHulp bij online criminaliteitLeg nu een geveltuin aan!Tijdelijke woonruimte via Onder de PannenGemeente IJsselstein onderzoekt leefbaarheidBrief aan de Koning“Zeg eens hoi” - bijeenkomst over naar elkaar omkijken Kerstbomenactie succesGeen zwaar verkeer over brug DoelenstraatNieuwjaarstoespraak100 dagen burgemeester,Productieomgeving,true,,Thu Apr 16 2026 17:24:35 GMT+0200 (Midden-Europese zomertijd),e9bc28f6-c82b-4f8f-957b-e49295b50930
03cd409b-572b-45a0-9cef-48430c6c28bc,acb5ef98-eb1b-432a-97ff-552b0a126fc3,https://www.ijsselstein.nl/detailhandel-en-horecastructuurvisie,Detailhandel- en horecastructuurvisie | Gemeente IJsselsteinToegankelijkheidToegankelijkheidLoading..,Productieomgeving,true,,Thu Apr 16 2026 17:24:40 GMT+0200 (Midden-Europese zomertijd),e9bc28f6-c82b-4f8f-957b-e49295b50930
43aa2bf0-ec70-44e3-9f04-faee3d9edfa6,b160cb88-c117-43c1-ac24-66c9da3f77b8,https://www.ijsselstein.nl/organisatie,Organisatie | Gemeente IJsselsteinToegankelijkheidToegankelijkheidLoading..,Productieomgeving,true,,Thu Apr 16 2026 17:23:03 GMT+0200 (Midden-Europese zomertijd),057a6465-5f96-4eb2-9c4e-294c310af510
db9ad0ed-a602-4d3d-8545-3cb14e98ac41,b160cb88-c117-43c1-ac24-66c9da3f77b8,https://www.ijsselstein.nl/onderscheidingen,Onderscheidingen | Gemeente IJsselsteinToegankelijkheidToegankelijkheidLoading..,Productieomgeving,true,,Thu Apr 16 2026 17:23:11 GMT+0200 (Midden-Europese zomertijd),057a6465-5f96-4eb2-9c4e-294c310af510
6b40a65f-65a6-4fc7-94d8-1fa7bfc07653,b160cb88-c117-43c1-ac24-66c9da3f77b8,https://www.ijsselstein.nl/verkiezingen,Verkiezingen | Gemeente IJsselsteinToegankelijkheidToegankelijkheidLoading..,Productieomgeving,true,,Thu Apr 16 2026 17:23:13 GMT+0200 (Midden-Europese zomertijd),057a6465-5f96-4eb2-9c4e-294c310af510
892c4b7a-24b0-43a2-9da8-2fb3ee1a626c,b160cb88-c117-43c1-ac24-66c9da3f77b8,https://www.ijsselstein.nl/actueel,Actueel | Gemeente IJsselsteinToegankelijkheidToegankelijkheidLoading..,Productieomgeving,true,,Thu Apr 16 2026 17:23:17 GMT+0200 (Midden-Europese zomertijd),057a6465-5f96-4eb2-9c4e-294c310af510
6fbd18de-8c19-4864-8447-aee49c6390ad,b160cb88-c117-43c1-ac24-66c9da3f77b8,https://www.ijsselstein.nl/melding-openbare-ruimte,Melding openbare ruimte | Gemeente IJsselsteinToegankelijkheidToegankelijkheidLoading..,Productieomgeving,true,,Thu Apr 16 2026 17:23:25 GMT+0200 (Midden-Europese zomertijd),057a6465-5f96-4eb2-9c4e-294c310af510
b781f60e-6116-42ef-9bdf-47003bb67283,b160cb88-c117-43c1-ac24-66c9da3f77b8,https://www.ijsselstein.nl/regel-het-online,Regel het online | Gemeente IJsselsteinToegankelijkheidToegankelijkheidLoading..,Productieomgeving,true,,Thu Apr 16 2026 17:23:29 GMT+0200 (Midden-Europese zomertijd),057a6465-5f96-4eb2-9c4e-294c310af510
7bb75abc-55e4-470b-9398-09c88103abaf,b160cb88-c117-43c1-ac24-66c9da3f77b8,https://www.ijsselstein.nl/overlast-ratten-melden,Overlast ratten melden | Gemeente IJsselsteinToegankelijkheidToegankelijkheidLoading..,Productieomgeving,true,,Thu Apr 16 2026 17:23:34 GMT+0200 (Midden-Europese zomertijd),057a6465-5f96-4eb2-9c4e-294c310af510
fef60074-159f-4252-8344-0d305b4926a7,b160cb88-c117-43c1-ac24-66c9da3f77b8,https://www.ijsselstein.nl/melding-ongewenst-verhuurgedrag,Melding ongewenst verhuurgedrag | Gemeente IJsselsteinToegankelijkheidToegankelijkheidLoading..,Productieomgeving,true,,Thu Apr 16 2026 17:23:38 GMT+0200 (Midden-Europese zomertijd),057a6465-5f96-4eb2-9c4e-294c310af510
6433d920-b9c9-4903-b051-de1a167b7cbf,b160cb88-c117-43c1-ac24-66c9da3f77b8,https://www.ijsselstein.nl/ravijnjaar,Ravijnjaar | Gemeente IJsselsteinToegankelijkheidToegankelijkheidLoading..,Productieomgeving,true,,Thu Apr 16 2026 17:25:05 GMT+0200 (Midden-Europese zomertijd),057a6465-5f96-4eb2-9c4e-294c310af510
885132fe-4bc6-42a7-9dbe-be6e1e466e14,b160cb88-c117-43c1-ac24-66c9da3f77b8,https://www.ijsselstein.nl/melding-zorgfraude,Melding zorgfraude | Gemeente IJsselsteinToegankelijkheidToegankelijkheidLoading..,Productieomgeving,true,,Thu Apr 16 2026 17:23:36 GMT+0200 (Midden-Europese zomertijd),057a6465-5f96-4eb2-9c4e-294c310af510
cb808ed1-9acf-46a9-8ecc-7819d813207c,b160cb88-c117-43c1-ac24-66c9da3f77b8,https://www.ijsselstein.nl/meldpunt-bezorgd,Meldpunt Bezorgd | Gemeente IJsselsteinToegankelijkheidToegankelijkheidLoading..,Productieomgeving,true,,Thu Apr 16 2026 17:23:40 GMT+0200 (Midden-Europese zomertijd),057a6465-5f96-4eb2-9c4e-294c310af510
3f1f3d3d-7493-4227-93aa-e20efe9f9bc2,b160cb88-c117-43c1-ac24-66c9da3f77b8,https://www.ijsselstein.nl/klacht-over-aanbestedingsprocedures,Klacht over aanbestedingsprocedures | Gemeente IJsselsteinToegankelijkheidToegankelijkheidLoading..,Productieomgeving,true,,Thu Apr 16 2026 17:23:44 GMT+0200 (Midden-Europese zomertijd),057a6465-5f96-4eb2-9c4e-294c310af510
ea5d35ab-7ccc-41f4-a3ae-335bc6b36904,b160cb88-c117-43c1-ac24-66c9da3f77b8,https://www.ijsselstein.nl/bezwaar-maken,Bezwaar maken | Gemeente IJsselsteinToegankelijkheidToegankelijkheidLoading..,Productieomgeving,true,,Thu Apr 16 2026 17:23:48 GMT+0200 (Midden-Europese zomertijd),057a6465-5f96-4eb2-9c4e-294c310af510
f1dc66f6-8599-4c9a-853f-1cea419514e3,b160cb88-c117-43c1-ac24-66c9da3f77b8,https://www.ijsselstein.nl/paspoort-en-identiteitskaart,Paspoort en identiteitskaart | Gemeente IJsselsteinToegankelijkheidToegankelijkheidLoading..,Productieomgeving,true,,Thu Apr 16 2026 17:23:57 GMT+0200 (Midden-Europese zomertijd),057a6465-5f96-4eb2-9c4e-294c310af510
8a2d1172-9b3a-4bc4-b6b1-ec0de4f8dfcb,b160cb88-c117-43c1-ac24-66c9da3f77b8,https://www.ijsselstein.nl/uittreksels-en-verklaringen,Uittreksels en verklaringen | Gemeente IJsselsteinToegankelijkheidToegankelijkheidLoading..,Productieomgeving,true,,Thu Apr 16 2026 17:24:01 GMT+0200 (Midden-Europese zomertijd),057a6465-5f96-4eb2-9c4e-294c310af510
6ce35dc2-13f2-4f4b-825d-4a3107430dd7,b160cb88-c117-43c1-ac24-66c9da3f77b8,http://www.ijsselstein.nl/noodopvang,Noodopvang vluchtelingen | Gemeente IJsselsteinToegankelijkheidToegankelijkheidLoading..,Productieomgeving,true,,Thu Apr 16 2026 17:24:05 GMT+0200 (Midden-Europese zomertijd),057a6465-5f96-4eb2-9c4e-294c310af510
666c11c3-8eb2-426d-aa13-647477cdce66,b160cb88-c117-43c1-ac24-66c9da3f77b8,https://www.ijsselstein.nl/groen-licht-voor-herinrichting-overtoom,Groen licht voor herinrichting Overtoom | Gemeente IJsselsteinToegankelijkheidToegankelijkheidLoading..,Productieomgeving,true,,Thu Apr 16 2026 17:24:13 GMT+0200 (Midden-Europese zomertijd),057a6465-5f96-4eb2-9c4e-294c310af510
9ca5e95d-d905-4fd6-8d76-05078951100d,b160cb88-c117-43c1-ac24-66c9da3f77b8,https://www.ijsselstein.nl/start-subsidieproces-2027,Start subsidieproces 2027 | Gemeente IJsselsteinToegankelijkheidToegankelijkheidLoading..,Productieomgeving,true,,Thu Apr 16 2026 17:24:20 GMT+0200 (Midden-Europese zomertijd),057a6465-5f96-4eb2-9c4e-294c310af510
ccdaba57-c3db-49f4-b8c0-f400ea0208b1,b160cb88-c117-43c1-ac24-66c9da3f77b8,https://www.ijsselstein.nl/versterking-elektriciteitsnet,Versterking elektriciteitsnet | Gemeente IJsselsteinToegankelijkheidToegankelijkheidLoading..,Productieomgeving,true,,Thu Apr 16 2026 17:24:24 GMT+0200 (Midden-Europese zomertijd),057a6465-5f96-4eb2-9c4e-294c310af510
96b1871a-13fd-41c5-be40-1fbe508ab4bb,b160cb88-c117-43c1-ac24-66c9da3f77b8,https://www.ijsselstein.nl/nieuws/1,Nieuws | Gemeente IJsselsteinToegankelijkheidToegankelijkheidLoading..,Productieomgeving,true,,Thu Apr 16 2026 17:24:30 GMT+0200 (Midden-Europese zomertijd),057a6465-5f96-4eb2-9c4e-294c310af510
a20a25d3-da77-44a0-b983-5093811afba7,b160cb88-c117-43c1-ac24-66c9da3f77b8,https://www.ijsselstein.nl/nieuws/3,Nieuws | Gemeente IJsselsteinToegankelijkheidToegankelijkheidLoading..,Productieomgeving,true,,Thu Apr 16 2026 17:24:34 GMT+0200 (Midden-Europese zomertijd),057a6465-5f96-4eb2-9c4e-294c310af510
5de1959a-79b7-4e06-94bd-b287567037fc,b160cb88-c117-43c1-ac24-66c9da3f77b8,https://www.ijsselstein.nl/economische-visie-2030,Economische visie 2030 | Gemeente IJsselsteinToegankelijkheidToegankelijkheidLoading..,Productieomgeving,true,,Thu Apr 16 2026 17:24:42 GMT+0200 (Midden-Europese zomertijd),057a6465-5f96-4eb2-9c4e-294c310af510
e7d6ba45-96ce-41ef-a088-11159f3610bc,b160cb88-c117-43c1-ac24-66c9da3f77b8,https://www.ijsselstein.nl/fietspad-nedereindse-plas-poortdijk,Fietspad Nedereindse Plas - Poortdijk | Gemeente IJsselsteinToegankelijkheidToegankelijkheidLoading..,Productieomgeving,true,,Thu Apr 16 2026 17:24:44 GMT+0200 (Midden-Europese zomertijd),057a6465-5f96-4eb2-9c4e-294c310af510
98f91abd-ae91-4b9e-96d7-aaa62036b7f7,b160cb88-c117-43c1-ac24-66c9da3f77b8,https://www.ijsselstein.nl/fietsvrije-binnenstad,Fietsvrije binnenstad | Gemeente IJsselsteinToegankelijkheidToegankelijkheidLoading..,Productieomgeving,true,,Thu Apr 16 2026 17:24:48 GMT+0200 (Midden-Europese zomertijd),057a6465-5f96-4eb2-9c4e-294c310af510
8f858ad1-e1b1-46c0-ba25-8502df4a2093,b160cb88-c117-43c1-ac24-66c9da3f77b8,https://www.ijsselstein.nl/onderhoud-bruggen-binnenstad,Onderhoud bruggen binnenstad | Gemeente IJsselsteinToegankelijkheidToegankelijkheidLoading..,Productieomgeving,true,,Thu Apr 16 2026 17:24:59 GMT+0200 (Midden-Europese zomertijd),057a6465-5f96-4eb2-9c4e-294c310af510
d331d88e-8ea6-4055-a9e3-781a02f2e64f,b160cb88-c117-43c1-ac24-66c9da3f77b8,https://www.ijsselstein.nl/klacht-over-gedrag-van-gemeentepersonen,Klacht over gedrag van gemeentepersonen | Gemeente IJsselsteinToegankelijkheidToegankelijkheidLoading..,Productieomgeving,true,,Thu Apr 16 2026 17:23:46 GMT+0200 (Midden-Europese zomertijd),057a6465-5f96-4eb2-9c4e-294c310af510
10d91ed0-5366-411e-8df5-d9664dd4abc1,b160cb88-c117-43c1-ac24-66c9da3f77b8,https://www.ijsselstein.nl/informatieverzoek-indienen,Informatieverzoek indienen | Gemeente IJsselsteinToegankelijkheidToegankelijkheidLoading..,Productieomgeving,true,,Thu Apr 16 2026 17:23:49 GMT+0200 (Midden-Europese zomertijd),057a6465-5f96-4eb2-9c4e-294c310af510
21f9b7ed-7f2c-4fba-a8c6-4864c5fa01ef,b160cb88-c117-43c1-ac24-66c9da3f77b8,https://www.ijsselstein.nl/wet-open-overheid,Wet open overheid | Gemeente IJsselsteinToegankelijkheidToegankelijkheidLoading..,Productieomgeving,true,,Thu Apr 16 2026 17:23:51 GMT+0200 (Midden-Europese zomertijd),057a6465-5f96-4eb2-9c4e-294c310af510
411f3ed0-d6ce-47b9-8b62-5bda74f2c53e,b160cb88-c117-43c1-ac24-66c9da3f77b8,https://www.ijsselstein.nl/dwangsom-bij-niet-op-tijd-beslissen,Dwangsom bij niet op tijd beslissen | Gemeente IJsselsteinToegankelijkheidToegankelijkheidLoading..,Productieomgeving,true,,Thu Apr 16 2026 17:23:55 GMT+0200 (Midden-Europese zomertijd),057a6465-5f96-4eb2-9c4e-294c310af510
08807ff1-ae2b-4722-a4b3-e4f5da6a73d9,b160cb88-c117-43c1-ac24-66c9da3f77b8,https://www.ijsselstein.nl/rijbewijs,Rijbewijs | Gemeente IJsselsteinToegankelijkheidToegankelijkheidLoading..,Productieomgeving,true,,Thu Apr 16 2026 17:23:59 GMT+0200 (Midden-Europese zomertijd),057a6465-5f96-4eb2-9c4e-294c310af510
0fdf38fb-1517-4224-a0fa-8e65bc20b38e,b160cb88-c117-43c1-ac24-66c9da3f77b8,https://www.ijsselstein.nl/gehandicaptenparkeerplaats,Gehandicaptenparkeerplaats | Gemeente IJsselsteinToegankelijkheidToegankelijkheidLoading..,Productieomgeving,true,,Thu Apr 16 2026 17:24:03 GMT+0200 (Midden-Europese zomertijd),057a6465-5f96-4eb2-9c4e-294c310af510
18421bc2-ce7d-4afd-bfc0-faea22b80fc5,b160cb88-c117-43c1-ac24-66c9da3f77b8,https://www.ijsselstein.nl/minimaregelingen-werken-en-werken-loont,Minimaregelingen werken en werken loont | Gemeente IJsselsteinToegankelijkheidToegankelijkheidLoading..,Productieomgeving,true,,Thu Apr 16 2026 17:24:11 GMT+0200 (Midden-Europese zomertijd),057a6465-5f96-4eb2-9c4e-294c310af510
ee988487-5e3b-4c6f-8a5d-240f24554803,b160cb88-c117-43c1-ac24-66c9da3f77b8,https://www.ijsselstein.nl/blog-van-de-burgemeester,Blog van de burgemeester | Gemeente IJsselsteinToegankelijkheidToegankelijkheidLoading..,Productieomgeving,true,,Thu Apr 16 2026 17:24:16 GMT+0200 (Midden-Europese zomertijd),057a6465-5f96-4eb2-9c4e-294c310af510
78b9f8a7-0ceb-466d-aef9-c310bcaf41bb,b160cb88-c117-43c1-ac24-66c9da3f77b8,https://www.ijsselstein.nl/wie-verdient-er-een-lintje,Wie verdient er een lintje | Gemeente IJsselsteinToegankelijkheidToegankelijkheidLoading..,Productieomgeving,true,,Thu Apr 16 2026 17:24:18 GMT+0200 (Midden-Europese zomertijd),057a6465-5f96-4eb2-9c4e-294c310af510
8f7d0611-af5a-455d-8512-ac3bb59ac3af,b160cb88-c117-43c1-ac24-66c9da3f77b8,https://www.ijsselstein.nl/mogelijke-risicos-gezondheid-uf-schuim,Mogelijke risico's gezondheid UF-schuim | Gemeente IJsselsteinToegankelijkheidToegankelijkheidLoading..,Productieomgeving,true,,Thu Apr 16 2026 17:24:22 GMT+0200 (Midden-Europese zomertijd),057a6465-5f96-4eb2-9c4e-294c310af510
ee3780fa-fda5-4a41-a408-3980835c677f,b160cb88-c117-43c1-ac24-66c9da3f77b8,https://www.ijsselstein.nl/nieuwe-ontmoetingsplek-voor-en-door-jongeren,Nieuwe ontmoetingsplek voor en door jongeren | Gemeente IJsselsteinToegankelijkheidToegankelijkheidLoading..,Productieomgeving,true,,Thu Apr 16 2026 17:24:28 GMT+0200 (Midden-Europese zomertijd),057a6465-5f96-4eb2-9c4e-294c310af510
2cec681e-2a94-4394-a1e4-28fc47a347ca,b160cb88-c117-43c1-ac24-66c9da3f77b8,https://www.ijsselstein.nl/nieuws/2,Nieuws | Gemeente IJsselsteinToegankelijkheidToegankelijkheidLoading..,Productieomgeving,true,,Thu Apr 16 2026 17:24:32 GMT+0200 (Midden-Europese zomertijd),057a6465-5f96-4eb2-9c4e-294c310af510
1d0d68d9-dd31-4689-8535-2d5747989d5d,b160cb88-c117-43c1-ac24-66c9da3f77b8,https://www.ijsselstein.nl/bedrijvenpark-de-kroon,Bedrijvenpark De Kroon | Gemeente IJsselsteinToegankelijkheidToegankelijkheidLoading..,Productieomgeving,true,,Thu Apr 16 2026 17:24:36 GMT+0200 (Midden-Europese zomertijd),057a6465-5f96-4eb2-9c4e-294c310af510
6f76e203-a9c9-4ba9-bdd9-04d0d54bc285,b160cb88-c117-43c1-ac24-66c9da3f77b8,https://www.ijsselstein.nl/fietsstraat-eiteren-laatste-fase,Fietsstraat Eiteren laatste fase | Gemeente IJsselsteinToegankelijkheidToegankelijkheidLoading..,Productieomgeving,true,,Thu Apr 16 2026 17:24:46 GMT+0200 (Midden-Europese zomertijd),057a6465-5f96-4eb2-9c4e-294c310af510
1c2f464a-2cfb-4b7f-8efe-d552146c217c,b160cb88-c117-43c1-ac24-66c9da3f77b8,https://www.ijsselstein.nl/groenverbeterplan-randdijk,Groenverbeterplan Randdijk | Gemeente IJsselsteinToegankelijkheidToegankelijkheidLoading..,Productieomgeving,true,,Thu Apr 16 2026 17:24:50 GMT+0200 (Midden-Europese zomertijd),057a6465-5f96-4eb2-9c4e-294c310af510
ca26816d-735c-4e73-ad05-9fc4f16c6639,b160cb88-c117-43c1-ac24-66c9da3f77b8,https://www.ijsselstein.nl/hollandse-ijsselgebied-noordwesthoek-herinrichting,Hollandse IJsselgebied Noordwesthoek (herinrichting) | Gemeente IJsselsteinToegankelijkheidToegankelijkheidLoading..,Productieomgeving,true,,Thu Apr 16 2026 17:24:52 GMT+0200 (Midden-Europese zomertijd),057a6465-5f96-4eb2-9c4e-294c310af510
b9869746-d802-400e-b270-7546166db0aa,21a690ed-3af7-426d-ae0d-8b5c6218c565,https://duurzaam.beverwijk.nl/,Home | Duurzaam Beverwijk,Productieomgeving,false,,,
ee0e9706-f738-409b-8340-7205950ec3ad,9b59a171-e91e-48ed-86da-5946a1df3760,https://www.valkenswaard.nl/nieuws,Nieuws,,true,Overzichtspagina,,
3c919224-ff3d-4397-a2af-3037e324b315,0df762bc-d4cf-4000-bcd1-a8b9d8c3a55a,https://www.blaricum.nl,Home | Gemeente BlaricumToegankelijkheidToegankelijkheidLoading..,Productieomgeving,true,,,
658a18de-c91e-4633-a37f-1e10fb0f6b6e,0df762bc-d4cf-4000-bcd1-a8b9d8c3a55a,https://blaricum.bestuurlijkeinformatie.nl/,Dashboard blaricum - iBabs Publieksportaal,Productieomgeving,false,,,
057a6465-5f96-4eb2-9c4e-294c310af510,b160cb88-c117-43c1-ac24-66c9da3f77b8,https://www.ijsselstein.nl,Home | Gemeente IJsselstein,Productieomgeving,true,,Thu Apr 16 2026 17:21:40 GMT+0200 (Midden-Europese zomertijd),
216db3eb-3def-4335-b2f5-d841e8b16947,b160cb88-c117-43c1-ac24-66c9da3f77b8,https://www.ijsselstein.nl/opnieuw-inrichten-overtoom,Opnieuw inrichten Overtoom | Gemeente IJsselsteinToegankelijkheidToegankelijkheidLoading..,Productieomgeving,true,,Thu Apr 16 2026 17:25:01 GMT+0200 (Midden-Europese zomertijd),057a6465-5f96-4eb2-9c4e-294c310af510
137d0fda-2c86-41ca-9201-a4bbff419fee,b160cb88-c117-43c1-ac24-66c9da3f77b8,https://www.ijsselstein.nl/parkeerbeleid,Parkeerbeleid | Gemeente IJsselsteinToegankelijkheidToegankelijkheidLoading..,Productieomgeving,true,,Thu Apr 16 2026 17:25:03 GMT+0200 (Midden-Europese zomertijd),057a6465-5f96-4eb2-9c4e-294c310af510
ce0561da-a021-47f0-b9fc-5c6a03e53ea6,b160cb88-c117-43c1-ac24-66c9da3f77b8,https://www.ijsselstein.nl/studio-10-en-woningbouwontwikkeling,Studio 10 en woningbouwontwikkeling | Gemeente IJsselsteinToegankelijkheidToegankelijkheidLoading..,Productieomgeving,true,,Thu Apr 16 2026 17:25:07 GMT+0200 (Midden-Europese zomertijd),057a6465-5f96-4eb2-9c4e-294c310af510
bdf0ca04-25e5-4304-86b1-0b987bffdd1e,b160cb88-c117-43c1-ac24-66c9da3f77b8,https://www.ijsselstein.nl/wonen-in-de-linten,Wonen in de linten | Gemeente IJsselsteinToegankelijkheidToegankelijkheidLoading..,Productieomgeving,true,,Thu Apr 16 2026 17:25:13 GMT+0200 (Midden-Europese zomertijd),057a6465-5f96-4eb2-9c4e-294c310af510
a8deb57c-de2e-47cd-a750-8068a704df09,b160cb88-c117-43c1-ac24-66c9da3f77b8,https://www.ijsselstein.nl/visie-toerisme-en-recreatie,Visie Toerisme en recreatie | Gemeente IJsselsteinToegankelijkheidToegankelijkheidLoading..,Productieomgeving,true,,Thu Apr 16 2026 17:25:11 GMT+0200 (Midden-Europese zomertijd),057a6465-5f96-4eb2-9c4e-294c310af510
30158d68-d307-47e1-b280-8cf01870d837,b160cb88-c117-43c1-ac24-66c9da3f77b8,https://www.ijsselstein.nl/einsteinweg-kantoor-centric,Einsteinweg Kantoor Centric | Gemeente IJsselsteinToegankelijkheidToegankelijkheidLoading..,Productieomgeving,true,,Thu Apr 16 2026 17:25:15 GMT+0200 (Midden-Europese zomertijd),057a6465-5f96-4eb2-9c4e-294c310af510
8f841444-5011-475d-ad0b-1a4a0d9da802,b160cb88-c117-43c1-ac24-66c9da3f77b8,https://www.ijsselstein.nl/europakwartier-oost,Europakwartier-Oost | Gemeente IJsselsteinToegankelijkheidToegankelijkheidLoading..,Productieomgeving,true,,Thu Apr 16 2026 17:25:19 GMT+0200 (Midden-Europese zomertijd),057a6465-5f96-4eb2-9c4e-294c310af510
373cf0b3-3a62-48ea-8e80-e17142cc2021,b160cb88-c117-43c1-ac24-66c9da3f77b8,https://www.ijsselstein.nl/ijsseloeversrobaterrein,IJsseloevers/Robaterrein | Gemeente IJsselsteinToegankelijkheidToegankelijkheidLoading..,Productieomgeving,true,,Thu Apr 16 2026 17:25:23 GMT+0200 (Midden-Europese zomertijd),057a6465-5f96-4eb2-9c4e-294c310af510
febad315-4c65-419c-a197-7024644fceea,b160cb88-c117-43c1-ac24-66c9da3f77b8,https://www.ijsselstein.nl/lagebiezen-4-10,Lagebiezen 4-10 | Gemeente IJsselsteinToegankelijkheidToegankelijkheidLoading..,Productieomgeving,true,,Thu Apr 16 2026 17:25:27 GMT+0200 (Midden-Europese zomertijd),057a6465-5f96-4eb2-9c4e-294c310af510
428128a7-be39-4970-9bce-1ddbd84b2537,b160cb88-c117-43c1-ac24-66c9da3f77b8,https://www.ijsselstein.nl/mr-abbink-spainkstraat,Mr. Abbink Spainkstraat | Gemeente IJsselsteinToegankelijkheidToegankelijkheidLoading..,Productieomgeving,true,,Thu Apr 16 2026 17:25:33 GMT+0200 (Midden-Europese zomertijd),057a6465-5f96-4eb2-9c4e-294c310af510
185a9bba-cb87-4c66-a72b-0801c20a4fd0,b160cb88-c117-43c1-ac24-66c9da3f77b8,https://www.ijsselstein.nl/,Home | Gemeente IJsselsteinToegankelijkheidToegankelijkheidLoading..,Productieomgeving,true,,Thu Apr 16 2026 17:21:42 GMT+0200 (Midden-Europese zomertijd),057a6465-5f96-4eb2-9c4e-294c310af510
03e6b9b1-1dee-4dbe-bca8-a85a875d36ac,b160cb88-c117-43c1-ac24-66c9da3f77b8,https://www.ijsselstein.nl/contact-en-openingstijden,Contact en openingstijden | Gemeente IJsselsteinToegankelijkheidToegankelijkheidLoading..,Productieomgeving,true,,Thu Apr 16 2026 17:21:44 GMT+0200 (Midden-Europese zomertijd),057a6465-5f96-4eb2-9c4e-294c310af510
c0fe7ecc-9e74-4905-afee-ee89616a0860,b160cb88-c117-43c1-ac24-66c9da3f77b8,https://www.ijsselstein.nl/paspoort-identiteitskaart-rijbewijs-en-uittreksels,"Paspoort, identiteitskaart, rijbewijs en uittreksels | Gemeente IJsselsteinToegankelijkheidToegankelijkheidLoading..",Productieomgeving,true,,Thu Apr 16 2026 17:21:48 GMT+0200 (Midden-Europese zomertijd),057a6465-5f96-4eb2-9c4e-294c310af510
7744f492-bd78-4ef7-ba2d-a6e6d3d64c2f,b160cb88-c117-43c1-ac24-66c9da3f77b8,https://www.ijsselstein.nl/verhuizen,Verhuizen | Gemeente IJsselsteinToegankelijkheidToegankelijkheidLoading..,Productieomgeving,true,,Thu Apr 16 2026 17:21:50 GMT+0200 (Midden-Europese zomertijd),057a6465-5f96-4eb2-9c4e-294c310af510
f8cfc5e4-dfac-494f-b4a7-c20cd939f089,b160cb88-c117-43c1-ac24-66c9da3f77b8,https://www.ijsselstein.nl/afval-0,Afval | Gemeente IJsselsteinToegankelijkheidToegankelijkheidLoading..,Productieomgeving,true,,Thu Apr 16 2026 17:21:52 GMT+0200 (Midden-Europese zomertijd),057a6465-5f96-4eb2-9c4e-294c310af510
5abb4bbc-e3be-42b8-868b-6197b3e257e1,b160cb88-c117-43c1-ac24-66c9da3f77b8,https://www.ijsselstein.nl/parkeren,Parkeren | Gemeente IJsselsteinToegankelijkheidToegankelijkheidLoading..,Productieomgeving,true,,Thu Apr 16 2026 17:21:54 GMT+0200 (Midden-Europese zomertijd),057a6465-5f96-4eb2-9c4e-294c310af510
e4af6896-8f2f-46cb-8c44-70398253c937,b160cb88-c117-43c1-ac24-66c9da3f77b8,https://www.ijsselstein.nl/ijsselstein-biedt-noodopvang-aan-vluchtelingen,IJsselstein biedt noodopvang aan vluchtelingen | Gemeente IJsselsteinToegankelijkheidToegankelijkheidLoading..,Productieomgeving,true,,Thu Apr 16 2026 17:21:55 GMT+0200 (Midden-Europese zomertijd),057a6465-5f96-4eb2-9c4e-294c310af510
f093216b-26be-4db0-ac6f-93096f40b85c,b160cb88-c117-43c1-ac24-66c9da3f77b8,https://www.ijsselstein.nl/ijsselsteinse-jacht,IJsselsteinse Jacht | Gemeente IJsselsteinToegankelijkheidToegankelijkheidLoading..,Productieomgeving,true,,Thu Apr 16 2026 17:21:57 GMT+0200 (Midden-Europese zomertijd),057a6465-5f96-4eb2-9c4e-294c310af510
467b14bb-a6d4-4b2e-b2ab-20b64049ab08,b160cb88-c117-43c1-ac24-66c9da3f77b8,https://www.ijsselstein.nl/nieuws,Nieuws | Gemeente IJsselsteinToegankelijkheidToegankelijkheidLoading..,Productieomgeving,true,,Thu Apr 16 2026 17:22:02 GMT+0200 (Midden-Europese zomertijd),057a6465-5f96-4eb2-9c4e-294c310af510
76f7b809-6928-415a-bff3-af34d85da8ad,b160cb88-c117-43c1-ac24-66c9da3f77b8,https://www.ijsselstein.nl/projecten,Projecten | Gemeente IJsselsteinToegankelijkheidToegankelijkheidLoading..,Productieomgeving,true,,Thu Apr 16 2026 17:22:04 GMT+0200 (Midden-Europese zomertijd),057a6465-5f96-4eb2-9c4e-294c310af510
b80e248b-63de-44ef-803d-9c2c61dcb550,b160cb88-c117-43c1-ac24-66c9da3f77b8,https://www.ijsselstein.nl/wegwerkzaamheden,Wegwerkzaamheden | Gemeente IJsselsteinToegankelijkheidToegankelijkheidLoading..,Productieomgeving,true,,Thu Apr 16 2026 17:22:09 GMT+0200 (Midden-Europese zomertijd),057a6465-5f96-4eb2-9c4e-294c310af510
e95469ae-2bc6-42a0-afdb-09f6c35bf3a2,b160cb88-c117-43c1-ac24-66c9da3f77b8,https://www.ijsselstein.nl/hulp-bij-digitale-diensten,Hulp bij digitale diensten | Gemeente IJsselsteinToegankelijkheidToegankelijkheidLoading..,Productieomgeving,true,,Thu Apr 16 2026 17:22:15 GMT+0200 (Midden-Europese zomertijd),057a6465-5f96-4eb2-9c4e-294c310af510
0df2ffa3-463f-4289-871c-ae73c463d1c2,9b59a171-e91e-48ed-86da-5946a1df3760,https://www.valkenswaard.nl/home,Home,,true,Landingspagina,,
43bd03ca-03ff-4638-bf39-9e40c7fe1619,9b59a171-e91e-48ed-86da-5946a1df3760,https://www.valkenswaard.nl/verhuizen-en-wonen,Verhuizen en wonen,,true,Overzichtspagina,,
de01b654-f904-4009-91b2-3f93f7e75ec1,0df762bc-d4cf-4000-bcd1-a8b9d8c3a55a,https://meldingen.belcombinatie.nl/incident/beschrijf,Meldingen BEL Combinatie,Productieomgeving,false,,,
9dd0d807-c228-48ea-8469-175ed5854330,0df762bc-d4cf-4000-bcd1-a8b9d8c3a55a,https://iburgerzaken.blaricum.nl/gaas-web/server/continue/StartGeboorte#burgerzaken,Geboorteaangifte,Productieomgeving,false,,,
afe334ce-0add-4289-8b86-e933216ffa50,b160cb88-c117-43c1-ac24-66c9da3f77b8,https://www.ijsselstein.nl/wonen-en-leven,Wonen en leven | Gemeente IJsselsteinToegankelijkheidToegankelijkheidLoading..,Productieomgeving,true,,Thu Apr 16 2026 17:22:19 GMT+0200 (Midden-Europese zomertijd),057a6465-5f96-4eb2-9c4e-294c310af510
a11761f5-79be-4233-a4a8-8de75633bdf6,b160cb88-c117-43c1-ac24-66c9da3f77b8,https://www.ijsselstein.nl/afval,Afval | Gemeente IJsselsteinToegankelijkheidToegankelijkheidLoading..,Productieomgeving,true,,Thu Apr 16 2026 17:22:21 GMT+0200 (Midden-Europese zomertijd),057a6465-5f96-4eb2-9c4e-294c310af510
e2cd6924-85bb-4658-af43-83a0b25d1dda,b160cb88-c117-43c1-ac24-66c9da3f77b8,https://www.ijsselstein.nl/gemeentelijke-belastingen,Gemeentelijke belastingen | Gemeente IJsselsteinToegankelijkheidToegankelijkheidLoading..,Productieomgeving,true,,Thu Apr 16 2026 17:22:24 GMT+0200 (Midden-Europese zomertijd),057a6465-5f96-4eb2-9c4e-294c310af510
9fc3ebbb-79d0-4af1-829c-58d792241c93,b160cb88-c117-43c1-ac24-66c9da3f77b8,https://www.ijsselstein.nl/bouwen-en-wonen,Bouwen en wonen | Gemeente IJsselsteinToegankelijkheidToegankelijkheidLoading..,Productieomgeving,true,,Thu Apr 16 2026 17:22:26 GMT+0200 (Midden-Europese zomertijd),057a6465-5f96-4eb2-9c4e-294c310af510
7e107a08-70e2-4c37-af64-3a6b2d29c29e,b160cb88-c117-43c1-ac24-66c9da3f77b8,https://www.ijsselstein.nl/duurzaamheid-en-klimaat,Duurzaamheid en klimaat | Gemeente IJsselsteinToegankelijkheidToegankelijkheidLoading..,Productieomgeving,true,,Thu Apr 16 2026 17:22:28 GMT+0200 (Midden-Europese zomertijd),057a6465-5f96-4eb2-9c4e-294c310af510
21a8ba1c-bca8-4ca5-b09b-e935d4a94e57,b160cb88-c117-43c1-ac24-66c9da3f77b8,https://www.ijsselstein.nl/leefomgeving,Leefomgeving | Gemeente IJsselsteinToegankelijkheidToegankelijkheidLoading..,Productieomgeving,true,,Thu Apr 16 2026 17:22:32 GMT+0200 (Midden-Europese zomertijd),057a6465-5f96-4eb2-9c4e-294c310af510
24387045-41fb-4e31-b1d5-c2c5f323aad5,b160cb88-c117-43c1-ac24-66c9da3f77b8,https://www.ijsselstein.nl/werk-en-geldzaken,Werk en geldzaken | Gemeente IJsselsteinToegankelijkheidToegankelijkheidLoading..,Productieomgeving,true,,Thu Apr 16 2026 17:22:45 GMT+0200 (Midden-Europese zomertijd),057a6465-5f96-4eb2-9c4e-294c310af510
181adcb6-a721-45f9-bae7-6b6bb19a11d1,b160cb88-c117-43c1-ac24-66c9da3f77b8,https://www.ijsselstein.nl/onderzoeken-jaarplannen-en-verslagen,"Onderzoeken, jaarplannen en-verslagen | Gemeente IJsselsteinToegankelijkheidToegankelijkheidLoading..",Productieomgeving,true,,Thu Apr 16 2026 17:23:08 GMT+0200 (Midden-Europese zomertijd),057a6465-5f96-4eb2-9c4e-294c310af510
43de71d0-21d4-4b87-9233-906df9d85c8b,b160cb88-c117-43c1-ac24-66c9da3f77b8,https://www.ijsselstein.nl/werken-bij-de-gemeente-ijsselstein,Werken bij de Gemeente IJsselstein | Gemeente IJsselsteinToegankelijkheidToegankelijkheidLoading..,Productieomgeving,true,,Thu Apr 16 2026 17:23:15 GMT+0200 (Midden-Europese zomertijd),057a6465-5f96-4eb2-9c4e-294c310af510
712f6aa7-14a2-4c79-b46e-03416b1f54fb,b160cb88-c117-43c1-ac24-66c9da3f77b8,https://www.ijsselstein.nl/pers,Pers | Gemeente IJsselsteinToegankelijkheidToegankelijkheidLoading..,Productieomgeving,true,,Thu Apr 16 2026 17:23:21 GMT+0200 (Midden-Europese zomertijd),057a6465-5f96-4eb2-9c4e-294c310af510
fda11306-5bcb-46a6-9f71-a58ca9ef0b8d,b160cb88-c117-43c1-ac24-66c9da3f77b8,https://www.ijsselstein.nl/melding-straatverlichting-en-verkeerslichten,Melding straatverlichting en verkeerslichten | Gemeente IJsselsteinToegankelijkheidToegankelijkheidLoading..,Productieomgeving,true,,Thu Apr 16 2026 17:23:30 GMT+0200 (Midden-Europese zomertijd),057a6465-5f96-4eb2-9c4e-294c310af510
bb907bd7-e549-4ac3-96f6-bbe6aedccb8a,b160cb88-c117-43c1-ac24-66c9da3f77b8,https://www.ijsselstein.nl/gemeente-aansprakelijk-stellen,Gemeente aansprakelijk stellen | Gemeente IJsselsteinToegankelijkheidToegankelijkheidLoading..,Productieomgeving,true,,Thu Apr 16 2026 17:23:42 GMT+0200 (Midden-Europese zomertijd),057a6465-5f96-4eb2-9c4e-294c310af510
6426ebdf-2562-42a0-ba37-fa07cc908400,b160cb88-c117-43c1-ac24-66c9da3f77b8,https://www.ijsselstein.nl/eiteren-31,Eiteren 31 | Gemeente IJsselsteinToegankelijkheidToegankelijkheidLoading..,Productieomgeving,true,,Thu Apr 16 2026 17:25:16 GMT+0200 (Midden-Europese zomertijd),057a6465-5f96-4eb2-9c4e-294c310af510
6035bb06-0b2b-4e64-8683-1649dfd99a28,b160cb88-c117-43c1-ac24-66c9da3f77b8,https://www.ijsselstein.nl/hitteschild-2-tot-4,Hitteschild 2 tot 4 | Gemeente IJsselsteinToegankelijkheidToegankelijkheidLoading..,Productieomgeving,true,,Thu Apr 16 2026 17:25:21 GMT+0200 (Midden-Europese zomertijd),057a6465-5f96-4eb2-9c4e-294c310af510
97ef8248-4a22-4ba4-a3eb-19c783757d61,b160cb88-c117-43c1-ac24-66c9da3f77b8,https://www.ijsselstein.nl/kromme-ijsselgebied,Kromme IJsselgebied | Gemeente IJsselsteinToegankelijkheidToegankelijkheidLoading..,Productieomgeving,true,,Thu Apr 16 2026 17:25:25 GMT+0200 (Midden-Europese zomertijd),057a6465-5f96-4eb2-9c4e-294c310af510
f27c0030-57b1-452a-82ab-375f569ecaa5,b160cb88-c117-43c1-ac24-66c9da3f77b8,https://www.ijsselstein.nl/lanceerplaats,Lanceerplaats | Gemeente IJsselsteinToegankelijkheidToegankelijkheidLoading..,Productieomgeving,true,,Thu Apr 16 2026 17:25:30 GMT+0200 (Midden-Europese zomertijd),057a6465-5f96-4eb2-9c4e-294c310af510
c0d7dcc6-9b11-4b45-a480-4cba3784a2c3,b160cb88-c117-43c1-ac24-66c9da3f77b8,https://www.ijsselstein.nl/detailhandel-en-horecastructuurvisie,Detailhandel- en horecastructuurvisie | Gemeente IJsselsteinToegankelijkheidToegankelijkheidLoading..,Productieomgeving,true,,Thu Apr 16 2026 17:24:40 GMT+0200 (Midden-Europese zomertijd),057a6465-5f96-4eb2-9c4e-294c310af510
8a2fc5f2-6c2e-4a7b-a6a5-49d74314172a,21a690ed-3af7-426d-ae0d-8b5c6218c565,https://open.beverwijk.nl,Home | Open BeverwijkToegankelijkheid,Productieomgeving,false,,,
15251398-cefe-4420-b82d-8c9b6a8196eb,9b59a171-e91e-48ed-86da-5946a1df3760,https://www.valkenswaard.nl/ondernemen,Ondernemen,,true,Overzichtspagina,,
16a72d0a-5135-43d7-a3c2-179208b4d7cc,9b59a171-e91e-48ed-86da-5946a1df3760,https://www.valkenswaard.nl/duurzaamheid-voor-ondernemers,Duurzaamheid voor ondernemers,,true,Overzichtspagina,,
800f6e28-172c-4c48-8142-c4944087ec61,9b59a171-e91e-48ed-86da-5946a1df3760,https://www.valkenswaard.nl/vergunningen-en-meldingen,Vergunningen en Meldingen,,true,Overzichtspagina,,
4c993fac-a2ec-416f-9ae2-e58af2b9dacf,9b59a171-e91e-48ed-86da-5946a1df3760,https://www.valkenswaard.nl/melding-klacht-of-tip,"Melding, klacht of tip",,true,Overzichtspagina,,
6abd9ff3-a2bc-498d-badf-89a408e4ac8c,9b59a171-e91e-48ed-86da-5946a1df3760,https://www.valkenswaard.nl/verkiezingen,Verkiezingen,,true,Overzichtspagina,,
17e22a49-effa-46f9-8b65-6452c84b27e8,b160cb88-c117-43c1-ac24-66c9da3f77b8,https://www.ijsselstein.nl/zorg-en-ondersteuning,Zorg en ondersteuning | Gemeente IJsselsteinToegankelijkheidToegankelijkheidLoading..,Productieomgeving,true,,Thu Apr 16 2026 17:22:41 GMT+0200 (Midden-Europese zomertijd),057a6465-5f96-4eb2-9c4e-294c310af510
59753c28-0c13-4334-9557-8d7d7a728be4,b160cb88-c117-43c1-ac24-66c9da3f77b8,https://www.ijsselstein.nl/beleid-en-projecten,Beleid en projecten | Gemeente IJsselsteinToegankelijkheidToegankelijkheidLoading..,Productieomgeving,true,,Thu Apr 16 2026 17:22:54 GMT+0200 (Midden-Europese zomertijd),057a6465-5f96-4eb2-9c4e-294c310af510
1f82149a-6e2e-4980-bffb-d4b4dfb59e85,b160cb88-c117-43c1-ac24-66c9da3f77b8,https://www.ijsselstein.nl/bestuur-en-organisatie,Bestuur en organisatie | Gemeente IJsselsteinToegankelijkheidToegankelijkheidLoading..,Productieomgeving,true,,Thu Apr 16 2026 17:22:58 GMT+0200 (Midden-Europese zomertijd),057a6465-5f96-4eb2-9c4e-294c310af510
e1527a12-4570-4fbf-9807-7f184e48734b,b160cb88-c117-43c1-ac24-66c9da3f77b8,https://www.ijsselstein.nl/financien,Financiën | Gemeente IJsselsteinToegankelijkheidToegankelijkheidLoading..,Productieomgeving,true,,Thu Apr 16 2026 17:23:05 GMT+0200 (Midden-Europese zomertijd),057a6465-5f96-4eb2-9c4e-294c310af510
440555f6-05fd-4ee6-86b3-f99888398a21,b160cb88-c117-43c1-ac24-66c9da3f77b8,https://www.ijsselstein.nl/gevonden-of-verloren,Gevonden of verloren | Gemeente IJsselsteinToegankelijkheidToegankelijkheidLoading..,Productieomgeving,true,,Thu Apr 16 2026 17:23:32 GMT+0200 (Midden-Europese zomertijd),057a6465-5f96-4eb2-9c4e-294c310af510
a4f9e4c2-7cee-4bc1-a5b0-30cf040681f9,b160cb88-c117-43c1-ac24-66c9da3f77b8,https://www.ijsselstein.nl/nadeelcompensatie,Nadeelcompensatie | Gemeente IJsselsteinToegankelijkheidToegankelijkheidLoading..,Productieomgeving,true,,Thu Apr 16 2026 17:23:53 GMT+0200 (Midden-Europese zomertijd),057a6465-5f96-4eb2-9c4e-294c310af510
574cb4ed-adcb-492c-a3fd-7adc2d1dd8f0,b160cb88-c117-43c1-ac24-66c9da3f77b8,https://www.ijsselstein.nl/voorlopige-uitslag-gemeenteraadsverkiezingen,Voorlopige uitslag gemeenteraadsverkiezingen | Gemeente IJsselsteinToegankelijkheidToegankelijkheidLoading..,Productieomgeving,true,,Thu Apr 16 2026 17:24:14 GMT+0200 (Midden-Europese zomertijd),057a6465-5f96-4eb2-9c4e-294c310af510
3373e343-0ebb-41c8-8d68-d805c71bed53,b160cb88-c117-43c1-ac24-66c9da3f77b8,https://www.ijsselstein.nl/aanslag-gemeentelijke-belastingen,Aanslag gemeentelijke belastingen | Gemeente IJsselsteinToegankelijkheidToegankelijkheidLoading..,Productieomgeving,true,,Thu Apr 16 2026 17:24:26 GMT+0200 (Midden-Europese zomertijd),057a6465-5f96-4eb2-9c4e-294c310af510
662bb24f-7bf8-4515-8388-6362bc2a9793,b160cb88-c117-43c1-ac24-66c9da3f77b8,https://www.ijsselstein.nl/kindcentrum-zomerdijk-43,Kindcentrum - Zomerdijk 43 | Gemeente IJsselsteinToegankelijkheidToegankelijkheidLoading..,Productieomgeving,true,,Thu Apr 16 2026 17:24:54 GMT+0200 (Midden-Europese zomertijd),057a6465-5f96-4eb2-9c4e-294c310af510
6cd4c655-aca5-47ce-ae82-f927c69f94a4,b160cb88-c117-43c1-ac24-66c9da3f77b8,https://www.ijsselstein.nl/lintje-voor-raadsleden,Lintje voor raadsleden | Gemeente IJsselsteinToegankelijkheidToegankelijkheidLoading..,Productieomgeving,true,,Thu Apr 16 2026 17:24:09 GMT+0200 (Midden-Europese zomertijd),057a6465-5f96-4eb2-9c4e-294c310af510
6fe45ed3-b408-40ac-9918-5c3526d53561,b160cb88-c117-43c1-ac24-66c9da3f77b8,https://www.ijsselstein.nl/bomen-vervangen-schonauwen,Bomen vervangen Schonauwen | Gemeente IJsselsteinToegankelijkheidToegankelijkheidLoading..,Productieomgeving,true,,Thu Apr 16 2026 17:24:38 GMT+0200 (Midden-Europese zomertijd),057a6465-5f96-4eb2-9c4e-294c310af510
462fdb19-eccd-43ad-b92b-d00519d0123a,b160cb88-c117-43c1-ac24-66c9da3f77b8,https://www.ijsselstein.nl/leefbaarheid-ijsselveld-oost,Leefbaarheid IJsselveld-Oost | Gemeente IJsselsteinToegankelijkheidToegankelijkheidLoading..,Productieomgeving,true,,Thu Apr 16 2026 17:24:56 GMT+0200 (Midden-Europese zomertijd),057a6465-5f96-4eb2-9c4e-294c310af510
8e8969a0-9eeb-4669-bdf7-2dff55ba66d6,b160cb88-c117-43c1-ac24-66c9da3f77b8,https://www.ijsselstein.nl/vervangen-straatverlichting-binnenstad,Vervangen straatverlichting binnenstad | Gemeente IJsselsteinToegankelijkheidToegankelijkheidLoading..,Productieomgeving,true,,Thu Apr 16 2026 17:25:09 GMT+0200 (Midden-Europese zomertijd),057a6465-5f96-4eb2-9c4e-294c310af510
ab796912-ac38-487e-b8fe-33e5054fcae6,b160cb88-c117-43c1-ac24-66c9da3f77b8,https://www.ijsselstein.nl/melding-klacht-of-bezwaar,"Melding, klacht of bezwaar | Gemeente IJsselsteinToegankelijkheidToegankelijkheidLoading..",Productieomgeving,true,,Thu Apr 16 2026 17:21:46 GMT+0200 (Midden-Europese zomertijd),057a6465-5f96-4eb2-9c4e-294c310af510
9ca8936f-c257-454c-baf2-56d054cc1ee3,3f70b18e-a30c-462c-87c1-1787f6756edb,https://www.belcombinatie.nl/,Home | BELcombinatieToegankelijkheid,Productieomgeving,true,,,
8ba16ad1-ad18-44c5-aa67-1da6ae0fef2f,3f70b18e-a30c-462c-87c1-1787f6756edb,https://belcombinatie.mijnafspraakmaken.nl/,Een afspraak maken | BEL Combinatie,Productieomgeving,false,,,
201c766c-9350-4c01-a7cb-b24f447bbfc3,4d230920-ea82-4261-bcc0-cb858d8562bc,https://www.werkeninzuidoostbrabant.nl/vacatures,Alle vacatures van Werken in Zuidoost-Brabant,,false,,,
63bae6d8-eb83-4833-b56e-d8bc7a2cdea7,b160cb88-c117-43c1-ac24-66c9da3f77b8,https://www.ijsselstein.nl/nk-tegelwippen-ijsselstein-gaat-weer-de-strijd-aan,NK Tegelwippen: IJsselstein gaat weer de strijd aan | Gemeente IJsselsteinToegankelijkheidToegankelijkheidLoading..,Productieomgeving,true,,Thu Apr 16 2026 17:21:59 GMT+0200 (Midden-Europese zomertijd),057a6465-5f96-4eb2-9c4e-294c310af510
e7a491b4-71a2-4f93-808b-a7cba7238951,b160cb88-c117-43c1-ac24-66c9da3f77b8,https://www.ijsselstein.nl/nieuwsbrief,Nieuwsbrief | Gemeente IJsselsteinToegankelijkheidToegankelijkheidLoading..,Productieomgeving,true,,Thu Apr 16 2026 17:22:17 GMT+0200 (Midden-Europese zomertijd),057a6465-5f96-4eb2-9c4e-294c310af510
3d372b0e-712a-4580-b383-6745c9930739,b160cb88-c117-43c1-ac24-66c9da3f77b8,https://www.ijsselstein.nl/isolatieactie-voor-koopwoningen-weer-van-start,Isolatieactie voor koopwoningen weer van start | Gemeente IJsselsteinToegankelijkheidToegankelijkheidLoading..,Productieomgeving,true,,Thu Apr 16 2026 17:24:07 GMT+0200 (Midden-Europese zomertijd),057a6465-5f96-4eb2-9c4e-294c310af510
b2abbd01-092c-4ddc-be9d-888fdfff1de9,b160cb88-c117-43c1-ac24-66c9da3f77b8,https://www.ijsselstein.nl/rss/content-list?type%5B%5D=news&tags%5B%5D=4&sort_by=published_at&sort_order=DESC,Gemeente IJsselstein (RSS)IJsselstein biedt noodopvang aan vluchtelingenIJsselsteinse JachtNK Tegelwippen: IJsselstein gaat weer de strijd aanIsolatieactie voor koopwoningen weer van startLintje voor raadsledenMinimaregelingen werken en werken loontGroen licht voor herinrichting OvertoomVoorlopige uitslag gemeenteraadsverkiezingenBlog van de burgemeesterWie verdient er een lintjeStart subsidieproces 2027Mogelijke risico's gezondheid UF-schuimVersterking elektriciteitsnetAanslag gemeentelijke belastingenNieuwe ontmoetingsplek voor en door jongerenHulp bij online criminaliteitLeg nu een geveltuin aan!Tijdelijke woonruimte via Onder de PannenGemeente IJsselstein onderzoekt leefbaarheidBrief aan de Koning“Zeg eens hoi” - bijeenkomst over naar elkaar omkijken Kerstbomenactie succesGeen zwaar verkeer over brug DoelenstraatNieuwjaarstoespraak100 dagen burgemeester,Productieomgeving,true,,Thu Apr 16 2026 17:24:35 GMT+0200 (Midden-Europese zomertijd),057a6465-5f96-4eb2-9c4e-294c310af510
36cd259d-de6a-4c78-8fa1-4b1dedd52004,e139aa31-44cb-4d11-8af5-58b8a711f2a9,https://www.belcombinatie.nl/,Home | BELcombinatieToegankelijkheid,Productieomgeving,true,,,
e17a2740-cd04-4a11-aafd-61663cd751c4,0cfcaf8d-bd5d-4614-82ef-13de9c61ca62,https://www.grjw.nl/,Home | GR JWToegankelijkheid,Productieomgeving,true,,,
67174b12-4595-4c4e-bc4e-ce0854386c96,ab62ae84-37ef-4d94-9ed6-58403d0da6ca,https://bunschoten.raadsinformatie.nl/,Gemeente Bunschoten,,false,,,
edfe8593-4113-43ff-8d7d-5eec66a04667,ab62ae84-37ef-4d94-9ed6-58403d0da6ca,https://bookings.cloud.microsoft/book/Afspraakmaken@gembunschoten.onmicrosoft.com/?ismsaljsauthenabled=true,Bookings,,false,,,
02c438a7-6e7c-47cf-a4a6-85d7c42cebae,175959f5-2e6d-4655-bfcf-19f99237cb88,https://bunschoten.raadsinformatie.nl/,Gemeente Bunschoten,,false,,,
360d2655-f356-4d4e-9a0f-e49dad7e7f31,175959f5-2e6d-4655-bfcf-19f99237cb88,https://bookings.cloud.microsoft/book/Afspraakmaken@gembunschoten.onmicrosoft.com/?ismsaljsauthenabled=true,Bookings,,false,,,
dcac1cdd-91be-4edb-8810-87973fabeee3,175959f5-2e6d-4655-bfcf-19f99237cb88,https://www.bunschoten.nl/,Home | Gemeente BunschotenToegankelijkheid,,true,,,
684df15b-c8c0-4bfc-99bb-9bf1a951af4e,175959f5-2e6d-4655-bfcf-19f99237cb88,https://edienstenburgerzaken.bunschoten.nl/MVC/AanvragenReisdocument/Login/,Login aanvragen reisdocument,,false,,,
b8531d33-4d8a-4bff-9325-ce56aba1949b,4d230920-ea82-4261-bcc0-cb858d8562bc,https://valkenswaardoogvooriedereen.nl/,Home | Valkenswaard Oog voor Iedereen,,false,,,
eae82383-e471-4c19-8b14-93e9e6538926,187ee560-4a80-40ad-bc89-8a1f3f69c80e,https://www.heerlen.nl,Home | Gemeente HeerlenToegankelijkheidToegankelijkheidLoading..,Productieomgeving,true,,,
4f1c8b91-6e1d-454b-aff5-25140ab4eae1,187ee560-4a80-40ad-bc89-8a1f3f69c80e,https://digiforms.heerlen.nl,Portal,Productieomgeving,false,,,
ece4d1c2-45db-422f-b01f-b23258ea6793,187ee560-4a80-40ad-bc89-8a1f3f69c80e,https://parkeren.heerlen.nl/Account/LogOn?ReturnUrl=%2f,Inloggen - gemeente Heerlen,Productieomgeving,false,,,
1c6cd6d7-efdc-44b3-b17f-d29649868fc0,187ee560-4a80-40ad-bc89-8a1f3f69c80e,https://heerlen.mijnafspraakmaken.nl/,Een afspraak maken | Gemeente Heerlen,Productieomgeving,false,,,
e18ea91d-6bbd-4435-82b2-dd8ece0a462e,187ee560-4a80-40ad-bc89-8a1f3f69c80e,https://vacatures.heerlen.nl,Home (werkenbij) - Werken bij gemeente Heerlen,Productieomgeving,false,,,
394b6f37-f1d2-4f81-968c-4e2fba65c2ae,187ee560-4a80-40ad-bc89-8a1f3f69c80e,https://centrum.heerlen.nl,Home | Centrum Heerlen,Productieomgeving,false,,,
021d0892-76af-4101-acca-e9ebb9366da4,187ee560-4a80-40ad-bc89-8a1f3f69c80e,https://iburgerzaken.heerlen.nl/gaas-web/server/continue/StartVermissingReisdocument#burgerzaken,Vermissing reisdocument,Productieomgeving,false,,,
c06f5302-46cf-4c19-8bb1-70bc83ff6b96,ab62ae84-37ef-4d94-9ed6-58403d0da6ca,https://www.bunschoten.nl/,Home | Gemeente BunschotenToegankelijkheid,,true,,,
301d52f9-77c5-4a6d-8fae-40c315346162,4d230920-ea82-4261-bcc0-cb858d8562bc,https://www.valkenswaard.nl/,Home | ValkenswaardToegankelijkheid,,true,,,
bc15c46e-6a73-47c2-8f03-1f462798204d,4d230920-ea82-4261-bcc0-cb858d8562bc,https://valkenswaard.bestuurlijkeinformatie.nl/Calendar/Index/valkenswaard,Vergaderingen valkenswaard - iBabs Publieksportaal,,false,,,
822e8820-bf47-4244-8f50-b1918e056a0f,4d230920-ea82-4261-bcc0-cb858d8562bc,https://iburgerzaken.valkenswaard.nl/gaas-web/server/continue/StartHuwelijk#burgerzaken,Melding huwelijk of geregistreerd partnerschap,,false,,,
f752b15e-a79a-4908-9524-eeb8d45fec87,4d230920-ea82-4261-bcc0-cb858d8562bc,https://valkenswaard.mijnafspraakmaken.nl/?product=94,Een afspraak maken | Gemeente Valkenswaard,,false,,,
5b7318dc-3bda-44aa-9ac3-aabddcbdb775,4d230920-ea82-4261-bcc0-cb858d8562bc,https://www.valkenswaard.nl/ecw-evi-nissen-van-de-ven,E.C.W. (Evi) Nissen-van de Ven | ValkenswaardToegankelijkheid,,false,,,
8dd81512-312e-464a-908e-02f5e4d26d90,defa249d-d4b2-4184-b269-3cbb73556ed0,https://www.werkeninzuidoostbrabant.nl/vacatures,Alle vacatures van Werken in Zuidoost-Brabant,,false,,,
27a43fc7-a99f-4096-840a-3de6317e0376,defa249d-d4b2-4184-b269-3cbb73556ed0,https://valkenswaardoogvooriedereen.nl/,Home | Valkenswaard Oog voor Iedereen,,false,,,
0267b466-ce8f-45b1-9a08-ff9fab3d8a69,defa249d-d4b2-4184-b269-3cbb73556ed0,https://www.valkenswaard.nl/,Home | ValkenswaardToegankelijkheid,,true,,,
5529c318-bf05-4daf-9eb3-25767fdf3679,defa249d-d4b2-4184-b269-3cbb73556ed0,https://valkenswaard.bestuurlijkeinformatie.nl/Calendar/Index/valkenswaard,Vergaderingen valkenswaard - iBabs Publieksportaal,,false,,,
b6a526a7-3f62-4cba-a33a-5763a0f6c4bb,defa249d-d4b2-4184-b269-3cbb73556ed0,https://iburgerzaken.valkenswaard.nl/gaas-web/server/continue/StartHuwelijk#burgerzaken,Melding huwelijk of geregistreerd partnerschap,,false,,,
27b2a4fb-c99a-4d69-a979-732506d762f6,defa249d-d4b2-4184-b269-3cbb73556ed0,https://valkenswaard.mijnafspraakmaken.nl/?product=94,Een afspraak maken | Gemeente Valkenswaard,,false,,,
71cb3177-e973-4861-ada5-bf43a7912602,defa249d-d4b2-4184-b269-3cbb73556ed0,https://www.valkenswaard.nl/ecw-evi-nissen-van-de-ven,E.C.W. (Evi) Nissen-van de Ven | ValkenswaardToegankelijkheid,,false,,,
bcca03cc-3d86-4d19-8325-a89a9eea5db2,defa249d-d4b2-4184-b269-3cbb73556ed0,https://www.beaude.nl/subscription/subscribe_tag/4c59f1b53fb04531e19007311b6c0314,beaude,,false,,,
530e1ec3-36a7-45ef-8e63-8487d7634ed2,21a690ed-3af7-426d-ae0d-8b5c6218c565,https://www.beverwijkwijzer.nl,Home | Beverwijkwijzer,Productieomgeving,false,,,
6447d8c3-3906-4774-822e-453e1b88fcd0,9b59a171-e91e-48ed-86da-5946a1df3760,https://www.valkenswaard.nl/zorg-welzijn-en-inkomen,"Zorg, welzijn en inkomen",,true,Overzichtspagina,,
167849b5-415a-4e9b-8967-73cbf0bd8f51,9b59a171-e91e-48ed-86da-5946a1df3760,https://www.valkenswaard.nl/afval-groen-en-milieu,"Afval, groen en milieu",,true,Overzichtspagina,,
50bdb624-36d7-4f97-be62-111906616c2a,9b59a171-e91e-48ed-86da-5946a1df3760,https://www.valkenswaard.nl/bestuur-en-organisatie,Bestuur en Organisatie,,true,Overzichtspagina,,
aabba893-33d2-4da1-a026-32c50fdf8213,9b59a171-e91e-48ed-86da-5946a1df3760,https://www.valkenswaard.nl/geboorte-trouwen-en-overlijden,"Geboorte, trouwen en overlijden",,true,Overzichtspagina,,
a39962dd-e9a7-40c7-b193-c5fb8116ed4d,9b59a171-e91e-48ed-86da-5946a1df3760,https://www.valkenswaard.nl/woonomgeving-verkeer-en-veiligheid,"Woonomgeving, verkeer en veiligheid",,true,Overzichtspagina,,
33afa222-77d3-4690-b41d-7e172c16736c,9b59a171-e91e-48ed-86da-5946a1df3760,https://www.valkenswaard.nl/gemeenteraad,Gemeenteraad,,true,Overzichtspagina,,
03fee74c-8ae7-4398-8437-3a900dd6a128,9b59a171-e91e-48ed-86da-5946a1df3760,https://www.valkenswaard.nl/jeugd-en-gezin,Jeugd en gezin,,true,Overzichtspagina,,
6a437aae-72bc-40b0-a283-03003d8acb54,9b59a171-e91e-48ed-86da-5946a1df3760,https://www.valkenswaard.nl/college,College,,true,Overzichtspagina,,
0e1aac8b-71a3-4543-88d9-ca21814357a3,9b59a171-e91e-48ed-86da-5946a1df3760,https://www.valkenswaard.nl/belastingen-regelingen-en-subsidies,"Belastingen, regelingen en subsidies",,true,Overzichtspagina,,
a6d7e79a-c896-46ca-8474-7dda5b1df5c2,0df762bc-d4cf-4000-bcd1-a8b9d8c3a55a,https://belcombinatie.mijnafspraakmaken.nl/,Een afspraak maken | BEL Combinatie,Productieomgeving,false,,,
97c419bd-d973-4590-b565-8f6c372fc972,0df762bc-d4cf-4000-bcd1-a8b9d8c3a55a,https://blaricum.notubiz.nl/,Gemeente Blaricum,Productieomgeving,false,,,
b6d0bfbc-e2d4-4210-a41f-635fc5b2a6ec,e139aa31-44cb-4d11-8af5-58b8a711f2a9,https://belcombinatie.mijnafspraakmaken.nl/,Een afspraak maken | BEL Combinatie,Productieomgeving,false,,,
dc156649-a4ae-40cd-af1f-ec4fc9e0a7b0,187ee560-4a80-40ad-bc89-8a1f3f69c80e,https://heerlen.bestuurlijkeinformatie.nl/,Dashboard Heerlen - iBabs Publieksportaal,Productieomgeving,false,,,
61467df7-0afc-480e-be9a-d35418ab73e4,ab62ae84-37ef-4d94-9ed6-58403d0da6ca,https://edienstenburgerzaken.bunschoten.nl/MVC/AanvragenReisdocument/Login/,Login aanvragen reisdocument,,false,,,
69106852-9aae-4da0-9f1d-9519d31904e1,4d230920-ea82-4261-bcc0-cb858d8562bc,https://www.beaude.nl/subscription/subscribe_tag/4c59f1b53fb04531e19007311b6c0314,beaude,,false,,,
aed12d60-e60a-4b9c-aa9f-f4c498e31c50,3eb5531b-661d-4f06-a621-68594a23acfe,https://www.heerlen.nl,Home | Gemeente HeerlenToegankelijkheidToegankelijkheidLoading..,Productieomgeving,true,,,
cf56900d-3fa3-42fa-b092-dab78adccda6,3eb5531b-661d-4f06-a621-68594a23acfe,https://digiforms.heerlen.nl,Portal,Productieomgeving,false,,,
cb8fb333-69cf-4cf6-9b67-38606b3a0262,3eb5531b-661d-4f06-a621-68594a23acfe,https://parkeren.heerlen.nl/Account/LogOn?ReturnUrl=%2f,Inloggen - gemeente Heerlen,Productieomgeving,false,,,
aa85bf9f-a8b1-4d54-ad12-aa6ee9d0c009,3eb5531b-661d-4f06-a621-68594a23acfe,https://heerlen.mijnafspraakmaken.nl/,Een afspraak maken | Gemeente Heerlen,Productieomgeving,false,,,
cfb40f18-38c7-4a0a-86ba-5276a3eacacf,3eb5531b-661d-4f06-a621-68594a23acfe,https://vacatures.heerlen.nl,Home (werkenbij) - Werken bij gemeente Heerlen,Productieomgeving,false,,,
4dae353a-0882-4f90-8e93-226785f96fee,3eb5531b-661d-4f06-a621-68594a23acfe,https://centrum.heerlen.nl,Home | Centrum Heerlen,Productieomgeving,false,,,
9504ad6e-5110-41ce-9ca8-fd90cd5bb4d9,3eb5531b-661d-4f06-a621-68594a23acfe,https://iburgerzaken.heerlen.nl/gaas-web/server/continue/StartVermissingReisdocument#burgerzaken,Vermissing reisdocument,Productieomgeving,false,,,
87e2631b-bbc0-43cc-9c04-25264aa784c6,3eb5531b-661d-4f06-a621-68594a23acfe,https://heerlen.bestuurlijkeinformatie.nl/,Dashboard Heerlen - iBabs Publieksportaal,Productieomgeving,false,,,
c6c9d46e-d6eb-4648-a31c-8226856d7aeb,21a690ed-3af7-426d-ae0d-8b5c6218c565,https://edienstenburgerzaken.beverwijk.nl/MVC/AfschriftBurgerlijkeStand/Login/,Login aanvragen afschrift burgerlijke stand,,false,,,
22ae0706-6122-4163-9fc8-32d58fd6fe32,21a690ed-3af7-426d-ae0d-8b5c6218c565,https://beverwijk.mijnafspraakmaken.nl/?product=50,Een afspraak maken | Gemeente Beverwijk,,false,,,
24b15a6f-e688-4802-96e1-ec18f01c3bcb,21a690ed-3af7-426d-ae0d-8b5c6218c565,https://beverwijk.bestuurlijkeinformatie.nl/,Dashboard Beverwijk - iBabs Publieksportaal,,false,,,
1c44c38b-5e63-4f8b-b7d9-ec7a87344648,21a690ed-3af7-426d-ae0d-8b5c6218c565,https://www.werkenbijbeverwijk.nl/,Home | Werken bij Gemeente Beverwijk,,false,,,
1758b022-19e3-45db-a90c-1f7a9ebace9c,21a690ed-3af7-426d-ae0d-8b5c6218c565,https://www.beverwijk.nl,Gemeente Beverwijk,,true,,,
f3ed8eec-6d77-4639-8972-ec4f43b2f6ee,21a690ed-3af7-426d-ae0d-8b5c6218c565,https://experience.arcgis.com/experience/3c2965fd76a34545a10e04691774f00e,Experience,Productieomgeving,false,,,
d339eec5-400c-4cda-bde0-e553ef0ef955,9b59a171-e91e-48ed-86da-5946a1df3760,https://www.valkenswaard.nl/bekendmakingen,Bekendmakingen,,true,Overzichtspagina,,
dca35a30-9e5b-49f4-983f-70855ac8acbc,9b59a171-e91e-48ed-86da-5946a1df3760,https://www.valkenswaard.nl/wonen-en-leven,Wonen en leven,,true,Overzichtspagina,,
e97836b3-b351-481d-8587-553d1a8ff092,9b59a171-e91e-48ed-86da-5946a1df3760,https://www.valkenswaard.nl/identiteit-rijbewijs-en-uittreksels,"Identiteit, rijbewijs en uittreksels",,true,Overzichtspagina,,
f6096373-9b9e-4d43-a81e-b6d389685390,9b59a171-e91e-48ed-86da-5946a1df3760,https://www.valkenswaard.nl/belastingen,Belastingen,,true,Overzichtspagina,,
c85c9071-470e-4c0b-b31a-791bc1bd004d,9b59a171-e91e-48ed-86da-5946a1df3760,https://www.valkenswaard.nl/over-gemeente-valkenswaard,Over gemeente Valkenswaard,,true,Overzichtspagina,,
3bda5779-8751-4f78-8f77-95c469626b19,9b59a171-e91e-48ed-86da-5946a1df3760,https://www.valkenswaard.nl/projecten,Projecten,,true,Overzichtspagina,,
5a96a89a-521a-4ba0-923a-2f335c4b5eb3,9b59a171-e91e-48ed-86da-5946a1df3760,https://www.valkenswaard.nl/organisatie,Organisatie,,true,Overzichtspagina,,
352be1d0-4677-44ec-9764-1145758f0e23,9b59a171-e91e-48ed-86da-5946a1df3760,https://www.valkenswaard.nl/bezwaar-klacht-en-zienswijze,"Bezwaar, klacht en zienswijze",,true,Overzichtspagina,,
745e1240-7c7b-4aee-8e89-d9beee080406,9b59a171-e91e-48ed-86da-5946a1df3760,https://www.valkenswaard.nl/geboorte-en-erkenning,Geboorte en erkenning,,true,Overzichtspagina,,
9cf1c3a3-6aff-4b34-a4f7-08874d002120,9b59a171-e91e-48ed-86da-5946a1df3760,https://www.valkenswaard.nl/persoonsgegevens,Persoonsgegevens,,true,Overzichtspagina,,
f039b4f8-92a5-436d-8ea6-7a351de37d49,9b59a171-e91e-48ed-86da-5946a1df3760,https://www.valkenswaard.nl/uittreksels-en-verklaringen,Uittreksels en verklaringen,,true,Overzichtspagina,,
22d1d5e9-af06-42b4-91dc-de331f0c8cb9,9b59a171-e91e-48ed-86da-5946a1df3760,https://www.valkenswaard.nl/overlijden,Overlijden,,true,Overzichtspagina,,
4f9378d8-3e0a-4180-86ca-eb9661a20dc6,9b59a171-e91e-48ed-86da-5946a1df3760,https://www.valkenswaard.nl/wozozb,WOZ/OZB,,true,Overzichtspagina,,
58cc4ed0-f7d2-49b2-87cd-c117c7bb4015,9b59a171-e91e-48ed-86da-5946a1df3760,https://www.valkenswaard.nl/bijzondere-bijstand-en-andere-minimaregelingen,Bijzondere bijstand en andere minimaregelingen,,true,Overzichtspagina,,
b53f8d94-1eab-4a62-a550-7a84fce86076,9b59a171-e91e-48ed-86da-5946a1df3760,https://www.valkenswaard.nl/sportpark-den-dries,Sportpark Den Dries,,true,Pagina,,
09791051-b8ec-4f7e-9133-eb9a8f8a1858,9b59a171-e91e-48ed-86da-5946a1df3760,https://www.valkenswaard.nl/aanvragen-en-regelen,Aanvragen en regelen,,true,Pagina,,
e943b152-df1c-40fa-9407-b932309ad664,9b59a171-e91e-48ed-86da-5946a1df3760,https://www.valkenswaard.nl/voorwaarden-gebruik-sportterrein,Voorwaarden gebruik sportterrein,,true,Pagina,,
470c53e8-15c3-45c7-94ef-deb85fa3d910,9b59a171-e91e-48ed-86da-5946a1df3760,https://www.valkenswaard.nl/ondernemersloket,Ondernemersloket Valkenswaard,,true,Overzichtspagina,,
cd59b443-e17d-4609-83c3-d82fae6842c0,9b59a171-e91e-48ed-86da-5946a1df3760,https://www.valkenswaard.nl/nieuwsbrief-januari-editie-54,Nieuwsbrief januari - editie 54,,true,Pagina,,
b61a1673-f3a2-4520-861a-84d061565184,9b59a171-e91e-48ed-86da-5946a1df3760,https://www.valkenswaard.nl/nieuwsbrief-september-editie-59,Nieuwsbrief september - editie 59,,true,Pagina,,
5daefa77-35b3-4449-9a2c-b6458e7bb770,9b59a171-e91e-48ed-86da-5946a1df3760,https://www.valkenswaard.nl/bekendmakingen-straatnaamgeving,Straatnaamgeving op officielebekendmakingen.nl,,true,Pagina,,
fee12859-ff9d-45c3-9f6c-4606f50a63e0,9b59a171-e91e-48ed-86da-5946a1df3760,https://www.valkenswaard.nl/overige-activiteiten,Overige activiteiten,,true,Overzichtspagina,,
39cf6d40-e5d5-44e6-9887-766b3ad06165,9b59a171-e91e-48ed-86da-5946a1df3760,https://www.valkenswaard.nl/trouwambtenaren,Trouwambtenaren,,true,Overzichtspagina,,
89d45a44-cff0-4e65-b850-205f006f89d3,9b59a171-e91e-48ed-86da-5946a1df3760,https://www.valkenswaard.nl/gemeentelijke-vrijwilligerspenning,Gemeentelijke vrijwilligerspenning,,true,Product of dienst,,
36373204-d277-4c04-8623-6ee6a4016db2,9b59a171-e91e-48ed-86da-5946a1df3760,https://www.valkenswaard.nl/handhaving,Handhaving,,true,Pagina,,
8817c268-df09-4390-bc4e-e1409ef025a6,9b59a171-e91e-48ed-86da-5946a1df3760,https://www.valkenswaard.nl/contact-en-openingstijden,Contact en openingstijden,,true,Overzichtspagina,,
35343d09-3ef9-4b9c-83a2-f857691aecbf,9b59a171-e91e-48ed-86da-5946a1df3760,https://www.valkenswaard.nl/zienswijze-of-inspraak-indienen,Zienswijze of inspraak indienen,,true,Product of dienst,,
a22dc41d-7716-473b-bb42-a84325c14c06,9b59a171-e91e-48ed-86da-5946a1df3760,https://www.valkenswaard.nl/geluidsmeter-eurocircuit,Geluidsmeter Eurocircuit,,true,Product of dienst,,
974ba291-5dbd-41f0-b115-d81c10a9dbfc,9b59a171-e91e-48ed-86da-5946a1df3760,https://www.valkenswaard.nl/gegevens-bedrijfspand-online-doorgeven,Gegevens bedrijfspand online doorgeven,,true,Pagina,,
9b765005-d939-4d83-9aee-751955502f2c,9b59a171-e91e-48ed-86da-5946a1df3760,https://www.valkenswaard.nl/wat-doet-de-griffie,Wat doet de griffie?,,true,Pagina,,
ff63457d-d560-40b4-b04e-d443d4702c1d,9b59a171-e91e-48ed-86da-5946a1df3760,https://www.valkenswaard.nl/omgevingswet,Omgevingswet,,true,Overzichtspagina,,
f592010a-e43c-4ab5-8c25-bd240629cdd3,9b59a171-e91e-48ed-86da-5946a1df3760,https://www.valkenswaard.nl/weekmarkt-en-standplaats,Weekmarkt en standplaats,,true,Pagina,,
d6b0eff5-2668-42ce-852b-10a3e7814f4d,9b59a171-e91e-48ed-86da-5946a1df3760,https://www.valkenswaard.nl/subsidievaststelling-verantwoording,Subsidievaststelling (verantwoording),,true,Product of dienst,,
36dd4a11-44f7-4a95-b501-ce680aef3129,9b59a171-e91e-48ed-86da-5946a1df3760,https://www.valkenswaard.nl/masterplan-centrum-het-hart-van-valkenswaard,"Masterplan centrum, het hart van Valkenswaard",,true,Overzichtspagina,,
832e323a-66b2-4202-856e-ef28b99b1b33,9b59a171-e91e-48ed-86da-5946a1df3760,https://www.valkenswaard.nl/agenda-22-toegankelijk-valkenswaard,Agenda 22: Toegankelijk Valkenswaard,,true,Overzichtspagina,,
9921f19c-bb2f-4701-a979-3657db078657,9b59a171-e91e-48ed-86da-5946a1df3760,https://www.valkenswaard.nl/fjhm-fred-emmerik,F.J.H.M. (Fred) Emmerik,,true,Profiel,,
c5f6fe23-3f64-486b-9924-23695150309a,9b59a171-e91e-48ed-86da-5946a1df3760,https://www.valkenswaard.nl/coalitie-tegen-eenzaamheid,Coalitie Tegen Eenzaamheid,,true,Pagina,,
afc2b5bd-7e74-4085-aed9-dbf248faa8cf,9b59a171-e91e-48ed-86da-5946a1df3760,https://www.valkenswaard.nl/afvalwijzer,Afvalwijzer,,true,Pagina,,
97a18649-479d-46b0-ba5b-118218b4b46c,9b59a171-e91e-48ed-86da-5946a1df3760,https://www.valkenswaard.nl/projecten/valkenswaard-woongemeente,Valkenswaard Woongemeente,,true,Overzichtspagina,,
8332430c-403c-49ec-bec6-c0307e96c129,9b59a171-e91e-48ed-86da-5946a1df3760,https://www.valkenswaard.nl/aardgasvrij-wonen-transitievisie-warmte,Aardgasvrij wonen (Transitievisie Warmte),,true,Pagina,,
831553d3-fbab-4405-b7fb-277e8c90e692,9b59a171-e91e-48ed-86da-5946a1df3760,https://www.valkenswaard.nl/starters,Starters,,true,Pagina,,
47056c34-f8ae-46cd-ac2d-499ae1bbbc69,9b59a171-e91e-48ed-86da-5946a1df3760,https://www.valkenswaard.nl/gladheidsbestrijding,Gladheidsbestrijding,,true,Pagina,,
9e8fb2e5-d5fd-4b11-b54b-da74d54d81c3,9b59a171-e91e-48ed-86da-5946a1df3760,https://www.valkenswaard.nl/strooiroute-provincie-over-gemeentelijke-wegen,Strooiroute Provincie over gemeentelijke wegen,,true,Pagina,,
8de786df-f12a-4600-a41c-039c2f8109b9,9b59a171-e91e-48ed-86da-5946a1df3760,https://www.valkenswaard.nl/erfgoedbeleid,Erfgoedbeleid,,true,Pagina,,
7df61d24-d0eb-4d2f-880e-809d24fdad5a,9b59a171-e91e-48ed-86da-5946a1df3760,https://www.valkenswaard.nl/overzicht-monumenten,Overzicht monumenten,,true,Pagina,,
f90c7b72-d109-4e40-9c32-d6f35e49c641,9b59a171-e91e-48ed-86da-5946a1df3760,https://www.valkenswaard.nl/nieuwsberichten-0,Nieuwsberichten,,true,Pagina,,
b5360277-16e8-47f3-beae-444dab18e457,9b59a171-e91e-48ed-86da-5946a1df3760,https://www.valkenswaard.nl/van-blik-naar-bomen-groen-in-het-centrum,Van blik naar bomen – Groen in het centrum,,true,Nieuwsbericht,,
eee97d7b-1d57-4e12-a3cd-f9d266d454c7,9b59a171-e91e-48ed-86da-5946a1df3760,https://www.valkenswaard.nl/het-hart-van-valkenswaard-geniet-van-ons-nieuwe-centrum,Het hart van Valkenswaard: geniet van ons nieuwe centrum!,,true,Nieuwsbericht,,
2cae9ec6-3ac3-443a-b3e5-a1fa415741a1,9b59a171-e91e-48ed-86da-5946a1df3760,https://www.valkenswaard.nl/bestemmingsplan-molenstraat-197-199,Bestemmingsplan Molenstraat 197-199,,true,Pagina,,
acd8c918-c0b9-474f-acb6-137b913382c3,9b59a171-e91e-48ed-86da-5946a1df3760,https://www.valkenswaard.nl/beleid-en-regelgeving,Beleid en regelgeving,,true,Overzichtspagina,,
e55e0162-c249-4d05-a1b3-601e95700c36,9b59a171-e91e-48ed-86da-5946a1df3760,https://www.valkenswaard.nl/groen-en-milieu,Groen en milieu,,true,Overzichtspagina,,
e620c2fa-6392-4db6-baef-d044e9b8adf6,9b59a171-e91e-48ed-86da-5946a1df3760,https://www.valkenswaard.nl/betaling-en-kwijtschelding,Betaling en kwijtschelding,,true,Overzichtspagina,,
1dfed9a6-90d8-47da-a7ca-9b0e24b04b95,9b59a171-e91e-48ed-86da-5946a1df3760,https://www.valkenswaard.nl/openbare-ruimteopenbare-weg,Openbare ruimte/openbare weg,,true,Overzichtspagina,,
9c0b2160-26c8-4c16-b2bc-34ca98077fd0,9b59a171-e91e-48ed-86da-5946a1df3760,https://www.valkenswaard.nl/sportpark-de-brug,Sportpark De Brug,,true,Pagina,,
57d77ef8-9513-4d44-89f3-e8d36acfe89e,9b59a171-e91e-48ed-86da-5946a1df3760,https://www.valkenswaard.nl/gymnastiekzalen,Gymnastiekzalen,,true,Pagina,,
36aad1fb-b676-452d-b949-e83802c4216b,9b59a171-e91e-48ed-86da-5946a1df3760,https://www.valkenswaard.nl/sportaccommodaties,Sportaccommodaties,,true,Overzichtspagina,,
f54f7f60-cd25-4686-ad2d-01762b66efe4,9b59a171-e91e-48ed-86da-5946a1df3760,https://www.valkenswaard.nl/sportpark-t-heike,Sportpark 't Heike,,true,Pagina,,
2f07d5f2-3753-42df-ade8-3828c4a57496,9b59a171-e91e-48ed-86da-5946a1df3760,https://www.valkenswaard.nl/wijkoverzicht,Wijkoverzicht,,true,Pagina,,
a14e25b9-63c5-4c8c-866f-63abaaa3f2b0,9b59a171-e91e-48ed-86da-5946a1df3760,https://www.valkenswaard.nl/martijn-maas,Martijn Maas,,true,Profiel,,
6b992ac5-fb27-49ba-82f0-4817cff07ddc,9b59a171-e91e-48ed-86da-5946a1df3760,https://www.valkenswaard.nl/vergaderschema-gemeenteraad-en-raadscommissie,Vergaderschema Gemeenteraad en raadscommissie,,true,Pagina,,
f2c4db06-1cc6-4e06-9259-3ed3b44b5294,9b59a171-e91e-48ed-86da-5946a1df3760,https://www.valkenswaard.nl/rekenkamer,Rekenkamer,,true,Pagina,,
69cd7846-727a-4238-ad01-2b2a9ec4c895,9b59a171-e91e-48ed-86da-5946a1df3760,https://www.valkenswaard.nl/mtc-marie-therese-maas-jacobs,M.T.C. (Marie-Thérèse) Maas-Jacobs,,true,Profiel,,
7278bd00-b660-46b9-b241-1333c78cad3c,9b59a171-e91e-48ed-86da-5946a1df3760,https://www.valkenswaard.nl/ontheffing-tijdelijke-wet-maatregelen-covid-19,Ontheffing Tijdelijke wet maatregelen COVID-19,,true,Product of dienst,,
dcc56b3b-241c-4631-b446-d4dcf5ebd471,9b59a171-e91e-48ed-86da-5946a1df3760,https://www.valkenswaard.nl/projecten/eurocircuit/nieuws-eurocircuit,Overzicht nieuws en documenten Eurocircuit,,true,Pagina,,
a9893829-934f-4a08-92b9-b6ba616dc089,9b59a171-e91e-48ed-86da-5946a1df3760,https://www.valkenswaard.nl/afval-cure-afvalbeheer,Afval Cure Afvalbeheer,,true,Pagina,,
cff2c1f4-f9c0-45c2-9e99-ad51521b4f35,9b59a171-e91e-48ed-86da-5946a1df3760,https://www.valkenswaard.nl/klimaatverandering-klimaatadaptatie,Klimaatverandering (Klimaatadaptatie),,true,Pagina,,
31ddfe6f-f078-49ca-9bd2-71a0f8ad0c66,9b59a171-e91e-48ed-86da-5946a1df3760,https://www.valkenswaard.nl/huisvesting,Huisvesting,,true,Overzichtspagina,,
9a0f3389-65d7-43a4-9b08-a50aa960cb10,9b59a171-e91e-48ed-86da-5946a1df3760,https://www.valkenswaard.nl/huurinlichtingen,Huurinlichtingen,,true,Product of dienst,,
61231f4f-2b78-44af-b44e-9f2c246996d2,9b59a171-e91e-48ed-86da-5946a1df3760,https://www.valkenswaard.nl/onderzoek-en-analyse,Onderzoek en Analyse,,true,Pagina,,
10287a44-d3f7-4300-9682-b807dcb79951,9b59a171-e91e-48ed-86da-5946a1df3760,https://www.valkenswaard.nl/het-maatregelenpakket-in-een-notendop,Het maatregelenpakket in een notendop,,true,Pagina,,
bad9049b-c1b4-432e-bbf8-353aaca3a9f4,9b59a171-e91e-48ed-86da-5946a1df3760,https://www.valkenswaard.nl/projecten/dommelland/programma-dommelland,Programma Dommelland,,true,Pagina,,
437ed6c5-aa98-4c74-b2d0-04fe8d8a96f4,9b59a171-e91e-48ed-86da-5946a1df3760,https://www.valkenswaard.nl/parkeervisie-2023,Parkeervisie 2023,,true,Pagina,,
5f85c4b4-8630-4f52-ba81-f2e86ba0e679,9b59a171-e91e-48ed-86da-5946a1df3760,https://www.valkenswaard.nl/buurtwhatsapp,BuurtWhatsApp,,true,Pagina,,
f864de73-b18b-4d55-9dd3-5b889c8988cf,9b59a171-e91e-48ed-86da-5946a1df3760,https://www.valkenswaard.nl/strooiroute-provincie-over-provinciale-wegen,Strooiroute Provincie over provinciale wegen,,true,Pagina,,
f1aadb9d-f705-4bd1-ac0e-9ccd151875fe,9b59a171-e91e-48ed-86da-5946a1df3760,https://www.valkenswaard.nl/nederlander-worden-door-optie,Nederlander worden door optie,,true,Product of dienst,,
df85b19d-ceaa-4fd4-b0f8-e9a07419ad44,9b59a171-e91e-48ed-86da-5946a1df3760,https://www.valkenswaard.nl/emmalaan,Emmalaan,,true,Pagina,,
733fd3d2-58d0-44d5-8c3b-06aeab2ccd57,9b59a171-e91e-48ed-86da-5946a1df3760,https://www.valkenswaard.nl/informatie-en-tips,Informatie en tips,,true,Pagina,,
da0a0fc6-96e0-4d48-a888-01d713fc532b,9b59a171-e91e-48ed-86da-5946a1df3760,https://www.valkenswaard.nl/online-vragenlijst-toekomst-dommelland,Online vragenlijst toekomst Dommelland,,true,Nieuwsbericht,,
91394a53-ae89-40b2-a149-a6dd329f3efc,9b59a171-e91e-48ed-86da-5946a1df3760,https://www.valkenswaard.nl/bestemmingsplan-molenstraat-200-202,Bestemmingsplan Molenstraat 200-202,,true,Pagina,,
8deefb16-c3ac-4f17-b153-0179d4fc749f,9b59a171-e91e-48ed-86da-5946a1df3760,https://www.valkenswaard.nl/wat-vooraf-ging,Wat vooraf ging?,,true,Pagina,,
cb9c41a7-1de0-47a6-8b77-3f6677b5afdd,9b59a171-e91e-48ed-86da-5946a1df3760,https://www.valkenswaard.nl/ruimtelijke-plannen-in-procedure,Ruimtelijke plannen in procedure,,true,Pagina,,
fd10ef14-323c-48c0-9f4e-3536301ad6fa,9b59a171-e91e-48ed-86da-5946a1df3760,https://www.valkenswaard.nl/opgavenkapstok,Opgavenkapstok,,true,Pagina,,
e3c558e8-e4f0-4a12-8bd5-33f405a9f669,9b59a171-e91e-48ed-86da-5946a1df3760,https://www.valkenswaard.nl/voorontwerpbestemmingsplan-hoppenbrouwers-12-3-februari-tm-2-maart-2022,Voorontwerpbestemmingsplan 'Hoppenbrouwers 12' (3 februari t/m 2 maart 2022),,true,Pagina,,
d838a1f4-99f5-41b8-9b6b-4ca2dfec4ce5,9b59a171-e91e-48ed-86da-5946a1df3760,https://www.valkenswaard.nl/nieuws-dommelland,Nieuws Dommelland,,true,Pagina,,
58be17d6-6f83-4926-b3e3-82ca62dcc390,9b59a171-e91e-48ed-86da-5946a1df3760,https://www.valkenswaard.nl/voorontwerpbestemmingsplan-hoppenbrouwers-21-3-februari-tm-2-maart-2022,Voorontwerpbestemmingsplan 'Hoppenbrouwers 21' (3 februari t/m 2 maart 2022),,true,Pagina,,
b7a4b348-897f-4b26-893d-1ca216965947,9b59a171-e91e-48ed-86da-5946a1df3760,https://www.valkenswaard.nl/ontwerpbestemmingsplan-maastrichterweg-11-7-oktober-tm-17-november-2021,Ontwerpbestemmingsplan Maastrichterweg 11 (7 oktober t/m 17 november 2021),,true,Pagina,,
718c58e2-5d5c-446d-a57d-029dad0eb7a9,9b59a171-e91e-48ed-86da-5946a1df3760,https://www.valkenswaard.nl/voorontwerpbestemmingsplan-maastrichterweg-94-3-februari-tm-2-maart-2022,Voorontwerpbestemmingsplan 'Maastrichterweg 94' (3 februari t/m 2 maart 2022),,true,Pagina,,
18c9447b-493b-4805-85cd-868c2a317fe1,9b59a171-e91e-48ed-86da-5946a1df3760,https://www.valkenswaard.nl/nieuwsberichten,Nieuwsberichten,,true,Overzichtspagina,,
61601a9e-fb3d-4b9a-93fc-598460da178f,9b59a171-e91e-48ed-86da-5946a1df3760,https://www.valkenswaard.nl/onderscheidingen-en-penningen,Onderscheidingen en penningen,,true,Overzichtspagina,,
b420f48e-16c8-479a-90d8-128c250e3cab,9b59a171-e91e-48ed-86da-5946a1df3760,https://www.valkenswaard.nl/bouwen-en-wonen,Bouwen en wonen,,true,Overzichtspagina,,
244ee167-aadc-4d81-bce3-49650c7352f6,9b59a171-e91e-48ed-86da-5946a1df3760,https://www.valkenswaard.nl/antwoorden-op-vragen-van-raadsleden,Antwoorden op vragen van raadsleden,,true,Overzichtspagina,,
37eb4f66-8197-46c8-ab76-7614a24ee635,9b59a171-e91e-48ed-86da-5946a1df3760,https://www.valkenswaard.nl/sporthal-belleman,Sporthal Belleman,,true,Pagina,,
56271da3-5e3c-4eb0-8e55-ece11f76ad7e,9b59a171-e91e-48ed-86da-5946a1df3760,https://www.valkenswaard.nl/sportpark-norbertusdreef,Sportpark Norbertusdreef,,true,Pagina,,
85b3d424-a7d2-4d64-8261-9c0c0d11d6c1,9b59a171-e91e-48ed-86da-5946a1df3760,https://www.valkenswaard.nl/ondernemersverenigingen,Ondernemersverenigingen,,true,Pagina,,
94793486-911d-4252-9319-a7b245339002,9b59a171-e91e-48ed-86da-5946a1df3760,https://www.valkenswaard.nl/koopzondagen-en-winkeltijden,Koopzondagen en winkeltijden,,true,Pagina,,
92378c96-4471-450a-9b7d-7a5450df53db,9b59a171-e91e-48ed-86da-5946a1df3760,https://www.valkenswaard.nl/nieuwsbrief-december-editie-61,Nieuwsbrief december - editie 61,,true,Pagina,,
d02b64e8-9788-4aba-b674-30d0482f7fd5,9b59a171-e91e-48ed-86da-5946a1df3760,https://www.valkenswaard.nl/woning-uit-de-woonruimtevoorraad-halen,Woning uit de woonruimtevoorraad halen,,true,Product of dienst,,
6282567c-f29b-45bc-b318-7f7b3439139e,9b59a171-e91e-48ed-86da-5946a1df3760,https://www.valkenswaard.nl/klacht-over-ambtenaar-of-bestuurder,Klacht over ambtenaar of bestuurder,,true,Product of dienst,,
040fc059-0e29-4a3f-9b4f-d9ef1cd90b25,9b59a171-e91e-48ed-86da-5946a1df3760,https://www.valkenswaard.nl/mandaten,Mandaten,,true,Pagina,,
a8b3bb78-3dbc-402b-b284-a3d78bd84798,9b59a171-e91e-48ed-86da-5946a1df3760,https://www.valkenswaard.nl/feiten-en-cijfers,Feiten en cijfers,,true,Pagina,,
d63c8983-ab9b-4b51-a54d-8996e08114ef,9b59a171-e91e-48ed-86da-5946a1df3760,https://www.valkenswaard.nl/wijkgericht-werken,Wijkgericht werken,,true,Overzichtspagina,,
b63c86da-e22a-484f-8490-a2f9805d7076,9b59a171-e91e-48ed-86da-5946a1df3760,https://www.valkenswaard.nl/geschiedenis-van-borkel-en-schaft,Geschiedenis van Borkel en Schaft,,true,Pagina,,
d006fe0f-ad2e-45bc-a2c7-d212762ac79c,9b59a171-e91e-48ed-86da-5946a1df3760,https://www.valkenswaard.nl/huisstijl-logo-wapen-en-vlag,"Huisstijl, logo, wapen en vlag",,true,Pagina,,
275487b6-2eda-4126-a76d-af61d1b1eb8b,9b59a171-e91e-48ed-86da-5946a1df3760,https://www.valkenswaard.nl/verkiezingen-briefstemmen-voor-kiezers-van-70-jaar-en-ouder,"Verkiezingen, briefstemmen voor kiezers van 70 jaar en ouder",,true,Product of dienst,,
17f760d2-3a65-4eb2-9367-af65b522b359,9b59a171-e91e-48ed-86da-5946a1df3760,https://www.valkenswaard.nl/gedragscodes-college-bw-gemeenteraad-en-protocol-integriteitsschendingen,"Gedragscodes college B&W, gemeenteraad en protocol integriteitsschendingen",,true,Pagina,,
395df808-cc9e-4d07-b4bd-a1af8f1cad3f,9b59a171-e91e-48ed-86da-5946a1df3760,https://www.valkenswaard.nl/fractievoorzitter-pcnm-peter-van-steensel,Fractievoorzitter P.C.N.M. (Peter) van Steensel,,true,Profiel,,
0d61a10b-c7d3-4d1e-aaa9-17a80b346907,9b59a171-e91e-48ed-86da-5946a1df3760,https://www.valkenswaard.nl/pham-peter-plompen,P.H.A.M. (Peter) Plompen,,true,Profiel,,
19eed6f1-549e-4924-ade8-3c9f18e44453,9b59a171-e91e-48ed-86da-5946a1df3760,https://www.valkenswaard.nl/uitzendingen-vergaderingen,Uitzendingen vergaderingen,,true,Pagina,,
ebeb2982-8e40-4acf-8207-d50c16ac5ecb,9b59a171-e91e-48ed-86da-5946a1df3760,https://www.valkenswaard.nl/ghm-gerrie-van-asten-velter,G.H.M. (Gerrie) van Asten-Velter,,true,Profiel,,
0a631022-13f6-457a-a437-62deed442815,9b59a171-e91e-48ed-86da-5946a1df3760,https://www.valkenswaard.nl/jbwm-jos-peters,J.B.W.M. (Jos) Peters,,true,Profiel,,
587256cb-09dc-472b-a879-5ebb78aa3bff,9b59a171-e91e-48ed-86da-5946a1df3760,https://www.valkenswaard.nl/projectgroep-agenda-22,Projectgroep Agenda 22,,true,Pagina,,
27afca2e-bb82-4595-8347-e946f3ca503b,9b59a171-e91e-48ed-86da-5946a1df3760,https://www.valkenswaard.nl/projecten/eurocicuit/eurocircuit-nu,Eurocircuit Nu,,true,Pagina,,
d9f4a161-6f4a-4818-bf49-3ed650161cc1,9b59a171-e91e-48ed-86da-5946a1df3760,https://www.valkenswaard.nl/een-tegen-eenzaamheid,Een tegen eenzaamheid,,true,Overzichtspagina,,
cc5c004e-77ad-4a5f-a9b7-f2decf855135,9b59a171-e91e-48ed-86da-5946a1df3760,https://www.valkenswaard.nl/aanbieden-oud-papier-en-karton,Aanbieden oud papier en karton,,true,Pagina,,
fd5fc7a1-06de-4734-ab49-3d6447082962,9b59a171-e91e-48ed-86da-5946a1df3760,https://www.valkenswaard.nl/zonne-of-windparken-grootschalige-opwek,Zonne- of windparken (Grootschalige opwek),,true,Pagina,,
57d6a078-3c0d-4ea5-8ff1-e2086d5ae4b0,9b59a171-e91e-48ed-86da-5946a1df3760,https://www.valkenswaard.nl/zwerfafval-opruimcampagne-zakkenvullers,Zwerfafval-opruimcampagne ‘Zakkenvullers’,,true,Pagina,,
4d3625e9-1f8a-4358-817c-0412871c6fad,9b59a171-e91e-48ed-86da-5946a1df3760,https://www.valkenswaard.nl/brabantbrede-aanpak-pfas,Brabantbrede aanpak PFAS,,true,Pagina,,
b46e509d-4de4-44df-b981-b285542055cf,9b59a171-e91e-48ed-86da-5946a1df3760,https://www.valkenswaard.nl/inburgeren,Inburgeren,,true,Product of dienst,,
40832ed9-999e-4fb6-8bf8-e6215dfc6c69,9b59a171-e91e-48ed-86da-5946a1df3760,https://www.valkenswaard.nl/huurwoningen,Huurwoningen,,true,Pagina,,
ba6bc9f0-1d65-4467-bd46-a4afdf055d4a,9b59a171-e91e-48ed-86da-5946a1df3760,https://www.valkenswaard.nl/nl-alert,NL-Alert,,true,Pagina,,
abc40dfa-5a04-424e-b89b-56b78269fffe,9b59a171-e91e-48ed-86da-5946a1df3760,https://www.valkenswaard.nl/dommelland,Dommelland,,true,Overzichtspagina,,
030c0496-0b81-499b-91fa-0c975725b90c,9b59a171-e91e-48ed-86da-5946a1df3760,https://www.valkenswaard.nl/valkenswaard-houdt-van-bomen,Valkenswaard houdt van bomen,,true,Pagina,,
34b4f4cd-a89e-40bd-9d6f-4ea0c041fac1,9b59a171-e91e-48ed-86da-5946a1df3760,https://www.valkenswaard.nl/jasmijn,Jasmijn,,true,Pagina,,
7e947337-87d9-4de9-a0cb-4df59b07afbb,9b59a171-e91e-48ed-86da-5946a1df3760,https://www.valkenswaard.nl/eikenprocessierups,Eikenprocessierups,,true,Overzichtspagina,,
e0e6dd56-ca89-4b68-b7ec-4a771a1064a9,9b59a171-e91e-48ed-86da-5946a1df3760,https://www.valkenswaard.nl/hondenspeelweiden,Hondenspeelweiden,,true,Pagina,,
63f20e86-6504-43bc-9f11-d5e4e758f181,9b59a171-e91e-48ed-86da-5946a1df3760,https://www.valkenswaard.nl/bestemmingsplan-buitengebied-2-ter-vaststelling,Bestemmingsplan Buitengebied 2 (ter vaststelling),,true,Pagina,,
a4590fc3-a656-4345-a260-68e1a8ef0bb2,9b59a171-e91e-48ed-86da-5946a1df3760,https://www.valkenswaard.nl/samenwerkingen,Samenwerkingen,,true,Overzichtspagina,,
a75a16fe-3ded-4327-84cc-faf896bb5093,9b59a171-e91e-48ed-86da-5946a1df3760,https://www.valkenswaard.nl/afval,Afval,,true,Overzichtspagina,,
e2971d74-c98c-4239-ac59-9087b4a7ca36,9b59a171-e91e-48ed-86da-5946a1df3760,https://www.valkenswaard.nl/overige-belastingen,Overige belastingen,,true,Overzichtspagina,,
f3d20c69-66c6-4b1c-bcbd-1f4011508d13,9b59a171-e91e-48ed-86da-5946a1df3760,https://www.valkenswaard.nl/horeca-en-winkels,Horeca en winkels,,true,Overzichtspagina,,
325de4c7-0041-4796-9dba-2ba48ece41a7,9b59a171-e91e-48ed-86da-5946a1df3760,https://www.valkenswaard.nl/sportparken,Sportparken,,true,Overzichtspagina,,
e81f7bfb-c75d-4a96-9b35-79135c7e8fcd,9b59a171-e91e-48ed-86da-5946a1df3760,https://www.valkenswaard.nl/voorwaarden-gebruik-sporthal-inclusief-gymzaal,Voorwaarden gebruik sporthal (inclusief gymzaal),,true,Pagina,,
23a118f0-e547-4c16-ba2c-2a793369b325,9b59a171-e91e-48ed-86da-5946a1df3760,https://www.valkenswaard.nl/voorwaarden-gebruik-zwembad,Voorwaarden gebruik zwembad,,true,Pagina,,
2353337d-d3b3-44bf-85c9-4d3876b8418a,9b59a171-e91e-48ed-86da-5946a1df3760,https://www.valkenswaard.nl/vrijstelling-schoolbezoek-buitenland,Vrijstelling schoolbezoek buitenland,,true,Product of dienst,,
263e345c-8db2-4750-8a43-9bd973041eaa,9b59a171-e91e-48ed-86da-5946a1df3760,https://www.valkenswaard.nl/nieuwsbrief-maart-editie-55,Nieuwsbrief maart - editie 55,,true,Pagina,,
d220a5e9-0353-42eb-98cf-af8d8471a2ea,9b59a171-e91e-48ed-86da-5946a1df3760,https://www.valkenswaard.nl/huurtoeslag,Huurtoeslag,,true,Product of dienst,,
789d6494-5279-4332-9ed6-d481a8e27bc6,9b59a171-e91e-48ed-86da-5946a1df3760,https://www.valkenswaard.nl/echtscheiding-of-einde-geregistreerd-partnerschap,Echtscheiding of einde geregistreerd partnerschap,,true,Product of dienst,,
e39bf422-4a9b-40f8-9266-2cb1703bd413,9b59a171-e91e-48ed-86da-5946a1df3760,https://www.valkenswaard.nl/nevenfuncties-directie-en-managers,Nevenfuncties directie en managers,,true,Pagina,,
e23fdb1c-e9c5-46f4-b45a-cbd632cf225f,9b59a171-e91e-48ed-86da-5946a1df3760,https://www.valkenswaard.nl/valkenswaard-marketing,Valkenswaard Marketing,,true,Pagina,,
530686ec-6c0a-4bba-b67d-bec699782ec4,9b59a171-e91e-48ed-86da-5946a1df3760,https://www.valkenswaard.nl/geschiedenis-van-dommelen,Geschiedenis van Dommelen,,true,Pagina,,
665f2961-70ba-497b-99a6-ad891d39a282,9b59a171-e91e-48ed-86da-5946a1df3760,https://www.valkenswaard.nl/geschiedenis-van-valkenswaard,Geschiedenis van Valkenswaard,,true,Pagina,,
3c5d0815-14cf-4bdf-ba82-74bd7387b452,9b59a171-e91e-48ed-86da-5946a1df3760,https://www.valkenswaard.nl/wijzigen-achternaam,Wijzigen achternaam,,true,Product of dienst,,
2e0de0fe-c44e-4eb2-9fe9-bc5d539e87ee,9b59a171-e91e-48ed-86da-5946a1df3760,https://www.valkenswaard.nl/werkgroep-eenzaamheid,Werkgroep eenzaamheid,,true,Pagina,,
588b5f7d-e71b-48a1-aa41-6e5aa8b54413,9b59a171-e91e-48ed-86da-5946a1df3760,https://www.valkenswaard.nl/groene-tuintips,Groene tuintips,,true,Pagina,,
93365432-9459-4764-98a4-9e6213cc0c94,9b59a171-e91e-48ed-86da-5946a1df3760,https://www.valkenswaard.nl/projecten/gezond-sociaal-domein,Gezond sociaal domein,,true,Pagina,,
842b7477-b4a5-4e26-a711-432f4d3a740c,9b59a171-e91e-48ed-86da-5946a1df3760,https://www.valkenswaard.nl/projecten/eurocircuit/toekomst-eurocircuit,Terugblik project Toekomst Eurocircuit,,true,Pagina,,
768f271b-cc5a-42ec-b0e1-c04457bb19c4,9b59a171-e91e-48ed-86da-5946a1df3760,https://www.valkenswaard.nl/gezonde-duurzame-leefomgeving,Gezonde Duurzame Leefomgeving,,true,Pagina,,
01c23c93-8ade-4710-b6b3-be0754fdcdfc,9b59a171-e91e-48ed-86da-5946a1df3760,https://www.valkenswaard.nl/gezond-opgroeien-in-valkenswaard,Gezond opgroeien in Valkenswaard,,true,Pagina,,
b7f8eded-abee-4165-8047-cf8c08b8301b,9b59a171-e91e-48ed-86da-5946a1df3760,https://www.valkenswaard.nl/woonwagencentra,Woonwagencentra,,true,Pagina,,
62e63b5b-4cce-49c6-9c63-18e2ce000aab,9b59a171-e91e-48ed-86da-5946a1df3760,https://www.valkenswaard.nl/actieprogramma,Actieprogramma,,true,Pagina,,
b85f06b8-332a-4746-8e31-921f2c0dfeb0,9b59a171-e91e-48ed-86da-5946a1df3760,https://www.valkenswaard.nl/producten,Producten,,true,Overzichtspagina,,
2cfc32dc-68c4-4675-9da0-c4f5e7962f00,9b59a171-e91e-48ed-86da-5946a1df3760,https://www.valkenswaard.nl/procedures-ruimtelijke-plannen,Procedures ruimtelijke plannen,,true,Pagina,,
d22ba5a4-21c3-4627-a4f8-695e4fd433b9,9b59a171-e91e-48ed-86da-5946a1df3760,https://www.valkenswaard.nl/definitieve-rapportage-toekomst-eurocircuit,Definitieve Rapportage Toekomst Eurocircuit,,true,Pagina,,
2129ed41-1d50-4a44-9b51-abdd2e311c07,9b59a171-e91e-48ed-86da-5946a1df3760,https://www.valkenswaard.nl/herontwikkelingslocaties,Herontwikkelingslocaties,,true,Overzichtspagina,,
8a748228-dacc-4d63-a1ce-e6d8b95a5a17,9b59a171-e91e-48ed-86da-5946a1df3760,https://www.valkenswaard.nl/monumenten,Monumenten,,true,Overzichtspagina,,
c5e10868-e9c4-41be-9ea9-3a58873c3fc9,9b59a171-e91e-48ed-86da-5946a1df3760,https://www.valkenswaard.nl/verduurzamen-monumenten,Verduurzamen monumenten,,true,Pagina,,
e1f24548-18f9-45e2-8e20-a07150ed32f5,9b59a171-e91e-48ed-86da-5946a1df3760,https://www.valkenswaard.nl/le-sage-ten-broekstraat,Le Sage ten Broekstraat,,true,Pagina,,
443f6690-b56e-453b-9336-68648a1b6782,9b59a171-e91e-48ed-86da-5946a1df3760,https://www.valkenswaard.nl/wijzigingsplan-hoeverdijk-23,Wijzigingsplan Hoeverdijk 23,,true,Pagina,,
4eb5a387-1af9-4256-b711-f1821331410a,9b59a171-e91e-48ed-86da-5946a1df3760,https://www.valkenswaard.nl/bestemmingsplan-dr-schaepmanstraat-37-99,Bestemmingsplan Dr. Schaepmanstraat 37-99,,true,Pagina,,
23128b0f-ed1b-4d77-9188-7abf98cd52bd,9b59a171-e91e-48ed-86da-5946a1df3760,https://www.valkenswaard.nl/luikerweg-110-omgevingsvergunning-uitgebreid,Luikerweg 110 (omgevingsvergunning uitgebreid),,true,Pagina,,
6bb8e1b4-6843-4bf0-bdd8-7f1caf59924f,9b59a171-e91e-48ed-86da-5946a1df3760,https://www.valkenswaard.nl/bestemmingsplan-hoge-akkers,Bestemmingsplan Hoge Akkers,,true,Pagina,,
a19ad085-e583-45dd-bc7e-b650f6c1568a,9b59a171-e91e-48ed-86da-5946a1df3760,https://www.valkenswaard.nl/wijzigingsplan-abdijweg-10,Wijzigingsplan Abdijweg 10,,true,Pagina,,
a9434157-1ef6-4542-be9b-59d508d265e3,9b59a171-e91e-48ed-86da-5946a1df3760,https://www.valkenswaard.nl/bestemmingsplan-buitengebied,Bestemmingsplan Buitengebied,,true,Pagina,,
faca7d36-e1a1-49fe-9557-8e067f41767f,9b59a171-e91e-48ed-86da-5946a1df3760,https://www.valkenswaard.nl/bestemmingsplan-kernwinkelgebied,Bestemmingsplan Kernwinkelgebied,,true,Pagina,,
b4ef0929-b7aa-4980-ae80-577d601f7a4b,9b59a171-e91e-48ed-86da-5946a1df3760,https://www.valkenswaard.nl/gewijzigd-vastgesteld-bestemmingsplan-veegplan-binnen-bebouwde-kom,Gewijzigd vastgesteld bestemmingsplan Veegplan binnen bebouwde kom,,true,Pagina,,
7b8b9067-8b90-446b-aeed-e36a12dfcf77,9b59a171-e91e-48ed-86da-5946a1df3760,https://www.valkenswaard.nl/melding-woon-en-leefomgeving,Melding woon- en leefomgeving,,true,Overzichtspagina,,
1a8e2f06-41ca-4989-af39-a262b28d91bc,9b59a171-e91e-48ed-86da-5946a1df3760,https://www.valkenswaard.nl/hulp-bij-werk-zoeken,Hulp bij werk zoeken,,true,Overzichtspagina,,
7909dda9-74e8-48e6-ace3-2b2b208bf1ec,9b59a171-e91e-48ed-86da-5946a1df3760,https://www.valkenswaard.nl/verkeer-en-vervoer,Verkeer en vervoer,,true,Overzichtspagina,,
5ae8ecbf-3453-49b3-9d3e-5ea52b51a6aa,9b59a171-e91e-48ed-86da-5946a1df3760,https://www.valkenswaard.nl/algemene-voorwaarden,Algemene voorwaarden,,true,Overzichtspagina,,
ff277d3e-040e-470a-9f46-e173f8f06efe,9b59a171-e91e-48ed-86da-5946a1df3760,https://www.valkenswaard.nl/arbeidsmakelaar,Arbeidsmakelaar,,true,Pagina,,
d3861b26-1f01-4afb-b020-9b8315e9a158,9b59a171-e91e-48ed-86da-5946a1df3760,https://www.valkenswaard.nl/subsidies-en-financiering,Subsidies en financiering,,true,Pagina,,
10b4ed15-559e-434d-b70c-0328b236d919,9b59a171-e91e-48ed-86da-5946a1df3760,https://www.valkenswaard.nl/mantelzorg,Mantelzorg,,true,Overzichtspagina,,
eff94389-8925-4948-95d3-2a67e2de0abc,9b59a171-e91e-48ed-86da-5946a1df3760,https://www.valkenswaard.nl/nieuwsbrief-april-editie-56,Nieuwsbrief april - editie 56,,true,Pagina,,
5c6b0b22-380d-4942-8147-d07c888648c0,9b59a171-e91e-48ed-86da-5946a1df3760,https://www.valkenswaard.nl/nieuwsbrief-februari-editie-62,Nieuwsbrief februari - editie 62,,true,Pagina,,
d0737010-6bfb-4735-96cd-40776e2965bd,9b59a171-e91e-48ed-86da-5946a1df3760,https://www.valkenswaard.nl/geheimhouden-persoonsgegevens,Geheimhouden persoonsgegevens,,true,Product of dienst,,
419d9891-3191-4cfc-8ead-edd9cdd1b5c2,9b59a171-e91e-48ed-86da-5946a1df3760,https://www.valkenswaard.nl/verkiezingen-kiezerspas-stemmen-in-een-andere-gemeente,"Verkiezingen, kiezerspas: stemmen in een andere gemeente",,true,Product of dienst,,
f94e8d50-810a-482f-af00-4bd06834d0b2,9b59a171-e91e-48ed-86da-5946a1df3760,https://www.valkenswaard.nl/samenstelling-gemeenteraad,Samenstelling gemeenteraad,,true,Overzichtspagina,,
3a201626-fde9-41c9-b46e-f8547c5561a4,9b59a171-e91e-48ed-86da-5946a1df3760,https://www.valkenswaard.nl/fractievoorzitter-rkb-rick-doddema,Fractievoorzitter R.K.B. (Rick) Doddema,,true,Profiel,,
6ef6bf47-a2e7-46c5-9582-0923492ab499,9b59a171-e91e-48ed-86da-5946a1df3760,https://www.valkenswaard.nl/hondenbelasting,Hondenbelasting,,true,Product of dienst,,
a0ed55a6-6248-4d02-b9fd-781dd26296a3,9b59a171-e91e-48ed-86da-5946a1df3760,https://www.valkenswaard.nl/rn-remy-de-bats,R.N. (Remy) de Bats,,true,Profiel,,
58e4a1b8-113d-400a-9e39-38bcc0371931,9b59a171-e91e-48ed-86da-5946a1df3760,https://www.valkenswaard.nl/toeristenbelasting,Toeristenbelasting,,true,Product of dienst,,
9670a1e7-4ed8-40ef-910e-178ce5866882,9b59a171-e91e-48ed-86da-5946a1df3760,https://www.valkenswaard.nl/centrum-voor-en-na,Centrum voor en na,,true,Pagina,,
3266fd87-27f6-44cb-8172-e841ee40644c,9b59a171-e91e-48ed-86da-5946a1df3760,https://www.valkenswaard.nl/bestrijding,Bestrijding,,true,Pagina,,
5f0822eb-f0cb-48e2-bf13-08f219ec2ebc,9b59a171-e91e-48ed-86da-5946a1df3760,https://www.valkenswaard.nl/meer-over-de-eikenprocessierups,Meer over de eikenprocessierups,,true,Pagina,,
43885c26-51df-4435-b0a7-76b9a18dc5ca,9b59a171-e91e-48ed-86da-5946a1df3760,https://www.valkenswaard.nl/downloads,Downloads,,true,Pagina,,
2c61a649-518e-450c-9d1c-6b2d8ad77705,9b59a171-e91e-48ed-86da-5946a1df3760,https://www.valkenswaard.nl/ontwerpbestemmingsplan-emmalaan-14-april-2022-tm-25-mei-2022,Ontwerpbestemmingsplan 'Emmalaan' (14 april 2022 t/m 25 mei 2022),,true,Pagina,,
0690c8d1-d442-4ffc-b55c-1e401eafa49a,9b59a171-e91e-48ed-86da-5946a1df3760,https://www.valkenswaard.nl/bestemmingsplan-bergstraat-28,Bestemmingsplan Bergstraat 28,,true,Pagina,,
0ca505a8-9a3e-4270-95b6-474e8001fab2,9b59a171-e91e-48ed-86da-5946a1df3760,https://www.valkenswaard.nl/voorontwerpbestemmingsplan-de-wilde-wingerd-27-januari-2022-tm-23-februari-2022,Voorontwerpbestemmingsplan 'De Wilde Wingerd' (27 januari 2022 t/m 23 februari 2022),,true,Pagina,,
25d96241-53d8-467c-a704-ece131f3f906,9b59a171-e91e-48ed-86da-5946a1df3760,https://www.valkenswaard.nl/ruimtelijke-plannen-in-werking,Ruimtelijke plannen in werking,,true,Overzichtspagina,,
47617c10-5e1e-40b1-af8a-b440af1df19c,9b59a171-e91e-48ed-86da-5946a1df3760,https://www.valkenswaard.nl/ontwerpbestemmingsplan-hofstraat-14-13-mei-tm-23-juni-2021,Ontwerpbestemmingsplan Hofstraat 14 (13 mei t/m 23 juni 2021),,true,Pagina,,
957a1d44-3bed-4751-8cfb-531af633cd8a,9b59a171-e91e-48ed-86da-5946a1df3760,https://www.valkenswaard.nl/ontwerpbestemmingsplan-peperstraat-30-18-februari-tm-31-maart-2021,Ontwerpbestemmingsplan Peperstraat 30 (18 februari t/m 31 maart 2021),,true,Pagina,,
419465f5-961b-4af5-97e0-1d6ca41c37ee,9b59a171-e91e-48ed-86da-5946a1df3760,https://www.valkenswaard.nl/voorontwerp-paraplubestemmingsplan-parkeren-wonen-detailhandel-en-waterberging-valkenswaard-8-juli,"Voorontwerp ‘Paraplubestemmingsplan Parkeren, Wonen, Detailhandel en Waterberging Valkenswaard’ (8 juli t/m 4 augustus 2021)",,true,Pagina,,
f9f04a85-2c1d-4ce3-a360-abee9119fa93,9b59a171-e91e-48ed-86da-5946a1df3760,https://www.valkenswaard.nl/voorontwerpbestemmingsplan-dorpsstraat-13a-8-juli-tm-4-augustus-2021,Voorontwerpbestemmingsplan ‘Dorpsstraat 13a’ (8 juli t/m 4 augustus 2021),,true,Pagina,,
d4696342-6ff5-42ca-a394-cab2256135bc,9b59a171-e91e-48ed-86da-5946a1df3760,https://www.valkenswaard.nl/feedbackronde-conceptrapportage-toekomst-eurocircuit-voorbij,Feedbackronde Conceptrapportage Toekomst Eurocircuit voorbij,,true,Nieuwsbericht,,
4b35dd75-3b03-48fb-b7b9-a8d5d4c3772d,9b59a171-e91e-48ed-86da-5946a1df3760,https://www.valkenswaard.nl/contact-eurocircuit,Contact Eurocircuit,,true,Pagina,,
3a0e68db-fb53-4a0b-b707-a22537c407e7,9b59a171-e91e-48ed-86da-5946a1df3760,https://www.valkenswaard.nl/vastgoed-eurocircuit,Vastgoed Eurocircuit,,true,Pagina,,
21d798cd-2f1d-462c-b87c-842c738ffd75,9b59a171-e91e-48ed-86da-5946a1df3760,https://www.valkenswaard.nl/eurocircuit-blijft-richting-is-bepaald-onzekerheid-voorbij,"Eurocircuit blijft: richting is bepaald, onzekerheid voorbij",,true,Nieuwsbericht,,
e159bc72-3287-48cc-b5aa-05a03f094d5a,9b59a171-e91e-48ed-86da-5946a1df3760,https://www.valkenswaard.nl/vergunningen-en-handhaving,Vergunningen en handhaving,,true,Pagina,,
31505464-b29c-4a63-a823-e5ee3e9e2b65,9b59a171-e91e-48ed-86da-5946a1df3760,https://www.valkenswaard.nl/bestemmingsplan-eurocircuit-vanwege-pas-nu-niet-vaststellen,Bestemmingsplan Eurocircuit vanwege PAS nu niet vaststellen,,true,Nieuwsbericht,,
ba3a7d01-5ecf-47b5-b563-1d0cb1c2d695,9b59a171-e91e-48ed-86da-5946a1df3760,https://www.valkenswaard.nl/contact-masterplan-centrum,Contact Masterplan Centrum,,true,Pagina,,
6675c714-4b35-4653-9ce1-1afd898a8bfc,9b59a171-e91e-48ed-86da-5946a1df3760,https://www.valkenswaard.nl/nieuws-uit-het-centrum-van-valkenswaard,Nieuws uit het centrum van Valkenswaard,,true,Pagina,,
425e7f19-a2a7-4cf6-acc0-3aae39fe6b34,9b59a171-e91e-48ed-86da-5946a1df3760,https://www.valkenswaard.nl/woonomgeving,Woonomgeving,,true,Overzichtspagina,,
6884b9c5-e4df-4aca-9b9a-50a43b475036,9b59a171-e91e-48ed-86da-5946a1df3760,https://www.valkenswaard.nl/ingekomen-brieven,Ingekomen brieven,,true,Overzichtspagina,,
d4ba498b-40e3-43b9-8878-89adfda6ddcb,9b59a171-e91e-48ed-86da-5946a1df3760,https://www.valkenswaard.nl/sporthal-de-wedert,Sporthal De Wedert,,true,Pagina,,
4052294f-fe61-47d6-9fd5-c66275320a6f,9b59a171-e91e-48ed-86da-5946a1df3760,https://www.valkenswaard.nl/sportpark-het-valkennest,Sportpark Het Valkennest,,true,Pagina,,
f0ad9d04-d43a-454a-a837-8e200da3541c,9b59a171-e91e-48ed-86da-5946a1df3760,https://www.valkenswaard.nl/begeleiding-met-reizen,Begeleiding met reizen,,true,Product of dienst,,
7355441b-5cb6-4756-bf41-4a9d1c3b9738,9b59a171-e91e-48ed-86da-5946a1df3760,https://www.valkenswaard.nl/activiteitenreglement,Activiteitenreglement,,true,Pagina,,
83e6fe31-bace-4c09-be87-32df226eacc8,9b59a171-e91e-48ed-86da-5946a1df3760,https://www.valkenswaard.nl/handige-links-voor-ondernemers,Handige links voor ondernemers,,true,Pagina,,
c7c094a9-8fc0-4352-b91f-b4a969ade7bd,9b59a171-e91e-48ed-86da-5946a1df3760,https://www.valkenswaard.nl/brandveiligheid-advies,Brandveiligheid advies,,true,Product of dienst,,
7263ec18-0823-46ef-b27c-a47161049d00,9b59a171-e91e-48ed-86da-5946a1df3760,https://www.valkenswaard.nl/nieuwsbrief-oktober-editie-60,Nieuwsbrief oktober - editie 60,,true,Pagina,,
1e1d8112-c193-467e-9c81-6a6d54fb4909,9b59a171-e91e-48ed-86da-5946a1df3760,https://www.valkenswaard.nl/nieuwsbrief-maart-editie-63,Nieuwsbrief maart - editie 63,,true,Pagina,,
5bd6e04a-32eb-4e8d-9b97-463f7a510853,9b59a171-e91e-48ed-86da-5946a1df3760,https://www.valkenswaard.nl/routebeschrijving,Routebeschrijving,,true,Pagina,,
b61845f7-bea3-4469-b99b-e1279109e8f1,9b59a171-e91e-48ed-86da-5946a1df3760,https://www.valkenswaard.nl/begroting,Begroting,,true,Pagina,,
f61e62f7-8f4e-4d90-bc19-7d9b04bdae9a,9b59a171-e91e-48ed-86da-5946a1df3760,https://www.valkenswaard.nl/verkiezingen-veiligheid-stemlokalen-in-coronatijd,"Verkiezingen, veiligheid stemlokalen in coronatijd",,true,Product of dienst,,
a4999a3f-7c41-452a-9252-6415afa0f25e,9b59a171-e91e-48ed-86da-5946a1df3760,https://www.valkenswaard.nl/verkiezingen-op-wie-ga-ik-stemmen,"Verkiezingen, op wie ga ik stemmen?",,true,Product of dienst,,
ced0888d-e72b-4f2e-8f9c-221048a9f5ec,9b59a171-e91e-48ed-86da-5946a1df3760,https://www.valkenswaard.nl/geschiedenis-van-de-gemeente,Geschiedenis van de gemeente,,true,Overzichtspagina,,
270c24d6-e684-41ea-bfbc-e2f292e16756,9b59a171-e91e-48ed-86da-5946a1df3760,https://www.valkenswaard.nl/wijkcoordinatoren-van-valkenswaard,Wijkcoördinatoren van Valkenswaard,,true,Pagina,,
cab0b922-00c1-4cff-ab24-b513d18fbe78,9b59a171-e91e-48ed-86da-5946a1df3760,https://www.valkenswaard.nl/economisch-beleid,Economisch beleid,,true,Pagina,,
b8ed7472-e5e4-4951-86a2-ce97a303932c,9b59a171-e91e-48ed-86da-5946a1df3760,https://www.valkenswaard.nl/j-jan-kerkhoff,J. (Jan) Kerkhoff,,true,Profiel,,
aa0bbd43-a682-4d43-b972-6674dc83f8a2,9b59a171-e91e-48ed-86da-5946a1df3760,https://www.valkenswaard.nl/cultuurraad-valkenswaard,Cultuurraad Valkenswaard,,true,Pagina,,
52c0c102-2936-4408-8b42-a759f92e72de,9b59a171-e91e-48ed-86da-5946a1df3760,https://www.valkenswaard.nl/beleid-aanpak-agenda-22,Beleid-Aanpak Agenda 22,,true,Pagina,,
eb54715e-9959-46a7-a93f-63d2bdad2c33,9b59a171-e91e-48ed-86da-5946a1df3760,https://www.valkenswaard.nl/geveltuintjes,Geveltuintjes,,true,Pagina,,
5ec969c1-d074-4b83-8085-1b4aa872088f,9b59a171-e91e-48ed-86da-5946a1df3760,https://www.valkenswaard.nl/eurocircuit,Eurocircuit,,true,Overzichtspagina,,
1e4e28e4-83ed-4a79-9b5b-1838f30f49b3,9b59a171-e91e-48ed-86da-5946a1df3760,https://www.valkenswaard.nl/gevolgen-stikstofuitspraak-pas,Gevolgen stikstofuitspraak PAS,,true,Pagina,,
cd3144f0-36b9-4ce4-8e97-4637472dcffb,9b59a171-e91e-48ed-86da-5946a1df3760,https://www.valkenswaard.nl/regionale-energiestrategie-res,Regionale Energiestrategie (RES),,true,Pagina,,
3eb250f9-4432-4055-a782-064913c09651,9b59a171-e91e-48ed-86da-5946a1df3760,https://www.valkenswaard.nl/bouwkavels-en-gronden,(Bouw)kavels en gronden,,true,Overzichtspagina,,
445f1e31-83ce-4a3c-a739-87d9da1b25f7,9b59a171-e91e-48ed-86da-5946a1df3760,https://www.valkenswaard.nl/ramp-crisis-en-nl-alert,"Ramp, crisis en NL-Alert",,true,Pagina,,
2ee8b89a-03f9-4571-b267-677300cbbfb2,9b59a171-e91e-48ed-86da-5946a1df3760,https://www.valkenswaard.nl/strooiroutes,Strooiroutes,,true,Pagina,,
e880f734-160d-44fe-860a-6dc73ec1de26,9b59a171-e91e-48ed-86da-5946a1df3760,https://www.valkenswaard.nl/node/395,Werk- en verkeersinfo,,true,Link,,
8f47f5d8-18fb-4506-830f-81891d912be6,9b59a171-e91e-48ed-86da-5946a1df3760,https://www.valkenswaard.nl/amundsenstraat,Amundsenstraat,,true,Pagina,,
56df95b4-5d09-4c21-9036-ae89180a1497,9b59a171-e91e-48ed-86da-5946a1df3760,https://www.valkenswaard.nl/bewegen-spelen-en-ontmoeten,"Bewegen, spelen en ontmoeten",,true,Overzichtspagina,,
773f4d06-2a01-4866-a5f9-7252e70f50d4,9b59a171-e91e-48ed-86da-5946a1df3760,https://www.valkenswaard.nl/bestemmingsplan-barentszstraat-3,Bestemmingsplan Barentszstraat 3,,true,Pagina,,
8ac9cd2d-0b58-4cca-b8bf-034ca20b6e50,9b59a171-e91e-48ed-86da-5946a1df3760,https://www.valkenswaard.nl/voorontwerpbestemmingsplan-grensweg-15-3-februari-tm-2-maart-2022,Voorontwerpbestemmingsplan 'Grensweg 15' (3 februari t/m 2 maart 2022),,true,Pagina,,
58fb7d5f-3b18-4560-b744-e5e7108e9eb8,9b59a171-e91e-48ed-86da-5946a1df3760,https://www.valkenswaard.nl/bestemmingsplan-maastrichterweg-11,Bestemmingsplan Maastrichterweg 11,,true,Pagina,,
fb962414-03fc-4834-9885-75cb18669e80,9b59a171-e91e-48ed-86da-5946a1df3760,https://www.valkenswaard.nl/denk-mee-over-de-toekomst-van-uw-omgeving-dommelland,Denk mee over de toekomst van uw omgeving - Dommelland,,true,Nieuwsbericht,,
3455f5a9-282a-448e-8bc2-facd4670559f,9b59a171-e91e-48ed-86da-5946a1df3760,https://www.valkenswaard.nl/voorontwerpbestemmingsplan-emmalaan-1-juli-tm-28-juli-2021,Voorontwerpbestemmingsplan ‘Emmalaan’ (1 juli t/m 28 juli 2021),,true,Pagina,,
22b3a068-e6c1-4698-9360-421b4ee1d4ad,9b59a171-e91e-48ed-86da-5946a1df3760,https://www.valkenswaard.nl/ontwerp-paraplubestemmingsplan-parkeren-wonen-retail-en-waterberging-valkenswaard,"Ontwerp paraplubestemmingsplan Parkeren, Wonen, Retail en Waterberging Valkenswaard",,true,Pagina,,
b48a4b01-103c-4514-aaa1-d1b785ddb2c2,9b59a171-e91e-48ed-86da-5946a1df3760,https://www.valkenswaard.nl/ontwerpbestemmingsplan-barentszstraat-3-21-oktober-tm-1-december-2021,Ontwerpbestemmingsplan ‘Barentszstraat 3’ (21 oktober t/m 1 december 2021),,true,Pagina,,
3e88bc2e-0b72-4d2c-a009-e00c9814fa80,9b59a171-e91e-48ed-86da-5946a1df3760,https://www.valkenswaard.nl/evenementenkalender,Evenementenkalender,,true,Pagina,,
0499559e-389d-4162-a6cb-c6d16abaef50,9b59a171-e91e-48ed-86da-5946a1df3760,https://www.valkenswaard.nl/financien,Financiën,,true,Overzichtspagina,,
20ae61f3-a371-4bc9-a6bc-b2b61af05377,9b59a171-e91e-48ed-86da-5946a1df3760,https://www.valkenswaard.nl/bouwen-en-verbouwen,Bouwen en verbouwen,,true,Overzichtspagina,,
8bac6cba-fe15-4456-8147-b46f4bc51430,9b59a171-e91e-48ed-86da-5946a1df3760,https://www.valkenswaard.nl/duurzame-energie,Duurzame energie,,true,Overzichtspagina,,
318d6632-b9b3-438f-8830-e50abbd283d7,9b59a171-e91e-48ed-86da-5946a1df3760,https://www.valkenswaard.nl/huwelijk-en-partnerschap,Huwelijk en partnerschap,,true,Overzichtspagina,,
31731b83-eb4c-43e5-a22a-80d7c413e5f6,9b59a171-e91e-48ed-86da-5946a1df3760,https://www.valkenswaard.nl/veiligheid,Veiligheid,,true,Overzichtspagina,,
536e3384-8905-4893-9408-816a009f5bfb,9b59a171-e91e-48ed-86da-5946a1df3760,https://www.valkenswaard.nl/sporthal-dennenberg,Sporthal Dennenberg,,true,Pagina,,
485a5ae2-6114-4fed-8dc4-4516c50f8655,9b59a171-e91e-48ed-86da-5946a1df3760,https://www.valkenswaard.nl/goede-doelen,Goede doelen,,true,Overzichtspagina,,
d29e78ae-ff42-4ebc-849c-08ab32d86222,9b59a171-e91e-48ed-86da-5946a1df3760,https://www.valkenswaard.nl/financiele-hulp-aan-zelfstandigen,Financiële hulp aan zelfstandigen,,true,Overzichtspagina,,
587ba365-c600-451f-940a-97bc78528b92,9b59a171-e91e-48ed-86da-5946a1df3760,https://www.valkenswaard.nl/sporthallen,Sporthallen,,true,Overzichtspagina,,
faf1620c-981f-4af3-b9fd-426ec62f8dab,9b59a171-e91e-48ed-86da-5946a1df3760,https://www.valkenswaard.nl/voorwaarden-gebruik-were-di-accommodatie,Voorwaarden gebruik Were Di accommodatie,,true,Pagina,,
ec8385e9-b019-40f8-b5e9-b6c78ac0b578,9b59a171-e91e-48ed-86da-5946a1df3760,https://www.valkenswaard.nl/bedrijf-of-beroep-aan-huis,Bedrijf of beroep aan huis,,true,Pagina,,
e86fb475-2bfb-43bc-a4d7-21e9cfc3eedc,9b59a171-e91e-48ed-86da-5946a1df3760,https://www.valkenswaard.nl/nieuwsbrief-juli-editie-58,Nieuwsbrief juli - editie 58,,true,Pagina,,
a90fd895-0fcf-49f4-a326-ecc356a48e61,9b59a171-e91e-48ed-86da-5946a1df3760,https://www.valkenswaard.nl/bedrijventerreinen-en-huisvesting,Bedrijventerreinen en huisvesting,,true,Pagina,,
accb3e3c-c0fb-451c-bcc2-5289e79c0653,9b59a171-e91e-48ed-86da-5946a1df3760,https://www.valkenswaard.nl/subsidies-voor-verenigingen-stichtingen-en-instellingen,Sportsubsidies,,true,Link,,
a62dd19a-f040-4fb5-a1f4-7f841e70d111,9b59a171-e91e-48ed-86da-5946a1df3760,https://www.valkenswaard.nl/nieuwsbrief-juni-editie-57,Nieuwsbrief juni - editie 57,,true,Pagina,,
a904fc3e-3512-4c34-8a14-538d15824171,9b59a171-e91e-48ed-86da-5946a1df3760,https://www.valkenswaard.nl/gemeentelijke-onderscheiding,Gemeentelijke onderscheiding,,true,Product of dienst,,
70e56599-8436-4b86-aa10-8c01378e629b,9b59a171-e91e-48ed-86da-5946a1df3760,https://www.valkenswaard.nl/rioolaansluiting-aanvragen,Rioolaansluiting aanvragen,,true,Product of dienst,,
517f85b6-fa10-4286-a480-2ea78725115b,9b59a171-e91e-48ed-86da-5946a1df3760,https://www.valkenswaard.nl/organisatie-en-organogram,Organisatie en organogram,,true,Pagina,,
b80fe845-efe1-49f9-b103-f29ff6f3d219,9b59a171-e91e-48ed-86da-5946a1df3760,https://www.valkenswaard.nl/jaarrekening,Jaarrekening,,true,Pagina,,
4737f996-8d5f-4433-b7d0-7a5106a65c08,9b59a171-e91e-48ed-86da-5946a1df3760,https://www.valkenswaard.nl/beleid-en-uitleg,Beleid en uitleg,,true,Pagina,,
6d20f007-24c7-4a8c-bca6-41753d1438b0,9b59a171-e91e-48ed-86da-5946a1df3760,https://www.valkenswaard.nl/nota-kaders,Nota Kaders,,true,Pagina,,
5bfbe985-6a1c-4c45-99de-f3f51602f7cc,9b59a171-e91e-48ed-86da-5946a1df3760,https://www.valkenswaard.nl/node/34,Alle gemeentelijke subsidies,,true,Link,,
822d82e8-dc39-43c5-bc29-e090b6099286,9b59a171-e91e-48ed-86da-5946a1df3760,https://www.valkenswaard.nl/burgemeesters-van-valkenswaard-vanaf-1811-tot-heden,Burgemeesters van Valkenswaard vanaf 1811 tot heden,,true,Pagina,,
b97cf331-1edc-4c77-b1a7-fa2237c1ef94,9b59a171-e91e-48ed-86da-5946a1df3760,https://www.valkenswaard.nl/leer-werktraject-startkwalificatie-behalen,"Leer-werktraject, startkwalificatie behalen",,true,Product of dienst,,
e0c1da09-2b47-46f2-a860-83417864ce9d,9b59a171-e91e-48ed-86da-5946a1df3760,https://www.valkenswaard.nl/wat-doet-de-gemeenteraad,Wat doet de gemeenteraad?,,true,Pagina,,
5a7b6dde-394f-4adf-92a8-65a01b8df050,9b59a171-e91e-48ed-86da-5946a1df3760,https://www.valkenswaard.nl/fractievoorzitter-bajf-bas-van-gorp,Fractievoorzitter B.A.J.F. (Bas) van Gorp,,true,Profiel,,
162ed0e8-7e65-4b81-a371-143af1a0284c,9b59a171-e91e-48ed-86da-5946a1df3760,https://www.valkenswaard.nl/parkeren,Parkeren,,true,Overzichtspagina,,
a073e390-a0f7-4b32-bd37-d75f7a888f64,9b59a171-e91e-48ed-86da-5946a1df3760,https://www.valkenswaard.nl/contact-agenda-22,Contact Agenda 22,,true,Pagina,,
1d4e117b-b12e-431b-be72-0e2859f409a0,9b59a171-e91e-48ed-86da-5946a1df3760,https://www.valkenswaard.nl/hout-stoken,Hout stoken,,true,Product of dienst,,
a6d346cd-dd3b-4153-bffe-53dc99caf75d,9b59a171-e91e-48ed-86da-5946a1df3760,https://www.valkenswaard.nl/form/vragenformulier-aankoop-woning,Aankoop woning (vragenformulier),,true,Link,,
7af94151-6801-4cb0-a482-39614ad975a3,9b59a171-e91e-48ed-86da-5946a1df3760,https://www.valkenswaard.nl/betaald-parkeren,Betaald parkeren,,true,Pagina,,
3e08c0c2-5920-4ebf-a915-7e9f0c75de0a,9b59a171-e91e-48ed-86da-5946a1df3760,https://www.valkenswaard.nl/koopwoningen,Koopwoningen,,true,Pagina,,
09846b85-4cbb-4617-9a77-d487eea52f1b,9b59a171-e91e-48ed-86da-5946a1df3760,https://www.valkenswaard.nl/weer-gaan-werken,Weer gaan werken,,true,Product of dienst,,
c1d15633-1e15-44fb-9185-817d1fa21945,9b59a171-e91e-48ed-86da-5946a1df3760,https://www.valkenswaard.nl/ruimtelijke-plannen,Ruimtelijke plannen,,true,Overzichtspagina,,
fa8bbe6e-331a-433a-b421-cddba2fc432d,9b59a171-e91e-48ed-86da-5946a1df3760,https://www.valkenswaard.nl/notas-en-notities-veiligheid,Nota's en notities Veiligheid,,true,Pagina,,
ba338e58-1879-46b7-994d-961a72a4b3fe,9b59a171-e91e-48ed-86da-5946a1df3760,https://www.valkenswaard.nl/uitleg-definitieve-rapportage-toekomst-eurocircuit-en-uitkomst-enquete,Uitleg definitieve rapportage Toekomst Eurocircuit en uitkomst enquête,,true,Pagina,,
96b16bb0-b0ea-44a2-921c-ecf2585034c9,9b59a171-e91e-48ed-86da-5946a1df3760,https://www.valkenswaard.nl/erfgoed-op-de-kaart,Erfgoed op de kaart,,true,Pagina,,
9b783d65-d492-4a3c-b351-e94807f39e46,9b59a171-e91e-48ed-86da-5946a1df3760,https://www.valkenswaard.nl/waar-gaat-het-plan-over,Waar gaat het plan over?,,true,Pagina,,
51694e08-b570-46a1-8409-aaf5042c1b8a,9b59a171-e91e-48ed-86da-5946a1df3760,https://www.valkenswaard.nl/bestemmingsplan-buitengebied-valkenswaard,Bestemmingsplan Buitengebied Valkenswaard,,true,Pagina,,
c4c32997-327c-43f8-a343-42b5cce47063,9b59a171-e91e-48ed-86da-5946a1df3760,https://www.valkenswaard.nl/barentszstraat,Barentszstraat,,true,Pagina,,
183371c9-1ae5-46f2-83d0-6ba961459f22,9b59a171-e91e-48ed-86da-5946a1df3760,https://www.valkenswaard.nl/belevingspark-de-kleine-meer,Belevingspark De Kleine Meer,,true,Pagina,,
16ae3e40-7b81-4fd5-a6d2-a3be392615e2,9b59a171-e91e-48ed-86da-5946a1df3760,https://www.valkenswaard.nl/voorontwerpbestemmingsplan-amundsenstraat-3-februari-tm-2-maart-2022,Voorontwerpbestemmingsplan 'Amundsenstraat' (3 februari t/m 2 maart 2022),,true,Pagina,,
68bd2f7d-6ba3-4482-85c9-2973914e18ed,9b59a171-e91e-48ed-86da-5946a1df3760,https://www.valkenswaard.nl/contact-dommelland,Contact Dommelland,,true,Pagina,,
ef92c8a0-ead9-4da5-8862-13438ca5bb46,9b59a171-e91e-48ed-86da-5946a1df3760,https://www.valkenswaard.nl/voorontwerpbestemmingsplan-brugse-heide-10-3-februari-tm-2-maart-2022,Voorontwerpbestemmingsplan 'Brugse Heide 10' (3 februari t/m 2 maart 2022),,true,Pagina,,
89270e33-b4c5-4b91-b452-f3b7f657dbbd,9b59a171-e91e-48ed-86da-5946a1df3760,https://www.valkenswaard.nl/ontwerpbestemmingsplan-helenadal-34-27-augustus-tm-7-oktober-2020,Ontwerpbestemmingsplan Helenadal 34 (27 augustus t/m 7 oktober 2020),,true,Pagina,,
d84dedc2-c72c-4b1b-96c0-ee3e0757f4a6,9b59a171-e91e-48ed-86da-5946a1df3760,https://www.valkenswaard.nl/denk-mee-over-de-toekomst-van-het-eurocircuit-terrein-0,Denk mee over de Toekomst van het Eurocircuit terrein,,true,Nieuwsbericht,,
33b47231-ca62-436d-aa56-7da866f253b1,9b59a171-e91e-48ed-86da-5946a1df3760,https://www.valkenswaard.nl/ontwerpbestemmingsplan-buitengebied-2-en-voornemen-verzoek-herbegrenzing-natuur-netwerk-brabant-6,Ontwerpbestemmingsplan Buitengebied 2 en voornemen verzoek herbegrenzing Natuur Netwerk Brabant (6 februari t/m 18 maart 2020),,true,Pagina,,
4f55cd60-8a24-401c-981d-f83d117a98d9,9b59a171-e91e-48ed-86da-5946a1df3760,https://www.valkenswaard.nl/hoe-ziet-het-programma-eruit,Hoe ziet het programma eruit?,,true,Pagina,,
8f4fd486-6410-4967-8de0-928612edbf73,9b59a171-e91e-48ed-86da-5946a1df3760,https://www.valkenswaard.nl/uitleg-opzet-enquete-onder-inwoners-gemeente-valkenswaard,Uitleg opzet enquête onder inwoners gemeente Valkenswaard,,true,Nieuwsbericht,,
db8f967f-8ac7-446d-9202-f5ba00386cbe,9b59a171-e91e-48ed-86da-5946a1df3760,https://www.valkenswaard.nl/denk-mee-over-de-toekomst-van-het-eurocircuit-terrein,Denk mee over de Toekomst van het Eurocircuit terrein!,,true,Nieuwsbericht,,
7c4d6da6-2754-4a4d-b103-964ac2ecb989,9b59a171-e91e-48ed-86da-5946a1df3760,https://www.valkenswaard.nl/gemeente-stelt-grenzen-aan-gebruik-eurocircuit,Gemeente stelt grenzen aan gebruik Eurocircuit,,true,Nieuwsbericht,,
d70d7f7c-2e7d-4439-b623-38b32b504928,9b59a171-e91e-48ed-86da-5946a1df3760,https://www.valkenswaard.nl/persbericht-duidelijkheid-voor-inwoners-en-verenigingen-eurocircuit,Persbericht: Duidelijkheid voor inwoners en verenigingen Eurocircuit,,true,Nieuwsbericht,,
0fc94914-4ba1-4b14-8502-1c75eb8d9133,9b59a171-e91e-48ed-86da-5946a1df3760,https://www.valkenswaard.nl/valkenswaard-geniet-weer-van-hartje-centrum,Valkenswaard geniet weer van hartje centrum,,true,Nieuwsbericht,,
5047b4ad-cd7f-4a33-8872-2af3c795ddec,9b59a171-e91e-48ed-86da-5946a1df3760,https://www.valkenswaard.nl/in-gesprek-over-de-toekomst-van-het-eurocircuit,In gesprek over de toekomst van het Eurocircuit,,true,Nieuwsbericht,,
9e783062-16bf-4158-9534-9841404e8d22,9b59a171-e91e-48ed-86da-5946a1df3760,https://www.valkenswaard.nl/bestemmingsplan-parallelweg-noord-10,Bestemmingsplan Parallelweg Noord 10,,true,Pagina,,
f3f13955-c9b9-4125-a879-d4b421e3f9ce,9b59a171-e91e-48ed-86da-5946a1df3760,https://www.valkenswaard.nl/uitzicht-over-het-centrumverkeer-in-valkenswaard,Uitzicht over het centrumverkeer in Valkenswaard,,true,Nieuwsbericht,,
9d8d2676-2887-407b-bcdb-a5f8253fd637,9b59a171-e91e-48ed-86da-5946a1df3760,https://www.valkenswaard.nl/bestemmingsplan-willibrorduslaan-87,Bestemmingsplan Willibrorduslaan 87,,true,Pagina,,
eb2ffd8e-6e8a-49c3-9afd-e443229f9b1b,9b59a171-e91e-48ed-86da-5946a1df3760,https://www.valkenswaard.nl/kadastrale-informatie,Kadastrale informatie,,true,Product of dienst,,
c0bddb16-dff1-4836-a9bf-42cc24e34702,9b59a171-e91e-48ed-86da-5946a1df3760,https://www.valkenswaard.nl/bestemmingsplan-peperstraat-30,Bestemmingsplan Peperstraat 30,,true,Pagina,,
e5432b2f-dea7-4dd2-94a1-989005353df6,9b59a171-e91e-48ed-86da-5946a1df3760,https://www.valkenswaard.nl/wijzigingsplan-maastrichterweg-94-nlimro0858wpmaastrichtrwg94-va01-geen-exploitatieplan-vaststellen,"Wijzigingsplan “Maastrichterweg 94” (NL.IMRO.0858.WPmaastrichtrwg94-VA01), geen exploitatieplan vaststellen en besluit hogere grenswaarden Maastrichterweg 94",,true,Pagina,,
4ae16a11-1f46-4e6f-a49c-d1c528525767,9b59a171-e91e-48ed-86da-5946a1df3760,https://www.valkenswaard.nl/bestemmingsplan-dommelen,Bestemmingsplan Dommelen,,true,Pagina,,
357ed49c-0703-4498-a7e1-d307fe3548ba,9b59a171-e91e-48ed-86da-5946a1df3760,https://www.valkenswaard.nl/bestemmingsplan-eindhovenseweg-73,Bestemmingsplan Eindhovenseweg 73,,true,Pagina,,
47bdf14e-68d0-4426-ac13-d322b6023b01,9b59a171-e91e-48ed-86da-5946a1df3760,https://www.valkenswaard.nl/bestemmingsplan-lage-heide-wonen-1e-partiele-herziening,Bestemmingsplan Lage Heide wonen - 1e partiële herziening,,true,Pagina,,
42c0c690-628d-4314-80ee-aca856941043,9b59a171-e91e-48ed-86da-5946a1df3760,https://www.valkenswaard.nl/wijzigingsplan-maastrichterweg-203,Wijzigingsplan Maastrichterweg 203,,true,Pagina,,
97f786ed-ce6c-4929-b66d-8038b18eb21d,9b59a171-e91e-48ed-86da-5946a1df3760,https://www.valkenswaard.nl/duurzaam-groen-op-de-markt,Duurzaam groen op de Markt,,true,Nieuwsbericht,,
26aa67ec-7e80-43ab-93bb-53b448e821c8,9b59a171-e91e-48ed-86da-5946a1df3760,https://www.valkenswaard.nl/bestemmingsplan-kromstraat-75-77,Bestemmingsplan Kromstraat 75-77,,true,Pagina,,
5d68f26a-219d-4baa-914f-c66925e8a5b1,9b59a171-e91e-48ed-86da-5946a1df3760,https://www.valkenswaard.nl/uitwerkingsplan-lage-heide-natuur,Uitwerkingsplan Lage Heide - natuur,,true,Pagina,,
bcc436c8-c363-4306-9ef9-bb977a495f77,9b59a171-e91e-48ed-86da-5946a1df3760,https://www.valkenswaard.nl/maastrichterweg-168-omgevingsvergunning-uitgebreid,Maastrichterweg 168 (omgevingsvergunning uitgebreid),,true,Pagina,,
c0f25348-dde2-449b-b17c-a3fcf52a8fe5,9b59a171-e91e-48ed-86da-5946a1df3760,https://www.valkenswaard.nl/maastrichterweg-k71,Maastrichterweg K71,,true,Pagina,,
84ee920e-0f85-4152-808e-0317465427b7,9b59a171-e91e-48ed-86da-5946a1df3760,https://www.valkenswaard.nl/valkenierstraat-43-omgevingsvergunning-uitgebreid,Valkenierstraat 43 (omgevingsvergunning uitgebreid),,true,Pagina,,
698df287-3025-41c4-b111-2616351b5974,9b59a171-e91e-48ed-86da-5946a1df3760,https://www.valkenswaard.nl/bestemmingsplan-de-molensteen,Bestemmingsplan De Molensteen,,true,Pagina,,
073dedf5-a63c-46be-bba2-acf7e662640e,9b59a171-e91e-48ed-86da-5946a1df3760,https://www.valkenswaard.nl/valkenswaard-noord-0,Valkenswaard Noord,,true,Pagina,,
d82cf691-4b09-440e-9b37-7e52154a8e07,9b59a171-e91e-48ed-86da-5946a1df3760,https://www.valkenswaard.nl/valkenswaard-noord,Valkenswaard Noord,,true,Pagina,,
4d5d9e72-284d-4473-9d03-8eabab1e3f2e,9b59a171-e91e-48ed-86da-5946a1df3760,https://www.valkenswaard.nl/bestemmingsplan-buitengebied-2,Bestemmingsplan Buitengebied 2,,true,Pagina,,
559ae02b-b39f-4af9-8268-5a9f289eae97,9b59a171-e91e-48ed-86da-5946a1df3760,https://www.valkenswaard.nl/ontwerp-nota-reikwijdte-en-detailniveau-nrd-ten-behoeve-van-de-plan-mer-voor-het-bestemmingsplan,Ontwerp Nota Reikwijdte en Detailniveau (NRD) ten behoeve van de plan-MER voor het bestemmingsplan Eurocircuit (24 februari t/m 23 maart 2022),,true,Pagina,,
c14f5087-bd10-4c2a-b4f7-d6431f1fdb21,9b59a171-e91e-48ed-86da-5946a1df3760,https://www.valkenswaard.nl/voorontwerpbestemmingsplan-dorpsstraat-50a-3-februari-tm-2-maart-2022,Voorontwerpbestemmingsplan 'Dorpsstraat 50A' (3 februari t/m 2 maart 2022),,true,Pagina,,
abb5eb9f-86e7-4e25-b135-43d2019495ef,9b59a171-e91e-48ed-86da-5946a1df3760,https://www.valkenswaard.nl/voorontwerpbestemmingsplan-torenstraat-4-8-3-februari-tm-2-maart-2022,Voorontwerpbestemmingsplan 'Torenstraat 4-8' (3 februari t/m 2 maart 2022),,true,Pagina,,
574e4e57-0e59-4f0e-bb86-4401b8c0b97b,9b59a171-e91e-48ed-86da-5946a1df3760,https://www.valkenswaard.nl/natuurgrenspark-de-groote-heide,Natuurgrenspark De Groote Heide,,true,Overzichtspagina,,
e857c722-b54b-4612-a0fb-781b9f88a005,9b59a171-e91e-48ed-86da-5946a1df3760,https://www.valkenswaard.nl/wat-is-de-groote-heide,Wat is de Groote Heide?,,true,Pagina,,
a1be982d-30df-423a-8d90-e380b60bd453,9b59a171-e91e-48ed-86da-5946a1df3760,https://www.valkenswaard.nl/voorontwerpbestemmingsplan-hofstraat-14-7-januari-tm-3-februari,Voorontwerpbestemmingsplan Hofstraat 14 (7 januari t/m 3 februari),,true,Pagina,,
e73b7f25-5ec1-401b-ad2c-e053f2c8d94f,9b59a171-e91e-48ed-86da-5946a1df3760,https://www.valkenswaard.nl/bestemmingsplan-eurocircuit,Bestemmingsplan Eurocircuit,,true,Pagina,,
e3eabf33-71a2-4ed7-85eb-d896de38e893,9b59a171-e91e-48ed-86da-5946a1df3760,https://www.valkenswaard.nl/ontwerp-wijzigingsplan-dorpsstraat-26-10-september-tm-21-oktober-2020,Ontwerp wijzigingsplan Dorpsstraat 26 (10 september t/m 21 oktober 2020),,true,Pagina,,
d81c1c83-2e70-43c1-b8a7-737638e88a5e,9b59a171-e91e-48ed-86da-5946a1df3760,https://www.valkenswaard.nl/nrd-basis-bestemmingsplan-eurocircuit-ter-inzage,"NRD, basis bestemmingsplan Eurocircuit ter inzage",,true,Nieuwsbericht,,
929c62a4-9e94-4fb8-b3b4-f85d546b307b,9b59a171-e91e-48ed-86da-5946a1df3760,https://www.valkenswaard.nl/nieuwsbrief-masterplan-centrum-is-uit,Nieuwsbrief Masterplan Centrum is uit!,,true,Nieuwsbericht,,
9f935bc9-5d9f-41f4-bb5f-73ca503d832c,9b59a171-e91e-48ed-86da-5946a1df3760,https://www.valkenswaard.nl/contact-de-groote-heide,Contact De Groote Heide,,true,Pagina,,
626c2434-b98f-46c9-8273-fb47098848d2,9b59a171-e91e-48ed-86da-5946a1df3760,https://www.valkenswaard.nl/start-werkzaamheden-waalreseweg,Start werkzaamheden Waalreseweg,,true,Nieuwsbericht,,
499b12f0-bcd6-4065-aa16-b082e9a394ef,9b59a171-e91e-48ed-86da-5946a1df3760,https://www.valkenswaard.nl/metamorfose-voor-eindhovenseweg-de-winkelstraat-die-het-dorp-verdient,Metamorfose voor Eindhovenseweg - De winkelstraat die het dorp verdient,,true,Nieuwsbericht,,
c894f58f-5eb7-4504-8b29-b3103e2fa87d,9b59a171-e91e-48ed-86da-5946a1df3760,https://www.valkenswaard.nl/de-groote-heide-natuurlijk-avonturen-landschap,De Groote Heide: Natuurlijk Avonturen Landschap,,true,Pagina,,
3567f67d-737c-4a60-a2fd-1cf2bf263cd5,9b59a171-e91e-48ed-86da-5946a1df3760,https://www.valkenswaard.nl/bestemmingsplan-leenderweg-18,Bestemmingsplan Leenderweg 18,,true,Pagina,,
1fe1dc54-c35f-49ca-a6d1-a0b95a609629,9b59a171-e91e-48ed-86da-5946a1df3760,https://www.valkenswaard.nl/bestemmingsplan-hofstraat-14,Bestemmingsplan Hofstraat 14,,true,Pagina,,
9fa1bd06-12a9-4ffe-9da2-eb09dcd7886d,9b59a171-e91e-48ed-86da-5946a1df3760,https://www.valkenswaard.nl/bestemmingsplan-stakenborgakker,Bestemmingsplan Stakenborgakker,,true,Pagina,,
a53c82a7-62be-41f2-a100-5b5b1650bf24,9b59a171-e91e-48ed-86da-5946a1df3760,https://www.valkenswaard.nl/paraplubestemmingsplan-eksterlaan-merellaan,Paraplubestemmingsplan Eksterlaan - Merellaan,,true,Pagina,,
ff3139b2-1472-4f00-b62f-50b17d664975,9b59a171-e91e-48ed-86da-5946a1df3760,https://www.valkenswaard.nl/wijzigingsplan-voorrangsplein-westerhovenseweg,Wijzigingsplan Voorrangsplein Westerhovenseweg,,true,Pagina,,
221d1dda-dd07-4dd7-8d45-b98a1b335ebc,9b59a171-e91e-48ed-86da-5946a1df3760,https://www.valkenswaard.nl/bestemmingsplan-karel-mollenstraat-zuid-42-44,Bestemmingsplan Karel Mollenstraat Zuid 42-44,,true,Pagina,,
3fffc0f9-da42-467c-adc2-ac0702c527b0,9b59a171-e91e-48ed-86da-5946a1df3760,https://www.valkenswaard.nl/bestemmingsplan-dommelseweg-141-143,Bestemmingsplan Dommelseweg 141-143,,true,Pagina,,
8da5dec7-8fb9-4b8e-8eba-b50288ab0ad4,9b59a171-e91e-48ed-86da-5946a1df3760,https://www.valkenswaard.nl/bestemmingsplan-kerkeind,Bestemmingsplan Kerkeind,,true,Pagina,,
60bb3bf6-598d-40a7-8925-d59c32222a49,9b59a171-e91e-48ed-86da-5946a1df3760,https://www.valkenswaard.nl/nieuwe-waalreseweg-199-nog-niet-onherroepelijk,Nieuwe Waalreseweg 199 (nog niet onherroepelijk),,true,Pagina,,
c10a1fa7-f30d-4d4b-a393-837246217c8e,9b59a171-e91e-48ed-86da-5946a1df3760,https://www.valkenswaard.nl/bestemmingsplan-het-broek-20,Bestemmingsplan Het Broek 20,,true,Pagina,,
86d96139-f068-4420-a673-b504d8ff2054,9b59a171-e91e-48ed-86da-5946a1df3760,https://www.valkenswaard.nl/omgevingsvergunning-uitgebreid-dommelseweg-7-9,Omgevingsvergunning uitgebreid Dommelseweg 7-9,,true,Pagina,,
b9ba5103-fdab-4bad-931a-353eadf291c8,9b59a171-e91e-48ed-86da-5946a1df3760,https://www.valkenswaard.nl/molenstraat-207-omgevingsvergunning-uitgebreid,Molenstraat 207 (omgevingsvergunning uitgebreid),,true,Pagina,,
09f00416-b843-485c-8944-0a5d69417c32,9b59a171-e91e-48ed-86da-5946a1df3760,https://www.valkenswaard.nl/maastrichterweg-26,Maastrichterweg 26,,true,Pagina,,
3108a270-3aad-4657-8e36-7f2105d0a650,9b59a171-e91e-48ed-86da-5946a1df3760,https://www.valkenswaard.nl/partiele-herziening-bestemmingsplan-buitengebied-thv-mgr-smetsstraat-40-nog-niet-onherroepelijk,Partiële herziening bestemmingsplan Buitengebied t.h.v. Mgr. Smetsstraat 40 (nog niet onherroepelijk),,true,Pagina,,
dad67cb2-6edf-4b40-b954-2dd5b86e53c3,9b59a171-e91e-48ed-86da-5946a1df3760,https://www.valkenswaard.nl/bestemmingsplan-borkel-en-schaft,Bestemmingsplan Borkel en Schaft,,true,Pagina,,
ca4f57d8-bb7c-4382-85c9-48c95b605d36,9b59a171-e91e-48ed-86da-5946a1df3760,https://www.valkenswaard.nl/veldbeemd-omgevingsvergunning-uitgebreid,Veldbeemd (omgevingsvergunning uitgebreid),,true,Pagina,,
df854f2c-5f19-4dff-a79e-f463cd57e819,9b59a171-e91e-48ed-86da-5946a1df3760,https://www.valkenswaard.nl/waalreseweg-128-beemdweg-1-omgevingsvergunning-uitgebreid,Waalreseweg 128 / Beemdweg 1 (omgevingsvergunning uitgebreid),,true,Pagina,,
64555a4f-e71f-4ed7-b131-b71f1da1f553,9b59a171-e91e-48ed-86da-5946a1df3760,https://www.valkenswaard.nl/bestemmingsplan-de-weitens,Bestemmingsplan De Weitens,,true,Pagina,,
25ede54e-640e-4fbc-935e-51c26161c7c7,9b59a171-e91e-48ed-86da-5946a1df3760,https://www.valkenswaard.nl/bestemmingsplan-dommelseweg-112-118,Bestemmingsplan Dommelseweg 112-118,,true,Pagina,,
70b372b9-c555-4c37-8973-bc7faa112a3f,9b59a171-e91e-48ed-86da-5946a1df3760,https://www.valkenswaard.nl/structuurvisie-deel-a,Structuurvisie deel A,,true,Pagina,,
131df35b-232a-4bc3-a8f6-5b4299c950e8,9b59a171-e91e-48ed-86da-5946a1df3760,https://www.valkenswaard.nl/bestemmingsplan-lage-heide-oost,"Bestemmingsplan Lage Heide, oost",,true,Pagina,,
679ecc3d-0000-4ced-a496-35c8917e5992,9b59a171-e91e-48ed-86da-5946a1df3760,https://www.valkenswaard.nl/vastgesteld-bestemmingsplan-zeelberg-41a,Vastgesteld bestemmingsplan Zeelberg 41a,,true,Pagina,,
474837f8-2529-4ca5-9fe7-b4b361c898ff,9b59a171-e91e-48ed-86da-5946a1df3760,https://www.valkenswaard.nl/basisregistratie-adressen-en-gebouwen-bag,Basisregistratie Adressen en Gebouwen (BAG),,true,Product of dienst,,
00544f7e-0e7d-4d99-b5c9-94e02156bec3,9b59a171-e91e-48ed-86da-5946a1df3760,https://www.valkenswaard.nl/melding-maken,Melding doen Eikenprocessierups,,true,Link,,
b9852b02-fdb4-4b95-a79c-1243b1adc60a,9b59a171-e91e-48ed-86da-5946a1df3760,https://www.valkenswaard.nl/ontwerpbestemmingsplan-kromstraat-luikerweg-30-juni-tm-10-augustus-2022,Ontwerpbestemmingsplan Kromstraat-Luikerweg (30 juni t/m 10 augustus 2022),,true,Pagina,,
9a167e13-6db1-4f4a-9217-2975e2960926,9b59a171-e91e-48ed-86da-5946a1df3760,https://www.valkenswaard.nl/bekendmakingen-aanstellingsbesluit,Bekendmakingen Aanstellingsbesluit,,true,Overzichtspagina,,
66a5b4b5-f076-444d-b67e-c2db8db173ba,9b59a171-e91e-48ed-86da-5946a1df3760,https://www.valkenswaard.nl/bekendmakingen-brp,Bekendmakingen BRP,,true,Overzichtspagina,,
1bd07d2e-807e-4891-9b73-f032fe5f2406,9b59a171-e91e-48ed-86da-5946a1df3760,https://www.valkenswaard.nl/nieuwe-straatnaam-voorstellen,Nieuwe straatnaam voorstellen,,true,Product of dienst,,
914bc792-2fa9-482d-9373-7807ba9b9fd0,9b59a171-e91e-48ed-86da-5946a1df3760,https://www.valkenswaard.nl/duurzaamheidsvisie-valkenswaard,Duurzaamheidsvisie Valkenswaard,,true,Pagina,,
5f92bd74-673a-4f13-9a2b-22d80beabead,9b59a171-e91e-48ed-86da-5946a1df3760,https://www.valkenswaard.nl/2022-06-08-ontwerpbestemmingsplan-dorpsstraat-13a-9-juni-2022-tm-20-juli-2022,2022 06 08 - Ontwerpbestemmingsplan ‘Dorpsstraat 13a’ (9 juni 2022 t/m 20 juli 2022),,true,Pagina,,
a945eca7-55d0-4064-befd-8053f20829dd,9b59a171-e91e-48ed-86da-5946a1df3760,https://www.valkenswaard.nl/duurzaamheid,Duurzaamheid,,true,Landingspagina,,
842cf7d7-e302-44b9-82f0-a636d493fba4,9b59a171-e91e-48ed-86da-5946a1df3760,https://www.valkenswaard.nl/gevaarlijke-stoffen,Gevaarlijke stoffen,,true,Pagina,,
c037def1-f728-4bc1-9e9c-721de15f8760,9b59a171-e91e-48ed-86da-5946a1df3760,https://www.valkenswaard.nl/venten,Venten,,true,Product of dienst,,
67d03b6b-6da7-4107-8009-7cbce5db34a8,9b59a171-e91e-48ed-86da-5946a1df3760,https://www.valkenswaard.nl/uitval-water,Uitval water,,true,Pagina,,
56d1d2b3-a038-4b7e-b2ae-4707f6d28d24,9b59a171-e91e-48ed-86da-5946a1df3760,https://www.valkenswaard.nl/extreem-weer,Extreem weer,,true,Pagina,,
4feaef25-c502-43bd-bd0f-987243d24566,9b59a171-e91e-48ed-86da-5946a1df3760,https://www.valkenswaard.nl/nieuwsbrief-december-2022-editie-69,Nieuwsbrief december 2022 - editie 69,,true,Pagina,,
660f1980-cd47-416a-8635-7c6c78de41ca,9b59a171-e91e-48ed-86da-5946a1df3760,https://www.valkenswaard.nl/kabels-en-leidingen-leggen-in-openbaar-gebied,Kabels en leidingen leggen in openbaar gebied,,true,Product of dienst,,
9628f86f-a628-490d-8e13-6fc3a4bbeebb,9b59a171-e91e-48ed-86da-5946a1df3760,https://www.valkenswaard.nl/een-ander-machtigen,Een ander machtigen,,true,Pagina,,
1c9d3bca-065a-4526-abc8-3cece029a376,9b59a171-e91e-48ed-86da-5946a1df3760,https://www.valkenswaard.nl/verkiezingsborden,Verkiezingsborden,,true,Pagina,,
282f05f9-219e-4439-baba-3bbe7535c7a4,9b59a171-e91e-48ed-86da-5946a1df3760,https://www.valkenswaard.nl/werken-bij-de-overheid,Werken bij de overheid,,true,Pagina,,
6bc61d23-468d-495f-b9a9-4be875f447bb,9b59a171-e91e-48ed-86da-5946a1df3760,https://www.valkenswaard.nl/werken-bij-de-gemeente-valkenswaard,Werken bij de gemeente Valkenswaard,,true,Overzichtspagina,,
cbecf30a-d765-46da-84ff-831d5172687a,9b59a171-e91e-48ed-86da-5946a1df3760,https://www.valkenswaard.nl/betalingsregeling-aanvragen,Betalingsregeling aanvragen,,true,Product of dienst,,
5b8bfa18-b3c2-417f-ab1d-19b8fa22b243,9b59a171-e91e-48ed-86da-5946a1df3760,https://www.valkenswaard.nl/ontwerp-bestemmingsplan-eurocircuit-ter-inzage,Ontwerp bestemmingsplan Eurocircuit ter inzage,,true,Nieuwsbericht,,
474a0ae0-fdd9-4091-b1da-6e4af995c514,9b59a171-e91e-48ed-86da-5946a1df3760,https://www.valkenswaard.nl/jouw-idee-voor-de-buurt,Jouw idee voor de buurt,,true,Pagina,,
f6e07c96-af14-4ac5-8266-bf678790bbda,9b59a171-e91e-48ed-86da-5946a1df3760,https://www.valkenswaard.nl/motorsport-weer-aan-de-slag,Motorsport weer aan de slag,,true,Nieuwsbericht,,
ad6f6509-b0f9-4cfb-ba48-400e9ad7b000,9b59a171-e91e-48ed-86da-5946a1df3760,https://www.valkenswaard.nl/gewijzigd-vastgesteld-bestemmingsplan-partiele-herziening-bestemmingsplan-buitengebied-thv-mgr,Gewijzigd vastgesteld bestemmingsplan 'Partiële herziening bestemmingsplan Buitengebied t.h.v. Mgr. Smetsstraat 40' (13 april t/m 24 mei 2023),,true,Pagina,,
26ee352f-e4f9-4066-9607-4e47eb2b8b5c,9b59a171-e91e-48ed-86da-5946a1df3760,https://www.valkenswaard.nl/vijf-deelgebieden,Vijf deelgebieden,,true,Overzichtspagina,,
775950eb-dd55-44bb-9eb5-1b774ab15a98,9b59a171-e91e-48ed-86da-5946a1df3760,https://www.valkenswaard.nl/update-dommelen-zuid-het-laar-groenstraat,Update Dommelen Zuid: Het Laar - Groenstraat,,true,Nieuwsbericht,,
5962e2d6-c39b-4d36-ab34-d07be5f7aee1,9b59a171-e91e-48ed-86da-5946a1df3760,https://www.valkenswaard.nl/leisurezone,Leisurezone,,true,Pagina,,
21915cba-4399-490a-9eef-d2c18aae6b46,9b59a171-e91e-48ed-86da-5946a1df3760,https://www.valkenswaard.nl/natuurpoort-de-malpie,Natuurpoort De Malpie,,true,Pagina,,
bb76db2f-0923-4644-aade-66c80d89a685,9b59a171-e91e-48ed-86da-5946a1df3760,https://www.valkenswaard.nl/meest-gestelde-vragen-eurocircuit,Meest gestelde vragen Eurocircuit,,true,Nieuwsbericht,,
ce752935-1766-44a6-af3d-7c7cd1a52964,9b59a171-e91e-48ed-86da-5946a1df3760,https://www.valkenswaard.nl/ontwerpbestemmingsplan-eurocircuit-12-mei-2023-tm-22-juni-2023,Ontwerpbestemmingsplan 'Eurocircuit' (12 mei 2023 t/m 22 juni 2023),,true,Pagina,,
d0b72a32-bdb9-41c3-8ee3-e1e1ab5fa885,9b59a171-e91e-48ed-86da-5946a1df3760,https://www.valkenswaard.nl/ongewijzigd-vastgesteld-bestemmingsplan-dorpsstraat-13a-20-juli-2023-tm-30-augustus-2023,Ongewijzigd vastgesteld bestemmingsplan 'Dorpsstraat 13a' (20 juli 2023 t/m 30 augustus 2023),,true,Pagina,,
2be86808-ba94-4ef7-8fcc-6a9375b0fda2,9b59a171-e91e-48ed-86da-5946a1df3760,https://www.valkenswaard.nl/aanpassing-eindhovenseweg-valkenswaard-naar-60-kmu,Aanpassing Eindhovenseweg Valkenswaard naar 60 km/u,,true,Nieuwsbericht,,
c69511a0-ff90-4e0f-8cf6-4b6c3f466108,9b59a171-e91e-48ed-86da-5946a1df3760,https://www.valkenswaard.nl/bestemmingsplan-warande,Bestemmingsplan Warande,,true,Pagina,,
acef28a9-7434-4374-b168-c557e63d1264,9b59a171-e91e-48ed-86da-5946a1df3760,https://www.valkenswaard.nl/unastraat,Unastraat,,true,Pagina,,
6e141644-2166-45e2-a1f9-c15997270c38,9b59a171-e91e-48ed-86da-5946a1df3760,https://www.valkenswaard.nl/bestemmingsplan-waalreseweg-dijkstraat,Bestemmingsplan Waalreseweg - Dijkstraat,,true,Pagina,,
d5536ca5-cdab-4305-90f0-f817470f06f6,9b59a171-e91e-48ed-86da-5946a1df3760,https://www.valkenswaard.nl/bestemmingsplan-wolberg,Bestemmingsplan Wolberg,,true,Pagina,,
bb47acae-679f-452c-8fd8-84f46fb6e4f8,9b59a171-e91e-48ed-86da-5946a1df3760,https://www.valkenswaard.nl/bestemmingsplan-zeelberg,Bestemmingsplan Zeelberg,,true,Pagina,,
c63d3afe-920a-4974-9f11-be6714431239,9b59a171-e91e-48ed-86da-5946a1df3760,https://www.valkenswaard.nl/bestemmingsplan-carolusdreef-100,Bestemmingsplan Carolusdreef 100,,true,Pagina,,
1dd46df6-2a52-4033-ba1d-12e47aa62ebd,9b59a171-e91e-48ed-86da-5946a1df3760,https://www.valkenswaard.nl/bestemmingsplan-schaapsloop-2,Bestemmingsplan Schaapsloop 2,,true,Pagina,,
10e375a8-f216-4d82-9560-0d57b41232b7,9b59a171-e91e-48ed-86da-5946a1df3760,https://www.valkenswaard.nl/bestemmingsplan-mozaiek,Bestemmingsplan Mozaïek,,true,Pagina,,
1c446ac9-e7cc-42c2-9a7f-a93d3d5f19d5,9b59a171-e91e-48ed-86da-5946a1df3760,https://www.valkenswaard.nl/ingebrekestelling,Ingebrekestelling,,true,Product of dienst,,
6c9a113d-2715-4a55-86ba-27a4e38e9a87,9b59a171-e91e-48ed-86da-5946a1df3760,https://www.valkenswaard.nl/bestemmingsplan-schaapsloop-1,Bestemmingsplan Schaapsloop 1,,true,Pagina,,
4a28fe73-8758-43e7-b3f9-0afe3b84abaf,9b59a171-e91e-48ed-86da-5946a1df3760,https://www.valkenswaard.nl/natuurontwikkeling,Natuurontwikkeling,,true,Overzichtspagina,,
20139969-de18-408c-a357-b1219bf69662,9b59a171-e91e-48ed-86da-5946a1df3760,https://www.valkenswaard.nl/drs-willem-weeterings-mba,drs. Willem Weeterings MBA,,true,Profiel,,
decaf6bb-56d8-43dc-9f19-e920f665af24,9b59a171-e91e-48ed-86da-5946a1df3760,https://www.valkenswaard.nl/straatnamen-en-huisnummer,Straatnamen en huisnummer,,true,Overzichtspagina,,
00192295-561a-4364-a0e6-251e2281ae8d,9b59a171-e91e-48ed-86da-5946a1df3760,https://www.valkenswaard.nl/wonen-en-bouwen-in-lage-heide,Wonen en bouwen in Lage Heide,,true,Pagina,,
cc2ab640-3225-4e09-8c63-4a8efcdf1df4,9b59a171-e91e-48ed-86da-5946a1df3760,https://www.valkenswaard.nl/registratie-levenloos-geboren-kind-in-de-brp,Registratie levenloos geboren kind in de BRP,,true,Product of dienst,,
137a84ee-b946-464f-8e87-105216c94820,9b59a171-e91e-48ed-86da-5946a1df3760,https://www.valkenswaard.nl/ontwerpbestemmingsplan-maastrichterweg-94-30-juni-tm-10-augustus-2022,Ontwerpbestemmingsplan Maastrichterweg 94 (30 juni t/m 10 augustus 2022),,true,Pagina,,
cc827b81-4d63-4036-ac87-0b3beb4d593d,9b59a171-e91e-48ed-86da-5946a1df3760,https://www.valkenswaard.nl/grond-huren-of-pachten,Grond huren of pachten,,true,Product of dienst,,
5527c6aa-b180-4547-aacc-10be1c3d3051,9b59a171-e91e-48ed-86da-5946a1df3760,https://www.valkenswaard.nl/projecten-duurzaamheid,Projecten duurzaamheid,,true,Landingspagina,,
ba5d18cb-3ed2-4cc2-a6ae-c0de56abde66,9b59a171-e91e-48ed-86da-5946a1df3760,https://www.valkenswaard.nl/ontwerpbestemmingsplan-maastrichterweg-249-255-30-juni-tm-10-augustus-2022,Ontwerpbestemmingsplan Maastrichterweg 249-255 (30 juni t/m 10 augustus 2022),,true,Pagina,,
b0980bbb-6d80-406b-a53a-8e9a9941dce4,9b59a171-e91e-48ed-86da-5946a1df3760,https://www.valkenswaard.nl/nrd-basis-bestemmingsplan-eurocircuit-vastgesteld,"NRD, basis bestemmingsplan Eurocircuit vastgesteld",,true,Nieuwsbericht,,
da38d4a2-691a-4541-bc2e-1545f667638a,9b59a171-e91e-48ed-86da-5946a1df3760,https://www.valkenswaard.nl/demonstratie-betoging-of-manifestatie,"Demonstratie, betoging of manifestatie",,true,Product of dienst,,
fb25122b-c855-4d67-8ce4-921e6ba8ec36,9b59a171-e91e-48ed-86da-5946a1df3760,https://www.valkenswaard.nl/node/957,Campagne: Een doosje vol Valkenswaardige tips (RREW),,true,Link,,
0d4119df-87e2-48a2-a9bb-0a1424f0d593,9b59a171-e91e-48ed-86da-5946a1df3760,https://www.valkenswaard.nl/kies-training-voor-kinderen-en-jongeren-in-echtscheidingssituaties,KIES-training voor kinderen en jongeren in echtscheidingssituaties,,true,Product of dienst,,
9a6b4acf-8f2e-4704-8e96-f502c11cc3a9,9b59a171-e91e-48ed-86da-5946a1df3760,https://www.valkenswaard.nl/nederlander-worden,Nederlander worden,,true,Product of dienst,,
62c3d94b-2c7a-4326-a774-d501964a7935,9b59a171-e91e-48ed-86da-5946a1df3760,https://www.valkenswaard.nl/clientenraad-werk-en-inkomen,Cliëntenraad Werk en Inkomen,,true,Product of dienst,,
47c5fb4c-a2b7-47b6-9245-792425a5744d,9b59a171-e91e-48ed-86da-5946a1df3760,https://www.valkenswaard.nl/gebruik-achternaam-veranderen,Gebruik achternaam veranderen,,true,Product of dienst,,
ecf598f2-2146-4582-80b9-d6020f082659,9b59a171-e91e-48ed-86da-5946a1df3760,https://www.valkenswaard.nl/ongeadresseerd-reclamedrukwerk-met-een-ja-sticker,Ongeadresseerd reclamedrukwerk met een JA-sticker,,true,Product of dienst,,
b64c3bf7-a06c-4f0b-bc0f-b09f929cb6b2,9b59a171-e91e-48ed-86da-5946a1df3760,https://www.valkenswaard.nl/zorg-en-ondersteuning-aan-huis,Zorg en ondersteuning aan huis,,true,Pagina,,
d492c302-c922-4016-9642-bf6dc4ce9df9,9b59a171-e91e-48ed-86da-5946a1df3760,https://www.valkenswaard.nl/natuurbrand,Natuurbrand,,true,Pagina,,
7bc64c9c-d494-473d-a2d1-5270e8cebcbe,9b59a171-e91e-48ed-86da-5946a1df3760,https://www.valkenswaard.nl/infectieziekten,Infectieziekten,,true,Pagina,,
a871d92a-2509-4ae0-bafe-2a78480afc27,9b59a171-e91e-48ed-86da-5946a1df3760,https://www.valkenswaard.nl/veilig-evenement,Veilig evenement,,true,Pagina,,
aac143ee-87da-4eb0-aea7-4fb2584215ff,9b59a171-e91e-48ed-86da-5946a1df3760,https://www.valkenswaard.nl/rioolvernieuwing-en-herinrichting-wegen-geenhoven-fase-1,Rioolvernieuwing en herinrichting wegen Geenhoven Fase 1,,true,Pagina,,
796d4a1a-d059-42e5-b605-9286e3c001eb,9b59a171-e91e-48ed-86da-5946a1df3760,https://www.valkenswaard.nl/opgraven-en-herbegravencremeren,Opgraven en herbegraven/cremeren,,true,Product of dienst,,
d8756ff2-650f-4ad1-afbc-97dd42dae193,9b59a171-e91e-48ed-86da-5946a1df3760,https://www.valkenswaard.nl/prettig-wonen-daar-tekenen-we-samen-voor,"Prettig wonen, daar tekenen we samen voor!",,true,Nieuwsbericht,,
6a464c02-5336-47ae-a974-ee736071f14e,9b59a171-e91e-48ed-86da-5946a1df3760,https://www.valkenswaard.nl/incidentele-subsidie-sport-en-cultuur,Incidentele subsidie sport en cultuur,,true,Product of dienst,,
dc77395e-6fb6-439f-8591-30406f384868,9b59a171-e91e-48ed-86da-5946a1df3760,https://www.valkenswaard.nl/bestemmingsplan-emmalaan,Bestemmingsplan Emmalaan,,true,Pagina,,
7259544d-796f-4f78-9975-a72a244d5051,9b59a171-e91e-48ed-86da-5946a1df3760,https://www.valkenswaard.nl/uitslag-provinciale-staten-verkiezingen,Uitslag Provinciale Staten verkiezingen,,true,Pagina,,
2463321a-521d-4470-b765-49a25a44244c,9b59a171-e91e-48ed-86da-5946a1df3760,https://www.valkenswaard.nl/bestemmingsplan-berkheuvels-5,Bestemmingsplan Berkheuvels 5,,true,Pagina,,
21a3c0fa-6315-4ef6-9f2c-5c4b91da379e,9b59a171-e91e-48ed-86da-5946a1df3760,https://www.valkenswaard.nl/vastgesteld-bestemmingsplan-wollegrasstraat-28,Vastgesteld bestemmingsplan 'Wollegrasstraat 28',,true,Pagina,,
26ace202-8870-4998-b593-5569ff51fce8,9b59a171-e91e-48ed-86da-5946a1df3760,https://www.valkenswaard.nl/onherroepelijk-wijzigingsplan-zeelberg-41a,Onherroepelijk wijzigingsplan Zeelberg 41a,,true,Pagina,,
f7e16f20-6ba3-44c2-9410-8c35bbe413cf,9b59a171-e91e-48ed-86da-5946a1df3760,https://www.valkenswaard.nl/vastgesteld-bestemmingsplan-zeelberg-21,Vastgesteld bestemmingsplan Zeelberg 21,,true,Pagina,,
2cc19834-acdb-42cd-a1ce-68e7d341ca60,9b59a171-e91e-48ed-86da-5946a1df3760,https://www.valkenswaard.nl/bestemmingsplan-deelhurkse-akkers,Bestemmingsplan Deelhurkse Akkers,,true,Pagina,,
84696676-dd68-41b2-8d84-e71aee6bb9de,9b59a171-e91e-48ed-86da-5946a1df3760,https://www.valkenswaard.nl/rioleringsprojecten,Rioleringsprojecten,,true,Overzichtspagina,,
576aff48-ea1c-4f3c-913d-f0e557c435c1,9b59a171-e91e-48ed-86da-5946a1df3760,https://www.valkenswaard.nl/natuurontwikkeling-in-het-keersopdal-en-t-heike,Natuurontwikkeling in het Keersopdal en ’t Heike,,true,Pagina,,
7b9af4fb-9146-4b56-ba3d-3f28a594273e,9b59a171-e91e-48ed-86da-5946a1df3760,https://www.valkenswaard.nl/samenstelling-college-van-bw,Samenstelling college van B&W,,true,Overzichtspagina,,
5a52493f-35db-4dc6-a626-e4c132d3d0b0,9b59a171-e91e-48ed-86da-5946a1df3760,https://www.valkenswaard.nl/rene-van-den-kerkhof,René van den Kerkhof,,true,Profiel,,
45e11629-e64f-4485-9709-eea51d2ab481,9b59a171-e91e-48ed-86da-5946a1df3760,https://www.valkenswaard.nl/collegeprogramma-2022-2026,Collegeprogramma 2022 - 2026,,true,Pagina,,
e82b116c-9949-40ae-9e8b-483a5410e849,9b59a171-e91e-48ed-86da-5946a1df3760,https://www.valkenswaard.nl/toegankelijkheid,Toegankelijkheid,,true,Pagina,,
667336dd-f0e8-4498-8a9a-07544203dd3c,9b59a171-e91e-48ed-86da-5946a1df3760,https://www.valkenswaard.nl/opvang-vluchtelingen-door-gemeenten,Opvang vluchtelingen door gemeenten,,true,Pagina,,
0472d1cc-9571-4b41-b779-3c2afcda71d4,9b59a171-e91e-48ed-86da-5946a1df3760,https://www.valkenswaard.nl/informatie-voor-vluchtelingen-uit-oekraine,Informatie voor vluchtelingen uit Oekraïne,,true,Pagina,,
0a0744ca-81e7-4586-ae08-4fd3150c54ab,9b59a171-e91e-48ed-86da-5946a1df3760,https://www.valkenswaard.nl/loop-eens-door-lage-heide,Loop eens door Lage Heide,,true,Pagina,,
0daca7c5-47aa-4570-87a7-ca0c7a3642af,9b59a171-e91e-48ed-86da-5946a1df3760,https://www.valkenswaard.nl/informatie-en-publicaties,Informatie en publicaties,,true,Pagina,,
07e2f7b2-7f34-4b7d-9d77-0552e626a640,9b59a171-e91e-48ed-86da-5946a1df3760,https://www.valkenswaard.nl/veilig-thuis,Veilig Thuis,,true,Product of dienst,,
5c67af8b-c7bb-434e-98dd-fdc419dafdb7,9b59a171-e91e-48ed-86da-5946a1df3760,https://www.valkenswaard.nl/paraplubestemmingsplan-parkeren-wonen-retail-en-waterberging-valkenswaard,"Paraplubestemmingsplan Parkeren, Wonen, Retail en Waterberging Valkenswaard",,true,Pagina,,
ab44f66e-578b-4d3e-bd6b-7ef53889bb25,9b59a171-e91e-48ed-86da-5946a1df3760,https://www.valkenswaard.nl/veelgestelde-vragen-lage-heide,Veelgestelde vragen Lage Heide,,true,Pagina,,
6cd91404-7099-48ea-a70c-40144d751fb2,9b59a171-e91e-48ed-86da-5946a1df3760,https://www.valkenswaard.nl/overige-bekendmakingen,Overige bekendmakingen,,true,Overzichtspagina,,
729a7e37-cfb2-4a71-9864-b41845256bc7,9b59a171-e91e-48ed-86da-5946a1df3760,https://www.valkenswaard.nl/buitenlandse-documenten-legaliseren-en-verifieren,Buitenlandse documenten legaliseren en verifiëren,,true,Product of dienst,,
9c2568e0-aac1-4e2e-96e6-051643339c3a,9b59a171-e91e-48ed-86da-5946a1df3760,https://www.valkenswaard.nl/valkenswaard-gaat-voor-juridische-eenvoud-bij-ruimtelijke-plannen,Valkenswaard gaat voor juridische eenvoud bij ruimtelijke plannen,,true,Nieuwsbericht,,
e393252f-e7e9-406b-86f7-71390b8ebeb3,9b59a171-e91e-48ed-86da-5946a1df3760,https://www.valkenswaard.nl/start-werkzaamheden-bergstraat-herinrichting-dommelen-zuid,Start werkzaamheden Bergstraat herinrichting Dommelen-Zuid,,true,Nieuwsbericht,,
0cbd60b8-6ae4-41c5-8e34-62012591d4a6,9b59a171-e91e-48ed-86da-5946a1df3760,https://www.valkenswaard.nl/grafrechten,Grafrechten,,true,Product of dienst,,
6d8ba755-b61b-48b2-ae31-d1f1b3e0b779,9b59a171-e91e-48ed-86da-5946a1df3760,https://www.valkenswaard.nl/stemmen-in-een-andere-gemeente-met-een-kiezerspas,Stemmen in een andere gemeente met een kiezerspas,,true,Pagina,,
ba2c6f84-f73f-4ae6-8248-334325e0d2ad,9b59a171-e91e-48ed-86da-5946a1df3760,https://www.valkenswaard.nl/voorlopig-ontwerp-eindhovenseweg,Voorlopig ontwerp Eindhovenseweg,,true,Nieuwsbericht,,
00e92451-6db1-4eb6-8fa6-8d711dba9f1a,9b59a171-e91e-48ed-86da-5946a1df3760,https://www.valkenswaard.nl/hoe-maak-ik-bezwaar,Hoe maak ik bezwaar?,,true,Product of dienst,,
b6008e26-11e8-44da-8a0c-153836537c66,9b59a171-e91e-48ed-86da-5946a1df3760,https://www.valkenswaard.nl/hervestiging-vanuit-het-buitenland,(Her)vestiging vanuit het buitenland,,true,Product of dienst,,
6d3af1fb-0027-41ff-97a3-db763c5796a0,9b59a171-e91e-48ed-86da-5946a1df3760,https://www.valkenswaard.nl/ik-ga-op-vakantie,Ik ga op vakantie,,true,Product of dienst,,
95449b2e-4154-4b1d-8f75-4bcb3b1fa95f,9b59a171-e91e-48ed-86da-5946a1df3760,https://www.valkenswaard.nl/bestemmingsplan-kromstraat-luikerweg,Bestemmingsplan Kromstraat-Luikerweg,,true,Pagina,,
537e90ee-e89a-4d83-8bca-87ac21244576,9b59a171-e91e-48ed-86da-5946a1df3760,https://www.valkenswaard.nl/groene-entree,Groene Entree,,true,Pagina,,
b71ee422-9254-40d6-bff1-3fbed88b7542,9b59a171-e91e-48ed-86da-5946a1df3760,https://www.valkenswaard.nl/presentatie-corso-cultuurfestival-en-afterparty,"Presentatie Corso, cultuurfestival en afterparty",,true,Evenement,,
bf2576a8-8da9-403e-9909-992816049e63,9b59a171-e91e-48ed-86da-5946a1df3760,https://www.valkenswaard.nl/brp-inzagerecht,BRP Inzagerecht,,true,Product of dienst,,
83cfb911-c421-4c56-bc18-f04c10806837,9b59a171-e91e-48ed-86da-5946a1df3760,https://www.valkenswaard.nl/milieustraat,Milieustraat,,true,Product of dienst,,
a2968aa6-8e76-4b6a-ba8f-73df9a0f3147,9b59a171-e91e-48ed-86da-5946a1df3760,https://www.valkenswaard.nl/adopteer-een-boomspiegel,Adopteer een boomspiegel,,true,Pagina,,
555e6456-600b-434e-9cd9-cec59e3308ef,9b59a171-e91e-48ed-86da-5946a1df3760,https://www.valkenswaard.nl/sta-jij-ook-in-het-rood,Sta jij ook in het rood?,,true,Nieuwsbericht,,
2657c836-a60b-48c9-aaa6-2c499c483eb7,9b59a171-e91e-48ed-86da-5946a1df3760,https://www.valkenswaard.nl/borkel-en-schaft,Borkel en Schaft,,true,Pagina,,
000745a0-b78f-4b2c-8ced-ecee6e12bbb4,9b59a171-e91e-48ed-86da-5946a1df3760,https://www.valkenswaard.nl/rotonde-valkenierstr-eindhovenseweg-open-ondanks-regen,Rotonde Valkenierstr/ Eindhovenseweg open ondanks regen,,true,Nieuwsbericht,,
6c96ba9d-6eea-46bb-a225-e08ab6c4719a,9b59a171-e91e-48ed-86da-5946a1df3760,https://www.valkenswaard.nl/lage-heide-oost,"Lage heide, oost",,true,Pagina,,
dd7cdd06-411a-450f-b688-5b1c01c9b115,9b59a171-e91e-48ed-86da-5946a1df3760,https://www.valkenswaard.nl/maastrichterweg-11,Maastrichterweg 11,,true,Pagina,,
4dd262ac-2106-48ec-b7df-86c9e1e0b91f,9b59a171-e91e-48ed-86da-5946a1df3760,https://www.valkenswaard.nl/vastgesteld-bestemmingsplan-waalreseweg-rede,Vastgesteld bestemmingsplan Waalreseweg Rede,,true,Pagina,,
e871feae-19a3-48d4-9c08-8969f429b452,9b59a171-e91e-48ed-86da-5946a1df3760,https://www.valkenswaard.nl/wat-gaat-er-gebeuren,Wat gaat er gebeuren?,,true,Pagina,,
4c92dac8-29a8-45f1-94d9-2526de9373a2,9b59a171-e91e-48ed-86da-5946a1df3760,https://www.valkenswaard.nl/wanneer-gaan-we-dat-doen,Wanneer gaan we dat doen?,,true,Pagina,,
d11ea167-2ab5-4782-abf9-2290f600700c,9b59a171-e91e-48ed-86da-5946a1df3760,https://www.valkenswaard.nl/actualisatie-ruimtelijke-plannen,Actualisatie ruimtelijke plannen,,true,Pagina,,
5ddd7da1-f80f-4514-b8ca-c750bbd943f6,9b59a171-e91e-48ed-86da-5946a1df3760,https://www.valkenswaard.nl/nevenfuncties-college,Nevenfuncties college,,true,Pagina,,
a59f0f8a-f4e4-4779-aeed-8de9ab9e7a89,9b59a171-e91e-48ed-86da-5946a1df3760,https://www.valkenswaard.nl/vergaderruimte-reserveren,Vergaderruimte reserveren,,true,Pagina,,
3e8bd3e5-33cd-4364-9fb9-4242b069e428,9b59a171-e91e-48ed-86da-5946a1df3760,https://www.valkenswaard.nl/ik-wil-hulp-bieden,Ik wil hulp bieden,,true,Pagina,,
de99acab-e025-4ea8-9ac6-fdb56deaef55,9b59a171-e91e-48ed-86da-5946a1df3760,https://www.valkenswaard.nl/spoedeisende-zorg-jeugd,Spoedeisende Zorg Jeugd,,true,Product of dienst,,
3bdf21f7-1728-4444-ac04-05d4d51030f7,9b59a171-e91e-48ed-86da-5946a1df3760,https://www.valkenswaard.nl/assertiviteitstraining-volwassenen,Assertiviteitstraining volwassenen,,true,Product of dienst,,
b0bf856f-9ff3-4a8a-ba86-f7f24f9ba876,9b59a171-e91e-48ed-86da-5946a1df3760,https://www.valkenswaard.nl/een-rondleiding-door-lage-heide-natuur,Een rondleiding door Lage Heide natuur,,true,Pagina,,
5d0eea50-0e89-4bb8-8418-344f7fcef4f3,9b59a171-e91e-48ed-86da-5946a1df3760,https://www.valkenswaard.nl/stralingsincident,Stralingsincident,,true,Pagina,,
b2e9fb1a-0470-460b-b891-fc02d70d78e2,9b59a171-e91e-48ed-86da-5946a1df3760,https://www.valkenswaard.nl/terrorisme,Terrorisme,,true,Pagina,,
d2ccc451-557d-4160-a5b9-43562689f910,9b59a171-e91e-48ed-86da-5946a1df3760,https://www.valkenswaard.nl/nodig-om-te-stemmen,Nodig om te stemmen,,true,Pagina,,
e40f0b5b-9e39-4788-8df8-5a1b8f71cc36,9b59a171-e91e-48ed-86da-5946a1df3760,https://www.valkenswaard.nl/hondenpoep,Anti-hondenpoepcampagne,,true,Pagina,,
215c0ec4-ec6d-411e-8ec3-24945fd05120,9b59a171-e91e-48ed-86da-5946a1df3760,https://www.valkenswaard.nl/rectificatie-bestemmingsplan-hofstraat-14-19-januari-2023-tm-1-maart-2023,Rectificatie bestemmingsplan 'Hofstraat 14' (19 januari 2023 t/m 1 maart 2023),,true,Pagina,,
2bff52c2-8b15-4c18-bb4e-3159c1568ea0,9b59a171-e91e-48ed-86da-5946a1df3760,https://www.valkenswaard.nl/eindhovenseweg-verder-aangepakt,Eindhovenseweg verder aangepakt,,true,Nieuwsbericht,,
4f0bfaef-1481-4d7c-b049-b3a2f0df5b61,9b59a171-e91e-48ed-86da-5946a1df3760,https://www.valkenswaard.nl/stemmen-met-een-beperking,Stemmen met een beperking,,true,Pagina,,
37111498-b6c1-42ca-903a-9fc5b21275bb,9b59a171-e91e-48ed-86da-5946a1df3760,https://www.valkenswaard.nl/uitslag-verkiezingen-provinciale-staten-en-waterschap-2023,Uitslag verkiezingen Provinciale staten en Waterschap 2023,,true,Pagina,,
f06ffdad-3a4a-4b13-8a04-dc72bf3d23b0,9b59a171-e91e-48ed-86da-5946a1df3760,https://www.valkenswaard.nl/provincie-gemeenten-en-corporaties-in-brabant-tekenen-woondeal-met-minister-de-jonge,"Provincie, gemeenten en corporaties in Brabant tekenen woondeal met minister De Jonge",,true,Nieuwsbericht,,
d1df8391-c94a-4316-8a95-abaf101a4cd9,9b59a171-e91e-48ed-86da-5946a1df3760,https://www.valkenswaard.nl/provinciale-staten,Provinciale Staten,,true,Pagina,,
8fc3b673-4aee-44ca-8c00-ec1b12df6a90,9b59a171-e91e-48ed-86da-5946a1df3760,https://www.valkenswaard.nl/afvalkalender,Afvalkalender,,true,Product of dienst,,
a41d99ec-006b-4f51-9fb3-d2373e051f18,9b59a171-e91e-48ed-86da-5946a1df3760,https://www.valkenswaard.nl/jaaropgave-bij-bijstandsuitkering,Jaaropgave bij bijstandsuitkering,,true,Product of dienst,,
4f6da9ea-2bd3-4ab0-a0dd-8e2623fd1454,9b59a171-e91e-48ed-86da-5946a1df3760,https://www.valkenswaard.nl/uitkering-voor-oudere-en-gedeeltelijk-arbeidsongeschikte-werknemers-ioaw,Uitkering voor oudere en gedeeltelijk arbeidsongeschikte werknemers (IOAW),,true,Product of dienst,,
7e2ad11c-e785-4738-93b2-b064837899ef,9b59a171-e91e-48ed-86da-5946a1df3760,https://www.valkenswaard.nl/melding-ongewenst-verhuurgedrag-0,Melding ongewenst verhuurgedrag,,true,Pagina,,
38ebbf79-f66e-4bef-a4de-6ade35e81868,9b59a171-e91e-48ed-86da-5946a1df3760,https://www.valkenswaard.nl/ontwerpbestemmingsplan-keizerstraat-venbergseweg-21-december-2023-tm-31-januari-2024,Ontwerpbestemmingsplan 'Keizerstraat-Venbergseweg' (21 december 2023 t/m 31 januari 2024),,true,Pagina,,
97fd7dfe-b5b6-412b-ac4f-c8c330a755b7,9b59a171-e91e-48ed-86da-5946a1df3760,https://www.valkenswaard.nl/planschade,Planschade,,true,Product of dienst,,
1278d065-1c70-4b3e-9fc2-2c5c712c612d,9b59a171-e91e-48ed-86da-5946a1df3760,https://www.valkenswaard.nl/reinigingsrecht,Reinigingsrecht,,true,Product of dienst,,
7f6d5c32-590f-49d2-9c12-7c9128d7a8b0,9b59a171-e91e-48ed-86da-5946a1df3760,https://www.valkenswaard.nl/uitstrooien-steenmeel-voor-natuurherstel-malpie,Uitstrooien steenmeel  voor natuurherstel Malpie,,true,Nieuwsbericht,,
56193b7f-ce39-4887-abc3-2c9ea554730d,9b59a171-e91e-48ed-86da-5946a1df3760,https://www.valkenswaard.nl/milieu-omgevingsvergunning-of-melding,"Milieu, omgevingsvergunning of melding",,true,Product of dienst,,
5ea77ae5-569d-4932-a39c-a540936b1b94,9b59a171-e91e-48ed-86da-5946a1df3760,https://www.valkenswaard.nl/afvalinzameling,Afvalinzameling,,true,Product of dienst,,
7a33b7aa-7d6d-45f9-9973-6bb4cd1851a8,9b59a171-e91e-48ed-86da-5946a1df3760,https://www.valkenswaard.nl/bestemmingsplan-lage-heide-wonen,Bestemmingsplan Lage Heide - wonen,,true,Pagina,,
835473bd-e339-4931-801f-58cd3132dbba,9b59a171-e91e-48ed-86da-5946a1df3760,https://www.valkenswaard.nl/structuurvisie-deel-b,Structuurvisie deel B,,true,Pagina,,
76a88d22-c6d5-4378-8562-2266e4b89cfc,9b59a171-e91e-48ed-86da-5946a1df3760,https://www.valkenswaard.nl/valkenswaard-zuid,Valkenswaard Zuid,,true,Pagina,,
38a3102e-44db-4d1f-be6f-6a108626af4e,9b59a171-e91e-48ed-86da-5946a1df3760,https://www.valkenswaard.nl/venbergseweg-34,Venbergseweg 34,,true,Pagina,,
c631b760-3779-4f4c-8890-09cdce1f413c,9b59a171-e91e-48ed-86da-5946a1df3760,https://www.valkenswaard.nl/stokerwei,Stokerwei,,true,Pagina,,
a80f2ffc-409f-465c-a101-700b3c31eddc,9b59a171-e91e-48ed-86da-5946a1df3760,https://www.valkenswaard.nl/voorbereidingsbesluit-de-hazelaar,Voorbereidingsbesluit De Hazelaar,,true,Pagina,,
f50e5c26-2586-4279-b87b-f3024200a78d,9b59a171-e91e-48ed-86da-5946a1df3760,https://www.valkenswaard.nl/denk-mee-via-ons-valkenswaard,Denk mee via Ons Valkenswaard,,true,Pagina,,
8ffe77a1-f9d5-4664-8f3b-4be3313603df,9b59a171-e91e-48ed-86da-5946a1df3760,https://www.valkenswaard.nl/bram-bots-van-driel,Bram Bots-van Driel,,true,Profiel,,
1d22062d-4155-4953-ac42-f48c5bddbeed,9b59a171-e91e-48ed-86da-5946a1df3760,https://www.valkenswaard.nl/gemeentelijk-rioleringsplan-grp,Gemeentelijk Rioleringsplan (GRP),,true,Pagina,,
2ab4be7c-234d-4881-9335-e3c4829fb951,9b59a171-e91e-48ed-86da-5946a1df3760,https://www.valkenswaard.nl/invasieve-exoten,Invasieve exoten,,true,Pagina,,
90fa76f4-8fb1-476f-8a65-3d3904aab2ef,9b59a171-e91e-48ed-86da-5946a1df3760,https://www.valkenswaard.nl/nieuwsbrief-mei-2022-editie-65,Nieuwsbrief mei 2022 - editie 65,,true,Pagina,,
478691cc-c0a8-45c6-9769-17d8d1073cee,9b59a171-e91e-48ed-86da-5946a1df3760,https://www.valkenswaard.nl/kermis-standplaats,Kermis standplaats,,true,Product of dienst,,
aef1be6f-a901-47ef-a75a-3e550c9e9ac6,9b59a171-e91e-48ed-86da-5946a1df3760,https://www.valkenswaard.nl/nieuwsbrief-april-2022-editie-64,Nieuwsbrief april 2022 - editie 64,,true,Pagina,,
e48874b5-4971-4535-8926-4761bb0cc214,9b59a171-e91e-48ed-86da-5946a1df3760,https://www.valkenswaard.nl/hoe-krijg-ik-een-huisnummer,Hoe krijg ik een huisnummer,,true,Product of dienst,,
2617530e-ae92-43d3-a68f-236d48200d78,9b59a171-e91e-48ed-86da-5946a1df3760,https://www.valkenswaard.nl/straatartiest,Straatartiest,,true,Product of dienst,,
19c90e08-5bb2-43d4-90bf-58f4c2f6865b,9b59a171-e91e-48ed-86da-5946a1df3760,https://www.valkenswaard.nl/toestemming-voor-vrijwilligerswerk-bij-bijstandsuitkering,Toestemming voor vrijwilligerswerk bij bijstandsuitkering,,true,Product of dienst,,
b0a7479c-745a-49ee-9a17-ff4365a0cd6a,9b59a171-e91e-48ed-86da-5946a1df3760,https://www.valkenswaard.nl/inzamelen-kleding-of-oud-papier,Inzamelen kleding of oud papier,,true,Product of dienst,,
9168803b-9c0a-4869-9dbb-686289254207,9b59a171-e91e-48ed-86da-5946a1df3760,https://www.valkenswaard.nl/subsidie-ondernemersklimaat,Subsidie ondernemersklimaat,,true,Product of dienst,,
c1d71e75-c153-4fb6-a0c9-792aaf98512a,9b59a171-e91e-48ed-86da-5946a1df3760,https://www.valkenswaard.nl/op-weg-naar-bereikbaar-valkenswaard,Op weg naar bereikbaar Valkenswaard!,,true,Nieuwsbericht,,
d1e274fe-5c29-4b2c-a2c5-e598c0c82ee0,9b59a171-e91e-48ed-86da-5946a1df3760,https://www.valkenswaard.nl/nieuwsbrief-september-2022-editie-67,Nieuwsbrief september 2022 - editie 67,,true,Pagina,,
87366d8c-78f0-4699-9912-bce9bf05bafd,9b59a171-e91e-48ed-86da-5946a1df3760,https://www.valkenswaard.nl/melding-discriminatie,Melding discriminatie,,true,Product of dienst,,
700a0b9a-a494-4d31-8e8a-d81fdb659da0,9b59a171-e91e-48ed-86da-5946a1df3760,https://www.valkenswaard.nl/geboorteaangifte,Geboorteaangifte,,true,Product of dienst,,
6c4ff469-169c-40d2-a05c-683f9a028cf4,9b59a171-e91e-48ed-86da-5946a1df3760,https://www.valkenswaard.nl/verandering-betreft-werk-opleiding-wonen-kinderen-of-eenmalige-inkomsten-doorgeven,"Verandering betreft werk, opleiding, wonen, kinderen of eenmalige inkomsten doorgeven",,true,Product of dienst,,
23ba519d-f012-4f4e-bb01-cdf3e56ee373,9b59a171-e91e-48ed-86da-5946a1df3760,https://www.valkenswaard.nl/overstroming,Overstroming,,true,Pagina,,
a38ad2cc-6952-411d-aa99-e1ca546c3d4e,9b59a171-e91e-48ed-86da-5946a1df3760,https://www.valkenswaard.nl/brand-en-explosie,Brand en explosie,,true,Pagina,,
eebf0e49-03e3-42b5-9759-c67dd74c8ee8,9b59a171-e91e-48ed-86da-5946a1df3760,https://www.valkenswaard.nl/verandering-in-mijn-bijstand-of-uitkeringsregeling-doorgeven,Verandering in mijn bijstand- of uitkeringsregeling doorgeven,,true,Overzichtspagina,,
e2534fe9-4f15-4e0f-87f4-ea7756c440cd,9b59a171-e91e-48ed-86da-5946a1df3760,https://www.valkenswaard.nl/deel-sportpark-norbertusdreef-wordt-groen-wandelgebied,Deel sportpark Norbertusdreef wordt groen wandelgebied,,true,Nieuwsbericht,,
ed534e79-ece1-40f0-b3cc-b5527f356ca7,9b59a171-e91e-48ed-86da-5946a1df3760,https://www.valkenswaard.nl/uitval-stroom-en-ict,Uitval stroom en ICT,,true,Pagina,,
247945e6-4cd5-4569-9a2d-edcd9701a27a,9b59a171-e91e-48ed-86da-5946a1df3760,https://www.valkenswaard.nl/samenwerking-a2-gemeenten,Samenwerking A2-gemeenten,,true,Pagina,,
7a8d7fee-3ed9-4662-a59a-09651cca065c,9b59a171-e91e-48ed-86da-5946a1df3760,https://www.valkenswaard.nl/aantrekkelijke-arbeidsvoorwaarden,Aantrekkelijke arbeidsvoorwaarden,,true,Pagina,,
8f836100-c31e-4b11-b0c2-05410de1afb3,9b59a171-e91e-48ed-86da-5946a1df3760,https://www.valkenswaard.nl/openingstijden-0,Openingstijden,,true,Pagina,,
784da834-bef2-4b13-82fe-2f57da876d5a,9b59a171-e91e-48ed-86da-5946a1df3760,https://www.valkenswaard.nl/bodembeheer-en-bodemkwaliteitskaart,Bodembeheer en bodemkwaliteitskaart,,true,Product of dienst,,
fd612871-8eb2-43d0-8d5d-465c0c22abe3,9b59a171-e91e-48ed-86da-5946a1df3760,https://www.valkenswaard.nl/uitslag-waterschapsverkiezingen,Uitslag waterschapsverkiezingen,,true,Pagina,,
80e342ff-1d9a-4b89-b746-fcf6146913f8,9b59a171-e91e-48ed-86da-5946a1df3760,https://www.valkenswaard.nl/scholen,Scholen,,true,Product of dienst,,
4303262e-9352-43da-9859-98743dc3bfe0,9b59a171-e91e-48ed-86da-5946a1df3760,https://www.valkenswaard.nl/valkenswaardnoord,Natuurverbetering en waterbeheer in Valkenswaard Noord,,true,Pagina,,
ed621add-69a3-45bc-a13c-0169db18c27c,9b59a171-e91e-48ed-86da-5946a1df3760,https://www.valkenswaard.nl/eindhoven-airport,Eindhoven Airport,,true,Pagina,,
9ac2e7ec-cf86-4892-8e3d-ecfc762296e7,9b59a171-e91e-48ed-86da-5946a1df3760,https://www.valkenswaard.nl/bestemmingsplan-de-wilde-wingerd,Bestemmingsplan De Wilde Wingerd,,true,Pagina,,
c657d8d2-1fd1-4485-afb6-e512899dbe0f,9b59a171-e91e-48ed-86da-5946a1df3760,https://www.valkenswaard.nl/heronderzoek-bij-een-bijstandsuitkering,Heronderzoek bij een bijstandsuitkering,,true,Product of dienst,,
60997f46-c1d7-41f1-9eb3-30e4dbb098ff,9b59a171-e91e-48ed-86da-5946a1df3760,https://www.valkenswaard.nl/bestemmingsplan-centrum,Bestemmingsplan Centrum,,true,Pagina,,
c0b95eeb-1071-473e-95ea-c95c5eddd045,9b59a171-e91e-48ed-86da-5946a1df3760,https://www.valkenswaard.nl/compact-kernwinkelgebied,Compact Kernwinkelgebied,,true,Pagina,,
6a725d0f-d47b-4462-992d-388bb290d59c,9b59a171-e91e-48ed-86da-5946a1df3760,https://www.valkenswaard.nl/valkenswaard-steunt-oekraine,Valkenswaard steunt Oekraïne,,true,Landingspagina,,
4db14285-562e-4bb2-b035-8c562e6771f9,9b59a171-e91e-48ed-86da-5946a1df3760,https://www.valkenswaard.nl/bekendmakingen-vastgoed,Bekendmakingen Vastgoed,,true,Overzichtspagina,,
96fc2241-53fd-4969-8d50-8f6ee94e6585,9b59a171-e91e-48ed-86da-5946a1df3760,https://www.valkenswaard.nl/uitleg-verkeersmaatregelen-valkenswaard-en-regio,Uitleg verkeersmaatregelen Valkenswaard en regio,,true,Nieuwsbericht,,
04ee222d-0b3d-4ff8-8260-4d7dbac7e94e,9b59a171-e91e-48ed-86da-5946a1df3760,https://www.valkenswaard.nl/activiteiten-college,Activiteiten college,,true,Pagina,,
cf12600d-0e28-42c8-a489-a9ddddb60eef,9b59a171-e91e-48ed-86da-5946a1df3760,https://www.valkenswaard.nl/sportaccommodaties-of-vergaderruimte-reserveren,Sportaccommodaties of vergaderruimte reserveren,,true,Overzichtspagina,,
34f12db1-a866-4600-827c-f6f5f50617d6,9b59a171-e91e-48ed-86da-5946a1df3760,https://www.valkenswaard.nl/algemene-informatie-over-oekraine,Algemene informatie over Oekraïne,,true,Pagina,,
4624725f-ce95-4454-8914-cc2f4eed5ce5,9b59a171-e91e-48ed-86da-5946a1df3760,https://www.valkenswaard.nl/lageheide,Lage Heide,,true,Overzichtspagina,,
658a07df-714b-44a4-ba4c-78a4910a5df8,9b59a171-e91e-48ed-86da-5946a1df3760,https://www.valkenswaard.nl/proclaimer,Proclaimer,,true,Pagina,,
a75567d6-235d-4465-9763-2d1810719aea,9b59a171-e91e-48ed-86da-5946a1df3760,https://www.valkenswaard.nl/plannen-lage-heide,Plannen Lage Heide,,true,Pagina,,
a1f8ba70-f144-4347-8d66-63906543801b,9b59a171-e91e-48ed-86da-5946a1df3760,https://www.valkenswaard.nl/2022-05-18-ontwerpwijzigingsplan-pater-aartslaan-19-mei-2022-tm-29-juni-2022,2022 05 18 Ontwerpwijzigingsplan 'Pater Aartslaan' (19 mei 2022 t/m 29 juni 2022),,true,Pagina,,
d8ddd649-9115-4882-aaec-b505bbc15c65,9b59a171-e91e-48ed-86da-5946a1df3760,https://www.valkenswaard.nl/ruimtelijk-beleid,Ruimtelijk beleid,,true,Pagina,,
4bac4d1a-d7fd-419f-8936-a14f8d371a23,9b59a171-e91e-48ed-86da-5946a1df3760,https://www.valkenswaard.nl/wijzigingsplan-pater-aartslaan,Wijzigingsplan Pater Aartslaan,,true,Pagina,,
ee595ba3-cb77-44c9-ad7d-880aa7dfed9a,9b59a171-e91e-48ed-86da-5946a1df3760,https://www.valkenswaard.nl/rens-pijnenburg,Rens Pijnenburg,,true,Profiel,,
a9d7c5c7-db63-4da1-9430-69cb6a84ccad,9b59a171-e91e-48ed-86da-5946a1df3760,https://www.valkenswaard.nl/automatische-incasso-machtiging,"Automatische incasso, machtiging",,true,Product of dienst,,
24f6cb31-54dd-4f6d-88b7-f94093e36392,9b59a171-e91e-48ed-86da-5946a1df3760,https://www.valkenswaard.nl/nieuwsbrief-juli-2022-editie-66,Nieuwsbrief juli 2022 - editie 66,,true,Pagina,,
0287f0ec-0b11-4a00-97b8-285fe5d39a9e,9b59a171-e91e-48ed-86da-5946a1df3760,https://www.valkenswaard.nl/ontwerpbestemmingsplan-partiele-herziening-bestemmingsplan-buitengebied-thv-mgr-smetsstraat-40-4,Ontwerpbestemmingsplan ‘‘Partiële herziening bestemmingsplan Buitengebied t.h.v. Mgr. Smetsstraat 40”  (4 augustus 2022 t/m 28 september 2022),,true,Pagina,,
0a6110bf-7c3b-4da0-ac8b-b4341072a201,9b59a171-e91e-48ed-86da-5946a1df3760,https://www.valkenswaard.nl/subsidies-en-regelingen-duurzaamheid,Subsidies en regelingen duurzaamheid,,true,Landingspagina,,
739d6965-c6a9-47c9-8f05-a12efd4da645,9b59a171-e91e-48ed-86da-5946a1df3760,https://www.valkenswaard.nl/bestemmingsplan-kerkeind-0,Bestemmingsplan Kerkeind,,true,Pagina,,
bc95c1c8-88af-42cf-bb1e-a811dbfbe155,9b59a171-e91e-48ed-86da-5946a1df3760,https://www.valkenswaard.nl/beleid-duurzaamheid,Beleid duurzaamheid,,true,Landingspagina,,
1505e1fb-485e-4868-80ee-5a68eebc0f4f,9b59a171-e91e-48ed-86da-5946a1df3760,https://www.valkenswaard.nl/langdurige-zorg,Langdurige zorg,,true,Product of dienst,,
2763c26f-29bc-4221-aa22-6aa84e2f851d,9b59a171-e91e-48ed-86da-5946a1df3760,https://www.valkenswaard.nl/tegenprestatie-bij-een-bijstandsuitkering,Tegenprestatie bij een bijstandsuitkering,,true,Product of dienst,,
e5a7ef99-2772-42bf-946f-a43bb336f297,9b59a171-e91e-48ed-86da-5946a1df3760,https://www.valkenswaard.nl/kind-adopteren,Kind adopteren,,true,Product of dienst,,
99dcc280-3eb5-4486-8872-434f274e1899,9b59a171-e91e-48ed-86da-5946a1df3760,https://www.valkenswaard.nl/trouwen-in-het-buitenland,Trouwen in het buitenland,,true,Product of dienst,,
b4508db5-9885-45a4-afe3-cefb27841c68,9b59a171-e91e-48ed-86da-5946a1df3760,https://www.valkenswaard.nl/nieuwsbrief-oktober-2022-editie-68,Nieuwsbrief oktober 2022 - editie 68,,true,Pagina,,
7f9396ee-1e12-4405-ab0c-d59703a840b2,9b59a171-e91e-48ed-86da-5946a1df3760,https://www.valkenswaard.nl/aeds-in-de-gemeente-valkenswaard,AED’s in de gemeente Valkenswaard,,true,Pagina,,
59cbc47e-40ed-42d8-b081-e64822226865,9b59a171-e91e-48ed-86da-5946a1df3760,https://www.valkenswaard.nl/voornemen-verkoop-grond-aan-de-oude-school-en-pater-aertslaan-te-borkel-gegund,Voornemen verkoop grond aan de Oude School en Pater Aertslaan te Borkel (gegund),,true,Pagina,,
2fc4ca60-1df2-451d-8ab9-258e0a268d91,9b59a171-e91e-48ed-86da-5946a1df3760,https://www.valkenswaard.nl/realisatie-nieuwe-natuur-in-keersopdal-en-t-heike-van-start,Realisatie nieuwe natuur in Keersopdal en ’t Heike van start,,true,Nieuwsbericht,,
a813917a-08e8-4b38-bbdb-d65e28cd7673,9b59a171-e91e-48ed-86da-5946a1df3760,https://www.valkenswaard.nl/uitval-gas,Uitval Gas,,true,Pagina,,
b06f7c82-736e-4b1b-83ed-4cc72804e9c7,9b59a171-e91e-48ed-86da-5946a1df3760,https://www.valkenswaard.nl/ontwerp-weg-en-waterproject-eindhovenseweg-noord-ter-inzage,Ontwerp weg- en waterproject Eindhovenseweg Noord ter inzage,,true,Nieuwsbericht,,
80a2fae9-f930-4bd2-b7a7-2f7825d28de9,9b59a171-e91e-48ed-86da-5946a1df3760,https://www.valkenswaard.nl/nieuws-over-het-centrum,Nieuw(s) over het centrum!,,true,Nieuwsbericht,,
dac53f4d-abc9-49e1-ba79-9a7d2117ee82,9b59a171-e91e-48ed-86da-5946a1df3760,https://www.valkenswaard.nl/bestemmingsplan-maastrichterweg-94,Bestemmingsplan Maastrichterweg 94,,true,Pagina,,
cd8cf9e9-be30-4d2c-9092-cd5bd443c395,9b59a171-e91e-48ed-86da-5946a1df3760,https://www.valkenswaard.nl/stempas-kwijt,Stempas kwijt,,true,Pagina,,
690764ca-b49d-4fdf-85ef-1963ca9141d0,9b59a171-e91e-48ed-86da-5946a1df3760,https://www.valkenswaard.nl/stemmen-in-eenvoudige-taal,Stemmen in eenvoudige taal,,true,Pagina,,
1cdad0c5-d045-477f-bf45-57cb1b86f317,9b59a171-e91e-48ed-86da-5946a1df3760,https://www.valkenswaard.nl/gemeente-en-hermes-samen-sterk-in-behoud-buslijn-318,Gemeente en Hermes samen sterk in behoud buslijn 318,,true,Nieuwsbericht,,
5aa9455a-962a-4b95-89c4-5cd2802af5a7,9b59a171-e91e-48ed-86da-5946a1df3760,https://www.valkenswaard.nl/a2-samenwerking,​​​​​​​A2-Samenwerking,,true,Pagina,,
bffdc19d-e7fb-43da-bea9-48bc75a9b767,9b59a171-e91e-48ed-86da-5946a1df3760,https://www.valkenswaard.nl/gemeente-aansprakelijk-stellen,Gemeente aansprakelijk stellen,,true,Product of dienst,,
ff4e6504-3be9-49d5-bb8b-8d0588a47add,9b59a171-e91e-48ed-86da-5946a1df3760,https://www.valkenswaard.nl/reguliere-openingstijden,Reguliere openingstijden,,true,Openingstijden,,
01284769-54ef-4bac-a312-1871d5e012ee,9b59a171-e91e-48ed-86da-5946a1df3760,https://www.valkenswaard.nl/reserveren-graf,Reserveren graf,,true,Product of dienst,,
bbf62a62-ee8c-4279-94a4-53756b49c1c9,9b59a171-e91e-48ed-86da-5946a1df3760,https://www.valkenswaard.nl/akkoord-tussen-gemeente-valkenswaard-en-jonkers-over-woningbouwontwikkeling-ema-terrein,Akkoord tussen gemeente Valkenswaard en Jonkers over woningbouwontwikkeling EMA-terrein,,true,Nieuwsbericht,,
7e0033d9-df42-4b69-890c-1596166c661b,9b59a171-e91e-48ed-86da-5946a1df3760,https://www.valkenswaard.nl/bezwaar-maken,Bezwaar maken,,true,Product of dienst,,
b9f10520-32bb-42fd-b402-4ab74817947a,9b59a171-e91e-48ed-86da-5946a1df3760,https://www.valkenswaard.nl/kernwaarden,Kernwaarden,,true,Pagina,,
ba2d594b-de9a-4d72-90de-017173685aec,9b59a171-e91e-48ed-86da-5946a1df3760,https://www.valkenswaard.nl/stagemogelijkheden,Stagemogelijkheden,,true,Pagina,,
a227fe95-63b6-4c87-8170-02ea6e8e7197,9b59a171-e91e-48ed-86da-5946a1df3760,https://www.valkenswaard.nl/ontwikkelingen-valkenstaete,Ontwikkelingen Valkenstaete,,true,Nieuwsbericht,,
ce0eeb3e-f70b-4fad-a2b5-13a9ae94941e,9b59a171-e91e-48ed-86da-5946a1df3760,https://www.valkenswaard.nl/ontwikkeling-valkenstaete,Ontwikkeling Valkenstaete,,true,Pagina,,
cc4f71c4-ac59-489d-8c86-da7bf5df3c12,9b59a171-e91e-48ed-86da-5946a1df3760,https://www.valkenswaard.nl/valkenswaard-in-hemelse-sferen,Valkenswaard in Hemelse sferen,,true,Evenement,,
23566469-a9c1-4e4d-8221-0cc7708a2a23,9b59a171-e91e-48ed-86da-5946a1df3760,https://www.valkenswaard.nl/nieuwsbrief-dommelen-zuid-uit,Nieuwsbrief Dommelen-Zuid uit,,true,Nieuwsbericht,,
df9eceb3-ab7e-4a37-8a58-2d9cdbc0c982,9b59a171-e91e-48ed-86da-5946a1df3760,https://www.valkenswaard.nl/gewijzigd-vastgesteld-bestemmingsplan-hofstraat-14-18-mei-2023-tm-28-juni-2023,Gewijzigd vastgesteld bestemmingsplan Hofstraat 14 (18 mei 2023 t/m 28 juni 2023),,true,Pagina,,
0862c11d-719c-4488-9121-479eef235892,9b59a171-e91e-48ed-86da-5946a1df3760,https://www.valkenswaard.nl/samenwerking,Samenwerking,,true,Pagina,,
8cdd0455-5662-4828-a1f0-fff9875dd056,9b59a171-e91e-48ed-86da-5946a1df3760,https://www.valkenswaard.nl/boulevard-en-paardenzone,Boulevard en Paardenzone,,true,Pagina,,
710fad18-fd49-4d79-be54-d58759a30b2c,9b59a171-e91e-48ed-86da-5946a1df3760,https://www.valkenswaard.nl/veelgestelde-vragen,Veelgestelde vragen,,true,Pagina,,
f58779be-986c-4987-8d3c-eecaf7b36350,9b59a171-e91e-48ed-86da-5946a1df3760,https://www.valkenswaard.nl/op-de-hoogte-van-het-laatste-nieuws-met-de-nieuwsbrief-mobiliteit-juli-2023,Op de hoogte van het laatste nieuws met de nieuwsbrief Mobiliteit juli 2023,,true,Nieuwsbericht,,
8e97676e-58c6-46f1-b532-84ffe88860f9,9b59a171-e91e-48ed-86da-5946a1df3760,https://www.valkenswaard.nl/maak-gebruik-van-gratis-advies-of-subsidie-voor-afkoppelen-regenwaterafvoer,Maak gebruik van gratis advies of subsidie voor afkoppelen regenwaterafvoer,,true,Nieuwsbericht,,
8556b70c-d987-487c-9e0c-f21c10e7523c,9b59a171-e91e-48ed-86da-5946a1df3760,https://www.valkenswaard.nl/bestemmingsplan-helenadal-34,Bestemmingsplan Helenadal 34,,true,Pagina,,
ca57f094-07e6-47bb-bbba-ada5dd172982,9b59a171-e91e-48ed-86da-5946a1df3760,https://www.valkenswaard.nl/enquete-geluid-eurocircuit,Enquête geluid Eurocircuit,,true,Nieuwsbericht,,
8b1cfa79-1dc2-4fd0-b985-b441c7e47024,9b59a171-e91e-48ed-86da-5946a1df3760,https://www.valkenswaard.nl/jeugdlintje,Jeugdlintje,,true,Product of dienst,,
4dd6e23b-a6cf-4106-8b96-722a9f079735,9b59a171-e91e-48ed-86da-5946a1df3760,https://www.valkenswaard.nl/parkeerbeleid-en-mobiliteitsplan-valkenswaard-vastgesteld,Parkeerbeleid én mobiliteitsplan Valkenswaard vastgesteld,,true,Nieuwsbericht,,
598e721f-2409-42bb-99af-97c6fafbbdaf,9b59a171-e91e-48ed-86da-5946a1df3760,https://www.valkenswaard.nl/nieuwsbrief-dommelen-zuid,Nieuwsbrief Dommelen-Zuid,,true,Nieuwsbericht,,
653e6236-e71f-4031-9001-494d552a9abd,9b59a171-e91e-48ed-86da-5946a1df3760,https://www.valkenswaard.nl/uitkering-voor-oudere-en-gedeeltelijk-arbeidsongeschikte-zelfstandigen-ioaz,Uitkering voor oudere en gedeeltelijk arbeidsongeschikte zelfstandigen (IOAZ),,true,Product of dienst,,
eea550af-81b5-4d46-b547-abd11a47d0d5,9b59a171-e91e-48ed-86da-5946a1df3760,https://www.valkenswaard.nl/afsluiting-laatste-deel-norbertusdreef,Afsluiting laatste deel Norbertusdreef,,true,Nieuwsbericht,,
da499b8d-03e5-49e0-b260-2315c81c858a,9b59a171-e91e-48ed-86da-5946a1df3760,https://www.valkenswaard.nl/ontwerpbesluit-omgevingsvergunning-molensteen-4-5-oktober-2023-tm-15-november-2023,Ontwerpbesluit omgevingsvergunning Molensteen 4 (5 oktober 2023 t/m 15 november 2023),,true,Pagina,,
8bb1239d-8ced-428c-b288-816a67bc512b,9b59a171-e91e-48ed-86da-5946a1df3760,https://www.valkenswaard.nl/nieuws-en-meldingen,Nieuws en Meldingen,,true,Pagina,,
f9b530ac-35f0-496e-8b7d-c42db2236a87,9b59a171-e91e-48ed-86da-5946a1df3760,https://www.valkenswaard.nl/ontwerpbestemmingsplan-warande-8-28-december-2023-tm-7-februari-2024,Ontwerpbestemmingsplan 'Warande 8' (28 december 2023 t/m 7 februari 2024),,true,Pagina,,
3a0c5fd4-91a1-4375-8e39-f51bd7d3de75,9b59a171-e91e-48ed-86da-5946a1df3760,https://www.valkenswaard.nl/ontwerpbestemmingsplan-jasmijn-28-december-2023-tm-7-februari-2024,Ontwerpbestemmingsplan 'Jasmijn' (28 december 2023 t/m 7 februari 2024),,true,Pagina,,
5bfe3d36-e858-4d41-af03-6fada22c8d94,9b59a171-e91e-48ed-86da-5946a1df3760,https://www.valkenswaard.nl/ontwerpbestemmingsplan-brugseheide-10-21-december-2023-tm-31-januari-2024,Ontwerpbestemmingsplan Brugseheide 10 (21 december 2023 t/m 31 januari 2024),,true,Pagina,,
8b3bda84-1915-4fae-b2b6-bc45e3a1c7db,9b59a171-e91e-48ed-86da-5946a1df3760,https://www.valkenswaard.nl/woning-splitsen,Woning splitsen,,true,Product of dienst,,
5765fd89-9d0b-475a-abd7-f1f8feae97a9,9b59a171-e91e-48ed-86da-5946a1df3760,https://www.valkenswaard.nl/monument,Monument,,true,Product of dienst,,
16a2f267-24d4-41df-905a-497d26f6ce49,9b59a171-e91e-48ed-86da-5946a1df3760,https://www.valkenswaard.nl/subsidie-cultuur,Subsidie cultuur,,true,Product of dienst,,
5aaaf2bc-98aa-4d92-98c2-f21a97d132e1,9b59a171-e91e-48ed-86da-5946a1df3760,https://www.valkenswaard.nl/afval-scheiden,Afval scheiden,,true,Product of dienst,,
e7b02792-87ec-4000-b5a2-170117164164,9b59a171-e91e-48ed-86da-5946a1df3760,https://www.valkenswaard.nl/contact-met-de-gemeente,Contact met de gemeente,,true,Pagina,,
45f6ba12-e811-463a-aab6-84d77b664775,9b59a171-e91e-48ed-86da-5946a1df3760,https://www.valkenswaard.nl/waterschap-de-dommel,Waterschap de Dommel,,true,Pagina,,
98ee3993-2adc-4d0d-a455-1a1e64c28dd4,9b59a171-e91e-48ed-86da-5946a1df3760,https://www.valkenswaard.nl/ontwerpbestemmingsplan-de-wilde-wingerd-20-april-2023-tm-31-mei-2023,Ontwerpbestemmingsplan De Wilde Wingerd (20 april 2023 t/m 31 mei 2023),,true,Pagina,,
96da5615-211d-4b62-891c-667a02e9040b,9b59a171-e91e-48ed-86da-5946a1df3760,https://www.valkenswaard.nl/luchtkwaliteit,Luchtkwaliteit,,true,Product of dienst,,
e4faef18-1268-4a64-b990-f6328e14a454,9b59a171-e91e-48ed-86da-5946a1df3760,https://www.valkenswaard.nl/nieuwsbrief-masterplan-centrum,Nieuwsbrief Masterplan Centrum,,true,Nieuwsbericht,,
4c01b469-394b-4fb7-83f1-ad906dffaeae,9b59a171-e91e-48ed-86da-5946a1df3760,https://www.valkenswaard.nl/gewijzigd-vastgesteld-bestemmingsplan-maastrichterweg-249-255-6-juli-2023-tm-16-augustus-2023,Gewijzigd vastgesteld bestemmingsplan 'Maastrichterweg 249-255' (6 juli 2023 t/m 16 augustus 2023),,true,Pagina,,
a81851b1-ed71-47a0-a467-ddbd4dbf052a,9b59a171-e91e-48ed-86da-5946a1df3760,https://www.valkenswaard.nl/bestemmingsplan-torenstraat-4a-tm-8,Bestemmingsplan Torenstraat 4a t/m 8,,true,Pagina,,
e920f6f1-9cd7-439f-b930-f712a21c7f21,9b59a171-e91e-48ed-86da-5946a1df3760,https://www.valkenswaard.nl/uitleg-rss-feed,RSS-feed,,true,Pagina,,
47e1c300-fcc3-411f-b1a5-92818f3941f3,9b59a171-e91e-48ed-86da-5946a1df3760,https://www.valkenswaard.nl/nieuwsbrief-bestemmingsplan-eurocircuit,Nieuwsbrief Bestemmingsplan Eurocircuit,,true,Nieuwsbericht,,
b1812b6c-df43-46fc-b820-1a87e457c4a4,9b59a171-e91e-48ed-86da-5946a1df3760,https://www.valkenswaard.nl/hulp-bij-lezen-schrijven-of-computer,"Hulp bij lezen, schrijven of computer",,true,Product of dienst,,
9a24cee6-3839-4351-aafc-4fed2ca68e9d,9b59a171-e91e-48ed-86da-5946a1df3760,https://www.valkenswaard.nl/malpie-nog-mooier,Malpie nog mooier,,true,Overzichtspagina,,
850bddf8-47c7-48e2-8ac1-9cc454014dcd,9b59a171-e91e-48ed-86da-5946a1df3760,https://www.valkenswaard.nl/nicole-vlassak-bots,Nicole Vlassak-Bots,,true,Profiel,,
27e04e61-a062-4858-8119-72b0b9e02bd9,9b59a171-e91e-48ed-86da-5946a1df3760,https://www.valkenswaard.nl/studietoeslag,Studietoeslag,,true,Product of dienst,,
70a38626-4055-4433-a8dc-272db6cf8bd1,9b59a171-e91e-48ed-86da-5946a1df3760,https://www.valkenswaard.nl/resultaten-onderzoek-vrijetijd-en-participatie-jeugd,Resultaten onderzoek vrijetijd en participatie jeugd,,true,Nieuwsbericht,,
ed8df860-4041-4df8-8916-befdd82f794b,9b59a171-e91e-48ed-86da-5946a1df3760,https://www.valkenswaard.nl/even-stilstaan-en-vooruitkijken-dommelen-zuid,Even stilstaan en vooruitkijken: Dommelen-Zuid,,true,Nieuwsbericht,,
a3625438-6422-4cc5-9eb4-188553e625ab,9b59a171-e91e-48ed-86da-5946a1df3760,https://www.valkenswaard.nl/ontwerpbestemmingsplan-hoppenbrouwers-12-28-december-2023-tm-7-februari-2024,Ontwerpbestemmingsplan 'Hoppenbrouwers 12' (28 december 2023 t/m 7 februari 2024),,true,Pagina,,
ca9bad0e-39e4-438d-bbbb-ae25792e18c0,9b59a171-e91e-48ed-86da-5946a1df3760,https://www.valkenswaard.nl/proefsleuvenonderzoek-schans-van-weerde,Proefsleuvenonderzoek Schans van Weerde,,true,Nieuwsbericht,,
cf9ac21d-0c07-465d-9319-791b9260a2ab,9b59a171-e91e-48ed-86da-5946a1df3760,https://www.valkenswaard.nl/transport-gevaarlijke-stoffen,Transport gevaarlijke stoffen,,true,Product of dienst,,
dffc3e18-c5ee-4674-884b-4c25353e1daf,9b59a171-e91e-48ed-86da-5946a1df3760,https://www.valkenswaard.nl/veelgestelde-vragen-verkeer,Veelgestelde vragen verkeer,,true,Pagina,,
e56ea41b-988b-4e99-887c-83a5e49970c0,9b59a171-e91e-48ed-86da-5946a1df3760,https://www.valkenswaard.nl/reclamebelasting,Reclamebelasting,,true,Product of dienst,,
077c2cfc-00f1-40d2-8e04-5eaf287ce6b6,9b59a171-e91e-48ed-86da-5946a1df3760,https://www.valkenswaard.nl/besluit-aanwijzing-toezichthouders-gemeente-valkenswaard-2024,Besluit aanwijzing toezichthouders gemeente Valkenswaard 2024,,true,Pagina,,
298f8ef1-57fc-4fa2-b416-82be5a087edb,9b59a171-e91e-48ed-86da-5946a1df3760,https://www.valkenswaard.nl/omgevingsplan,Omgevingsplan,,true,Pagina,,
35009c1e-c244-4450-9ae8-5a3d08bd1b27,9b59a171-e91e-48ed-86da-5946a1df3760,https://www.valkenswaard.nl/begraven-of-cremeren,Begraven of cremeren,,true,Product of dienst,,
edfa4d6c-a115-4f8e-b497-2c16b81f66f1,9b59a171-e91e-48ed-86da-5946a1df3760,https://www.valkenswaard.nl/bedrijf-starten,Bedrijf starten,,true,Product of dienst,,
5c82d749-68e7-4668-acc2-02456da6d1c9,9b59a171-e91e-48ed-86da-5946a1df3760,https://www.valkenswaard.nl/reclamemateriaal-verspreiden-flyeren,Reclamemateriaal verspreiden / flyeren,,true,Product of dienst,,
d5a8e60e-99d6-43f8-b6bb-14b60e725795,9b59a171-e91e-48ed-86da-5946a1df3760,https://www.valkenswaard.nl/malpie-slecht-begaanbaar-door-modder,Malpie slecht begaanbaar door modder,,true,Nieuwsbericht,,
3a0fb5a7-1531-4b26-87cb-2003fc194574,9b59a171-e91e-48ed-86da-5946a1df3760,https://www.valkenswaard.nl/start-reconstructie-dommelseweg-25-maart,Start reconstructie Dommelseweg 25 maart,,true,Nieuwsbericht,,
f521ecea-84e5-457c-a58a-dc22e8c92cb0,9b59a171-e91e-48ed-86da-5946a1df3760,https://www.valkenswaard.nl/gehandicaptenparkeerplaats,Gehandicaptenparkeerplaats,,true,Product of dienst,,
9e75e199-9bff-4e74-9eba-2406fb34cc3d,9b59a171-e91e-48ed-86da-5946a1df3760,https://www.valkenswaard.nl/kabelgoottegel,Kabelgoottegel,,true,Product of dienst,,
63d9ff41-47fa-4fed-b78d-7d8fce4ba288,9b59a171-e91e-48ed-86da-5946a1df3760,https://www.valkenswaard.nl/ontwerpbestemmingsplan-dorpsstraat-13a-30-maart-2023-tm-11-mei-2023,Ontwerpbestemmingsplan Dorpsstraat 13a (30 maart 2023 t/m 11 mei 2023),,true,Pagina,,
9c26d4b3-24a7-4197-b2c4-96b3085b397e,9b59a171-e91e-48ed-86da-5946a1df3760,https://www.valkenswaard.nl/ontwerpbestemmingsplan-torenstraat-4a-tm-8-6-april-2023-tm-17-mei-2023,Ontwerpbestemmingsplan Torenstraat 4a t/m 8 (6 april 2023 t/m 17 mei 2023),,true,Pagina,,
14e3ef71-70cd-46f3-91f4-977b0d88dc9a,9b59a171-e91e-48ed-86da-5946a1df3760,https://www.valkenswaard.nl/start-snelheidscampagne-in-dommelen-zuid-welkom-in-onze-buurt-30-is-hard-zat,"Start snelheidscampagne in Dommelen-Zuid “Welkom in onze buurt, 30 is hard zat!”",,true,Nieuwsbericht,,
4d0a291d-ec40-4496-81dd-851382d672dc,9b59a171-e91e-48ed-86da-5946a1df3760,https://www.valkenswaard.nl/leden-subsidie-adviescommissie-herbenoemd,Leden Subsidie Adviescommissie (her)benoemd,,true,Pagina,,
08a374d9-3183-48ab-a04d-7540923e9e08,9b59a171-e91e-48ed-86da-5946a1df3760,https://www.valkenswaard.nl/s-sherena-tempelaars,S. (Sherena) Tempelaars,,true,Profiel,,
9a76ca8e-7ea2-45f6-acbf-797d03958c2c,9b59a171-e91e-48ed-86da-5946a1df3760,https://www.valkenswaard.nl/straatnamenlijst,straatnamenlijst en namen parken en plantsoenen,,true,Product of dienst,,
f88d8c2b-dc71-4c6d-99db-5ab06c31327c,9b59a171-e91e-48ed-86da-5946a1df3760,https://www.valkenswaard.nl/ontwerpbestemmingsplan-schafterdijk-23-14-december-2023-tm-24-januari-2024,Ontwerpbestemmingsplan Schafterdijk 23 (14 december 2023 t/m 24 januari 2024),,true,Pagina,,
12855e0a-fd30-4235-97ed-92b6832f00dc,9b59a171-e91e-48ed-86da-5946a1df3760,https://www.valkenswaard.nl/ontwerpbestemmingsplan-valkenstaete-21-december-2023-tm-31-januari-2024,Ontwerpbestemmingsplan 'Valkenstaete' (21 december 2023 t/m 31 januari 2024),,true,Pagina,,
a5c936ed-63e7-4793-a90f-7f43d119e81b,9b59a171-e91e-48ed-86da-5946a1df3760,https://www.valkenswaard.nl/excursie-naar-natuurherstelproject-op-malpie,Excursie naar natuurherstelproject op Malpie,,true,Nieuwsbericht,,
21496d4d-7b29-497f-a349-f163734375e1,9b59a171-e91e-48ed-86da-5946a1df3760,https://www.valkenswaard.nl/achternaam-van-uw-kind-kiezen,Achternaam van uw kind kiezen,,true,Product of dienst,,
dfe11c81-b24e-4250-90c4-7ea176a65b47,9b59a171-e91e-48ed-86da-5946a1df3760,https://www.valkenswaard.nl/natuurherstel-malpie-start-najaar-2023,Natuurherstel Malpie start najaar 2023,,true,Nieuwsbericht,,
280f2fd5-30c2-42ed-8bb3-cb00443fd2ca,9b59a171-e91e-48ed-86da-5946a1df3760,https://www.valkenswaard.nl/participatie-en-omgevingswet,Participatie en Omgevingswet,,true,Product of dienst,,
a5cfcb6c-d27a-4171-b77d-27cf88801ae9,9b59a171-e91e-48ed-86da-5946a1df3760,https://www.valkenswaard.nl/koninklijke-onderscheiding-lintje,"Koninklijke onderscheiding,  lintje",,true,Product of dienst,,
ca31304c-7673-4e2d-9762-b7aa6e9222e9,9b59a171-e91e-48ed-86da-5946a1df3760,https://www.valkenswaard.nl/stappenplan-verbouwen,Stappenplan (ver)bouwen,,true,Product of dienst,,
4e45aa95-20d6-4b56-934f-7306c81d3a06,9b59a171-e91e-48ed-86da-5946a1df3760,https://www.valkenswaard.nl/onroerende-zaakbelasting-ozb,Onroerende zaakbelasting (OZB),,true,Product of dienst,,
1fbfc2a2-2c38-4857-bcb7-8274e3168520,9b59a171-e91e-48ed-86da-5946a1df3760,https://www.valkenswaard.nl/mobiliteitsplan,Mobiliteitsplan,,true,Product of dienst,,
4f457f44-2215-493e-98e4-d84952503499,9b59a171-e91e-48ed-86da-5946a1df3760,https://www.valkenswaard.nl/regionale-energiestrategie-res-0,Regionale Energiestrategie (RES),,true,Nieuwsbericht,,
61f11dfe-e5a6-4c98-b9f4-c56d94844e83,9b59a171-e91e-48ed-86da-5946a1df3760,https://www.valkenswaard.nl/maatschappelijk-beleid-grootschalige-zonne-en-windenergie,Maatschappelijk beleid grootschalige zonne- en windenergie,,true,Pagina,,
4ca7d68f-65ca-4d80-b8e6-7b70f06f9e55,9b59a171-e91e-48ed-86da-5946a1df3760,https://www.valkenswaard.nl/stemmen,Stemmen,,true,Overzichtspagina,,
13ca9e27-8d2e-436e-91b4-293c476c8d11,9b59a171-e91e-48ed-86da-5946a1df3760,https://www.valkenswaard.nl/verkiezing-europees-parlement-2024,Verkiezing Europees Parlement 2024,,true,Pagina,,
6206ea81-1db0-47ed-af1c-21592828a4ad,9b59a171-e91e-48ed-86da-5946a1df3760,https://www.valkenswaard.nl/hoe-stem-ik-vanuit-het-buitenland,Hoe stem ik vanuit het buitenland?,,true,Pagina,,
e689552a-b05a-4924-b696-ee6e9774ad85,9b59a171-e91e-48ed-86da-5946a1df3760,https://www.valkenswaard.nl/vacatures,Vacatures,,true,Overzichtspagina,,
4089f9d6-cf61-4dd4-8b8d-ca7d1bce34d6,9b59a171-e91e-48ed-86da-5946a1df3760,https://www.valkenswaard.nl/natuurherstel-malpie-start-dit-najaar,Natuurherstel Malpie start dit najaar,,true,Nieuwsbericht,,
d929b426-c02c-4516-929d-abf80c22ba83,9b59a171-e91e-48ed-86da-5946a1df3760,https://www.valkenswaard.nl/dieren-opvang-zwervende-en-gewonde-dieren,"Dieren, opvang zwervende en gewonde dieren",,true,Product of dienst,,
b2b81469-3ebe-4cd1-baa0-9c62934cb2cd,9b59a171-e91e-48ed-86da-5946a1df3760,https://www.valkenswaard.nl/meehelpen-bij-de-verkiezingen,Meehelpen bij de verkiezingen?,,true,Pagina,,
e979d037-38db-4e41-bf22-ba77101203d6,9b59a171-e91e-48ed-86da-5946a1df3760,https://www.valkenswaard.nl/verstrekkingsbeperking-persoonsgegevens,Verstrekkingsbeperking persoonsgegevens,,true,Pagina,,
b199da96-cc42-4d65-97e0-2ac9d0799d09,9b59a171-e91e-48ed-86da-5946a1df3760,https://www.valkenswaard.nl/bijzondere-bijstand,Bijzondere bijstand,,true,Product of dienst,,
6e0de6ed-36c1-44fa-a16e-75480664ca71,9b59a171-e91e-48ed-86da-5946a1df3760,https://www.valkenswaard.nl/ontwerpbestemmingsplan-grensweg-15-26-oktober-2023-tm-6-december-2023,Ontwerpbestemmingsplan 'Grensweg 15' (26 oktober 2023 t/m 6 december 2023),,true,Pagina,,
7acacff5-e97d-43eb-a2b6-12767453a108,9b59a171-e91e-48ed-86da-5946a1df3760,https://www.valkenswaard.nl/bijstand-voor-zelfstandigen,Bijstand voor zelfstandigen,,true,Product of dienst,,
3ea542c0-872f-4362-8f28-45e7ddf2c363,9b59a171-e91e-48ed-86da-5946a1df3760,https://www.valkenswaard.nl/ontwerp-wijzigingsplan-bergeijksedijk-26-30-november-2023-tm-10-januari-2024,Ontwerp wijzigingsplan Bergeijksedijk 26 (30 november 2023 t/m 10 januari 2024),,true,Pagina,,
cee8a4da-3e55-4c68-b84c-c231b8e8ff14,9b59a171-e91e-48ed-86da-5946a1df3760,https://www.valkenswaard.nl/aan-de-slag-met-energie-besparen,Aan de slag met energie besparen,,true,Pagina,,
597a93dd-8aa9-4c3f-9ecb-f74b0a498849,9b59a171-e91e-48ed-86da-5946a1df3760,https://www.valkenswaard.nl/samen-houden-we-valkenswaard-schoon,Samen houden we Valkenswaard schoon!,,true,Pagina,,
56955af3-0f95-437e-81fd-886188d36129,9b59a171-e91e-48ed-86da-5946a1df3760,https://www.valkenswaard.nl/voorlopig-ontwerp-verkeerstraject-valkenswaardse-poort,Voorlopig ontwerp verkeerstraject Valkenswaardse Poort,,true,Nieuwsbericht,,
6f95ae29-4b1d-465f-ba0f-7ae1d0b4ebb3,9b59a171-e91e-48ed-86da-5946a1df3760,https://www.valkenswaard.nl/werk-aan-de-eindhovenseweg-update-10-januari-2024,Werk aan de (Eindhovense)weg. Update 10 januari 2024,,true,Nieuwsbericht,,
e880a425-2be0-49d7-86ea-591ba105d97e,9b59a171-e91e-48ed-86da-5946a1df3760,https://www.valkenswaard.nl/nieuwsbrief-eurocircuit-uit,Nieuwsbrief Eurocircuit uit,,true,Nieuwsbericht,,
6be05ab0-d6f2-4ce7-9bc8-c0be2ca4e888,9b59a171-e91e-48ed-86da-5946a1df3760,https://www.valkenswaard.nl/bodemenergie,Bodemenergie,,true,Product of dienst,,
fbe297ce-d5d4-44e4-a370-79600dac928b,9b59a171-e91e-48ed-86da-5946a1df3760,https://www.valkenswaard.nl/start-werkzaamheden-leenderweg-11-september,Start werkzaamheden Leenderweg 11 september,,true,Nieuwsbericht,,
4fd08641-df43-4949-883f-9de55b6cdb51,9b59a171-e91e-48ed-86da-5946a1df3760,https://www.valkenswaard.nl/samen-voor-een-fijner-en-duurzamer-gegraaf,Samen voor een fijner en duurzamer Gegraaf,,true,Nieuwsbericht,,
9169bdeb-903b-482c-bec6-013401e2ad55,9b59a171-e91e-48ed-86da-5946a1df3760,https://www.valkenswaard.nl/bekendmakingen-verkiezingen,Bekendmakingen verkiezingen,,true,Pagina,,
5ba01934-c474-44e3-bebd-72a1942f3163,9b59a171-e91e-48ed-86da-5946a1df3760,https://www.valkenswaard.nl/michael-penders,Michael Penders,,true,Profiel,,
1941729c-1c66-4064-9759-704a9eb0b763,9b59a171-e91e-48ed-86da-5946a1df3760,https://www.valkenswaard.nl/bijstandsuitkering-bij-verblijf-in-een-instelling-of-tehuis,Bijstandsuitkering bij verblijf in een instelling of tehuis,,true,Product of dienst,,
3b8dace8-70bd-4af5-92e9-40aae699ac34,9b59a171-e91e-48ed-86da-5946a1df3760,https://www.valkenswaard.nl/uitslag-tweede-kamerverkiezingen-2023,Uitslag Tweede Kamerverkiezingen 2023,,true,Pagina,,
8c087076-3b58-4dbf-b65f-81889ff1f387,9b59a171-e91e-48ed-86da-5946a1df3760,https://www.valkenswaard.nl/ecologisch-bermbeheer-nu-ook-in-buitengebied,"Ecologisch bermbeheer, nu ook in buitengebied",,true,Nieuwsbericht,,
dff48a71-2b69-4fe9-a285-ef3a7c75aaa9,9b59a171-e91e-48ed-86da-5946a1df3760,https://www.valkenswaard.nl/op-de-hoogte-blijven,Op de hoogte blijven,,true,Pagina,,
f59b66eb-7c17-4a27-a1fd-d8a40d5ad586,9b59a171-e91e-48ed-86da-5946a1df3760,https://www.valkenswaard.nl/225-miljoen-euro-europese-subsidie-voor-de-groote-heide,"2,25 Miljoen euro europese subsidie voor De Groote Heide",,true,Nieuwsbericht,,
f7933486-7df3-43ca-afb5-7acd6729ed17,9b59a171-e91e-48ed-86da-5946a1df3760,https://www.valkenswaard.nl/waarmerken-kopie,Waarmerken kopie,,true,Product of dienst,,
c82ff4dc-5b19-4431-9a4d-de75b914c8ff,9b59a171-e91e-48ed-86da-5946a1df3760,https://www.valkenswaard.nl/alle-historische-kennis-valkenswaard-in-een-boek,Alle historische kennis Valkenswaard in één boek,,true,Nieuwsbericht,,
e2075f30-2ea1-44f6-83a7-25eaf21ef021,9b59a171-e91e-48ed-86da-5946a1df3760,https://www.valkenswaard.nl/watervergunning,Watervergunning,,true,Product of dienst,,
665c9b1f-d9d4-4a6b-955e-fc0c0210cced,9b59a171-e91e-48ed-86da-5946a1df3760,https://www.valkenswaard.nl/vastgestelde-nota-grondbeleid,Vastgestelde nota grondbeleid,,true,Pagina,,
e0036cd8-325c-497b-8f31-3519122b9210,9b59a171-e91e-48ed-86da-5946a1df3760,https://www.valkenswaard.nl/subsidie-algemeen,Subsidie algemeen,,true,Product of dienst,,
d2a8f3af-80b7-478d-b997-273c97775095,9b59a171-e91e-48ed-86da-5946a1df3760,https://www.valkenswaard.nl/wijzigingsplan-bergeijksedijk-26,Wijzigingsplan Bergeijksedijk 26,,true,Pagina,,
c9245cc8-5ff0-4064-8442-359e2dd4b818,9b59a171-e91e-48ed-86da-5946a1df3760,https://www.valkenswaard.nl/informatie-rondom-het-aanleveren-van-een-foto,Informatie rondom het aanleveren van een foto,,true,Product of dienst,,
a32f443e-0124-4f40-8a50-41c6ce28463c,9b59a171-e91e-48ed-86da-5946a1df3760,https://www.valkenswaard.nl/verzoek-om-handhaving,Verzoek om handhaving,,true,Product of dienst,,
a113e2a7-7e2e-4a84-942e-e23b021bcd97,9b59a171-e91e-48ed-86da-5946a1df3760,https://www.valkenswaard.nl/grafsteen-of-gedenkteken-plaatsen,Grafsteen of gedenkteken plaatsen,,true,Product of dienst,,
06a5c112-2688-4842-b6fe-c80e8e249306,9b59a171-e91e-48ed-86da-5946a1df3760,https://www.valkenswaard.nl/subsidie-bevorderen-sociale-cohesie,Subsidie bevorderen sociale cohesie,,true,Product of dienst,,
b249933e-9257-4b11-b48f-b6ebb617861a,9b59a171-e91e-48ed-86da-5946a1df3760,https://www.valkenswaard.nl/ontwerpbestemmingsplan-luikerweg-dommelseweg-het-ema-terrein-28-december-2023-tm-7-februari-2024,Ontwerpbestemmingsplan 'Luikerweg-Dommelseweg (het EMA-terrein)' (28 december 2023 t/m 7 februari 2024),,true,Pagina,,
a13fadc4-9c7f-48b8-b9e2-c7e80e239122,9b59a171-e91e-48ed-86da-5946a1df3760,https://www.valkenswaard.nl/nieuwsbrief-dommelland-uit,Nieuwsbrief Dommelland uit,,true,Nieuwsbericht,,
4eafde1b-6a91-48d0-9401-351bcfd3c5cf,9b59a171-e91e-48ed-86da-5946a1df3760,https://www.valkenswaard.nl/vuur-stoken,Vuur stoken,,true,Product of dienst,,
e3b3574f-74ac-44b1-b0da-240525d1b11c,9b59a171-e91e-48ed-86da-5946a1df3760,https://www.valkenswaard.nl/taxatieverslag-woz,Taxatieverslag WOZ,,true,Product of dienst,,
5aea2568-c788-4624-bbd3-260af3f93099,9b59a171-e91e-48ed-86da-5946a1df3760,https://www.valkenswaard.nl/uitbreiding-energienet-kerkakkers-door-enexis-netbeheer,Uitbreiding energienet Kerkakkers door Enexis Netbeheer,,true,Nieuwsbericht,,
1b72c98f-051d-41cc-a04e-b462f22e55f0,9b59a171-e91e-48ed-86da-5946a1df3760,https://www.valkenswaard.nl/wood4wood-direct-bijdragen-aan-de-natuur-in-valkenswaard,‘Wood4wood’: direct bijdragen aan de natuur in Valkenswaard,,true,Nieuwsbericht,,
f844263b-b49c-4804-bdac-3656f0c83a6f,9b59a171-e91e-48ed-86da-5946a1df3760,https://www.valkenswaard.nl/subsidie-sportactiviteiten,Subsidie sportactiviteiten,,true,Product of dienst,,
abb4a983-61c6-40f2-bb47-029b8034c70c,9b59a171-e91e-48ed-86da-5946a1df3760,https://www.valkenswaard.nl/gokautomaat-plaatsen,Gokautomaat plaatsen,,true,Product of dienst,,
e398b4b1-7fc9-4e18-9067-0b33b0cde5a3,9b59a171-e91e-48ed-86da-5946a1df3760,https://www.valkenswaard.nl/vrijwilligersverzekering,Vrijwilligersverzekering,,true,Product of dienst,,
c25f5d34-fc4c-4c07-84c2-e78fdce961f7,9b59a171-e91e-48ed-86da-5946a1df3760,https://www.valkenswaard.nl/privacy,Privacy,,true,Product of dienst,,
f6705bf4-2a37-45b1-a694-9df36c98bbad,9b59a171-e91e-48ed-86da-5946a1df3760,https://www.valkenswaard.nl/inloopbijeenkomst-bestemmingsplan-eurocircuit-6-juni,Inloopbijeenkomst bestemmingsplan Eurocircuit 6 juni,,true,Nieuwsbericht,,
3145f44e-7d4f-46bd-87de-03f6c5f62ed0,9b59a171-e91e-48ed-86da-5946a1df3760,https://www.valkenswaard.nl/nieuwsbrief-nr-12-dommelseweg-start-bijna,Nieuwsbrief nr 12 Dommelseweg start bijna,,true,Nieuwsbericht,,
10e7b4e9-6288-43be-b6aa-45e9ba177665,9b59a171-e91e-48ed-86da-5946a1df3760,https://www.valkenswaard.nl/berichten-over-uw-buurt-bekendmakingen-overheid-direct-in-uw-inbox,'Berichten over uw Buurt' - Bekendmakingen overheid direct in uw inbox,,true,Nieuwsbericht,,
dee064c5-9d3b-4bcb-893a-e6cc0f05c703,9b59a171-e91e-48ed-86da-5946a1df3760,https://www.valkenswaard.nl/nieuw-tijdperk-voor-rugbyclub-the-vets-met-duurzaam-clubhuis,Nieuw tijdperk voor Rugbyclub The Vets met duurzaam clubhuis,,true,Nieuwsbericht,,
aedb1bec-a546-422e-b443-a56bcf833679,9b59a171-e91e-48ed-86da-5946a1df3760,https://www.valkenswaard.nl/veranderingen-in-het-afval-inzamelen-in-de-gemeente-valkenswaard,Veranderingen in het afval inzamelen in de gemeente Valkenswaard,,true,Nieuwsbericht,,
6caab669-6bdb-4866-a52d-bdc2c5e9b34e,9b59a171-e91e-48ed-86da-5946a1df3760,https://www.valkenswaard.nl/afvalstoffenbeleid-en-financien,Afvalstoffenbeleid en financiën,,true,Product of dienst,,
7db7fab1-6c3e-459d-81cb-789c7cf6db1a,9b59a171-e91e-48ed-86da-5946a1df3760,https://www.valkenswaard.nl/gemeente-en-energiek-valkenswaard-slaan-handen-ineen,Gemeente en Energiek Valkenswaard slaan handen ineen!,,true,Nieuwsbericht,,
9b0220c5-9cfc-4947-a5f5-e6b344db435c,9b59a171-e91e-48ed-86da-5946a1df3760,https://www.valkenswaard.nl/vroege-vogels-tv-bezoekt-de-malpie,Vroege Vogels TV bezoekt de Malpie,,true,Nieuwsbericht,,
41b368aa-19ea-470d-aa27-917c4def003d,9b59a171-e91e-48ed-86da-5946a1df3760,https://www.valkenswaard.nl/als-huurder-krijg-je-nu-ook-een-afkoppelsubsidie,Als huurder krijg je nu ook een afkoppelsubsidie!,,true,Nieuwsbericht,,
0037a876-7a8d-4e8a-bab7-fdc9257b8b83,9b59a171-e91e-48ed-86da-5946a1df3760,https://www.valkenswaard.nl/beleid-sociaal-domein,Beleid Sociaal Domein,,true,Product of dienst,,
5c839a8b-fd73-4aa7-b4c0-74f4b54a382c,9b59a171-e91e-48ed-86da-5946a1df3760,https://www.valkenswaard.nl/buurtbus-via-achelse-kluis,Buurtbus via Achelse Kluis,,true,Nieuwsbericht,,
bf627de8-31c9-4ce7-a4cb-46700d09a5c0,9b59a171-e91e-48ed-86da-5946a1df3760,https://www.valkenswaard.nl/nestkastjes-in-hartje-valkenswaard-voor-biodiversiteit,Nestkastjes in hartje Valkenswaard voor biodiversiteit,,true,Nieuwsbericht,,
93449166-b1ef-4088-9284-9021e60f1359,9b59a171-e91e-48ed-86da-5946a1df3760,https://www.valkenswaard.nl/uitslagEP2024,Uitslag verkiezingen Europees Parlement 2024,,true,Pagina,,
68fcc3f0-cac0-4380-8a3c-96474a173048,9b59a171-e91e-48ed-86da-5946a1df3760,https://www.valkenswaard.nl/vragen-en-antwoorden-over-opvang-van-alleenstaande-minderjarige-asielzoekers-in-valkenswaard,Vragen en antwoorden over opvang van alleenstaande minderjarige asielzoekers in Valkenswaard,,true,Pagina,,
7195c3f8-875d-467b-8352-9a261477bf2e,9b59a171-e91e-48ed-86da-5946a1df3760,https://www.valkenswaard.nl/opvang-alleenstaande-minderjarige-asielzoekers-in-valkenswaard,Opvang alleenstaande minderjarige asielzoekers in Valkenswaard,,true,Nieuwsbericht,,
d36f4547-68e8-4d13-bb5f-767b2988c949,9b59a171-e91e-48ed-86da-5946a1df3760,https://www.valkenswaard.nl/drie-slimme-zonnebrandpalen-in-valkenswaard-meer-doen-om-te-beschermen-tegen-de-zon,Drie slimme zonnebrandpalen in Valkenswaard: ‘meer doen om te beschermen tegen de zon’,,true,Nieuwsbericht,,
aca45077-f149-4251-8a53-7b9062e4c734,9b59a171-e91e-48ed-86da-5946a1df3760,https://www.valkenswaard.nl/links,Links,,true,Pagina,,
00088074-e692-47c1-8250-fb0349c66f44,9b59a171-e91e-48ed-86da-5946a1df3760,https://www.valkenswaard.nl/hulp-nodig-bij-idee-voor-jouw-buurt-laat-het-ons-weten,Hulp nodig bij idee voor jouw buurt? Laat het ons weten!,,true,Nieuwsbericht,,
c967a0c5-5ecf-4ade-b79c-9595c1f597eb,9b59a171-e91e-48ed-86da-5946a1df3760,https://www.valkenswaard.nl/bestemmingsplan-eurocircuit-definitief-naar-de-raad-in-juni,Bestemmingsplan Eurocircuit definitief naar de raad in juni,,true,Nieuwsbericht,,
dc7e70f5-9e94-4135-9281-9e74c91d3826,9b59a171-e91e-48ed-86da-5946a1df3760,https://www.valkenswaard.nl/update-werkzaamheden-dommelseweg,Update werkzaamheden Dommelseweg,,true,Nieuwsbericht,,
2c8f3045-9eb9-47bc-838d-c7e4e5288521,9b59a171-e91e-48ed-86da-5946a1df3760,https://www.valkenswaard.nl/bestemmingsplan-schafterdijk-23-0,Bestemmingsplan Schafterdijk 23,,true,Pagina,,
a67178f1-9629-4c6a-a0c0-affddd6ac2bc,9b59a171-e91e-48ed-86da-5946a1df3760,https://www.valkenswaard.nl/opvang-alleenstaande-minderjarige-asielzoekers,Opvang alleenstaande minderjarige asielzoekers,,true,Pagina,,
c66012ce-aa58-48c4-b443-0ecc460eebdc,9b59a171-e91e-48ed-86da-5946a1df3760,https://www.valkenswaard.nl/ontwerpbesluit-omgevingsvergunning-peperstraat-100-6-juni-tm-17-juli-2024,Ontwerpbesluit omgevingsvergunning Peperstraat 100 (6 juni t/m 17 juli 2024),,true,Pagina,,
701c124a-6b5f-4937-b532-e8bc7676d6e5,9b59a171-e91e-48ed-86da-5946a1df3760,https://www.valkenswaard.nl/parkeervergunning-voor-bedrijven,Parkeervergunning voor bedrijven,,true,Pagina,,
81f8856b-4a87-445d-be1b-002effa31a25,9b59a171-e91e-48ed-86da-5946a1df3760,https://www.valkenswaard.nl/prachtige-trimbaan-borkel-schaft-geopend,Prachtige trimbaan Borkel & Schaft geopend,,true,Nieuwsbericht,,
78be79a2-cece-471d-9741-4d50623d81ea,9b59a171-e91e-48ed-86da-5946a1df3760,https://www.valkenswaard.nl/parkeerverordening-en-parkeerbelastingverordening,Parkeerverordening en parkeerbelastingverordening,,true,Overzichtspagina,,
db08d094-6eac-47b9-a6e2-9082809956fd,9b59a171-e91e-48ed-86da-5946a1df3760,https://www.valkenswaard.nl/bestemmingsplan-schafterdijk-23,Bestemmingsplan Schafterdijk 23,,true,Pagina,,
6cf72d37-d45f-480e-90dc-a083dca08e2e,9b59a171-e91e-48ed-86da-5946a1df3760,https://www.valkenswaard.nl/bezoekersregeling,Bezoekersregeling,,true,Pagina,,
33940ccc-0f22-4691-8f5c-8faa69bec1f8,9b59a171-e91e-48ed-86da-5946a1df3760,https://www.valkenswaard.nl/subsidies,Subsidies,,true,Landingspagina,,
bd24b3a1-0497-41f6-bdaa-94782a9fabe3,9b59a171-e91e-48ed-86da-5946a1df3760,https://www.valkenswaard.nl/subsidies-en-regelingen-voor-woningen,Subsidies en regelingen voor woningen,,true,Overzichtspagina,,
8e874364-5f72-4269-8d81-39a475811df6,9b59a171-e91e-48ed-86da-5946a1df3760,https://www.valkenswaard.nl/natura-2000-project-dommeldal-van-waterschap,Natura 2000-project Dommeldal van Waterschap,,true,Nieuwsbericht,,
60ae3dfb-ccd6-42b3-a229-82ef00a525f8,9b59a171-e91e-48ed-86da-5946a1df3760,https://www.valkenswaard.nl/informatieplicht-bij-sloopwerkzaamheden,Informatieplicht bij sloopwerkzaamheden,,true,Pagina,,
704a78c4-0fa8-4672-81b3-c2bc4ca1f1ed,9b59a171-e91e-48ed-86da-5946a1df3760,https://www.valkenswaard.nl/grote-verkeersveiligheidsactie-sportpark-den-dries,Grote verkeersveiligheidsactie Sportpark Den Dries,,true,Nieuwsbericht,,
0b3d1ac4-9827-4139-b636-456339d4089c,9b59a171-e91e-48ed-86da-5946a1df3760,https://www.valkenswaard.nl/campagne-samen-voor-een-veilige-buurt-van-start,Campagne Samen voor een veilige buurt van start,,true,Nieuwsbericht,,
6251de25-8785-478e-bd78-6fa828a0b9e6,9b59a171-e91e-48ed-86da-5946a1df3760,https://www.valkenswaard.nl/bwd141124fgr,Functies Groen,,true,Pagina,,
34f1f184-d6d1-4464-978b-110198c0b854,9b59a171-e91e-48ed-86da-5946a1df3760,https://www.valkenswaard.nl/bwd141124fg,Functies Gezondheid,,true,Pagina,,
b74e93a6-75c9-4978-94b5-371f2a6ec5ed,9b59a171-e91e-48ed-86da-5946a1df3760,https://www.valkenswaard.nl/bwd141124fd,Functies Duurzaamheid,,true,Pagina,,
a1b0abab-22cf-46d1-a868-84cefed00886,9b59a171-e91e-48ed-86da-5946a1df3760,https://www.valkenswaard.nl/je-bedrijf-verduurzamen-bekijk-het-zakelijk-energieloket,Je bedrijf verduurzamen? Bekijk het Zakelijk Energieloket,,true,Pagina,,
25b06657-e6f5-4501-8d77-86524d72b5ba,9b59a171-e91e-48ed-86da-5946a1df3760,https://www.valkenswaard.nl/subsidie-afkoppelen-regenwater,Subsidie afkoppelen regenwater,,true,Product of dienst,,
380d46d4-5387-4d76-a9b6-ab2721ed501d,9b59a171-e91e-48ed-86da-5946a1df3760,https://www.valkenswaard.nl/afleggen-ondersteuningsverklaring-voor-de-verkiezingen,Afleggen ondersteuningsverklaring voor de verkiezingen,,true,Product of dienst,,
513f82b0-cd86-49dc-9a93-b64db39e2ab7,9b59a171-e91e-48ed-86da-5946a1df3760,https://www.valkenswaard.nl/aangifte-van-overlijden,Aangifte van overlijden,,true,Product of dienst,,
c3c0acb2-7bde-492c-839b-988fdab24a7a,9b59a171-e91e-48ed-86da-5946a1df3760,https://www.valkenswaard.nl/snelheidscampagne-van-start-op-de-carolusdreef-en-waalreseweg,Snelheidscampagne van start op de Carolusdreef en Waalreseweg!,,true,Nieuwsbericht,,
7999175f-e3d9-43e9-ba45-cae083acd363,9b59a171-e91e-48ed-86da-5946a1df3760,https://www.valkenswaard.nl/natuurspeeltuin-dukaathof,Natuurspeeltuin Dukaathof,,true,Pagina,,
9e8a4442-227d-4a42-a818-fe514e15ea9f,9b59a171-e91e-48ed-86da-5946a1df3760,https://www.valkenswaard.nl/forensenbelasting,Forensenbelasting,,true,Product of dienst,,
679c8bdb-3145-4e82-b488-60631df6d127,9b59a171-e91e-48ed-86da-5946a1df3760,https://www.valkenswaard.nl/verkeersnieuws-uit-waalre-2,Verkeersnieuws uit Waalre,,true,Nieuwsbericht,,
fa3e69b2-e2da-4128-8361-a5dce907d5cd,9b59a171-e91e-48ed-86da-5946a1df3760,https://www.valkenswaard.nl/spelregels-volwassenenfonds-sport-cultuur-gemeente-valkenswaard,Spelregels Volwassenenfonds Sport & Cultuur gemeente Valkenswaard,,true,Pagina,,
16d08611-9c81-4566-b4e6-e9556010bd7a,9b59a171-e91e-48ed-86da-5946a1df3760,https://www.valkenswaard.nl/hulp-bij-zorg-inkomen-en-vrije-tijd,"Hulp bij Zorg, Inkomen en Vrije tijd",,true,Landingspagina,,
f643cd5e-af0d-42ff-80d5-194f8e8ee190,9b59a171-e91e-48ed-86da-5946a1df3760,https://www.valkenswaard.nl/sport-cultuur-en-recreatie,"Sport, Cultuur en Recreatie",,true,Landingspagina,,
66b4c3b6-8233-4fe3-a664-396042b9ff07,9b59a171-e91e-48ed-86da-5946a1df3760,https://www.valkenswaard.nl/nieuwe-bewegwijzering-in-valkenswaard-enkele-lichtmasten-tijdelijk-buiten-gebruik,Nieuwe bewegwijzering in Valkenswaard: enkele lichtmasten tijdelijk buiten gebruik,,true,Nieuwsbericht,,
70420729-094c-4b85-a768-57275338089d,9b59a171-e91e-48ed-86da-5946a1df3760,https://www.valkenswaard.nl/zorg-en-ondersteuning-voor-iedereen,Zorg en ondersteuning voor iedereen,,true,Landingspagina,,
9ce1e8dd-7c88-44d8-bcf2-2ac8cd525cfd,9b59a171-e91e-48ed-86da-5946a1df3760,https://www.valkenswaard.nl/blokkenschema-buurtfestival-2026,Blokkenschema BuurtFestival 2026,,true,Pagina,,
69a8d1f2-f780-4862-b190-63237dbc7a08,9b59a171-e91e-48ed-86da-5946a1df3760,https://www.valkenswaard.nl/lintjesregen-2025,Lintjesregen 2025,,true,Nieuwsbericht,,
fe093880-cc8c-4bdf-9ae8-c604dc96ca0d,9b59a171-e91e-48ed-86da-5946a1df3760,https://www.valkenswaard.nl/jaarlijkse-subsidie-aanvragen-en-vaststellen,Jaarlijkse subsidie aanvragen en vaststellen,,true,Product of dienst,,
8214fe28-b861-4649-a355-1deccd1358f7,9b59a171-e91e-48ed-86da-5946a1df3760,https://www.valkenswaard.nl/buitenpaviljoen-de-wedert-geopend,Buitenpaviljoen de Wedert geopend!,,true,Nieuwsbericht,,
9c99c717-cd8b-4b28-94ad-b9ba9b536cdf,9b59a171-e91e-48ed-86da-5946a1df3760,https://www.valkenswaard.nl/onze-dienstverlening-wat-mag-je-van-ons-verwachten,Onze dienstverlening: wat mag je van ons verwachten,,true,Pagina,,
c20bd5ab-d993-47e2-9bc5-cfe45babbc84,9b59a171-e91e-48ed-86da-5946a1df3760,https://www.valkenswaard.nl/geslachtswijziging,Geslachtswijziging,,true,Product of dienst,,
76db5dd2-6100-402c-9d20-c6a54b048270,9b59a171-e91e-48ed-86da-5946a1df3760,https://www.valkenswaard.nl/meer-verbinding-en-samenwerking-in-boulevard-en-paardenzone-programma-dommelland,“Meer verbinding en samenwerking in Boulevard en Paardenzone programma Dommelland”,,true,Nieuwsbericht,,
efaeb6a7-ad65-42d9-b54d-790aaf6f7b83,9b59a171-e91e-48ed-86da-5946a1df3760,https://www.valkenswaard.nl/een-belvedere-in-het-dal-van-de-tongelreep,Een belvedère in het dal van de Tongelreep,,true,Nieuwsbericht,,
d05731f5-b9cf-4e90-90d5-463ef7a152c4,9b59a171-e91e-48ed-86da-5946a1df3760,https://www.valkenswaard.nl/alle-vervoer-in-valkenswaard-nu-op-vervoervoormijnl,Alle vervoer in Valkenswaard nu op vervoervoormij.nl,,true,Nieuwsbericht,,
3073c99f-c7a4-4ccb-9b3b-3144cdf0e0d5,9b59a171-e91e-48ed-86da-5946a1df3760,https://www.valkenswaard.nl/weerbaar-dommelland-interreg-vlaanderen-nederland,Weerbaar Dommelland Interreg Vlaanderen-Nederland,,true,Pagina,,
fa684cf8-7c3e-414c-a9e9-66632bda12d6,9b59a171-e91e-48ed-86da-5946a1df3760,https://www.valkenswaard.nl/zorgen-en-vragen-over-mogelijke-opvang-alleenstaande-minderjarige-vluchtelingen-aan-de-leenderweg,Zorgen en vragen over mogelijke opvang alleenstaande minderjarige vluchtelingen aan de Leenderweg,,true,Nieuwsbericht,,
c8272819-f9ff-4bc8-9764-b272f42718bf,9b59a171-e91e-48ed-86da-5946a1df3760,https://www.valkenswaard.nl/aanleg-twee-verhoogde-kruisingen-carolusdreef,Aanleg twee verhoogde kruisingen Carolusdreef,,true,Nieuwsbericht,,
44889180-781d-47f3-a3d1-cf9dc4632b47,9b59a171-e91e-48ed-86da-5946a1df3760,https://www.valkenswaard.nl/reizen-met-kinderen,Reizen met kinderen,,true,Product of dienst,,
811b5d26-bd00-4ed7-aad8-f284fad6fb99,9b59a171-e91e-48ed-86da-5946a1df3760,https://www.valkenswaard.nl/rijbewijzen,Rijbewijzen,,true,Overzichtspagina,,
74c02828-d66d-4781-8004-d5de4aba3c58,9b59a171-e91e-48ed-86da-5946a1df3760,https://www.valkenswaard.nl/gezocht-buurtbus-chauffeurs-mannen-en-vrouwen,Gezocht buurtbus chauffeurs (mannen en vrouwen)!,,true,Nieuwsbericht,,
15327a72-a4e1-4125-a1b7-4dcbe2b2c559,9b59a171-e91e-48ed-86da-5946a1df3760,https://www.valkenswaard.nl/nadere-regel-subsidie-gala,Nadere regel subsidie GALA,,true,Pagina,,
ade59b82-bf43-430e-a210-50ec8a7e9334,9b59a171-e91e-48ed-86da-5946a1df3760,https://www.valkenswaard.nl/bestemmingsplan-warande-8,Bestemmingsplan Warande 8,,true,Pagina,,
0d9bd90b-2355-41ba-bb56-6d9b663e7c93,9b59a171-e91e-48ed-86da-5946a1df3760,https://www.valkenswaard.nl/kinderburgemeester,Kinderburgemeester,,true,Pagina,,
6fcc8733-8336-427e-bda6-f9c2ea7ccb09,9b59a171-e91e-48ed-86da-5946a1df3760,https://www.valkenswaard.nl/beekherstel-keersopperbeemden-klaar-opening-op-30-augustus,Beekherstel Keersopperbeemden klaar: opening op 30 augustus,,true,Nieuwsbericht,,
81be6ec0-f722-47e2-821e-8167ba477491,9b59a171-e91e-48ed-86da-5946a1df3760,https://www.valkenswaard.nl/warandeveldje-en-speelplek-st-lucasstraat,Warandeveldje en speelplek St. Lucasstraat,,true,Pagina,,
8cd73cee-09e6-4041-bf2f-7502ed1d663f,9b59a171-e91e-48ed-86da-5946a1df3760,https://www.valkenswaard.nl/paspoort-of-identiteitskaart-gestolen-of-kwijt,Paspoort of identiteitskaart gestolen of kwijt,,true,Product of dienst,,
77d9e54c-29fa-4bd4-a7b7-4a47c6ad8c70,9b59a171-e91e-48ed-86da-5946a1df3760,https://www.valkenswaard.nl/eensgezind-richting-toekomst-met-vierde-wethouder,Eensgezind richting toekomst met vierde wethouder,,true,Nieuwsbericht,,
8b20aece-9293-4976-aa42-1298aa67c59a,9b59a171-e91e-48ed-86da-5946a1df3760,https://www.valkenswaard.nl/gewijzigde-vaststelling-bestemmingsplan-hoppenbrouwers-12-12-september-2024-tm-23-oktober-2024,Gewijzigde vaststelling bestemmingsplan ‘Hoppenbrouwers 12’ (12 september 2024 t/m 23 oktober 2024),,true,Pagina,,
202c9e40-7884-47b6-b2ae-1b76f7b4cdfb,9b59a171-e91e-48ed-86da-5946a1df3760,https://www.valkenswaard.nl/subsidie-aanvragen-als-intensieve-sturingsrelatie,Subsidie aanvragen als intensieve sturingsrelatie,,true,Pagina,,
66711a54-70ef-4be6-bfb9-654ed68431bd,9b59a171-e91e-48ed-86da-5946a1df3760,https://www.valkenswaard.nl/informatieplicht-bij-bouwwerkzaamheden,Informatieplicht bij bouwwerkzaamheden,,true,Pagina,,
1fbb7929-5787-4ca9-8213-3d61d2065df2,9b59a171-e91e-48ed-86da-5946a1df3760,https://www.valkenswaard.nl/reflection-day-op-15-november-zet-jezelf-in-het-licht,Reflection Day op 15 november: zet jezelf in het licht!,,true,Nieuwsbericht,,
51add17e-96fd-4858-844b-72461ecfedfe,9b59a171-e91e-48ed-86da-5946a1df3760,https://www.valkenswaard.nl/vreemdelingenpaspoort,Vreemdelingenpaspoort,,true,Product of dienst,,
3456c26c-cc2f-431d-86cc-9de94396af20,9b59a171-e91e-48ed-86da-5946a1df3760,https://www.valkenswaard.nl/bwd141124fv,Functies Veiligheid,,true,Pagina,,
9193d5b5-aaff-41b2-b30d-b3b644ba0757,9b59a171-e91e-48ed-86da-5946a1df3760,https://www.valkenswaard.nl/openbaar-vervoer,Openbaar vervoer,,true,Pagina,,
8c074766-8b05-40f0-99f6-449f64e7de51,9b59a171-e91e-48ed-86da-5946a1df3760,https://www.valkenswaard.nl/gemeente-valkenswaard-zet-in-op-nieuwe-huisvesting-voor-basisscholen-agnetendal-en-sint-martinus,Gemeente Valkenswaard zet in op nieuwe huisvesting voor basisscholen Agnetendal en Sint Martinus,,true,Nieuwsbericht,,
e206836b-79d6-4eed-9a1b-3673fe83a380,9b59a171-e91e-48ed-86da-5946a1df3760,https://www.valkenswaard.nl/bijeenkomst-voor-organisaties-vrijwilligers-boeien-en-binden-in-valkenswaard-op-27-januari,Bijeenkomst voor organisaties ‘Vrijwilligers boeien en binden’ in Valkenswaard op 27 januari,,true,Nieuwsbericht,,
ac048d3e-1791-4c9f-9ea2-76db3deb73d3,9b59a171-e91e-48ed-86da-5946a1df3760,https://www.valkenswaard.nl/ontheffing-sluitingsuur-horeca,Ontheffing sluitingsuur horeca,,true,Product of dienst,,
fdcb8196-c3c4-4166-bb84-e23b8b4a4bb6,9b59a171-e91e-48ed-86da-5946a1df3760,https://www.valkenswaard.nl/jordy-drieman,Jordy Drieman,,true,Profiel,,
48582525-608f-4efd-ac1e-30ba760e634b,9b59a171-e91e-48ed-86da-5946a1df3760,https://www.valkenswaard.nl/parkeernormen-en-parkeertool,Parkeernormen en parkeertool,,true,Product of dienst,,
7f63df58-4253-4533-9e06-8f526896a06f,9b59a171-e91e-48ed-86da-5946a1df3760,https://www.valkenswaard.nl/paspoort-18-jaar-en-ouder,Paspoort 18 jaar en ouder,,true,Product of dienst,,
349509eb-0c0b-440d-ba10-65ec6b031828,9b59a171-e91e-48ed-86da-5946a1df3760,https://www.valkenswaard.nl/slopen-melding-of-vergunning,Slopen: melding of vergunning,,true,Product of dienst,,
91478d3b-d6a6-4220-a4ec-204ceb00f6cd,9b59a171-e91e-48ed-86da-5946a1df3760,https://www.valkenswaard.nl/precariobelasting,Precariobelasting,,true,Product of dienst,,
3c109a20-52ed-4bd0-aaa9-381cbd53797d,9b59a171-e91e-48ed-86da-5946a1df3760,https://www.valkenswaard.nl/riool-en-waterzorgheffing,Riool- en Waterzorgheffing,,true,Product of dienst,,
035a98a7-955d-4a9f-ae16-28df1a000f4c,9b59a171-e91e-48ed-86da-5946a1df3760,https://www.valkenswaard.nl/standplaats,Standplaats,,true,Product of dienst,,
c5a1fc8a-5d41-4719-a617-e9d5d48bc241,9b59a171-e91e-48ed-86da-5946a1df3760,https://www.valkenswaard.nl/zijdeplant,Zijdeplant,,true,Pagina,,
40cb863b-054b-46be-9f4f-d1afd119b836,9b59a171-e91e-48ed-86da-5946a1df3760,https://www.valkenswaard.nl/uitnodigen-van-iemand-uit-het-buitenlandgarantstelling,Uitnodigen van iemand uit het buitenland/Garantstelling,,true,Product of dienst,,
69c0e88f-9b02-4a7d-a806-efd9a3b971da,9b59a171-e91e-48ed-86da-5946a1df3760,https://www.valkenswaard.nl/klimaatrobuuste-inrichting-weerbaar-dommelland,Klimaatrobuuste inrichting Weerbaar Dommelland,,true,Nieuwsbericht,,
6c5ed0b0-4d93-4203-96d2-2cd040bcf138,9b59a171-e91e-48ed-86da-5946a1df3760,https://www.valkenswaard.nl/door-met-verkeerstrace-valkenswaardse-poort,Door met verkeerstracé Valkenswaardse Poort!,,true,Nieuwsbericht,,
59ff4512-238d-42c3-92a3-d43d9c08c19e,9b59a171-e91e-48ed-86da-5946a1df3760,https://www.valkenswaard.nl/post-van-de-gemeente-digitaal-bekijken,Post van de gemeente digitaal bekijken,,true,Product of dienst,,
e1cf0f89-e34d-4210-98f1-686ce4f9c94d,9b59a171-e91e-48ed-86da-5946a1df3760,https://www.valkenswaard.nl/erven-plus-40-van-start-gegaan-meer-biodiversiteit-op-brabantse-erven,Erven Plus 4.0 van start gegaan: Meer biodiversiteit op Brabantse erven,,true,Nieuwsbericht,,
b794d016-1e5c-4393-875f-05f795bf4f4e,9b59a171-e91e-48ed-86da-5946a1df3760,https://www.valkenswaard.nl/regenboog,Regenbooggemeente,,true,Pagina,,
dc478017-9629-4f4e-beb8-cb311f5c9ca1,9b59a171-e91e-48ed-86da-5946a1df3760,https://www.valkenswaard.nl/bestemmingsplan-valkenstaete-rap-vastgesteld,Bestemmingsplan Valkenstaete rap vastgesteld,,true,Nieuwsbericht,,
8b853b09-e568-4382-bd79-9d3e9ae2e5c2,9b59a171-e91e-48ed-86da-5946a1df3760,https://www.valkenswaard.nl/bestemmingsplan-valkenstaete,Bestemmingsplan Valkenstaete,,true,Pagina,,
8cbab25f-72e4-4c82-a7b6-661644cb3a82,9b59a171-e91e-48ed-86da-5946a1df3760,https://www.valkenswaard.nl/de-calvarieberg,De Calvarieberg,,true,Pagina,,
1e6dd0a3-df41-412a-9441-f06e066a8a82,9b59a171-e91e-48ed-86da-5946a1df3760,https://www.valkenswaard.nl/grensloospark-de-groote-heide-interreg-vlaanderen-nederland,Grensloospark De Groote Heide Interreg Vlaanderen-Nederland,,true,Pagina,,
f8445f95-20b0-40ec-ab6b-23a872436972,9b59a171-e91e-48ed-86da-5946a1df3760,https://www.valkenswaard.nl/verbod-doorgaand-vrachtverkeer-waalre-dorp,Verbod doorgaand vrachtverkeer Waalre-dorp,,true,Nieuwsbericht,,
f4fc450f-d679-4f63-ab45-aa8cd4d281c8,9b59a171-e91e-48ed-86da-5946a1df3760,https://www.valkenswaard.nl/informatie-opvragen-bij-gemeente-wet-open-overheid-woo,"Informatie opvragen bij gemeente, Wet open overheid (Woo)",,true,Product of dienst,,
71b9bb7c-ab10-4e63-948d-0524a6bb070a,9b59a171-e91e-48ed-86da-5946a1df3760,https://www.valkenswaard.nl/ondersteuning-bij-werk-zoeken,Ondersteuning bij werk zoeken,,true,Product of dienst,,
068fe1fd-bf8c-4fe5-b1c8-a041c07dcf72,9b59a171-e91e-48ed-86da-5946a1df3760,https://www.valkenswaard.nl/de-valkenier,De Valkenier,,true,Pagina,,
128ad9f5-ff9b-4606-bc43-a37f8cb25533,9b59a171-e91e-48ed-86da-5946a1df3760,https://www.valkenswaard.nl/omgevingsvergunning-aanvragen,Omgevingsvergunning aanvragen,,true,Product of dienst,,
9de05060-a06a-4bc7-810c-bf1d2339d116,9b59a171-e91e-48ed-86da-5946a1df3760,https://www.valkenswaard.nl/controles-arbeidsuitbuiting-in-valkenswaard,Controles arbeidsuitbuiting in Valkenswaard,,true,Nieuwsbericht,,
afa0f5f0-bbb3-4cb6-acb2-fa52780ff93a,9b59a171-e91e-48ed-86da-5946a1df3760,https://www.valkenswaard.nl/vragen-en-antwoorden-naar-aanleiding-van-de-besloten-bijeenkomsten-mogelijke-opvanglocatie,Vragen en antwoorden naar aanleiding van de besloten bijeenkomsten mogelijke opvanglocatie asielzoekers op 10 en 11 juni 2024,,true,Pagina,,
a1374a42-4a66-4ad8-8a04-4573e76ef33a,9b59a171-e91e-48ed-86da-5946a1df3760,https://www.valkenswaard.nl/plaatsing-hoogteportaal-lissevenlaan,Plaatsing hoogteportaal Lissevenlaan,,true,Nieuwsbericht,,
940df903-0134-4c85-a64a-c0dbb550d5e7,9b59a171-e91e-48ed-86da-5946a1df3760,https://www.valkenswaard.nl/parkeervergunning-voor-bewoners,Parkeervergunning voor bewoners,,true,Pagina,,
35f00281-cde7-4437-8801-fdf595e758a3,9b59a171-e91e-48ed-86da-5946a1df3760,https://www.valkenswaard.nl/skatebaan,"Skatebaan, basketbalveld, pumptrack, beachveld",,true,Overzichtspagina,,
967aa667-839a-4b8b-95d9-7f7135ca0191,9b59a171-e91e-48ed-86da-5946a1df3760,https://www.valkenswaard.nl/gebruik-openbare-weg,Gebruik openbare weg,,true,Product of dienst,,
44283d44-cd79-4343-8410-5723dd65f715,9b59a171-e91e-48ed-86da-5946a1df3760,https://www.valkenswaard.nl/mijn-auto-is-weggesleept-wat-nu,Mijn auto is weggesleept. Wat nu?,,true,Product of dienst,,
be10f776-9f02-46b4-8999-d77d4a997feb,9b59a171-e91e-48ed-86da-5946a1df3760,https://www.valkenswaard.nl/sportieve-en-feestelijke-opening-trimbaan-borkel-en-schaft,Sportieve en feestelijke opening trimbaan Borkel en Schaft,,true,Nieuwsbericht,,
6caf1b8b-bbc2-453b-8a48-00c4f9aa92a9,9b59a171-e91e-48ed-86da-5946a1df3760,https://www.valkenswaard.nl/paspoort-en-identiteitskaart,Paspoort en Identiteitskaart,,true,Overzichtspagina,,
ea5ea052-330c-4baf-9c4d-c242961bd0a9,9b59a171-e91e-48ed-86da-5946a1df3760,https://www.valkenswaard.nl/parkeervergunning,Parkeervergunning,,true,Overzichtspagina,,
4720817f-76d0-4a4f-8e35-ce97644b9eb5,9b59a171-e91e-48ed-86da-5946a1df3760,https://www.valkenswaard.nl/noodpaspoort,Noodpaspoort,,true,Product of dienst,,
a1feab76-84f4-409c-bc88-7ccde08683d6,9b59a171-e91e-48ed-86da-5946a1df3760,https://www.valkenswaard.nl/ambulante-parkeervergunning,Ambulante parkeervergunning,,true,Pagina,,
cc92c591-c15b-4f80-b67b-134014b58152,9b59a171-e91e-48ed-86da-5946a1df3760,https://www.valkenswaard.nl/mantelzorg-parkeervergunning,Mantelzorg parkeervergunning,,true,Pagina,,
f749d2b9-3db7-4c54-b609-3ad1f64c4a0d,9b59a171-e91e-48ed-86da-5946a1df3760,https://www.valkenswaard.nl/nadere-regel-subsidieverstrekking-algemeen,Nadere regel Subsidieverstrekking algemeen,,true,Pagina,,
0ff95c22-81ad-4b53-98dc-7f25ca65c80c,9b59a171-e91e-48ed-86da-5946a1df3760,https://www.valkenswaard.nl/nadere-regel-subsidiecluster-sociaal-domein-onderdeel-sociale-cohesie,"Nadere regel subsidiecluster Sociaal Domein, onderdeel Sociale Cohesie",,true,Pagina,,
6beb9ae6-a68b-4042-a1ce-46117a03a754,9b59a171-e91e-48ed-86da-5946a1df3760,https://www.valkenswaard.nl/nieuwsbrief-nr-16-dommelen-zuid,Nieuwsbrief nr 16 Dommelen-Zuid,,true,Nieuwsbericht,,
6120754e-c978-4c8e-b0d7-931e8c6b91d9,9b59a171-e91e-48ed-86da-5946a1df3760,https://www.valkenswaard.nl/paspoort-en-identiteitskaart-aanvragen-voor-nederlanders-in-het-buitenland,Paspoort en identiteitskaart aanvragen voor Nederlanders in het buitenland,,true,Product of dienst,,
ab5bd51c-c7b4-483c-a9be-2a1c292023ac,9b59a171-e91e-48ed-86da-5946a1df3760,https://www.valkenswaard.nl/succesvolle-scholenstrijd-tegen-elektronisch-afval,Succesvolle scholenstrijd tegen elektronisch afval,,true,Nieuwsbericht,,
e600c621-8dfc-4c1f-8aeb-ac22a1e05b90,9b59a171-e91e-48ed-86da-5946a1df3760,https://www.valkenswaard.nl/internationaal-rijbewijs,Internationaal rijbewijs,,true,Product of dienst,,
1de9c818-7c86-45b9-96f3-99ab89ee35fc,9b59a171-e91e-48ed-86da-5946a1df3760,https://www.valkenswaard.nl/tijdelijke-verhuur-leegstaand-pand,Tijdelijke verhuur leegstaand pand,,true,Product of dienst,,
e2b5db77-4842-489b-b170-2d24287bf89b,9b59a171-e91e-48ed-86da-5946a1df3760,https://www.valkenswaard.nl/subsidieverleningen-2023,Subsidieverleningen 2023,,true,Pagina,,
c0b5ecde-016a-4069-9dd2-199e540ea854,9b59a171-e91e-48ed-86da-5946a1df3760,https://www.valkenswaard.nl/word-jij-de-nieuwe-kinderburgemeester-van-valkenswaard,Word jij de nieuwe kinderburgemeester van Valkenswaard?,,true,Nieuwsbericht,,
2c93045c-414e-4ce1-ae80-55269f45462e,9b59a171-e91e-48ed-86da-5946a1df3760,https://www.valkenswaard.nl/overzicht-verstrekte-subsidies,Overzicht verstrekte subsidies,,true,Overzichtspagina,,
eb8e4da8-d09b-4603-b272-07540d6b37b0,9b59a171-e91e-48ed-86da-5946a1df3760,https://www.valkenswaard.nl/provincie-neemt-maatregelen-om-hinder-langs-nieuwe-n69-westparallel-te-verminderen,Provincie neemt maatregelen om hinder langs nieuwe N69 Westparallel te verminderen,,true,Nieuwsbericht,,
14aedb04-8dfc-4ba1-9c77-db9511e82364,9b59a171-e91e-48ed-86da-5946a1df3760,https://www.valkenswaard.nl/kranslegging-bevrijdingsmonument-verzetstrijdersplantsoen,Kranslegging Bevrijdingsmonument Verzetstrijdersplantsoen,,true,Nieuwsbericht,,
e361ba87-595f-495d-8972-e252c70fe0e9,9b59a171-e91e-48ed-86da-5946a1df3760,https://www.valkenswaard.nl/monument-verbouwen-herstellen-of-onderhouden,"Monument verbouwen, herstellen of onderhouden",,true,Product of dienst,,
a36f330c-61fb-4287-9349-65a1499147dd,9b59a171-e91e-48ed-86da-5946a1df3760,https://www.valkenswaard.nl/aangepaste-bestemmingsplan-eurocircuit-klaar-voor-raad,Aangepaste bestemmingsplan Eurocircuit klaar voor raad,,true,Nieuwsbericht,,
69d4efba-59a2-477c-951b-e6a36604faec,9b59a171-e91e-48ed-86da-5946a1df3760,https://www.valkenswaard.nl/begroting-2025,Begroting 2025,,true,Nieuwsbericht,,
90007937-959d-42fa-9f80-f4ba07c3c343,9b59a171-e91e-48ed-86da-5946a1df3760,https://www.valkenswaard.nl/betalingsherinnering-aanmaning-of-dwangbevel,"Betalingsherinnering, aanmaning of dwangbevel",,true,Product of dienst,,
a6486cfb-632b-4e10-9268-c533e84bedab,9b59a171-e91e-48ed-86da-5946a1df3760,https://www.valkenswaard.nl/subsidieverleningen-2025,Subsidieverleningen 2025,,true,Pagina,,
0026e290-ef81-4384-87fa-ea98ab594362,9b59a171-e91e-48ed-86da-5946a1df3760,https://www.valkenswaard.nl/nadere-regel-jaarlijkse-activiteitensubsidie-cultuur,Nadere regel jaarlijkse activiteitensubsidie Cultuur,,true,Pagina,,
80617457-1ab2-490f-8ecb-0d5a7f4ca3e5,9b59a171-e91e-48ed-86da-5946a1df3760,https://www.valkenswaard.nl/zes-gemeenten-in-dommelstroom-actualiseren-gezamenlijk-bibob-beleid,Zes gemeenten in Dommelstroom actualiseren gezamenlijk Bibob-beleid,,true,Nieuwsbericht,,
4f8098ab-53f3-43fe-97c2-662eb0e1e1e5,9b59a171-e91e-48ed-86da-5946a1df3760,https://www.valkenswaard.nl/nieuwe-burgemeester,Nieuwe burgemeester,,true,Landingspagina,,
b1757c6e-9054-49ce-b275-041e684a15ba,9b59a171-e91e-48ed-86da-5946a1df3760,https://www.valkenswaard.nl/bezwaar-maken-tegen-de-woz-waarde,Bezwaar maken tegen de WOZ-waarde,,true,Product of dienst,,
0c228739-60da-472b-8825-8a0553d597ce,9b59a171-e91e-48ed-86da-5946a1df3760,https://www.valkenswaard.nl/als-eigenaar-mijn-eigen-woning-energiezuiniger-maken,Als eigenaar mijn eigen woning energiezuiniger maken,,true,Landingspagina,,
0d309509-6a86-42ba-8ecd-158c81a7aabe,9b59a171-e91e-48ed-86da-5946a1df3760,https://www.valkenswaard.nl/herijkte-visie-op-dienstverlening,Herijkte visie op Dienstverlening,,true,Nieuwsbericht,,
12d3fdbd-c4fc-4d1c-b8ed-5c46e3c77044,9b59a171-e91e-48ed-86da-5946a1df3760,https://www.valkenswaard.nl/hulp-voor-gedupeerden-kinderopvangtoeslag,Hulp voor gedupeerden kinderopvangtoeslag,,true,Pagina,,
5bfbdb69-e339-4ffd-a758-f4c285cf907a,9b59a171-e91e-48ed-86da-5946a1df3760,https://www.valkenswaard.nl/start-afkoppelen-22-regenwaterpijpen-bij-de-bunker,Start afkoppelen 22 regenwaterpijpen bij De Bunker,,true,Nieuwsbericht,,
e1d32106-4d3c-461c-9678-9f8ee98ef86e,9b59a171-e91e-48ed-86da-5946a1df3760,https://www.valkenswaard.nl/gehandicaptenparkeerkaart,Gehandicaptenparkeerkaart,,true,Product of dienst,,
2f7c54d7-85b5-45f0-afe9-a6420eb33118,9b59a171-e91e-48ed-86da-5946a1df3760,https://www.valkenswaard.nl/vluchtelingenpaspoort,Vluchtelingenpaspoort,,true,Product of dienst,,
fb0ac9c9-d8bb-4442-bb17-8c9e967749aa,9b59a171-e91e-48ed-86da-5946a1df3760,https://www.valkenswaard.nl/grond-kopen-of-verkopen,Grond kopen of verkopen,,true,Product of dienst,,
48df6eca-43af-4f27-bfba-31e3cb57558e,9b59a171-e91e-48ed-86da-5946a1df3760,https://www.valkenswaard.nl/programma-dommelen,Programma Dommelen,,true,Pagina,,
ea50e392-330b-43f9-b83c-6c3696580f9d,9b59a171-e91e-48ed-86da-5946a1df3760,https://www.valkenswaard.nl/eenmalige-subsidie-aanvragen-en-vaststellen,Eenmalige subsidie aanvragen en vaststellen,,true,Product of dienst,,
e007b59a-d2a2-4adb-98e8-fc88b25f7cd4,9b59a171-e91e-48ed-86da-5946a1df3760,https://www.valkenswaard.nl/werkzaamheden-valkenswaardse-poort-van-start-22-april,Werkzaamheden Valkenswaardse Poort van start 22 april,,true,Nieuwsbericht,,
11464b1f-bd3e-4ea4-878e-3d5974e9b37e,9b59a171-e91e-48ed-86da-5946a1df3760,https://www.valkenswaard.nl/trosbosbes-blauwe-bes,Trosbosbes / Blauwe bes,,true,Pagina,,
0ceb1b5d-5f6c-4fe9-8ece-4239b64f30db,9b59a171-e91e-48ed-86da-5946a1df3760,https://www.valkenswaard.nl/programma-hoge-akkers,Programma Hoge Akkers,,true,Pagina,,
6c82f9f4-2a13-49c8-9e0c-117e3fba1d54,9b59a171-e91e-48ed-86da-5946a1df3760,https://www.valkenswaard.nl/dieren-natuur,Dieren-natuur,,true,Overzichtspagina,,
2ce015f1-1252-432f-8d80-d66ab6874a6e,9b59a171-e91e-48ed-86da-5946a1df3760,https://www.valkenswaard.nl/mantelzorgwoning,Mantelzorgwoning,,true,Product of dienst,,
49cea4d1-949f-4da3-ab3f-4e1a0c5c68be,9b59a171-e91e-48ed-86da-5946a1df3760,https://www.valkenswaard.nl/fluweelboom,Fluweelboom,,true,Pagina,,
171046e4-64b5-4484-a7ea-df2672e1a146,9b59a171-e91e-48ed-86da-5946a1df3760,https://www.valkenswaard.nl/beachveld-in-sportpark-den-dries-klaar-voor-actie,Beachveld in sportpark Den Dries klaar voor actie,,true,Nieuwsbericht,,
b8bf1171-71aa-474d-9817-535e4d6f6844,9b59a171-e91e-48ed-86da-5946a1df3760,https://www.valkenswaard.nl/winnaars-reflectionday-in-valkenswaard-bekend,Winnaars Reflectionday in Valkenswaard bekend,,true,Nieuwsbericht,,
610a736e-90ea-4194-9e67-412180832990,9b59a171-e91e-48ed-86da-5946a1df3760,https://www.valkenswaard.nl/openingstijden-zwembad-de-wedert,Openingstijden zwembad de Wedert,,true,Pagina,,
9d49fa7e-cb3c-428d-9660-f67bca964b3d,9b59a171-e91e-48ed-86da-5946a1df3760,https://www.valkenswaard.nl/ik-sta-sterk-valkenswaard-zet-in-op-valpreventie-voor-thuiswonende-65-plussers,‘Ik sta sterk’: Valkenswaard zet in op valpreventie voor thuiswonende 65-plussers,,true,Nieuwsbericht,,
20eddb0d-6d76-498c-b97a-d63612e500bb,9b59a171-e91e-48ed-86da-5946a1df3760,https://www.valkenswaard.nl/zelfbeeld-training,Zelfbeeld training,,true,Product of dienst,,
7f1075d7-960a-4a29-9e07-98d100cc5d37,9b59a171-e91e-48ed-86da-5946a1df3760,https://www.valkenswaard.nl/nader-regel-subsidie-sportactiviteiten,Nader regel subsidie Sportactiviteiten,,true,Pagina,,
668cfb4c-85de-449b-8b24-9c271116aa88,9b59a171-e91e-48ed-86da-5946a1df3760,https://www.valkenswaard.nl/de-wilde-wingerd,De Wilde Wingerd,,true,Pagina,,
000fbd88-05f0-4a5e-9492-bb5bcf41c3d4,9b59a171-e91e-48ed-86da-5946a1df3760,https://www.valkenswaard.nl/subsidieverleningen-2022,Subsidieverleningen 2022,,true,Pagina,,
8c8265d5-b89f-4a37-8754-f2b3c1abe3f3,9b59a171-e91e-48ed-86da-5946a1df3760,https://www.valkenswaard.nl/unieke-kans-samen-met-buurtgenoten-een-nieuwbouwwoning-bouwen,Unieke kans: samen met buurtgenoten een nieuwbouwwoning bouwen,,true,Nieuwsbericht,,
f1e35c6a-1a44-42cd-b73a-42431cbabe01,9b59a171-e91e-48ed-86da-5946a1df3760,https://www.valkenswaard.nl/subsidieverleningen-2024,Subsidieverleningen 2024,,true,Pagina,,
82319bb0-8d74-4414-b2d8-454a36602ffe,9b59a171-e91e-48ed-86da-5946a1df3760,https://www.valkenswaard.nl/burgemeester-ederveen-ziet-af-van-herbenoeming,Burgemeester Ederveen ziet af van herbenoeming,,true,Nieuwsbericht,,
a04a41b8-3554-4261-b585-b9ad3bcf0b23,9b59a171-e91e-48ed-86da-5946a1df3760,https://www.valkenswaard.nl/verbinding-en-samenwerking-boulevard-en-paardenzone-leiden-tot-steeds-meer-initiatieven,Verbinding en samenwerking Boulevard en Paardenzone leiden tot steeds meer initiatieven,,true,Nieuwsbericht,,
21e75ca9-f595-4fa6-8950-3a6961b0b887,9b59a171-e91e-48ed-86da-5946a1df3760,https://www.valkenswaard.nl/vervangende-nieuwbouw-de-pionier-bereikt-een-nieuwe-fase,Vervangende nieuwbouw de Pionier bereikt een nieuwe fase,,true,Nieuwsbericht,,
33928c0e-375e-4e95-8a96-f27dfd48b236,9b59a171-e91e-48ed-86da-5946a1df3760,https://www.valkenswaard.nl/gemeentelijke-subsidie-voor-woningisolatie,Gemeentelijke subsidie voor woningisolatie,,true,Pagina,,
01cde864-3941-4c06-b2d4-a602b39892ae,9b59a171-e91e-48ed-86da-5946a1df3760,https://www.valkenswaard.nl/samen-werken-aan-een-toekomst-voor-natuurgrenspark-de-groote-heide,Samen werken aan een toekomst voor Natuurgrenspark De Groote Heide,,true,Nieuwsbericht,,
50c80c46-8d13-4552-a08e-44487eeaf940,9b59a171-e91e-48ed-86da-5946a1df3760,https://www.valkenswaard.nl/eerste-omgevingsvisie-van-valkenswaard-vastgesteld,Eerste omgevingsvisie van Valkenswaard vastgesteld,,true,Nieuwsbericht,,
c7d54cba-5619-47d1-87d3-9676c71b7810,9b59a171-e91e-48ed-86da-5946a1df3760,https://www.valkenswaard.nl/kinderen-leren-over-water-en-duurzaamheid-in-valkenswaard,Kinderen leren over water en duurzaamheid in Valkenswaard,,true,Nieuwsbericht,,
9fdae44b-e694-48c0-9139-7d70313d0b6b,9b59a171-e91e-48ed-86da-5946a1df3760,https://www.valkenswaard.nl/bwd141124,Kom maar op als je durft!,,true,Pagina,,
33d6585b-00b6-423a-be6a-48d29b551ba4,9b59a171-e91e-48ed-86da-5946a1df3760,https://www.valkenswaard.nl/aanmelden-broer-en-zussentraining,Aanmelden broer- en zussentraining,,true,Product of dienst,,
610c3ba8-48a5-4df5-a69f-4eb8ec2e91b9,9b59a171-e91e-48ed-86da-5946a1df3760,https://www.valkenswaard.nl/omgevingsvergunning-uitrit,Omgevingsvergunning uitrit,,true,Product of dienst,,
b2c6ea25-c263-4f7d-8cef-2ff08d1a30dc,9b59a171-e91e-48ed-86da-5946a1df3760,https://www.valkenswaard.nl/nieuw-bestemmingsplan-voor-eurocircuit,Nieuw bestemmingsplan voor Eurocircuit,,true,Nieuwsbericht,,
7268ba8e-7d28-4a6d-9a06-ff3e426e0767,9b59a171-e91e-48ed-86da-5946a1df3760,https://www.valkenswaard.nl/inloopavond-herinrichting-geenhoven-fase-1,Inloopavond herinrichting Geenhoven Fase 1,,true,Nieuwsbericht,,
ed61d177-41bc-4601-a35a-58eba01f82cb,9b59a171-e91e-48ed-86da-5946a1df3760,https://www.valkenswaard.nl/valkenswaard-gaat-aan-de-bak-veranderingen-in-afvalinzameling-per-2025,Valkenswaard gaat aan de bak! Veranderingen in afvalinzameling per 2025,,true,Nieuwsbericht,,
e7fdc425-59f8-4000-a887-ca97235c917b,9b59a171-e91e-48ed-86da-5946a1df3760,https://www.valkenswaard.nl/afschrift-burgerlijke-stand,Afschrift burgerlijke stand,,true,Product of dienst,,
a056d251-e6db-46a5-9392-c7d9ad1b1e3a,9b59a171-e91e-48ed-86da-5946a1df3760,https://www.valkenswaard.nl/tweede-paspoort-aanvragen,Tweede paspoort aanvragen,,true,Product of dienst,,
44a689e7-870c-45bb-b00a-25a2782363c3,9b59a171-e91e-48ed-86da-5946a1df3760,https://www.valkenswaard.nl/gezondheidsverklaring,Gezondheidsverklaring,,true,Product of dienst,,
0a70d69a-f32d-4d37-b840-bab377798a58,9b59a171-e91e-48ed-86da-5946a1df3760,https://www.valkenswaard.nl/afvalstoffenheffing,Afvalstoffenheffing,,true,Product of dienst,,
0767ee25-75be-4893-891b-1ad2baa78dcc,9b59a171-e91e-48ed-86da-5946a1df3760,https://www.valkenswaard.nl/huisregels,Huisregels,,true,Pagina,,
ad622cb3-6a70-47c4-af23-a4e093337e23,9b59a171-e91e-48ed-86da-5946a1df3760,https://www.valkenswaard.nl/nadere-regel-jaarlijkse-activiteitensubsidie-bewegen-en-sport,Nadere regel jaarlijkse activiteitensubsidie Bewegen en Sport,,true,Pagina,,
915a36b2-bed7-439c-af63-a50dd3882c3b,9b59a171-e91e-48ed-86da-5946a1df3760,https://www.valkenswaard.nl/help-mij-mijn-woning-energiezuiniger-maken,Help mij mijn woning energiezuiniger maken,,true,Landingspagina,,
bbe41d77-aef9-4ba2-ab39-2452d1683898,9b59a171-e91e-48ed-86da-5946a1df3760,https://www.valkenswaard.nl/meld-je-aan-voor-het-volwassenenfonds-sport-cultuur-gemeente-valkenswaard,Meld je aan voor het volwassenenfonds Sport & Cultuur gemeente Valkenswaard,,true,Nieuwsbericht,,
62de3d56-0ceb-41f8-af2e-c77a80befc8e,9b59a171-e91e-48ed-86da-5946a1df3760,https://www.valkenswaard.nl/ik-wil-advies-om-als-eigenaar-mijn-huis-te-energiezuiniger-te-maken,Ik wil advies om als eigenaar mijn huis te energiezuiniger te maken,,true,Pagina,,
a8f7f6c4-9c54-4eee-884a-8d858e4bdee3,9b59a171-e91e-48ed-86da-5946a1df3760,https://www.valkenswaard.nl/als-huurder-mijn-woning-energiezuiniger-maken,Als huurder mijn woning energiezuiniger maken,,true,Landingspagina,,
29a29333-103e-4e18-b55a-12ba333bf2b2,9b59a171-e91e-48ed-86da-5946a1df3760,https://www.valkenswaard.nl/bouwtekeningen-inzage-verleende-vergunningen,Bouwtekeningen / inzage verleende vergunningen,,true,Product of dienst,,
acc8afbd-1b1e-4009-bd7b-49cc3955f332,9b59a171-e91e-48ed-86da-5946a1df3760,https://www.valkenswaard.nl/omwisselen-buitenlands-rijbewijs,Omwisselen buitenlands rijbewijs,,true,Product of dienst,,
eefc3cb9-6686-4e26-9de9-70e672d4966c,9b59a171-e91e-48ed-86da-5946a1df3760,https://www.valkenswaard.nl/omgevingsvergunning-boom-kappen,Omgevingsvergunning boom kappen,,true,Product of dienst,,
ec7d4054-d4ec-467d-b881-0e96a4bdb461,9b59a171-e91e-48ed-86da-5946a1df3760,https://www.valkenswaard.nl/programma-borkel-schaft,Programma Borkel & Schaft,,true,Pagina,,
e4178462-1688-4c10-850d-bfe929dbee4d,9b59a171-e91e-48ed-86da-5946a1df3760,https://www.valkenswaard.nl/leerplicht,Leerplicht,,true,Product of dienst,,
2d08d6c4-8ca9-4137-b4fb-41201057b5bc,9b59a171-e91e-48ed-86da-5946a1df3760,https://www.valkenswaard.nl/programma-geenhoven-0,Programma Geenhoven,,true,Pagina,,
788e3dfe-befe-4045-bb2e-20a65fb9d01a,9b59a171-e91e-48ed-86da-5946a1df3760,https://www.valkenswaard.nl/natuurontwikkeling-en-fietspad-de-voort-loonderweg,Natuurontwikkeling en fietspad De Voort – Loonderweg,,true,Pagina,,
88d3cd89-36d6-4f58-aaf3-0cc8f0d8e99b,9b59a171-e91e-48ed-86da-5946a1df3760,https://www.valkenswaard.nl/training-sociale-vaardigheid,Training sociale vaardigheid,,true,Product of dienst,,
f155c694-9b5d-4e63-b7d2-50ae4ac033bc,9b59a171-e91e-48ed-86da-5946a1df3760,https://www.valkenswaard.nl/sporthelden-welten-en-van-de-donk-maken-geenhovensedreef-veiliger,Sporthelden Welten en Van de Donk maken Geenhovensedreef veiliger,,true,Nieuwsbericht,,
0cdda608-f243-41ce-a598-dce35117c3e5,9b59a171-e91e-48ed-86da-5946a1df3760,https://www.valkenswaard.nl/cafe-brein-valkenswaard-op-donderdag-21-november,Café Brein Valkenswaard op donderdag 21 november,,true,Nieuwsbericht,,
aadf313f-e87b-47ca-9020-81e4c073b570,9b59a171-e91e-48ed-86da-5946a1df3760,https://www.valkenswaard.nl/verhuizen-naar-het-buitenland-emigratie,Verhuizen naar het buitenland (emigratie),,true,Product of dienst,,
bb9368c6-eb03-4a94-a9f4-d42be172e499,9b59a171-e91e-48ed-86da-5946a1df3760,https://www.valkenswaard.nl/subsidie-peuteropvang-en-voorschoolse-educatie-aanvragen-verantwoorden-en-vaststellen,"Subsidie peuteropvang en voorschoolse educatie aanvragen, verantwoorden en vaststellen",,true,Pagina,,
4065c3bd-513e-41f2-8b39-160419e40c1e,9b59a171-e91e-48ed-86da-5946a1df3760,https://www.valkenswaard.nl/start-nieuwe-cursussen-bij-het-cmd,Start nieuwe cursussen bij het CMD,,true,Nieuwsbericht,,
917f211a-a45a-4ea1-8296-f78ce2252ef6,9b59a171-e91e-48ed-86da-5946a1df3760,https://www.valkenswaard.nl/verkeersnieuws-uit-waalre-0,Verkeersnieuws uit Waalre,,true,Nieuwsbericht,,
ee5f00c0-bebc-4285-9ef1-94e02a1d50d3,9b59a171-e91e-48ed-86da-5946a1df3760,https://www.valkenswaard.nl/vervoer-op-maat,Vervoer op maat,,true,Pagina,,
2b4179f3-68da-42f7-bd5f-83336b0b37e6,9b59a171-e91e-48ed-86da-5946a1df3760,https://www.valkenswaard.nl/leefgeldregeling-oekraine,Leefgeldregeling Oekraïne,,true,Product of dienst,,
869535a9-1638-44ae-a062-ed4a92cf9f6d,9b59a171-e91e-48ed-86da-5946a1df3760,https://www.valkenswaard.nl/bodemonderzoek,Bodeminformatie,,true,Product of dienst,,
4d4eb636-c653-4033-9e67-3e43dfa744c4,9b59a171-e91e-48ed-86da-5946a1df3760,https://www.valkenswaard.nl/gewijzigd-vastgesteld-bestemmingsplan-eurocircuit-26-december-2024-tm-5-februari-2025,Gewijzigd vastgesteld bestemmingsplan ''Eurocircuit' (26 december 2024 t/m 5 februari 2025),,true,Pagina,,
aa5973e0-028b-4a61-a78b-c334eed9f2cd,9b59a171-e91e-48ed-86da-5946a1df3760,https://www.valkenswaard.nl/legesverordening,Legesverordening,,true,Product of dienst,,
b048fb5c-d512-48f0-8827-25ec20dc80c4,9b59a171-e91e-48ed-86da-5946a1df3760,https://www.valkenswaard.nl/zakenpaspoort,Zakenpaspoort,,true,Product of dienst,,
e65ad3fb-5830-4a2f-920e-0c3612e0bf4a,9b59a171-e91e-48ed-86da-5946a1df3760,https://www.valkenswaard.nl/nadere-regel-eenmalige-activiteitensubsidie-bewegen-en-sport,Nadere regel eenmalige activiteitensubsidie Bewegen en Sport,,true,Pagina,,
c491d17f-102a-499f-bd73-6ff35cbdb1c7,9b59a171-e91e-48ed-86da-5946a1df3760,https://www.valkenswaard.nl/informatiewandeling-vrijdag-31-januari-over-herstel-de-groote-meer,Informatiewandeling vrijdag 31 januari over herstel De Groote Meer,,true,Nieuwsbericht,,
c9ff62b5-51d3-4038-85a2-fd0699364ea3,9b59a171-e91e-48ed-86da-5946a1df3760,https://www.valkenswaard.nl/formele-publicatie-vastgestelde-bestemmingsplan-eurocircuit,Formele publicatie vastgestelde bestemmingsplan Eurocircuit,,true,Nieuwsbericht,,
90d0a3c5-e9f1-413f-89ce-1ed67e7397c4,9b59a171-e91e-48ed-86da-5946a1df3760,https://www.valkenswaard.nl/afscheid-burgemeester-anton-ederveen,Afscheid burgemeester Anton Ederveen,,true,Landingspagina,,
76711e70-21fc-4bb6-a717-1b4886200dd3,9b59a171-e91e-48ed-86da-5946a1df3760,https://www.valkenswaard.nl/de-aanslag-gemeentelijke-belastingen-komt-eraan,De aanslag gemeentelijke belastingen komt eraan!,,true,Nieuwsbericht,,
de9bd710-5c53-4fd3-969c-48710743e459,9b59a171-e91e-48ed-86da-5946a1df3760,https://www.valkenswaard.nl/verhuisvoucher,Verhuisvoucher,,true,Pagina,,
440e8730-e167-4f7b-8682-ed1bb48e7a0f,9b59a171-e91e-48ed-86da-5946a1df3760,https://www.valkenswaard.nl/de-groote-meer,De Groote Meer,,true,Pagina,,
ecf5cedc-4bcc-4b24-8161-f72176d80294,9b59a171-e91e-48ed-86da-5946a1df3760,https://www.valkenswaard.nl/gratis-energieadvies-van-energiek-valkenswaard,Gratis energieadvies van Energiek Valkenswaard,,true,Landingspagina,,
c07f4c20-098f-4e3a-b8c0-e145a0592994,9b59a171-e91e-48ed-86da-5946a1df3760,https://www.valkenswaard.nl/heb-je-een-uurtje-over-kijk-dan-de-informatieavond-terug-over-de-groene-zone-isoleren,Heb je een uurtje over? Kijk dan de informatieavond terug over De Groene Zone Isoleren!,,true,Nieuwsbericht,,
b2950249-1980-49c2-9d56-6a27e3b26ce0,9b59a171-e91e-48ed-86da-5946a1df3760,https://www.valkenswaard.nl/controle-in-het-buitengebied-van-valkenswaard,Controle in het buitengebied van Valkenswaard,,true,Nieuwsbericht,,
b7fc8a50-f909-40d9-933d-19f96306639b,9b59a171-e91e-48ed-86da-5946a1df3760,https://www.valkenswaard.nl/als-lid-van-een-vve-mijn-woning-energiezuiniger-maken,Als lid van een VvE mijn woning energiezuiniger maken,,true,Landingspagina,,
b42c0c5e-ea08-4b41-bc54-80bf191ceccc,9b59a171-e91e-48ed-86da-5946a1df3760,https://www.valkenswaard.nl/transportschaarste,Transportschaarste,,true,Pagina,,
fc41cdec-de91-4117-94a4-e12c0361dbe2,9b59a171-e91e-48ed-86da-5946a1df3760,https://www.valkenswaard.nl/verhuis-of-verbouwparkeervergunning,Verhuis- of verbouwparkeervergunning,,true,Pagina,,
213aa2a4-5be4-4f6d-b4d7-18a467c0a03c,9b59a171-e91e-48ed-86da-5946a1df3760,https://www.valkenswaard.nl/eerste-collectieve-zonnedak-in-valkenswaard-voor-inwoners-informatieavond-op-9-april,Eerste collectieve zonnedak in Valkenswaard voor inwoners: informatieavond op 9 april,,true,Nieuwsbericht,,
0cfd6e46-6e5c-4c5d-8253-58b9759bdab5,9b59a171-e91e-48ed-86da-5946a1df3760,https://www.valkenswaard.nl/een-kijkje-achter-de-schermen-alle-ontwikkelingen-binnen-dommelland,Een kijkje achter de schermen: alle ontwikkelingen binnen Dommelland,,true,Nieuwsbericht,,
15a10646-76fd-49cd-921b-5a7e60f0d666,9b59a171-e91e-48ed-86da-5946a1df3760,https://www.valkenswaard.nl/a2-adviescommissie-omgevingskwaliteit,A2-Adviescommissie Omgevingskwaliteit,,true,Product of dienst,,
c2ab7f9e-bf1c-456b-ac1b-5ab9d8e5aed4,9b59a171-e91e-48ed-86da-5946a1df3760,https://www.valkenswaard.nl/informatiebijeenkomst-valkenswaardse-poort,Informatiebijeenkomst Valkenswaardse Poort,,true,Nieuwsbericht,,
084d9ec8-0eb7-4dc3-bddd-927e53041d26,9b59a171-e91e-48ed-86da-5946a1df3760,https://www.valkenswaard.nl/stroomnetchecker,Stroomnetchecker,,true,Pagina,,
aae011f0-93bb-4bd9-9fac-5709d81e9567,9b59a171-e91e-48ed-86da-5946a1df3760,https://www.valkenswaard.nl/fietspad-narcislaan-het-broek,Fietspad Narcislaan – Het Broek,,true,Pagina,,
fa683e3a-a7b7-44d7-8ed5-21b5eae105c6,9b59a171-e91e-48ed-86da-5946a1df3760,https://www.valkenswaard.nl/informatieavond-op-27-augustus-over-aanpak-fietspad-en-natuurontwikkeling-voort-loonderweg,Informatieavond op 27 augustus over aanpak fietspad en natuurontwikkeling Voort-Loonderweg-Damianusdreef,,true,Nieuwsbericht,,
9610f5a8-338e-4037-a0eb-a3f839494698,9b59a171-e91e-48ed-86da-5946a1df3760,https://www.valkenswaard.nl/nadere-regel-ondersteuning-activiteiten-ondernemersklimaat-door-ondernemersverenigingen,Nadere regel ondersteuning activiteiten ondernemersklimaat door  ondernemersverenigingen,,true,Pagina,,
e64e05d9-7768-4b5b-912f-abfbd0b21061,9b59a171-e91e-48ed-86da-5946a1df3760,https://www.valkenswaard.nl/subsidieverleningen-2021,Subsidieverleningen 2021,,true,Pagina,,
e0662843-ed55-4b63-be58-cfed3597a2a4,9b59a171-e91e-48ed-86da-5946a1df3760,https://www.valkenswaard.nl/aanpassen-onjuiste-persoonsgegevens,Aanpassen onjuiste persoonsgegevens,,true,Product of dienst,,
61b2c3a9-a319-468a-82ad-c388f1832084,9b59a171-e91e-48ed-86da-5946a1df3760,https://www.valkenswaard.nl/belevingspark-vol-enthousiaste-schatzoekers-tijdens-samen-valkenswaardig-festival,Belevingspark vol enthousiaste schatzoekers tijdens Samen Valkenswaardig festival,,true,Nieuwsbericht,,
cb5f72e8-6b22-4da7-8e55-9e2e1971fcaf,9b59a171-e91e-48ed-86da-5946a1df3760,https://www.valkenswaard.nl/eerste-stap-gezet-voor-uniek-bouwproject-aan-de-wilde-wingerd,Eerste stap gezet voor uniek bouwproject aan De Wilde Wingerd,,true,Nieuwsbericht,,
864a49a7-10c0-4103-9c5b-48ae00b0506d,9b59a171-e91e-48ed-86da-5946a1df3760,https://www.valkenswaard.nl/conceptverzoek-omgevingsvergunning,Conceptverzoek omgevingsvergunning,,true,Product of dienst,,
f6f37a9c-cfe6-4fd6-80da-c5925cf09b2f,9b59a171-e91e-48ed-86da-5946a1df3760,https://www.valkenswaard.nl/subsidie-beschermde-gemeentelijke-monumenten,Subsidie beschermde gemeentelijke monumenten,,true,Product of dienst,,
4f2f7973-a4ef-4164-91de-ae807f5d7973,9b59a171-e91e-48ed-86da-5946a1df3760,https://www.valkenswaard.nl/nieuwe-planning-behandeling-eurocircuit,Nieuwe planning behandeling Eurocircuit,,true,Nieuwsbericht,,
d7191b00-7103-444c-b8f9-9a8a96a9891e,9b59a171-e91e-48ed-86da-5946a1df3760,https://www.valkenswaard.nl/informatieplicht-bij-milieubelastende-activiteiten,Informatieplicht bij milieubelastende activiteiten,,true,Pagina,,
8dbb76fa-cc2f-4390-92d5-f00fc93f0847,9b59a171-e91e-48ed-86da-5946a1df3760,https://www.valkenswaard.nl/kinderopvang,Kinderopvang,,true,Product of dienst,,
b986df92-21ee-46f7-9d7f-5746f54e591f,9b59a171-e91e-48ed-86da-5946a1df3760,https://www.valkenswaard.nl/collectieve-zorgverzekering-via-gemeente,Collectieve zorgverzekering via gemeente,,true,Nieuwsbericht,,
8f1306c2-a4f1-46cb-952c-4e433a659b70,9b59a171-e91e-48ed-86da-5946a1df3760,https://www.valkenswaard.nl/wegwerkzaamheden-en-verkeersinformatie,Wegwerkzaamheden en verkeersinformatie,,true,Landingspagina,,
2dee86d5-5aa5-4594-9b81-b81012095815,9b59a171-e91e-48ed-86da-5946a1df3760,https://www.valkenswaard.nl/toelichting-bij-het-invullen-van-een-bibob-vragenformulier,Toelichting bij het invullen van een BIBOB-vragenformulier,,true,Pagina,,
48db43b9-0efd-4677-9900-73290b04e3d2,9b59a171-e91e-48ed-86da-5946a1df3760,https://www.valkenswaard.nl/sluiting-pand-aan-de-john-f-kennedylaan-te-valkenswaard,Sluiting pand aan de John F. Kennedylaan te Valkenswaard,,true,Nieuwsbericht,,
c9c0d2a8-1b9e-471b-bf2b-bd48476dddbd,9b59a171-e91e-48ed-86da-5946a1df3760,https://www.valkenswaard.nl/geschiedenis-komt-tot-leven-een-route-langs-het-watermolenlandschap,Geschiedenis komt tot leven: een route langs het watermolenlandschap,,true,Nieuwsbericht,,
d977cb84-8e7f-41e7-9aad-5c22ca2807a8,9b59a171-e91e-48ed-86da-5946a1df3760,https://www.valkenswaard.nl/bijeenkomst-vrijwilligers-boeien-en-binden-in-valkenswaard,Bijeenkomst ‘Vrijwilligers boeien en binden’ in Valkenswaard,,true,Pagina,,
be3808f0-3b0c-4947-b785-6f837ab8dd40,9b59a171-e91e-48ed-86da-5946a1df3760,https://www.valkenswaard.nl/belastingtarieven,Belastingtarieven,,true,Product of dienst,,
f5b89e6b-858d-4084-9a45-35b1c0e22202,9b59a171-e91e-48ed-86da-5946a1df3760,https://www.valkenswaard.nl/boulevard-en-paardenzone-samen-kijken-naar-de-toekomst,Boulevard en Paardenzone: samen kijken naar de toekomst,,true,Nieuwsbericht,,
36fadd2b-ea8f-4680-a1fb-8e1d6d722643,9b59a171-e91e-48ed-86da-5946a1df3760,https://www.valkenswaard.nl/rijbewijs-verlengen-of-uitbreiden,Rijbewijs verlengen of uitbreiden,,true,Product of dienst,,
29333812-47e7-4a7d-b0c6-3ff1ed2c4d90,9b59a171-e91e-48ed-86da-5946a1df3760,https://www.valkenswaard.nl/bewijs-van-in-leven-zijn-attestatie-de-vita,Bewijs van in leven zijn-attestatie de vita,,true,Product of dienst,,
b747e5c2-6175-4bda-8ae1-746354f2a67a,9b59a171-e91e-48ed-86da-5946a1df3760,https://www.valkenswaard.nl/technische-bouwvergunning-wkb,Technische bouwvergunning: Wet kwaliteitsborging (Wkb),,true,Product of dienst,,
dfc23fdb-f959-47e8-8a62-377bb5e0292d,9b59a171-e91e-48ed-86da-5946a1df3760,https://www.valkenswaard.nl/online-verlengen-of-uitbreiden-rijbewijs,Online verlengen of uitbreiden rijbewijs,,true,Product of dienst,,
f5030889-baef-4ec8-bb87-472c7bde536b,9b59a171-e91e-48ed-86da-5946a1df3760,https://www.valkenswaard.nl/legaliseren-handtekening,Legaliseren handtekening,,true,Product of dienst,,
f064ac23-4ac6-4c87-9b87-a8ee48e61884,9b59a171-e91e-48ed-86da-5946a1df3760,https://www.valkenswaard.nl/vergunningen-ontheffing-geluidsvoorschriften-horeca,Vergunningen ontheffing geluidsvoorschriften horeca,,true,Product of dienst,,
ba57d520-7adb-4825-9e3e-f5ba57054f19,9b59a171-e91e-48ed-86da-5946a1df3760,https://www.valkenswaard.nl/nadere-regel-eenmalige-activiteitensubsidie-cultuur,Nadere regel eenmalige activiteitensubsidie Cultuur,,true,Pagina,,
deb2762b-44ad-477c-bc22-1d3f9205114c,9b59a171-e91e-48ed-86da-5946a1df3760,https://www.valkenswaard.nl/kopie-aanslag-ozb,Kopie aanslag OZB,,true,Product of dienst,,
49be0768-31d9-4dca-8d53-f725a596545c,9b59a171-e91e-48ed-86da-5946a1df3760,https://www.valkenswaard.nl/woz-waarde,WOZ-waarde,,true,Product of dienst,,
0c254460-59ca-41f4-8b09-632682fb84e3,9b59a171-e91e-48ed-86da-5946a1df3760,https://www.valkenswaard.nl/beweegprogrammas,Beweegprogramma's,,true,Pagina,,
56861a9d-273d-4580-91a2-a80c78bb1878,9b59a171-e91e-48ed-86da-5946a1df3760,https://www.valkenswaard.nl/heb-je-de-energie-student-al-gespot-in-turfberg-zuid,Heb je de energie student al gespot in Turfberg Zuid?,,true,Nieuwsbericht,,
109d6b74-abef-4b39-9a10-67d0cc8037ff,9b59a171-e91e-48ed-86da-5946a1df3760,https://www.valkenswaard.nl/pre-mantelzorgwoning,Pre-mantelzorgwoning,,true,Pagina,,
4a5269ce-aa87-4e72-8305-87d0135b2f40,9b59a171-e91e-48ed-86da-5946a1df3760,https://www.valkenswaard.nl/eerste-rijbewijs-aanvragen,Eerste rijbewijs aanvragen,,true,Product of dienst,,
405129e8-a347-402a-8943-043410b6c797,9b59a171-e91e-48ed-86da-5946a1df3760,https://www.valkenswaard.nl/scheidingsspreekuur,Scheidingsspreekuur,,true,Product of dienst,,
dacd99c2-afe9-4299-bc69-e9678a880a2f,9b59a171-e91e-48ed-86da-5946a1df3760,https://www.valkenswaard.nl/zes-parkeerautomaten-opengebroken-waarvan-vier-leeggehaald,"Zes parkeerautomaten opengebroken, waarvan vier leeggehaald",,true,Nieuwsbericht,,
05cd383c-7b17-442d-889c-96971acf2349,9b59a171-e91e-48ed-86da-5946a1df3760,https://www.valkenswaard.nl/inlichtingen-aankoop-woning,Inlichtingen aankoop woning,,true,Product of dienst,,
e0888264-d27b-4247-bb76-2de1c431d109,9b59a171-e91e-48ed-86da-5946a1df3760,https://www.valkenswaard.nl/inloopbijeenkomsten-over-natura-2000-project-dommeldal-op-3-en-5-februari,Inloopbijeenkomsten over Natura 2000 project Dommeldal op 3 en 5 februari,,true,Nieuwsbericht,,
3b96d00b-3f25-40de-b7f7-6914d4413cec,9b59a171-e91e-48ed-86da-5946a1df3760,https://www.valkenswaard.nl/subsidieregeling-peuteropvang-en-voorschoolse-educatie-gemeente-valkenswaard-2022,Subsidieregeling peuteropvang en voorschoolse educatie gemeente Valkenswaard 2022,,true,Pagina,,
9962e57e-222e-46dc-9a81-afc00ec99baa,9b59a171-e91e-48ed-86da-5946a1df3760,https://www.valkenswaard.nl/ik-wil-meteen-aan-de-slag,Ik wil meteen aan de slag,,true,Pagina,,
4019b4de-e7fd-4124-9973-f910a67763ec,9b59a171-e91e-48ed-86da-5946a1df3760,https://www.valkenswaard.nl/inloopavond-over-pumptrack-sportpark-den-dries,Inloopavond over Pumptrack sportpark Den Dries,,true,Nieuwsbericht,,
7470015e-7594-4ea0-b7b5-9f06536a434b,9b59a171-e91e-48ed-86da-5946a1df3760,https://www.valkenswaard.nl/ik-zoek-subsidies-enof-leningen,Ik zoek subsidies en/of leningen,,true,Pagina,,
3ad32452-cc86-43d8-a43e-24ab250b5823,9b59a171-e91e-48ed-86da-5946a1df3760,https://www.valkenswaard.nl/update-werkzaamheden-dommelseweg-0,Update werkzaamheden Dommelseweg,,true,Nieuwsbericht,,
0c63653b-a007-4064-86b3-fa955c65be19,9b59a171-e91e-48ed-86da-5946a1df3760,https://www.valkenswaard.nl/gebruiksmelding-brandveilig-gebruik,Gebruiksmelding brandveilig gebruik,,true,Product of dienst,,
e82f61fa-cb07-4846-91a9-c0469575927f,9b59a171-e91e-48ed-86da-5946a1df3760,https://www.valkenswaard.nl/asbest-verwijderen-melding,"Asbest verwijderen, melding",,true,Product of dienst,,
4e914273-55eb-4500-967b-9fa5a5a5dedd,9b59a171-e91e-48ed-86da-5946a1df3760,https://www.valkenswaard.nl/laatste-stap-naar-vernieuwde-weg-dommelseweg-kort-afgesloten-van-14-tot-en-met-18-april,Laatste stap naar vernieuwde weg: Dommelseweg kort afgesloten van 14 tot en met 18 april,,true,Nieuwsbericht,,
13386833-11f6-4d07-b4da-c48734e0e8fc,9b59a171-e91e-48ed-86da-5946a1df3760,https://www.valkenswaard.nl/kinderburgemeester-jur-roothans-geslaagd-voor-vvn-praktisch-verkeersexamen-op-8-april,Kinderburgemeester Jur Roothans geslaagd voor VVN praktisch verkeersexamen op 8 april,,true,Nieuwsbericht,,
13c8d7a5-e0de-420e-a3df-64278f29f7e1,9b59a171-e91e-48ed-86da-5946a1df3760,https://www.valkenswaard.nl/ommetje-hoef-georganiseerde-wandeling-groot-succes,Ommetje Hoef: georganiseerde wandeling groot succes,,true,Nieuwsbericht,,
35761bf0-10b1-48d0-97e9-4a265db842e6,9b59a171-e91e-48ed-86da-5946a1df3760,https://www.valkenswaard.nl/programma-kerkakkers,Programma Kerkakkers,,true,Pagina,,
a1609f17-0121-4b20-b0cc-db50f446e034,9b59a171-e91e-48ed-86da-5946a1df3760,https://www.valkenswaard.nl/buurtfestival,Buurtfestival 2026,,true,Landingspagina,,
202eb007-b4a5-4ee1-b430-ab76c592c9f7,9b59a171-e91e-48ed-86da-5946a1df3760,https://www.valkenswaard.nl/erkennen-kind-voor-de-geboorte,Erkennen kind voor de geboorte,,true,Product of dienst,,
9fea96ee-7aa0-4b9d-b2be-fe0d1d159fc1,9b59a171-e91e-48ed-86da-5946a1df3760,https://www.valkenswaard.nl/programma-t-gegraaf,Programma ‘t Gegraaf,,true,Pagina,,
099f7d1b-2a37-4694-8a5a-9d5992af99f6,9b59a171-e91e-48ed-86da-5946a1df3760,https://www.valkenswaard.nl/verklaring-omtrent-gedrag,Verklaring omtrent gedrag,,true,Product of dienst,,
c6457caa-98ef-4288-81fb-a4abdbe1ce51,9b59a171-e91e-48ed-86da-5946a1df3760,https://www.valkenswaard.nl/mantelzorgcompliment,Mantelzorgcompliment,,true,Product of dienst,,
6b419785-1058-445a-b994-032de4823de7,9b59a171-e91e-48ed-86da-5946a1df3760,https://www.valkenswaard.nl/parkeerboete,Parkeerboete,,true,Product of dienst,,
6668b5d0-a7a0-46fe-817d-571cafa691f5,9b59a171-e91e-48ed-86da-5946a1df3760,https://www.valkenswaard.nl/vergoeding-alleenverdienersproblematiek,Vergoeding alleenverdienersproblematiek,,true,Product of dienst,,
a118d79c-b1d0-47c1-b3bc-e6e19e759c48,9b59a171-e91e-48ed-86da-5946a1df3760,https://www.valkenswaard.nl/zwijnen,Zwijnen,,true,Pagina,,
d7360e18-70d5-4a9a-8a46-1313ed747a1c,9b59a171-e91e-48ed-86da-5946a1df3760,https://www.valkenswaard.nl/gewijzigd-vastgesteld-bestemmingsplan-grensweg-15-22-mei-2025-tm-2-juli-2025,Gewijzigd vastgesteld bestemmingsplan ‘Grensweg 15’ (22 mei 2025 t/m 2 juli 2025),,true,Pagina,,
4a5920fa-9e1c-4843-a2e3-74f6ffdbb34e,9b59a171-e91e-48ed-86da-5946a1df3760,https://www.valkenswaard.nl/crisis-en-noodsituaties,Crisis- en noodsituaties,,true,Product of dienst,,
59e6a5be-c90c-4132-89f9-d13b3b774386,9b59a171-e91e-48ed-86da-5946a1df3760,https://www.valkenswaard.nl/nieuwe-regeling-voor-alleenverdienersproblematiek,Nieuwe regeling voor alleenverdienersproblematiek,,true,Nieuwsbericht,,
9a3e662d-7729-4899-9171-6c21b9975fa4,9b59a171-e91e-48ed-86da-5946a1df3760,https://www.valkenswaard.nl/informatie-voor-makelaars-ontwikkelaars-en-vastgoedpartijen,"Informatie voor makelaars, ontwikkelaars en vastgoedpartijen",,true,Pagina,,
0b7febe9-729b-4d97-b021-1e2402dba095,9b59a171-e91e-48ed-86da-5946a1df3760,https://www.valkenswaard.nl/elektrische-voertuigen-en-laadpalen,Elektrische voertuigen en laadpalen,,true,Product of dienst,,
33af5763-9fe4-4361-b9eb-582f8192cc4a,9b59a171-e91e-48ed-86da-5946a1df3760,https://www.valkenswaard.nl/succesvolle-aanpak-afvalbeleid-gemeente-valkenswaard-nascheiding-werkt,Succesvolle aanpak afvalbeleid gemeente Valkenswaard: nascheiding werkt,,true,Nieuwsbericht,,
7e8ea93b-f34d-470e-b15b-fd9c11254d4d,9b59a171-e91e-48ed-86da-5946a1df3760,https://www.valkenswaard.nl/informatie-voor-woningzoekenden,Informatie voor woningzoekenden,,true,Pagina,,
9ddc2afe-c5e7-47f3-9790-8cb93b8224a2,9b59a171-e91e-48ed-86da-5946a1df3760,https://www.valkenswaard.nl/subsidie-woningisolatie-verbeterd,Subsidie woningisolatie verbeterd,,true,Nieuwsbericht,,
1b9e4654-a2c0-423c-81c6-6a22907b7609,9b59a171-e91e-48ed-86da-5946a1df3760,https://www.valkenswaard.nl/verkeersnieuws-uit-waalre-1,Verkeersnieuws uit Waalre,,true,Nieuwsbericht,,
048eabf9-a7e2-47fc-aeec-b9257ebe6cec,9b59a171-e91e-48ed-86da-5946a1df3760,https://www.valkenswaard.nl/buitenbad-bij-mooi-weer,Buitenbad (bij mooi weer),,true,Openingstijden,,
f48cc222-8961-479c-b0df-379b8f66dfc1,9b59a171-e91e-48ed-86da-5946a1df3760,https://www.valkenswaard.nl/arbeidsmakelaar-voor-werkzoekenden,Arbeidsmakelaar voor werkzoekenden,,true,Pagina,,
5bd4a189-da2d-47ae-a519-f2fadc8b3be8,9b59a171-e91e-48ed-86da-5946a1df3760,https://www.valkenswaard.nl/hulp-bij-een-laag-inkomen-minima-of-geldzorgen,Hulp bij een laag inkomen (minima) of geldzorgen,,true,Landingspagina,,
3d014ea8-e9d0-441b-ac1b-194c5cdf06bf,9b59a171-e91e-48ed-86da-5946a1df3760,https://www.valkenswaard.nl/rijbewijs-kwijt-of-gestolen,Rijbewijs kwijt of gestolen,,true,Product of dienst,,
734dae83-a4d6-4180-aec5-ec81a175a6cd,9b59a171-e91e-48ed-86da-5946a1df3760,https://www.valkenswaard.nl/subsidies-voor-ondernemers,Subsidies voor ondernemers,,true,Overzichtspagina,,
c29b0888-db21-4ecf-8b0d-768cb2f3003f,9b59a171-e91e-48ed-86da-5946a1df3760,https://www.valkenswaard.nl/verhuizen,Verhuizen,,true,Product of dienst,,
ac58d923-79ce-4fbc-9205-d05b42a4639b,9b59a171-e91e-48ed-86da-5946a1df3760,https://www.valkenswaard.nl/natuurgrenspark-de-groote-heide-een-van-de-mooiste-heidegebieden-van-nederland,Natuurgrenspark De Groote Heide: een van de mooiste heidegebieden van Nederland.,,true,Nieuwsbericht,,
2fccf6cd-c35e-4e1c-bb13-d27fd40b816d,9b59a171-e91e-48ed-86da-5946a1df3760,https://www.valkenswaard.nl/als-je-je-mond-dicht-houdt-gebeurt-er-niets,"“Als je je mond dicht houdt, gebeurt er niets.”",,true,Pagina,,
d85e4cad-4d5d-4bab-96ca-1e3b8e7f69cf,9b59a171-e91e-48ed-86da-5946a1df3760,https://www.valkenswaard.nl/gemeenteraad-stelt-bestemmingsplan-ema-terrein-vast-142-woningen-in-voorbereiding,Gemeenteraad stelt bestemmingsplan EMA-terrein vast: 142 woningen in voorbereiding,,true,Nieuwsbericht,,
f0c76740-31fb-4855-b66e-471202f1cf56,9b59a171-e91e-48ed-86da-5946a1df3760,https://www.valkenswaard.nl/gemeenteraad-stelt-toekomstvisie-voetbal-in-valkenswaard-vast-samenwerking-als-fundament-voor-de,Gemeenteraad stelt Toekomstvisie Voetbal in Valkenswaard vast: samenwerking als fundament voor de toekomst,,true,Nieuwsbericht,,
64124bd9-21fd-4bc2-93c6-c4684c4230fa,9b59a171-e91e-48ed-86da-5946a1df3760,https://www.valkenswaard.nl/trouwlocaties,Trouwlocaties,,true,Product of dienst,,
cfd55698-ff6f-40e3-b4a7-47675ad71556,9b59a171-e91e-48ed-86da-5946a1df3760,https://www.valkenswaard.nl/meerjarig-vergund-evenement,Meerjarig vergund evenement,,true,Product of dienst,,
600b8a5f-4c0a-40e5-84ac-062b2f189196,9b59a171-e91e-48ed-86da-5946a1df3760,https://www.valkenswaard.nl/klein-evenement-onder-voorwaarden,Klein evenement onder voorwaarden,,true,Product of dienst,,
d530c43f-b1d7-4466-b00f-2cb86e93a55f,9b59a171-e91e-48ed-86da-5946a1df3760,https://www.valkenswaard.nl/aanleg-speelplek-de-wilde-wingerd,Aanleg speelplek De Wilde Wingerd,,true,Pagina,,
be90b609-ef19-461e-8183-9fe9c3023eee,9b59a171-e91e-48ed-86da-5946a1df3760,https://www.valkenswaard.nl/uitslag-gemeenteraadsverkiezing-2026-0,Uitslag Gemeenteraadsverkiezing 2026,,true,Product of dienst,,
ff4e9cf5-45fd-4336-a906-c921cd8c282d,9b59a171-e91e-48ed-86da-5946a1df3760,https://www.valkenswaard.nl/energieloket-dommelen-28-maart-officieel-open,Energieloket Dommelen 28 maart officieel open,,true,Nieuwsbericht,,
32f310be-9082-45d8-8f4f-376fcaa6d567,9b59a171-e91e-48ed-86da-5946a1df3760,https://www.valkenswaard.nl/vastgesteld-bestemmingsplan-grevenschutweg-3-19-februari-tm-2-april-2026,Vastgesteld bestemmingsplan 'Grevenschutweg 3' (19 februari t/m 2 april 2026),,true,Pagina,,
d1b13c27-bdb2-4f45-8d36-8faa444dd8ca,9b59a171-e91e-48ed-86da-5946a1df3760,https://www.valkenswaard.nl/sfa-stijn-pasmans,S.F.A. (Stijn) Pasmans,,true,Profiel,,
2ae99bde-b140-4ab3-b62c-52b3abcd4f65,9b59a171-e91e-48ed-86da-5946a1df3760,https://www.valkenswaard.nl/kinderen-verzamelen-e-waste-tijdens-e-waste-race-in-valkenswaard,Kinderen verzamelen e-waste tijdens E-waste Race in Valkenswaard,,true,Nieuwsbericht,,
bf2bc7fc-a940-4225-a0da-8e31d3c3a6dc,9b59a171-e91e-48ed-86da-5946a1df3760,https://www.valkenswaard.nl/burgemeester-stelt-actualisatie-van-beleidsregels-terrassen-vast,Burgemeester stelt actualisatie van Beleidsregels Terrassen vast,,true,Nieuwsbericht,,
d1b6326e-5d5d-4ea4-9db2-1280493608ca,9b59a171-e91e-48ed-86da-5946a1df3760,https://www.valkenswaard.nl/omgevingsvisie,Omgevingsvisie,,true,Product of dienst,,
3eeb7d84-627d-4109-b8c5-941a1b38feb3,9b59a171-e91e-48ed-86da-5946a1df3760,https://www.valkenswaard.nl/overzichtskaart-ondergrondse-afvalcontainers,Overzichtskaart ondergrondse afvalcontainers,,true,Pagina,,
ac64a43c-3d76-4113-9928-f4b7ce253a34,9b59a171-e91e-48ed-86da-5946a1df3760,https://www.valkenswaard.nl/samenwerking-boulevard-en-paardenzone-krijgt-vervolg-tijdens-bijeenkomst-op-8-april,Samenwerking Boulevard en paardenzone krijgt vervolg tijdens bijeenkomst op 8 april,,true,Nieuwsbericht,,
8d6d7d24-3009-4a59-a878-7a0e1aab66f4,9b59a171-e91e-48ed-86da-5946a1df3760,https://www.valkenswaard.nl/opschorting-brp-registratie-voor-niet-ingezetenen-van-valkenswaard-12-05-2026,Opschorting BRP-registratie voor niet-ingezetenen van Valkenswaard 12-05-2026,,true,Pagina,,
c80394b7-c763-433a-a53c-358452069616,9b59a171-e91e-48ed-86da-5946a1df3760,https://www.valkenswaard.nl/onze-jonge-valkenswaardenaren-zijn-mega-duurzaam-bezig,Onze jonge Valkenswaardenaren zijn mega duurzaam bezig,,true,Nieuwsbericht,,
21c9e153-18cc-49a3-8cf5-713c02b108c6,9b59a171-e91e-48ed-86da-5946a1df3760,https://www.valkenswaard.nl/muziek-in-t-zonnetje-bij-de-hofnar-geniet-van-livemuziek-op-het-plein,‘Muziek in ’t Zonnetje’ bij De Hofnar: geniet van livemuziek op het plein,,true,Nieuwsbericht,,
4cf26111-4c4b-4b2f-8ba0-50ac785acf6f,9b59a171-e91e-48ed-86da-5946a1df3760,https://www.valkenswaard.nl/blijf-vitaal-en-in-beweging-nationale-beweegweek-voor-ouderen,Blijf vitaal en in beweging: Nationale Beweegweek voor Ouderen,,true,Nieuwsbericht,,
60c1f566-7588-4931-8982-5e51e7abcda6,9b59a171-e91e-48ed-86da-5946a1df3760,https://www.valkenswaard.nl/ontwikkelingsgericht-overleg-ogo,Ontwikkelingsgericht overleg (OGO),,true,Product of dienst,,
e3f2ce79-3134-4049-bc32-72e825908714,9b59a171-e91e-48ed-86da-5946a1df3760,https://www.valkenswaard.nl/update-landelijke-55-beweegchallenge-verplaatst-naar-september,Update: Landelijke 55+ beweegchallenge verplaatst naar september,,true,Nieuwsbericht,,
8755cd6e-f251-457a-b772-fbe7057260f8,9b59a171-e91e-48ed-86da-5946a1df3760,https://www.valkenswaard.nl/als-de-bomen-konden-praten-ine-68-jaar,"Als de bomen konden praten (Ine, 68 jaar)",,true,Pagina,,
b1c5d455-a6d6-4243-8801-0975b286d237,9b59a171-e91e-48ed-86da-5946a1df3760,https://www.valkenswaard.nl/verbetering-regenwaterafvoer-in-peperstraat-bakkerstraat-klappermanstraat,"Verbetering regenwaterafvoer in Peperstraat, Bakkerstraat, Klappermanstraat",,true,Nieuwsbericht,,
b2e775df-3d27-4c65-88ad-3ea5a61a34b3,9b59a171-e91e-48ed-86da-5946a1df3760,https://www.valkenswaard.nl/gemeente-en-energiek-valkenswaard-bekrachtigen-samenwerking,Gemeente en Energiek Valkenswaard bekrachtigen samenwerking,,true,Nieuwsbericht,,
57334734-1a26-43c4-bd65-f52d48497835,9b59a171-e91e-48ed-86da-5946a1df3760,https://www.valkenswaard.nl/hier-liggen-82-jaar-levenservaring-en-een-paar-schaatsen-wim-82-jaar,"Hier liggen 82 jaar levenservaring en een paar schaatsen (Wim, 82 jaar)",,true,Pagina,,
52717055-6907-4970-8480-185af186adf5,9b59a171-e91e-48ed-86da-5946a1df3760,https://www.valkenswaard.nl/tussentijdse-rapportages,Tussentijdse rapportages,,true,Pagina,,
9ae221a7-1606-4fb0-a73f-abf773cbce0d,9b59a171-e91e-48ed-86da-5946a1df3760,https://www.valkenswaard.nl/identiteitskaart-tot-12-jaar,Identiteitskaart tot 12 jaar,,true,Product of dienst,,
2504c490-5719-4ff7-8cd9-d747ff2bd137,9b59a171-e91e-48ed-86da-5946a1df3760,https://www.valkenswaard.nl/paspoort-tot-18-jaar,Paspoort tot 18 jaar,,true,Product of dienst,,
5e1ddbf4-af48-46da-914a-e6fad7d5b8c3,9b59a171-e91e-48ed-86da-5946a1df3760,https://www.valkenswaard.nl/identiteitskaart-12-jaar-en-ouder,Identiteitskaart 12 jaar en ouder,,true,Product of dienst,,
a5a08a8c-f91a-4b14-ad46-b48bab673df1,9b59a171-e91e-48ed-86da-5946a1df3760,https://www.valkenswaard.nl/digitaal-nachtregister-0,Digitaal Nachtregister,,true,Pagina,,
590e413d-0c72-4bb6-bd12-f651d6c7e4fd,9b59a171-e91e-48ed-86da-5946a1df3760,https://www.valkenswaard.nl/ik-sta-sterk-in-valkenswaard-samen-stap-voor-stap-vooruit,‘Ik sta sterk’ in Valkenswaard: samen stap voor stap vooruit,,true,Nieuwsbericht,,
2757c5f8-6cbb-4baa-9875-393cde88bd74,9b59a171-e91e-48ed-86da-5946a1df3760,https://www.valkenswaard.nl/mja-michael-martens,M.J.A. (Michael) Martens,,true,Profiel,,
0a711cf6-2ed3-4dee-a5ea-43670c4181a0,9b59a171-e91e-48ed-86da-5946a1df3760,https://www.valkenswaard.nl/hemelboom,Hemelboom,,true,Pagina,,
e68888ba-c652-4c7c-8a5d-da32d6ecd7fd,9b59a171-e91e-48ed-86da-5946a1df3760,https://www.valkenswaard.nl/reuzenbalsemien-sprinbalsemien,Reuzenbalsemien / Sprinbalsemien,,true,Pagina,,
12ba3d84-992b-4042-be7b-f20903988ab7,9b59a171-e91e-48ed-86da-5946a1df3760,https://www.valkenswaard.nl/aziatische-duizendknopen,Aziatische duizendknopen,,true,Pagina,,
e9d41714-fb75-48da-9f83-9146cedfd089,9b59a171-e91e-48ed-86da-5946a1df3760,https://www.valkenswaard.nl/reuzenberenklauw,Reuzenberenklauw,,true,Pagina,,
684d9d14-c8ad-4cf7-81cd-9d9b260c2784,9b59a171-e91e-48ed-86da-5946a1df3760,https://www.valkenswaard.nl/boulevard-en-paardenzone-de-laatste-themabijeenkomsten-zijn-een-feit,Boulevard en Paardenzone: de laatste themabijeenkomsten zijn een feit,,true,Nieuwsbericht,,
5af95d74-0b8f-4f97-9b4f-acb0004e6b72,9b59a171-e91e-48ed-86da-5946a1df3760,https://www.valkenswaard.nl/vuurwerk-afsteken,Vuurwerk afsteken,,true,Product of dienst,,
6dfacc71-cce6-4371-b5bd-8736c0a7c669,9b59a171-e91e-48ed-86da-5946a1df3760,https://www.valkenswaard.nl/binnenbad-regulier,Binnenbad (regulier),,true,Openingstijden,,
a9ef957e-d5a9-4ec9-83a3-2692fc32305f,9b59a171-e91e-48ed-86da-5946a1df3760,https://www.valkenswaard.nl/samenwonen-met-meerderjarige-personen-en-bijstandsuitkering,Samenwonen met meerderjarige personen en bijstandsuitkering,,true,Product of dienst,,
9d856b96-ec04-477b-bb73-458dfa7fc41f,9b59a171-e91e-48ed-86da-5946a1df3760,https://www.valkenswaard.nl/sportcomplex-de-wedert,Sportcomplex de Wedert,,true,Landingspagina,,
2218de2d-7874-4bbb-84f3-2f614df00bbf,9b59a171-e91e-48ed-86da-5946a1df3760,https://www.valkenswaard.nl/leerlingenvervoer,Leerlingenvervoer,,true,Product of dienst,,
e85173b8-4648-4a73-bb25-f3d9b1a85e46,9b59a171-e91e-48ed-86da-5946a1df3760,https://www.valkenswaard.nl/vng-jaarcongres-in-onze-regio-de-kracht-van-de-paardensport,VNG Jaarcongres in onze regio: de kracht van de paardensport,,true,Nieuwsbericht,,
f65f9a9d-2ac5-4eaf-b4b8-3c0b8517b168,9b59a171-e91e-48ed-86da-5946a1df3760,https://www.valkenswaard.nl/terugkijken-webinar-houd-je-huis-koel-en-bespaar-energie,Terugkijken: Webinar ‘Houd je huis koel én bespaar energie’,,true,Nieuwsbericht,,
cb9c77bd-820b-4cf6-a243-1ff1c106b5e5,9b59a171-e91e-48ed-86da-5946a1df3760,https://www.valkenswaard.nl/karen-van-gerven-aarts,Karen van Gerven-Aarts,,true,Profiel,,
94563e44-1784-4183-a07b-c33f794230f5,9b59a171-e91e-48ed-86da-5946a1df3760,https://www.valkenswaard.nl/huisregels-de-wedert,Huisregels de Wedert,,true,Pagina,,
9006b0b1-c856-4729-a14c-9ae11e948c78,9b59a171-e91e-48ed-86da-5946a1df3760,https://www.valkenswaard.nl/vluchtelingenopvang,"Opvang van vluchtelingen, Oekraïense ontheemden en huisvesten van statushouders",,true,Pagina,,
60fede69-d8f0-4499-b5a5-55f323d13b0e,9b59a171-e91e-48ed-86da-5946a1df3760,https://www.valkenswaard.nl/succesvol-welkom-thuis-event-in-het-hart-van-valkenswaard,Succesvol ‘Welkom Thuis’ event in het hart van Valkenswaard,,true,Nieuwsbericht,,
5b0c7c5c-54c0-4bef-8e41-fcade373e9ea,9b59a171-e91e-48ed-86da-5946a1df3760,https://www.valkenswaard.nl/223-huishoudens-in-valkenswaard-besparen-samen-bijna-7000-kg-co2-dankzij-isolatieproject,223 huishoudens in Valkenswaard besparen samen bijna 7.000 kg CO₂ dankzij isolatieproject,,true,Nieuwsbericht,,
5cbf0164-3b61-47a1-be16-64966acdae7e,9b59a171-e91e-48ed-86da-5946a1df3760,https://www.valkenswaard.nl/werkzaamheden-op-de-malpie,Werkzaamheden op de Malpie,,true,Nieuwsbericht,,
566bc8ab-2134-43e0-b339-b7bb0c25042d,9b59a171-e91e-48ed-86da-5946a1df3760,https://www.valkenswaard.nl/lessen-en-activiteiten,Lessen en activiteiten,,true,Pagina,,
48b8dfc9-4cd6-4d00-8302-1391774e24e2,9b59a171-e91e-48ed-86da-5946a1df3760,https://www.valkenswaard.nl/word-jij-de-nieuwe-kinderburgemeester-van-valkenswaard-0,Word jij de nieuwe kinderburgemeester van Valkenswaard?,,true,Nieuwsbericht,,
d1c81e0b-e709-48ae-86ed-e0aa21bc926f,9b59a171-e91e-48ed-86da-5946a1df3760,https://www.valkenswaard.nl/historisch-erfgoed-terug-op-de-markt-opening-oude-dorpspomp,Historisch erfgoed terug op de Markt: opening oude dorpspomp,,true,Nieuwsbericht,,
9ec47983-c762-48db-b530-e2d5902ee995,9b59a171-e91e-48ed-86da-5946a1df3760,https://www.valkenswaard.nl/wat-je-niet-ziet,Wat je niet ziet…,,true,Landingspagina,,
798e1f1d-50c3-444b-82ba-6a319dbce280,9b59a171-e91e-48ed-86da-5946a1df3760,https://www.valkenswaard.nl/verloren-of-gevonden-voorwerpen-melden,Verloren of gevonden voorwerpen melden,,true,Product of dienst,,
24999f39-2443-4114-bfaf-8c1dcd1a2046,9b59a171-e91e-48ed-86da-5946a1df3760,https://www.valkenswaard.nl/openbare-kennisgeving-volmacht,Openbare kennisgeving volmacht,,true,Pagina,,
500a64d4-0b98-4314-9a38-7823aeffae39,9b59a171-e91e-48ed-86da-5946a1df3760,https://www.valkenswaard.nl/tweede-inwonersavond-over-voormalige-lts-terrein-creatief-meedenken-over-de-toekomst,Tweede inwonersavond over voormalige LTS-terrein: creatief meedenken over de toekomst,,true,Nieuwsbericht,,
088041af-9f54-4f81-a293-783a382ab81f,9b59a171-e91e-48ed-86da-5946a1df3760,https://www.valkenswaard.nl/stephanie-aarts-nieuwe-kinderburgemeester-van-valkenswaard,Stephanie Aarts nieuwe kinderburgemeester van Valkenswaard,,true,Nieuwsbericht,,
25fc350d-bac8-40cc-aa20-3c5fdbdc847d,9b59a171-e91e-48ed-86da-5946a1df3760,https://www.valkenswaard.nl/herdenking-bevrijding-valkenswaard,Herdenking bevrijding Valkenswaard,,true,Nieuwsbericht,,
a237f7d5-0697-4b2f-bde0-41d6bf25b11d,9b59a171-e91e-48ed-86da-5946a1df3760,https://www.valkenswaard.nl/dorpspomp-weer-terug-in-het-straatbeeld-van-valkenswaard,Dorpspomp weer terug in het straatbeeld van Valkenswaard!,,true,Nieuwsbericht,,
cac329f3-530c-4458-9232-be1ec1f4e8b4,9b59a171-e91e-48ed-86da-5946a1df3760,https://www.valkenswaard.nl/begroting-en-balans-opstellen,Begroting en balans opstellen,,true,Pagina,,
08fba2a0-4b76-4b10-a562-577d9677b147,9b59a171-e91e-48ed-86da-5946a1df3760,https://www.valkenswaard.nl/meld-en-adviespunt-zorgwekkend-gedrag,Meld- en adviespunt Zorgwekkend gedrag,,true,Product of dienst,,
819b0632-2796-402d-ad14-376dbc48fd25,9b59a171-e91e-48ed-86da-5946a1df3760,https://www.valkenswaard.nl/fatbike,Fatbike,,true,Pagina,,
d47d4128-ce05-426f-8473-05c926d46e82,9b59a171-e91e-48ed-86da-5946a1df3760,https://www.valkenswaard.nl/uitbreiding-elektriciteitsnet-in-valkenswaard-noord,Uitbreiding elektriciteitsnet in Valkenswaard-Noord,,true,Nieuwsbericht,,
9c8dcab5-ed6e-4e8d-94d7-a1c30c151296,9b59a171-e91e-48ed-86da-5946a1df3760,https://www.valkenswaard.nl/pascale-van-deuren-nijhuis,Pascale van Deuren-Nijhuis,,true,Profiel,,
982b7b25-5e96-40e5-9954-2f2525dc5747,9b59a171-e91e-48ed-86da-5946a1df3760,https://www.valkenswaard.nl/binnenbad-zomerregeling,Binnenbad (zomerregeling),,true,Openingstijden,,
d4d9e6a3-c8d6-4ee2-9887-caa1d61c5146,9b59a171-e91e-48ed-86da-5946a1df3760,https://www.valkenswaard.nl/huisvestingsvergunning,Huisvestingsvergunning,,true,Pagina,,
e7e35b62-dda2-4d6a-841f-a91a7dafb386,9b59a171-e91e-48ed-86da-5946a1df3760,https://www.valkenswaard.nl/uitbreiding-elektriciteitsnet-in-valkenswaard,Uitbreiding elektriciteitsnet in Valkenswaard,,true,Nieuwsbericht,,
e8fdc591-a7d3-445e-a923-df37484881ae,9b59a171-e91e-48ed-86da-5946a1df3760,https://www.valkenswaard.nl/aziatische-hoornaar,Aziatische hoornaar,,true,Pagina,,
0ede30a4-fde0-48ea-917d-d185a85eb0f1,9b59a171-e91e-48ed-86da-5946a1df3760,https://www.valkenswaard.nl/welkom-thuis-in-het-hart-van-valkenswaard,‘Welkom Thuis’ in het hart van Valkenswaard!,,true,Nieuwsbericht,,
6f72f055-fd79-4506-8598-789b44d4db9c,9b59a171-e91e-48ed-86da-5946a1df3760,https://www.valkenswaard.nl/overlast-door-wilde-zwijnen,Overlast door wilde zwijnen,,true,Nieuwsbericht,,
62212a47-a2ca-4288-ae17-9ddb120dd5e4,9b59a171-e91e-48ed-86da-5946a1df3760,https://www.valkenswaard.nl/speelaanleidingen-in-het-centrum-gemeente-treft-maatregelen,Speelaanleidingen in het centrum: gemeente treft maatregelen,,true,Nieuwsbericht,,
fe17e257-33a2-4908-b6fe-261e9682a44d,9b59a171-e91e-48ed-86da-5946a1df3760,https://www.valkenswaard.nl/campagne-30-is-hard-zat-breidt-verder-uit-in-valkenswaard,Campagne ‘30 is hard zat!’ breidt verder uit in Valkenswaard,,true,Nieuwsbericht,,
f12c2fac-1405-45fa-9535-a859e1263bc0,9b59a171-e91e-48ed-86da-5946a1df3760,https://www.valkenswaard.nl/update-werkzaamheden-valkenswaardse-poort,Update werkzaamheden Valkenswaardse Poort,,true,Nieuwsbericht,,
2fa53dcf-ccee-436a-961d-74532d4b89f6,9b59a171-e91e-48ed-86da-5946a1df3760,https://www.valkenswaard.nl/tarieven-en-abonnementen-zwembad-de-wedert,Tarieven en abonnementen Zwembad de Wedert,,true,Pagina,,
2081524a-4b5d-4164-b06c-f11b23dba777,9b59a171-e91e-48ed-86da-5946a1df3760,https://www.valkenswaard.nl/buslijn-317-en-318-rijden-weer-door-dommelen,Buslijn 317 en 318 rijden weer door Dommelen,,true,Nieuwsbericht,,
c63775b7-0dc2-4e1c-89a6-b4297be0495f,9b59a171-e91e-48ed-86da-5946a1df3760,https://www.valkenswaard.nl/kosten-trouwen-en-geregistreerd-partnerschap,Kosten trouwen en geregistreerd partnerschap,,true,Product of dienst,,
9daa102a-f63f-4eaa-b2c5-101fe745d109,9b59a171-e91e-48ed-86da-5946a1df3760,https://www.valkenswaard.nl/gemeenteraad-draagt-corine-van-overdijk-voor-als-nieuwe-burgemeester-van-valkenswaard,Gemeenteraad draagt Corine van Overdijk voor als nieuwe burgemeester van Valkenswaard,,true,Nieuwsbericht,,
7ca93595-9492-4e74-8041-16592bf7d6a5,9b59a171-e91e-48ed-86da-5946a1df3760,https://www.valkenswaard.nl/openbare-kennisgeving-adressen-stemlokalen,Openbare kennisgeving: Adressen stemlokalen,,true,Pagina,,
acca5d38-b18f-4fc4-977f-22278dc1da6d,9b59a171-e91e-48ed-86da-5946a1df3760,https://www.valkenswaard.nl/verkeersregelinstallatie-kruising-geenhovensedreef-past-heerkensdreef,Verkeersregelinstallatie kruising Geenhovensedreef - Past. Heerkensdreef,,true,Nieuwsbericht,,
7a6ea519-4eeb-49c2-b4ae-2200a7d082de,9b59a171-e91e-48ed-86da-5946a1df3760,https://www.valkenswaard.nl/arbeidsmakelaar-voor-werkgevers,Arbeidsmakelaar voor werkgevers,,true,Pagina,,
5fd09d34-2288-4f6b-935e-bcb0fec7f877,9b59a171-e91e-48ed-86da-5946a1df3760,https://www.valkenswaard.nl/hulp-bij-geldzorgen-werk-en-inkomen,"Hulp bij Geldzorgen, Werk en Inkomen",,true,Landingspagina,,
a590f701-63e7-4158-8a29-87e82282c4de,9b59a171-e91e-48ed-86da-5946a1df3760,https://www.valkenswaard.nl/renovatie-speelplek-van-cuijkstraat,Renovatie speelplek van Cuijkstraat,,true,Pagina,,
27dbd13a-8491-4050-9d31-5620d88fee2f,9b59a171-e91e-48ed-86da-5946a1df3760,https://www.valkenswaard.nl/week-van-de-toegankelijkheid-samen-werken-aan-een-toegankelijke-gemeente,Week van de Toegankelijkheid: Samen werken aan een toegankelijke gemeente,,true,Pagina,,
535edd5b-9293-48ea-9c93-152c47417d9e,9b59a171-e91e-48ed-86da-5946a1df3760,https://www.valkenswaard.nl/programmabegroting-2026,Programmabegroting 2026,,true,Nieuwsbericht,,
53b8dba9-1344-48ea-8ffb-e02c84285a60,9b59a171-e91e-48ed-86da-5946a1df3760,https://www.valkenswaard.nl/beleid-uitgifte-restgrond-2025,Beleid uitgifte restgrond 2025,,true,Pagina,,
e5598cac-d7ec-46c0-838b-c72d3b23da19,9b59a171-e91e-48ed-86da-5946a1df3760,https://www.valkenswaard.nl/uitnodiging-ontvangen-voor-veiligheidsmonitor-doe-dan-mee,Uitnodiging ontvangen voor Veiligheidsmonitor? Doe dan mee!,,true,Nieuwsbericht,,
e0cf3895-1d56-405b-87bf-f260e7b0f584,9b59a171-e91e-48ed-86da-5946a1df3760,https://www.valkenswaard.nl/het-kan-iedereen-overkomen-je-staat-niet-alleen,“Het kan iedereen overkomen. Je staat niet alleen.”,,true,Pagina,,
dac732dc-39ae-44a8-a207-3182c8a60063,9b59a171-e91e-48ed-86da-5946a1df3760,https://www.valkenswaard.nl/de-eerste-stap-is-erkennen-dat-je-niet-alles-alleen-kunt,“De eerste stap is erkennen dat je niet alles alleen kunt.”,,true,Pagina,,
9dbd7ce6-63a8-4c0c-9df4-16b9cb2f7ed1,9b59a171-e91e-48ed-86da-5946a1df3760,https://www.valkenswaard.nl/hulp-bij-geldzorgen-en-schulden,Hulp bij geldzorgen en schulden,,true,Product of dienst,,
2d7f7a82-a6b4-42f9-a818-a61ad2292009,9b59a171-e91e-48ed-86da-5946a1df3760,https://www.valkenswaard.nl/leidinggevende-wijzigen,Leidinggevende wijzigen,,true,Product of dienst,,
884d1d67-c860-4cfb-b08d-5d985e525c87,9b59a171-e91e-48ed-86da-5946a1df3760,https://www.valkenswaard.nl/succesvolle-eerste-wood4groen-dag-valkenswaard-vergroent-dankzij-sterke-samenwerking,Succesvolle eerste Wood4Groen-dag: Valkenswaard vergroent dankzij sterke samenwerking,,true,Nieuwsbericht,,
cd0a6625-667e-42d2-8cde-561e1c6e05fb,9b59a171-e91e-48ed-86da-5946a1df3760,https://www.valkenswaard.nl/kansspel-loterij-of-bingo,Kansspel: loterij of bingo,,true,Product of dienst,,
845bae83-3494-44b3-8136-b8774ca1d341,9b59a171-e91e-48ed-86da-5946a1df3760,https://www.valkenswaard.nl/trouwceremonies,Trouwceremonies,,true,Product of dienst,,
8ddf52bf-3b99-4fda-beab-0131c8620d01,9b59a171-e91e-48ed-86da-5946a1df3760,https://www.valkenswaard.nl/hulp-bij-werk-en-inburgeren,Hulp bij werk en inburgeren,,true,Landingspagina,,
05f590c6-7ab1-4951-9160-330756423b52,9b59a171-e91e-48ed-86da-5946a1df3760,https://www.valkenswaard.nl/huur-nu-een-volkstuin-in-valkenswaard,Huur nu een volkstuin in Valkenswaard!,,true,Nieuwsbericht,,
3fe51acd-43f8-472d-bf80-8a049535439e,9b59a171-e91e-48ed-86da-5946a1df3760,https://www.valkenswaard.nl/uitslag-tweede-kamerverkiezing-2025,Uitslag Tweede Kamerverkiezing 2025,,true,Pagina,,
634f1967-bd5d-4526-a240-6951edd83496,9b59a171-e91e-48ed-86da-5946a1df3760,https://www.valkenswaard.nl/voormalige-lts-terrein-valkenswaard-college-stelt-twee-voorkeursscenarios-voor-aan-de-gemeenteraad,Voormalige LTS-terrein Valkenswaard: college stelt twee voorkeursscenario’s voor aan de gemeenteraad,,true,Nieuwsbericht,,
d483df94-b1f7-476e-8abd-de043aff20f6,9b59a171-e91e-48ed-86da-5946a1df3760,https://www.valkenswaard.nl/update-natuurherstel-de-groote-meer-luikerweg,Update natuurherstel De Groote Meer – Luikerweg,,true,Nieuwsbericht,,
a303b17c-c4c9-4d02-a5fc-d6bc58ef4a3c,9b59a171-e91e-48ed-86da-5946a1df3760,https://www.valkenswaard.nl/collecteren,Collecteren,,true,Product of dienst,,
d607bff1-027a-4669-b89b-bd7ddbde3e99,9b59a171-e91e-48ed-86da-5946a1df3760,https://www.valkenswaard.nl/herstelwerkzaamheden-de-groote-meer-van-start,Herstelwerkzaamheden De Groote Meer van start,,true,Nieuwsbericht,,
861a735e-829b-4c16-8244-6db6612c2262,9b59a171-e91e-48ed-86da-5946a1df3760,https://www.valkenswaard.nl/collectieve-zorgverzekering,Collectieve zorgverzekering,,true,Product of dienst,,
d68bd5c0-6cda-4c6d-8721-6c30460a5218,9b59a171-e91e-48ed-86da-5946a1df3760,https://www.valkenswaard.nl/ontwerp-nrd-omgevingsvisie-20-ter-inzage,Ontwerp-NRD Omgevingsvisie 2.0 ter inzage,,true,Pagina,,
cd0c56c3-c66f-4e15-88b2-b5fe9e7d2009,9b59a171-e91e-48ed-86da-5946a1df3760,https://www.valkenswaard.nl/gemeente-valkenswaard-reageert-op-faillissement-winst-uit-je-woning,Gemeente Valkenswaard reageert op faillissement Winst uit je woning,,true,Nieuwsbericht,,
2b07fcf3-98a9-463d-b202-8fcc0e3e89b3,9b59a171-e91e-48ed-86da-5946a1df3760,https://www.valkenswaard.nl/ontwerpbesluit-tam-omgevingsplan-hoofdstuk-22h-zeelberg-43-valkenswaard-11-december-2025-tm-21,"Ontwerpbesluit TAM-omgevingsplan hoofdstuk 22h 'Zeelberg 43, Valkenswaard (11 december 2025 t/m 21 januari 2026)",,true,Pagina,,
30231016-7a83-441f-b0a2-b1b6b6849a5d,9b59a171-e91e-48ed-86da-5946a1df3760,https://www.valkenswaard.nl/kinderen-maken-valkenswaard-mooier-met-participatietraject,Kinderen maken Valkenswaard mooier met participatietraject,,true,Nieuwsbericht,,
018fcdc9-b9f4-4fc9-8b60-55a168d64b90,9b59a171-e91e-48ed-86da-5946a1df3760,https://www.valkenswaard.nl/kwijtschelding-aanvragen,Kwijtschelding aanvragen,,true,Product of dienst,,
9b2af246-5dfe-4c64-b4df-1d6b51924072,9b59a171-e91e-48ed-86da-5946a1df3760,https://www.valkenswaard.nl/gemeente-kiest-zorgvuldige-route-voor-nieuw-kindcentrum-st-martinus,Gemeente kiest zorgvuldige route voor nieuw kindcentrum St. Martinus,,true,Nieuwsbericht,,
146647d3-7984-4776-97d7-8c81fa8a418f,9b59a171-e91e-48ed-86da-5946a1df3760,https://www.valkenswaard.nl/ontwerpbesluit-tam-omgevingsplan-hoofdstuk-22h-kempischebaan-valkenswaard-11-december-2025-tm-21,"Ontwerpbesluit TAM-omgevingsplan hoofdstuk 22h 'Kempischebaan, Valkenswaard (11 december 2025 t/m 21 januari 2026)",,true,Pagina,,
465b569d-91d4-415e-9934-a05906c9939e,9b59a171-e91e-48ed-86da-5946a1df3760,https://www.valkenswaard.nl/betrouwbare-energievoorziening-voor-de-toekomst-werkzaamheden-aan-elektriciteitsnet-tussen,Betrouwbare energievoorziening voor de toekomst: werkzaamheden aan elektriciteitsnet tussen Valkenswaard en Waalre,,true,Nieuwsbericht,,
cc8e768e-eefc-4558-a2db-bd640b0191f2,9b59a171-e91e-48ed-86da-5946a1df3760,https://www.valkenswaard.nl/herinneringsboom,Herinneringsboom,,true,Product of dienst,,
f309050f-62fe-4f56-a086-2337b48b95db,9b59a171-e91e-48ed-86da-5946a1df3760,https://www.valkenswaard.nl/overzicht-stembureaus-gemeente,Overzicht stembureaus gemeente,,true,Pagina,,
7da59d9d-e36d-4b55-b254-cc2685c03377,9b59a171-e91e-48ed-86da-5946a1df3760,https://www.valkenswaard.nl/ontwerpbesluit-tam-omgevingsplan-hoofdstuk-22e-le-sage-ten-broekstraat-valkenswaard-11-december,"Ontwerpbesluit TAM-omgevingsplan hoofdstuk 22e 'Le Sage ten Broekstraat, Valkenswaard (11 december 2025 t/m 21 januari 2026)",,true,Pagina,,
c4b49287-dab6-4b62-9b58-d7d1a6719fc6,9b59a171-e91e-48ed-86da-5946a1df3760,https://www.valkenswaard.nl/stemmen-vanuit-het-buitenland,Stemmen vanuit het buitenland,,true,Pagina,,
e9ffbd02-8753-4f46-8f50-e38c897ff351,9b59a171-e91e-48ed-86da-5946a1df3760,https://www.valkenswaard.nl/opvang-alleenstaande-minderjarige-asielzoekers-in-valkenswaard-0,Opvang alleenstaande minderjarige asielzoekers in Valkenswaard,,true,Pagina,,
e2ae888f-a7e0-4b00-a5f8-e792fa1540b4,9b59a171-e91e-48ed-86da-5946a1df3760,https://www.valkenswaard.nl/stemmen-0,Stemmen,,true,Overzichtspagina,,
2894dd9a-c464-40a9-bd12-944588c9a214,9b59a171-e91e-48ed-86da-5946a1df3760,https://www.valkenswaard.nl/nadeelcompensatie,Nadeelcompensatie,,true,Product of dienst,,
c0c8c91d-c525-462e-bcfd-2bf806b01b99,9b59a171-e91e-48ed-86da-5946a1df3760,https://www.valkenswaard.nl/ontwerpbesluit-tam-omgevingsplan-hoofdstuk-22c-hoeve-1-valkenswaard-18-december-2025-tm-28-januari,"Ontwerpbesluit TAM-omgevingsplan hoofdstuk 22c 'Hoeve 1, Valkenswaard (18 december 2025 t/m 28 januari 2026)",,true,Pagina,,
cf8e1e17-65dd-4992-87ec-a0f3b85d25c8,9b59a171-e91e-48ed-86da-5946a1df3760,https://www.valkenswaard.nl/rijbewijs,Rijbewijs,,true,Product of dienst,,
9f6c8b39-509b-488b-9f07-8f2eef777632,9b59a171-e91e-48ed-86da-5946a1df3760,https://www.valkenswaard.nl/milieuklacht-melden,Milieuklacht melden,,true,Pagina,,
6301233f-6ea0-4398-ace8-6062ffed296f,9b59a171-e91e-48ed-86da-5946a1df3760,https://www.valkenswaard.nl/adresonderzoek,Adresonderzoek,,true,Product of dienst,,
79423b73-ca41-49ea-9dc7-9a966d39cffe,9b59a171-e91e-48ed-86da-5946a1df3760,https://www.valkenswaard.nl/het-venbergse-watermolenlandschap,Het Venbergse watermolenlandschap,,true,Pagina,,
5762bb3f-901d-4444-9953-8331db855eeb,9b59a171-e91e-48ed-86da-5946a1df3760,https://www.valkenswaard.nl/waarom-ga-je-stemmen,Waarom ga je stemmen?,,true,Product of dienst,,
07bd820f-3bc4-4d3f-b3df-899f4d25b5d4,9b59a171-e91e-48ed-86da-5946a1df3760,https://www.valkenswaard.nl/proces-verbaal-van-het-onderzoek-naar-de-kandidatenlijsten-03-02-2026,Proces-verbaal van het onderzoek naar de kandidatenlijsten 03-02-2026,,true,Pagina,,
d413924a-755f-4ac1-b0dc-e97aeb2552ac,9b59a171-e91e-48ed-86da-5946a1df3760,https://www.valkenswaard.nl/prijsuitreiking-reflectionday-jongste-leerlingen-in-het-zonnetje-gezet,Prijsuitreiking Reflectionday: jongste leerlingen in het zonnetje gezet,,true,Nieuwsbericht,,
771e68cb-d058-48a1-a915-6632278b8625,9b59a171-e91e-48ed-86da-5946a1df3760,https://www.valkenswaard.nl/kaders-inrichting-openbare-ruimte-kior-2026,Kaders Inrichting Openbare Ruimte (KIOR) 2026,,true,Pagina,,
960153bb-f7c5-40d2-ae67-19090bca4708,9b59a171-e91e-48ed-86da-5946a1df3760,https://www.valkenswaard.nl/bijstand-en-uitkeringen,Bijstand en uitkeringen,,true,Landingspagina,,
3da59e2f-9c82-4885-b375-96a5e18f7d29,9b59a171-e91e-48ed-86da-5946a1df3760,https://www.valkenswaard.nl/renovatie-speelplek-de-kreijenbeek,Renovatie speelplek de Kreijenbeek,,true,Pagina,,
8fa1c092-a3dc-47ac-98a6-2eefe1116493,9b59a171-e91e-48ed-86da-5946a1df3760,https://www.valkenswaard.nl/terrasterrasuitbreiding,Terras/terrasuitbreiding,,true,Product of dienst,,
67fc6e8b-8685-4afb-82ce-953799451259,9b59a171-e91e-48ed-86da-5946a1df3760,https://www.valkenswaard.nl/gemeente-start-met-nieuwe-omgevingsvisie-denk-mee-over-de-plannen,Gemeente start met nieuwe Omgevingsvisie: denk mee over de plannen,,true,Nieuwsbericht,,
e07fd98b-905d-4d58-9210-c21041b55043,9b59a171-e91e-48ed-86da-5946a1df3760,https://www.valkenswaard.nl/exploitatievergunning,Exploitatievergunning,,true,Product of dienst,,
e493d375-2413-4c67-8ae0-abc17035b7c4,9b59a171-e91e-48ed-86da-5946a1df3760,https://www.valkenswaard.nl/chm-corine-van-overdijk,C.H.M. (Corine) van Overdijk,,true,Profiel,,
9f2dd7e6-9b13-4561-89bd-eda3ecef500a,9b59a171-e91e-48ed-86da-5946a1df3760,https://www.valkenswaard.nl/informatie-voor-politieke-partijen,Informatie voor Politieke Partijen,,true,Pagina,,
b22ac4c7-bd47-4537-860d-4edebda918dd,9b59a171-e91e-48ed-86da-5946a1df3760,https://www.valkenswaard.nl/hulp-voor-jeugd-en-gezin,Hulp voor Jeugd en gezin,,true,Landingspagina,,
131b35d0-280b-48c5-af28-a2ab98cff61b,9b59a171-e91e-48ed-86da-5946a1df3760,https://www.valkenswaard.nl/de-onafhankelijk-clientondersteuners-gaan-de-wijk-in,De onafhankelijk cliëntondersteuners gaan de wijk in,,true,Nieuwsbericht,,
5a65d667-5603-4f2f-8922-105dbb65eedd,9b59a171-e91e-48ed-86da-5946a1df3760,https://www.valkenswaard.nl/evenementen-en-activiteiten,Evenementen en activiteiten,,true,Landingspagina,,
1aece047-45e7-45f7-bff9-600a3d3ee8f3,9b59a171-e91e-48ed-86da-5946a1df3760,https://www.valkenswaard.nl/werken-aan-beter-ov-met-tijdelijke-buurtbushaltes-maastrichterweg-en-leenderweg,Werken aan beter OV met tijdelijke buurtbushaltes Maastrichterweg en Leenderweg,,true,Nieuwsbericht,,
722a315a-4bce-4c17-aa4d-1c3e62ef13f2,9b59a171-e91e-48ed-86da-5946a1df3760,https://www.valkenswaard.nl/ontwerpbesluit-tam-omgevingsplan-hoofdstuk-22j-achterste-brug-valkenswaard-18-december-2025-tm-28,"Ontwerpbesluit TAM-omgevingsplan hoofdstuk 22j 'Achterste Brug, Valkenswaard (18 december 2025 t/m 28 januari 2026)",,true,Pagina,,
eeb6ba69-f029-4d78-b0d3-044ace0c0a56,9b59a171-e91e-48ed-86da-5946a1df3760,https://www.valkenswaard.nl/verantwoordingsdocument-uitvoering-wet-waardering-onroerende-zaken-wet-woz,Verantwoordingsdocument Uitvoering Wet waardering onroerende zaken (Wet WOZ),,true,Pagina,,
087ba087-6802-40ad-b063-af81a36bd364,9b59a171-e91e-48ed-86da-5946a1df3760,https://www.valkenswaard.nl/de-toekomst-vraagt-om-keuzes-dit-is-de-volgende-stap,De toekomst vraagt om keuzes. Dit is de volgende stap.,,true,Nieuwsbericht,,
9f4f725d-ca30-4d5f-aadb-31dfaf600a50,9b59a171-e91e-48ed-86da-5946a1df3760,https://www.valkenswaard.nl/opschorting-brp-registratie-voor-niet-ingezetenen-van-valkenswaard-24-12-2025,Opschorting BRP-registratie voor niet-ingezetenen van Valkenswaard 24-12-2025,,true,Pagina,,
540571c0-3ed5-4f15-b840-7fb4d7e06971,9b59a171-e91e-48ed-86da-5946a1df3760,https://www.valkenswaard.nl/opschorting-brp-registratie-voor-niet-ingezetenen-van-valkenswaard-02-03-2026,Opschorting BRP-registratie voor niet-ingezetenen van Valkenswaard 02-03-2026,,true,Pagina,,
3cb44677-278e-4515-923b-02ee7dbecb4d,9b59a171-e91e-48ed-86da-5946a1df3760,https://www.valkenswaard.nl/jouw-valkenswaard-van-morgen-praat-mee-over-de-toekomst-van-onze-gemeente,Jouw Valkenswaard van morgen: praat mee over de toekomst van onze gemeente,,true,Nieuwsbericht,,
65776d96-63ab-4223-96c1-9b2aab5b9f1f,9b59a171-e91e-48ed-86da-5946a1df3760,https://www.valkenswaard.nl/gevelverbeteringsfonds,Gevelverbeteringsfonds,,true,Product of dienst,,
b98ba770-97d7-4991-8d63-526b7aaee00f,9b59a171-e91e-48ed-86da-5946a1df3760,https://www.valkenswaard.nl/dommelgemeenten-dienen-opnieuw-verzet-in-tegen-nyrstar,Dommelgemeenten dienen opnieuw verzet in tegen Nyrstar,,true,Nieuwsbericht,,
c4fbc862-37fe-4ab0-928d-5e626dc54c8e,9b59a171-e91e-48ed-86da-5946a1df3760,https://www.valkenswaard.nl/praktisch-verkeersexamen-met-twee-primeurs-een-groot-succes,Praktisch verkeersexamen met twee primeurs een groot succes,,true,Nieuwsbericht,,
a76b2f6f-a7d7-424e-b9ef-fb3a5c902cb6,9b59a171-e91e-48ed-86da-5946a1df3760,https://www.valkenswaard.nl/bijstandsuitkering-voor-dagelijkse-noodzakelijke-kosten,Bijstandsuitkering voor dagelijkse noodzakelijke kosten,,true,Product of dienst,,
3306657a-2738-46fb-949d-f4fcc2246339,9b59a171-e91e-48ed-86da-5946a1df3760,https://www.valkenswaard.nl/feestelijke-opening-natuurspeeltuin-dukaathof-op-22-april,Feestelijke opening natuurspeeltuin Dukaathof op 22 april,,true,Nieuwsbericht,,
f3e2b15f-1aad-46e6-a7d4-d7fd509a9b5b,9b59a171-e91e-48ed-86da-5946a1df3760,https://www.valkenswaard.nl/gemeente-valkenswaard-gaat-op-20-mei-ff-buurten-in-het-buitengebied,Gemeente Valkenswaard gaat op 20 mei ‘ff buurten’ in het buitengebied,,true,Nieuwsbericht,,
c15846ce-9c15-46f2-8f6e-73654a45752e,9b59a171-e91e-48ed-86da-5946a1df3760,https://www.valkenswaard.nl/de-heer-b-bert-jansen-71,De heer B. (Bert) Jansen (71),,true,Profiel,,
ca9df1fb-67d2-4369-adcb-be9ac703e16b,9b59a171-e91e-48ed-86da-5946a1df3760,https://www.valkenswaard.nl/de-heer-fjg-frans-roothans-68,De heer F.J.G. (Frans) Roothans (68),,true,Profiel,,
34aff7d5-54b4-4568-9bf5-caa6137de8a5,9b59a171-e91e-48ed-86da-5946a1df3760,https://www.valkenswaard.nl/provincie-stelt-nota-van-zienswijzen-vast-in-onderzoek-naar-ondergrondse-kabelverbinding-eindhoven,Provincie stelt Nota van Zienswijzen vast in onderzoek naar ondergrondse kabelverbinding Eindhoven Zuid - Hapert,,true,Nieuwsbericht,,
ef2576db-0165-4dd7-9f74-f6cd678a7ee3,9b59a171-e91e-48ed-86da-5946a1df3760,https://www.valkenswaard.nl/de-heer-aj-arjan-schouten-75,De heer A.J. (Arjan) Schouten (75),,true,Profiel,,
1ff595cb-fe5b-4b7a-8a44-5bb927356f41,9b59a171-e91e-48ed-86da-5946a1df3760,https://www.valkenswaard.nl/feestelijke-openingsdag-herinrichting-tongelreep-op-30-mei,Feestelijke openingsdag herinrichting Tongelreep op 30 mei,,true,Nieuwsbericht,,
b929ba4d-83b4-4d09-adc1-89add250bad0,9b59a171-e91e-48ed-86da-5946a1df3760,https://www.valkenswaard.nl/marieke-de-wit,Marieke de Wit,,true,Profiel,,
fdc84e0c-784a-4983-8f69-685a9d18a014,9b59a171-e91e-48ed-86da-5946a1df3760,https://www.valkenswaard.nl/wout-verhoeven,Wout Verhoeven,,true,Profiel,,
2fe9df4c-592f-46ea-ae6d-6832092dc0d3,9b59a171-e91e-48ed-86da-5946a1df3760,https://www.valkenswaard.nl/buslijn-317-en-318-richting-dommelen-ook-op-donderdagen-weer-via-luikerweg,Buslijn 317 en 318 richting Dommelen ook op donderdagen weer via Luikerweg,,true,Nieuwsbericht,,
414704d2-59d5-4082-8062-f057383e2d61,9b59a171-e91e-48ed-86da-5946a1df3760,https://www.valkenswaard.nl/geldzorgen-je-staat-er-niet-alleen-voor,Geldzorgen? Je staat er niet alleen voor,,true,Nieuwsbericht,,
844dede2-c5bb-41eb-8028-e95d32167708,9b59a171-e91e-48ed-86da-5946a1df3760,https://www.valkenswaard.nl/omleiding-bus-317-en-318-tijdens-herfstvakantie-vanwege-werkzaamheden,Omleiding bus 317 en 318 tijdens herfstvakantie vanwege werkzaamheden,,true,Nieuwsbericht,,
946ce03e-9b68-41c2-82b6-3dfe8dcddcac,9b59a171-e91e-48ed-86da-5946a1df3760,https://www.valkenswaard.nl/afval-plastic-blik-en-drinkpakken,"Afval, plastic, blik en drinkpakken",,true,Product of dienst,,
a08fa4a6-2c67-43d7-9018-b07912121c98,9b59a171-e91e-48ed-86da-5946a1df3760,https://www.valkenswaard.nl/ik-sta-sterk,Valpreventie: Ik sta sterk,,true,Product of dienst,,
88486e37-2cc5-452e-a7cd-b65a91dbb9be,9b59a171-e91e-48ed-86da-5946a1df3760,https://www.valkenswaard.nl/alcohol-schenken-tijdens-een-activiteit,Alcohol schenken tijdens een activiteit,,true,Product of dienst,,
2a654827-1527-4b5d-92fd-115cf66a890f,9b59a171-e91e-48ed-86da-5946a1df3760,https://www.valkenswaard.nl/lonneke-langenberg-0,Lonneke Langenberg,,true,Profiel,,
99618e78-8236-4641-bb0b-54258825f10f,9b59a171-e91e-48ed-86da-5946a1df3760,https://www.valkenswaard.nl/vergunning-marktpaviljoen-verleend,Vergunning Marktpaviljoen verleend,,true,Nieuwsbericht,,
f5594306-67c6-42ed-bdcd-8b078bf5b769,9b59a171-e91e-48ed-86da-5946a1df3760,https://www.valkenswaard.nl/doelgroepenverordening,Doelgroepenverordening,,true,Product of dienst,,
5a6a9d6e-943f-4286-9ac6-5f41b8d05355,9b59a171-e91e-48ed-86da-5946a1df3760,https://www.valkenswaard.nl/winnaars-succesvolle-tuinschetsdag-ontvangen-cheque,Winnaars succesvolle Tuinschetsdag ontvangen cheque,,true,Nieuwsbericht,,
9ae15649-7a61-49b5-b6ec-5750ccda9e98,9b59a171-e91e-48ed-86da-5946a1df3760,https://www.valkenswaard.nl/vogelgriep-vastgesteld-in-belgisch-grensgebied,Vogelgriep vastgesteld in Belgisch grensgebied,,true,Nieuwsbericht,,
fe0d9387-fb0d-41eb-ab88-1a5300b643f8,9b59a171-e91e-48ed-86da-5946a1df3760,https://www.valkenswaard.nl/gemeenteraadsverkiezingen-2026,Gemeenteraadsverkiezingen 2026,,true,Overzichtspagina,,
984f1f3b-6a6d-44e2-b3df-b23e963632f1,9b59a171-e91e-48ed-86da-5946a1df3760,https://www.valkenswaard.nl/gastles-op-basisschool-schepelweyen-is-het-startsein-voor-actieperiode-reflectionday,Gastles op basisschool Schepelweyen is het startsein voor actieperiode Reflectionday,,true,Nieuwsbericht,,
064653e4-772d-45ac-b21e-cbca26cfabe3,9b59a171-e91e-48ed-86da-5946a1df3760,https://www.valkenswaard.nl/bekendmakingen-verkiezingen-0,Bekendmakingen verkiezingen,,true,Pagina,,
cfbf897d-9ac5-4dd6-a957-cd2685fd9f19,9b59a171-e91e-48ed-86da-5946a1df3760,https://www.valkenswaard.nl/stemmen-in-eenvoudige-taal-0,Stemmen in eenvoudige taal,,true,Pagina,,
d8f5101f-49b4-4cb7-983e-fa68559e2e04,9b59a171-e91e-48ed-86da-5946a1df3760,https://www.valkenswaard.nl/entrees-boulevard-en-paardenzone-krijgen-herkenbare-en-gastvrije-uitstraling,Entrees Boulevard en paardenzone krijgen herkenbare en gastvrije uitstraling,,true,Nieuwsbericht,,
e73248c6-bb81-44b2-97f2-e37014be4c94,9b59a171-e91e-48ed-86da-5946a1df3760,https://www.valkenswaard.nl/stemmen-met-een-beperking-0,Stemmen met een beperking,,true,Pagina,,
9a2307bf-684c-4ba0-a463-c22840592061,9b59a171-e91e-48ed-86da-5946a1df3760,https://www.valkenswaard.nl/vervangende-stempas-aanvragen,Vervangende stempas aanvragen,,true,Product of dienst,,
4a302a51-cff5-471e-9074-02c4ad36c233,9b59a171-e91e-48ed-86da-5946a1df3760,https://www.valkenswaard.nl/loonkostensubsidie,Loonkostensubsidie,,true,Product of dienst,,
e2496793-8cb5-4446-8693-dc2f927c20bf,9b59a171-e91e-48ed-86da-5946a1df3760,https://www.valkenswaard.nl/kind-erkennen-na-de-geboorte,Kind erkennen ná de geboorte,,true,Product of dienst,,
2e23cee3-9f59-4e1b-945b-c7e7035b16c0,9b59a171-e91e-48ed-86da-5946a1df3760,https://www.valkenswaard.nl/briefadres,Briefadres,,true,Product of dienst,,
03692ff2-d8cf-450f-9a69-0e3027a9d0a5,9b59a171-e91e-48ed-86da-5946a1df3760,https://www.valkenswaard.nl/economische-visie-2026-2030,Economische Visie 2026-2030,,true,Pagina,,
ffb5b474-2424-4747-b913-4b23807a6a2e,9b59a171-e91e-48ed-86da-5946a1df3760,https://www.valkenswaard.nl/belangrijke-stap-in-ontwikkeling-gebied-voormalig-dommelkwartier,Belangrijke stap in ontwikkeling gebied voormalig ‘Dommelkwartier’,,true,Nieuwsbericht,,
42c18dff-40d0-413d-94ba-9a262048a67c,9b59a171-e91e-48ed-86da-5946a1df3760,https://www.valkenswaard.nl/evenement-met-vergunning,Evenement met vergunning,,true,Product of dienst,,
18d3020b-0685-4eae-be8d-b8dad0d5135b,9b59a171-e91e-48ed-86da-5946a1df3760,https://www.valkenswaard.nl/nieuwsbrief-nummer-4-opvang-vluchtelingen-is-uit,Nieuwsbrief nummer 4 opvang vluchtelingen is uit,,true,Nieuwsbericht,,
5c6957fb-798d-4df1-befa-72339f28162e,9b59a171-e91e-48ed-86da-5946a1df3760,https://www.valkenswaard.nl/verbetering-regenwaterafvoer-in-gedeelte-bakkerstraat,Verbetering regenwaterafvoer in gedeelte Bakkerstraat,,true,Nieuwsbericht,,
6840886a-aa6b-4168-9c11-64bf0c05466c,9b59a171-e91e-48ed-86da-5946a1df3760,https://www.valkenswaard.nl/nieuwe-verdeling-schaarste-op-het-stroomnet-heeft-impact-op-wie-transportcapaciteit-krijgt,Nieuwe verdeling schaarste op het stroomnet heeft impact op wie transportcapaciteit krijgt,,true,Nieuwsbericht,,
4b03c00b-5181-4402-ad30-a50f1e0fe378,9b59a171-e91e-48ed-86da-5946a1df3760,https://www.valkenswaard.nl/eindverslag-verkenners-geeft-richting-aan-raadsprogramma-en-collegevorming,Eindverslag verkenners geeft richting aan raadsprogramma en collegevorming,,true,Nieuwsbericht,,
475b78f0-0fb5-47fd-a88e-18d67ba2b3ac,9b59a171-e91e-48ed-86da-5946a1df3760,https://www.valkenswaard.nl/beweegbank-in-wilhelminapark-feestelijk-geopend,Beweegbank in Wilhelminapark feestelijk geopend,,true,Nieuwsbericht,,
b76557d9-d004-4dc5-8df0-8a2d6f173bee,9b59a171-e91e-48ed-86da-5946a1df3760,https://www.valkenswaard.nl/mevrouw-clam-carla-mandigers-vlijmincx-77,Mevrouw C.L.A.M. (Carla) Mandigers-Vlijmincx (77),,true,Profiel,,
6674c2d5-b538-46a4-9682-492fdce04aa8,9b59a171-e91e-48ed-86da-5946a1df3760,https://www.valkenswaard.nl/lintjesregen-2026-tien-inwoners-van-valkenswaard-benoemd-tot-lid-in-de-orde-van-oranje-nassau,Lintjesregen 2026: tien inwoners van Valkenswaard benoemd tot Lid in de Orde van Oranje-Nassau,,true,Nieuwsbericht,,
77e4db0b-d09c-4af8-a315-9311abbfed50,9b59a171-e91e-48ed-86da-5946a1df3760,https://www.valkenswaard.nl/de-heer-jch-jan-dielis-75,De heer J.C.H. (Jan) Dielis (75),,true,Profiel,,
232c4788-cb25-493c-b76e-77cfdce44116,9b59a171-e91e-48ed-86da-5946a1df3760,https://www.valkenswaard.nl/snelbalie-vergunningen,Snelbalie vergunningen,,true,Product of dienst,,
9def0927-4351-4671-bcd1-bc1f1673205b,9b59a171-e91e-48ed-86da-5946a1df3760,https://www.valkenswaard.nl/mevrouw-mhmj-mariette-de-krom-van-stiphout-59,Mevrouw M.H.M.J. (Mariëtte) de Krom-van Stiphout (59),,true,Profiel,,
ae2b658f-691e-4fec-bb75-e11ac458073b,9b59a171-e91e-48ed-86da-5946a1df3760,https://www.valkenswaard.nl/openingstijden-winkels,Openingstijden winkels,,true,Product of dienst,,
1de336fb-950a-4b4a-a84c-d3dbd0202640,9b59a171-e91e-48ed-86da-5946a1df3760,https://www.valkenswaard.nl/inleverdatum-inkomstenverklaring-en-betaaldatum-uitkering,Inleverdatum inkomstenverklaring en betaaldatum uitkering,,true,Product of dienst,,
7caed936-30e3-48fd-8b69-ae4fa3285ad8,9b59a171-e91e-48ed-86da-5946a1df3760,https://www.valkenswaard.nl/wijknetwerkers-valkenswaard,Wijknetwerkers Valkenswaard,,true,Pagina,,
b93868ed-e0bd-45e8-9c71-20ce84a08b27,9b59a171-e91e-48ed-86da-5946a1df3760,https://www.valkenswaard.nl/gemeente-aan-de-slag-met-het-kappen-van-zieke-en-dode-bomen,Gemeente aan de slag met het kappen van zieke en dode bomen,,true,Nieuwsbericht,,
af3d95ff-3d64-436a-918e-4f1e7faeb00b,9b59a171-e91e-48ed-86da-5946a1df3760,https://www.valkenswaard.nl/verruiming-van-schenktijden-voor-verenigingen-en-stichtingen,Verruiming van schenktijden voor verenigingen en stichtingen,,true,Product of dienst,,
2d3b0e1b-e07e-4110-b844-7a26ff6d104b,9b59a171-e91e-48ed-86da-5946a1df3760,https://www.valkenswaard.nl/gemeente-valkenswaard-ondersteunt-campagne-wij-eisen-de-nacht-op,Gemeente Valkenswaard ondersteunt campagne “Wij eisen de nacht op”,,true,Nieuwsbericht,,
a8397831-5280-4c64-a722-7a6e76a7eb78,9b59a171-e91e-48ed-86da-5946a1df3760,https://www.valkenswaard.nl/nieuwsbrief-nummer-3-opvang-vluchtelingen-is-uit,Nieuwsbrief nummer 3 opvang vluchtelingen is uit,,true,Nieuwsbericht,,
8af02824-7b9d-489c-b967-d16088c858ae,9b59a171-e91e-48ed-86da-5946a1df3760,https://www.valkenswaard.nl/corine-van-overdijk,Corine van Overdijk,,true,Profiel,,
08baecdb-d4bf-4347-8b3a-cc161a1d1875,9b59a171-e91e-48ed-86da-5946a1df3760,https://www.valkenswaard.nl/meehelpen-bij-de-verkiezingen-0,Meehelpen bij de verkiezingen?,,true,Pagina,,
34c61f9f-36c5-46fd-8acc-50e62ae9cced,9b59a171-e91e-48ed-86da-5946a1df3760,https://www.valkenswaard.nl/hoe-werkt-stemmen-bij-de-verkiezingen,Hoe werkt stemmen bij de verkiezingen?,,true,Pagina,,
f89b78a2-9be7-46aa-8378-d97d11b73e44,9b59a171-e91e-48ed-86da-5946a1df3760,https://www.valkenswaard.nl/oco,Vrijwillige onafhankelijke cliëntondersteuner,,true,Product of dienst,,
b592c133-8758-4bb5-9b86-95d9a1315c64,9b59a171-e91e-48ed-86da-5946a1df3760,https://www.valkenswaard.nl/ontwerpbesluit-tam-omgevingsplan-hoofdstuk-22a-grevenschutweg-3-valkenswaard-11-december-2025-tm-21,"Ontwerpbesluit TAM-omgevingsplan hoofdstuk 22a 'Grevenschutweg 3, Valkenswaard (11 december 2025 t/m 21 januari 2026)",,true,Pagina,,
c9302d8f-9d13-4f35-bf64-846cb236a08e,9b59a171-e91e-48ed-86da-5946a1df3760,https://www.valkenswaard.nl/bijstand-voor-jongeren,Bijstand voor jongeren,,true,Product of dienst,,
c9086d58-7a13-4f11-8144-44e0e2d578e9,9b59a171-e91e-48ed-86da-5946a1df3760,https://www.valkenswaard.nl/geslaagde-tentoonstelling-van-het-kunst-en-participatieproject-1km-ik,Geslaagde tentoonstelling van het kunst- en participatieproject ‘1KM ik’,,true,Nieuwsbericht,,
6ab629e9-0d03-4886-af34-0ee87b6bc511,9b59a171-e91e-48ed-86da-5946a1df3760,https://www.valkenswaard.nl/ontwerpbesluit-tam-omgevingsplan-hoofdstuk-22b-vlasroot-valkenswaard-18-december-2025-tm-28-januari,"Ontwerpbesluit TAM-omgevingsplan hoofdstuk 22b 'Vlasroot, Valkenswaard (18 december 2025 t/m 28 januari 2026)",,true,Pagina,,
19b748eb-692d-4f22-92e9-85bd9e86e01b,9b59a171-e91e-48ed-86da-5946a1df3760,https://www.valkenswaard.nl/ontwerpbesluit-tam-omgevingsplan-hoofdstuk-22i-kapelweg-6-valkenswaard-11-december-2025-tm-21,"Ontwerpbesluit TAM-omgevingsplan hoofdstuk 22i 'Kapelweg 6, Valkenswaard (11 december 2025 t/m 21 januari 2026)",,true,Pagina,,
65d24cfe-366d-4f19-8c9b-dcf0a41df6a0,9b59a171-e91e-48ed-86da-5946a1df3760,https://www.valkenswaard.nl/uitvoering-project-de-groene-zone-isoleren-stopt-samenwerking-krijgt-vervolg,"Uitvoering project De Groene Zone Isoleren stopt, samenwerking krijgt vervolg",,true,Nieuwsbericht,,
68aed1e1-3540-4b22-894d-a87c6fbd94eb,9b59a171-e91e-48ed-86da-5946a1df3760,https://www.valkenswaard.nl/stempas-kwijt-0,Stempas kwijt,,true,Pagina,,
c8223e97-f574-4837-8bcc-f6892f5ae46a,9b59a171-e91e-48ed-86da-5946a1df3760,https://www.valkenswaard.nl/ontwerpbesluit-tam-omgevingsplan-hoofdstuk-22g-maastrichterweg-114-valkenswaard-18-december-2025-tm,"Ontwerpbesluit TAM-omgevingsplan hoofdstuk 22g 'Maastrichterweg 114, Valkenswaard (18 december 2025 t/m 28 januari 2026)",,true,Pagina,,
13c2d258-46a1-4e4c-b2a7-9bd4961e5633,9b59a171-e91e-48ed-86da-5946a1df3760,https://www.valkenswaard.nl/onafhankelijk-onderzoek-naar-toekomstbestendige-zomerkermis,Onafhankelijk onderzoek naar toekomstbestendige zomerkermis,,true,Nieuwsbericht,,
6b3fa11a-76b6-43cd-9e47-bc55003519d8,9b59a171-e91e-48ed-86da-5946a1df3760,https://www.valkenswaard.nl/uittreksel-basisregistratie-personen,Uittreksel Basisregistratie Personen,,true,Product of dienst,,
b7c1e88b-a88a-41aa-a5e8-a73493b19cde,9b59a171-e91e-48ed-86da-5946a1df3760,https://www.valkenswaard.nl/gewijzigd-vastgesteld-bestemmingsplan-klein-schaft-5-5-maart-2026-tm-15-april-2026,Gewijzigd vastgesteld bestemmingsplan 'Klein Schaft 5' (5 maart 2026 t/m 15 april 2026),,true,Pagina,,
032b09d0-500e-4102-9c5e-7c84b49a63ff,9b59a171-e91e-48ed-86da-5946a1df3760,https://www.valkenswaard.nl/stemwijzer,StemWijzer,,true,Product of dienst,,
3f63f5ee-ea21-4cf1-ba07-ca0487a4fc7b,9b59a171-e91e-48ed-86da-5946a1df3760,https://www.valkenswaard.nl/de-groote-meer-in-ere-hersteld-de-natuur-krijgt-weer-ruimte,De Groote Meer in ere hersteld: de natuur krijgt weer ruimte,,true,Nieuwsbericht,,
fe71512c-7f3d-445f-bd68-98b15f7c7d8a,9b59a171-e91e-48ed-86da-5946a1df3760,https://www.valkenswaard.nl/bloemzadenactie-een-groot-succes,Bloemzadenactie een groot succes,,true,Nieuwsbericht,,
42c7f68c-487b-4d31-bea9-2acd1b914cb0,9b59a171-e91e-48ed-86da-5946a1df3760,https://www.valkenswaard.nl/opschorting-brp-registratie-voor-niet-ingezetenen-van-valkenswaard-01-04-2026,Opschorting BRP-registratie voor niet-ingezetenen van Valkenswaard 01-04-2026,,true,Pagina,,
524d6a78-b38c-4c5d-a311-b48b63dbdfe1,9b59a171-e91e-48ed-86da-5946a1df3760,https://www.valkenswaard.nl/succesvolle-pilot-woonleefcirkel-de-bogen-met-drie-jaar-verlengd,Succesvolle pilot Woonleefcirkel De Bogen met drie jaar verlengd,,true,Nieuwsbericht,,
75891b67-e419-4125-8aab-102f9f1643ec,9b59a171-e91e-48ed-86da-5946a1df3760,https://www.valkenswaard.nl/gewijzigd-vastgesteld-tam-omgevingsplan-hoofdstuk-22b-vlasroot-valkenswaard-16-april-2026-tm-27-mei,"Gewijzigd vastgesteld TAM-omgevingsplan hoofdstuk 22b 'Vlasroot, Valkenswaard' (16 april 2026 t/m 27 mei 2026)",,true,Pagina,,
9cbf86b8-aa64-42ce-80f7-8cdf75c4c383,9b59a171-e91e-48ed-86da-5946a1df3760,https://www.valkenswaard.nl/fractievoorzitter-tb-thierry-pauptit,Fractievoorzitter T.B. (Thierry) Pauptit,,true,Profiel,,
c472c7d6-7bff-4b2f-97db-e8b44630e67b,9b59a171-e91e-48ed-86da-5946a1df3760,https://www.valkenswaard.nl/evenement-organiseren,Evenement organiseren,,true,Product of dienst,,
d882443a-3f42-47c0-ba30-fcd4b05d840d,9b59a171-e91e-48ed-86da-5946a1df3760,https://www.valkenswaard.nl/hulp-voor-volwassenen,Hulp voor Volwassenen,,true,Landingspagina,,
6cacc706-0b04-4239-8b12-6c55603ce667,9b59a171-e91e-48ed-86da-5946a1df3760,https://www.valkenswaard.nl/ontheffing-wegenverkeerswet,Ontheffing Wegenverkeerswet,,true,Product of dienst,,
ebeef9a2-6a6a-4f83-85df-1e413489beba,9b59a171-e91e-48ed-86da-5946a1df3760,https://www.valkenswaard.nl/proces-verbaal-over-geldigheid-en-nummering-kandidatenlijsten-06-02-2026,Proces-verbaal over geldigheid en nummering kandidatenlijsten 06-02-2026,,true,Pagina,,
16a84420-671b-4f2a-98ab-34b8c6f8059b,9b59a171-e91e-48ed-86da-5946a1df3760,https://www.valkenswaard.nl/subsidieverleningen-2026,Subsidieverleningen 2026,,true,Pagina,,
c20fb027-dffc-49cc-8629-7cc34aa77a6e,9b59a171-e91e-48ed-86da-5946a1df3760,https://www.valkenswaard.nl/campagne-30-is-hard-zat-nu-ook-zichtbaar-in-borkel-en-schaft,Campagne ‘30 is hard zat!’ nu ook zichtbaar in Borkel en Schaft,,true,Nieuwsbericht,,
951ad092-95e0-450d-bc2d-b405f0f120af,9b59a171-e91e-48ed-86da-5946a1df3760,https://www.valkenswaard.nl/aanplant-nieuw-bos-in-het-dommeldal,Aanplant nieuw bos in het Dommeldal,,true,Nieuwsbericht,,
d5fd5c54-bbc5-47a7-ad91-3096b64eae9f,9b59a171-e91e-48ed-86da-5946a1df3760,https://www.valkenswaard.nl/incidentele-festiviteit-organisaties,Incidentele festiviteit (organisaties),,true,Product of dienst,,
9ad40114-3aab-4f4f-bfc3-75391bbb8e40,9b59a171-e91e-48ed-86da-5946a1df3760,https://www.valkenswaard.nl/ontdek-of-je-geld-laat-liggen,Ontdek of je geld laat liggen,,true,Product of dienst,,
2534b31c-d419-46d1-a16f-89d7be36cb31,9b59a171-e91e-48ed-86da-5946a1df3760,https://www.valkenswaard.nl/giften-en-een-uitkering,Giften en een uitkering,,true,Product of dienst,,
a716b55b-350c-49d3-b6bf-b5674dffe79d,9b59a171-e91e-48ed-86da-5946a1df3760,https://www.valkenswaard.nl/alcoholwetvergunning,Alcoholwetvergunning,,true,Product of dienst,,
408cbb97-c32b-47cb-a9d6-b3792488bd93,9b59a171-e91e-48ed-86da-5946a1df3760,https://www.valkenswaard.nl/aanwijzing-oude-dorpspomp-tot-gemeentelijk-monument,Aanwijzing oude Dorpspomp tot gemeentelijk monument,,true,Nieuwsbericht,,
3c5c57fb-d85d-4e0b-b045-cfe80eb405d0,9b59a171-e91e-48ed-86da-5946a1df3760,https://www.valkenswaard.nl/rjf-rob-van-daal,R.J.F. (Rob) van Daal,,true,Profiel,,
87ba08fb-c399-4d31-b104-c4ebfcdef63c,9b59a171-e91e-48ed-86da-5946a1df3760,https://www.valkenswaard.nl/moving-from-abroad,Moving from abroad,,true,Product of dienst,,
40dd835e-a773-4d88-b6b1-921de988b71d,9b59a171-e91e-48ed-86da-5946a1df3760,https://www.valkenswaard.nl/ecw-evi-nissen-van-de-ven,E.C.W. (Evi) Nissen-van de Ven,,true,Profiel,,
a79f7452-cbbb-4488-86c6-d9baac0ac36e,9b59a171-e91e-48ed-86da-5946a1df3760,https://www.valkenswaard.nl/grondprijzenbrief-gemeente-valkenswaard-2026,Grondprijzenbrief gemeente Valkenswaard 2026,,true,Pagina,,
1d7428cb-66f7-4d22-aab5-e10fec4d6952,9b59a171-e91e-48ed-86da-5946a1df3760,https://www.valkenswaard.nl/fractievoorzitter-me-martijn-van-raaij,Fractievoorzitter M.E. (Martijn) van Raaij,,true,Profiel,,
ab2ccdbf-a187-498e-9da0-debb38d23ed7,9b59a171-e91e-48ed-86da-5946a1df3760,https://www.valkenswaard.nl/fractievoorzitter-sdm-stefanie-van-den-berg,Fractievoorzitter S.D.M. (Stefanie) van den Berg,,true,Profiel,,
9acab69f-66ad-4c09-acb3-74e9db9c97d9,9b59a171-e91e-48ed-86da-5946a1df3760,https://www.valkenswaard.nl/vraag-en-antwoord-opvang-van-amvers-in-valkenswaard,Vraag en Antwoord – Opvang van AMV’ers in Valkenswaard,,true,Pagina,,
86d84655-e8a7-4cbd-b0a2-97b3b28bf222,9b59a171-e91e-48ed-86da-5946a1df3760,https://www.valkenswaard.nl/tpth-theo-geldens,T.P.T.H. (Theo) Geldens,,true,Profiel,,
fe63a1e0-76d8-42cf-ad27-7b188ef993a5,9b59a171-e91e-48ed-86da-5946a1df3760,https://www.valkenswaard.nl/welke-richting-kies-jij-voor-valkenswaard-denk-mee-via-stellingen,Welke richting kies jij voor Valkenswaard? Denk mee via stellingen,,true,Nieuwsbericht,,
e6a58d9c-8e49-4399-b9fc-098bf01a07f8,9b59a171-e91e-48ed-86da-5946a1df3760,https://www.valkenswaard.nl/nieuwe-vitalityclub-start-in-wijk-kerkakkers-in-valkenswaard,Nieuwe Vitalityclub start in wijk Kerkakkers in Valkenswaard,,true,Nieuwsbericht,,
fd827669-4dcd-41e4-9a35-aded2455c886,9b59a171-e91e-48ed-86da-5946a1df3760,https://www.valkenswaard.nl/leerlingen-were-di-sluiten-jopo-module-af-met-een-echte-raadsvergadering,Leerlingen Were Di sluiten JOPO module af met een ‘echte’ raadsvergadering,,true,Nieuwsbericht,,
a9c6c8d3-3b24-4555-b25e-0a16ef14e6e2,9b59a171-e91e-48ed-86da-5946a1df3760,https://www.valkenswaard.nl/ik-heb-andere-inkomsten-en-een-uitkering,Ik heb andere inkomsten en een uitkering,,true,Product of dienst,,
25d479ef-08c9-43da-bc92-0350e6937574,9b59a171-e91e-48ed-86da-5946a1df3760,https://www.valkenswaard.nl/de-heer-hjm-riks-werts-76,De heer H.J.M. (Riks) Werts (76),,true,Profiel,,
ed0da7a5-4cff-45c4-ba76-9fd6dc93bd7e,9b59a171-e91e-48ed-86da-5946a1df3760,https://www.valkenswaard.nl/gewijzigd-vastgesteld-tam-omgevingsplan-hoofdstuk-22i-kapelweg-6-valkenswaard-23-april-2026-tm-3,"Gewijzigd vastgesteld TAM-omgevingsplan hoofdstuk 22i 'Kapelweg 6, Valkenswaard' (23 april 2026 t/m 3 juni 2026)",,true,Pagina,,
95731a6b-43f1-4631-a935-99e959032cdb,9b59a171-e91e-48ed-86da-5946a1df3760,https://www.valkenswaard.nl/nieuwe-college-in-valkenswaard-stap-dichterbij,Nieuwe college in Valkenswaard stap dichterbij,,true,Nieuwsbericht,,
faa42f6b-2133-48b3-b43e-f8f6f98a7992,9b59a171-e91e-48ed-86da-5946a1df3760,https://www.valkenswaard.nl/asfaltonderhoud-de-vest-op-2-en-3-mei,Asfaltonderhoud De Vest op 2 en 3 mei,,true,Nieuwsbericht,,
c88c9f14-a3de-4ebf-bf04-0cce640af8e5,9b59a171-e91e-48ed-86da-5946a1df3760,https://www.valkenswaard.nl/de-heer-mjjfmw-sjef-tooten-79,De heer M.J.J.F.M.W. (Sjef) Tooten (79),,true,Profiel,,
6e8f6bea-6239-4787-86a2-1714377aab04,9b59a171-e91e-48ed-86da-5946a1df3760,https://www.valkenswaard.nl/denk-jij-nog-mee-over-de-toekomst-van-valkenswaard,Denk jij nog mee over de toekomst van Valkenswaard?,,true,Nieuwsbericht,,
efb952d4-c071-4695-8ea6-be8db8473f52,9b59a171-e91e-48ed-86da-5946a1df3760,https://www.valkenswaard.nl/nieuwe-college-valkenswaard-van-start-met-vastgesteld-raadsprogramma,Nieuwe college Valkenswaard van start met vastgesteld raadsprogramma,,true,Nieuwsbericht,,
e78fb1d0-c544-4926-8cb7-827345052439,9b59a171-e91e-48ed-86da-5946a1df3760,https://www.valkenswaard.nl/denk-mee-over-hoe-je-geinformeerd-wilt-worden-over-het-omgevingsplan,Denk mee over hoe je geïnformeerd wilt worden over het omgevingsplan,,true,Nieuwsbericht,,
1efdcc48-5c6f-428d-9d92-3b04e4bf8c64,9b59a171-e91e-48ed-86da-5946a1df3760,https://www.valkenswaard.nl/valkenswaard-lanceert-digitale-speel-en-beweegkaart,Valkenswaard lanceert digitale Speel- en Beweegkaart,,true,Nieuwsbericht,,
a02cef50-99d2-4608-ac2e-b905c1baea46,9b59a171-e91e-48ed-86da-5946a1df3760,https://www.valkenswaard.nl/luchtfoto-van-gemeentehuis-wint-titel-mooiste-foto-van-het-jaar,Luchtfoto van gemeentehuis wint titel ‘Mooiste foto van het jaar’,,true,Nieuwsbericht,,
41472a53-01a7-47ab-a335-e2ff2050681a,9b59a171-e91e-48ed-86da-5946a1df3760,https://www.valkenswaard.nl/kamperen-buiten-erkende-kampeerterreinen,Kamperen buiten (erkende) kampeerterreinen,,true,Product of dienst,,
6b4540f2-6b71-4aa4-9ac1-0c059a529d5a,9b59a171-e91e-48ed-86da-5946a1df3760,https://www.valkenswaard.nl/afronding-gebiedsakkoord-grenscorridor-n69-van-verkeersdruk-naar-leefbaarheid,Afronding Gebiedsakkoord Grenscorridor N69: van verkeersdruk naar leefbaarheid,,true,Nieuwsbericht,,
763afa6d-1bce-423b-8bc3-f70c4c10b637,9b59a171-e91e-48ed-86da-5946a1df3760,https://www.valkenswaard.nl/betere-fietsverbindingen-voor-lage-heide-en-dommelen,Betere fietsverbindingen voor Lage Heide en Dommelen,,true,Nieuwsbericht,,
4475e4b8-cabc-422a-ac47-8d8bb9ab9aca,9b59a171-e91e-48ed-86da-5946a1df3760,https://www.valkenswaard.nl/definitieve-kandidatenlijsten-gemeenteraadsverkiezingen-vastgesteld,Definitieve kandidatenlijsten gemeenteraadsverkiezingen vastgesteld,,true,Nieuwsbericht,,
28d4c988-da62-4239-9e1d-f37252f08d31,9b59a171-e91e-48ed-86da-5946a1df3760,https://www.valkenswaard.nl/mijn-vermogen-en-een-uitkering,Mijn vermogen en een uitkering,,true,Product of dienst,,
69722809-01d2-4543-a9e7-b5c558de3ee2,9b59a171-e91e-48ed-86da-5946a1df3760,https://www.valkenswaard.nl/enexis-versterkt-stroomnet-omleiding-voor-fietsers-vanaf-23-januari,Enexis versterkt stroomnet: omleiding voor fietsers vanaf 23 januari,,true,Nieuwsbericht,,
66329392-157a-44f4-9cdc-4af51bd454c3,9b59a171-e91e-48ed-86da-5946a1df3760,https://www.valkenswaard.nl/verkiezingen-iemand-anders-voor-je-laten-stemmen-volmacht,"Verkiezingen, iemand anders voor je laten stemmen (volmacht)",,true,Product of dienst,,
f64e8765-4d7e-41b2-8160-2c51b029e685,9b59a171-e91e-48ed-86da-5946a1df3760,https://www.valkenswaard.nl/blurring-branchevervaging,Blurring (branchevervaging),,true,Product of dienst,,
65906280-48b4-4d2b-9f62-91567e9d90d1,9b59a171-e91e-48ed-86da-5946a1df3760,https://www.valkenswaard.nl/reclame-maken-voor-een-evenement,Reclame maken voor een evenement,,true,Product of dienst,,
1ed9f91a-0aee-44df-ab78-d77a1e7b27d1,9b59a171-e91e-48ed-86da-5946a1df3760,https://www.valkenswaard.nl/gemeente-valkenswaard-start-verkenningsfase-na-gemeenteraadsverkiezingen-2026,Gemeente Valkenswaard start verkenningsfase na gemeenteraadsverkiezingen 2026,,true,Nieuwsbericht,,
4ee6a8dd-5f0d-4883-96dd-87c7ff324bbf,9b59a171-e91e-48ed-86da-5946a1df3760,https://www.valkenswaard.nl/j-jaap-hezemans,J. (Jaap) Hezemans,,true,Profiel,,
d3394603-3e83-4abc-b7e0-877d3cf1e492,9b59a171-e91e-48ed-86da-5946a1df3760,https://www.valkenswaard.nl/afvalresultaten-2025-grote-stappen-richting-een-schonere-toekomst,Afvalresultaten 2025: grote stappen richting een schonere toekomst,,true,Nieuwsbericht,,
92c1bdd6-637a-4eb2-9c07-fb421dbb72fa,9b59a171-e91e-48ed-86da-5946a1df3760,https://www.valkenswaard.nl/fractievoorzitter-mac-marianne-leemans,Fractievoorzitter M.A.C. (Marianne) Leemans,,true,Profiel,,
733abc20-a771-4b57-bdd2-75b8f2a66526,9b59a171-e91e-48ed-86da-5946a1df3760,https://www.valkenswaard.nl/uitslag-gemeenteraadsverkiezingen-definitief,Uitslag gemeenteraadsverkiezingen definitief,,true,Nieuwsbericht,,
309e9982-7532-4fff-a07d-a755f6193876,9b59a171-e91e-48ed-86da-5946a1df3760,https://www.valkenswaard.nl/voorlopige-uitslag-gemeenteraadsverkiezingen-bekend,Voorlopige uitslag gemeenteraadsverkiezingen bekend,,true,Nieuwsbericht,,
a20acc4b-db77-4eeb-adc9-0801df87b86f,9b59a171-e91e-48ed-86da-5946a1df3760,https://www.valkenswaard.nl/rectificatie-vastgesteld-bestemmingsplan-klein-schaft-5-valkenswaard-16-april-2026-tm-27-mei-2026,"Rectificatie: Vastgesteld bestemmingsplan 'Klein Schaft 5, Valkenswaard' (16 april 2026 t/m 27 mei 2026)",,true,Pagina,,
cee16369-600a-4b3e-ad7e-c9e66bdd223c,9b59a171-e91e-48ed-86da-5946a1df3760,https://www.valkenswaard.nl/fractievoorzitter-cjm-cas-theuws,Fractievoorzitter C.J.M. (Cas) Theuws,,true,Profiel,,
c24091ad-5686-4209-bda5-6ea7d4a1bb4f,9b59a171-e91e-48ed-86da-5946a1df3760,https://www.valkenswaard.nl/uitslag-gemeenteraadsverkiezingen-definitief-26-03-2026,Uitslag gemeenteraadsverkiezingen definitief 26-03-2026,,true,Pagina,,
9cae9ce6-a7a3-47ea-9764-fd70e59367e0,9b59a171-e91e-48ed-86da-5946a1df3760,https://www.valkenswaard.nl/vd-victor-frijns,V.D. (Victor) Frijns,,true,Profiel,,
4a3ddb2e-6e64-4d26-b8df-05125f95bcd7,9b59a171-e91e-48ed-86da-5946a1df3760,https://www.valkenswaard.nl/bibob-informatie,Bibob informatie,,true,Product of dienst,,
b6cd312d-2a79-40ea-94c6-e713ca98b21d,9b59a171-e91e-48ed-86da-5946a1df3760,https://www.valkenswaard.nl/trainingen-voor-volwassenen,Trainingen voor volwassenen,,true,Product of dienst,,
69b7a7aa-b997-4f41-a2be-a0123b04b840,9b59a171-e91e-48ed-86da-5946a1df3760,https://www.valkenswaard.nl/werk-mee-aan-een-veerkrachtig-dommelland,Werk mee aan een veerkrachtig Dommelland,,true,Nieuwsbericht,,
a7f5685e-d7a0-41c5-86bc-8ada83598845,9b59a171-e91e-48ed-86da-5946a1df3760,https://www.valkenswaard.nl/voornemen-tot-aangaan-tijdelijke-huurovereenkomst-met-cordaad-voor-een-ruimte-op-sportpark-den,"Voornemen tot aangaan tijdelijke huurovereenkomst met Cordaad voor een ruimte op sportpark Den Dries, voor het jongerenwerk 21 april 2026.",,true,Pagina,,
6b0141d4-6d38-4a6c-a6c6-0e156821c131,9b59a171-e91e-48ed-86da-5946a1df3760,https://www.valkenswaard.nl/de-heer-tpm-theo-van-de-loo-73,De heer T.P.M. (Theo) van de Loo (73),,true,Profiel,,
f57b4f67-60c2-45b4-8927-af41147d09be,9b59a171-e91e-48ed-86da-5946a1df3760,https://www.valkenswaard.nl/hulp-en-trainingen-voor-kinderen-en-ouders,Hulp en trainingen voor kinderen (en ouders),,true,Product of dienst,,
616c7b79-ba25-4485-ade0-a9e77d13b8bc,9b59a171-e91e-48ed-86da-5946a1df3760,https://www.valkenswaard.nl/aanvraagprocedure-lintjesregen-2027-gestart,Aanvraagprocedure Lintjesregen 2027 gestart,,true,Nieuwsbericht,,
09d79bda-4bc5-4b23-8f14-c0583d7b9b79,9b59a171-e91e-48ed-86da-5946a1df3760,https://www.valkenswaard.nl/gemeente-bestrijdt-eikenprocessierups,Gemeente bestrijdt eikenprocessierups,,true,Nieuwsbericht,,
73470408-21f8-4860-ba81-1bb41f9b0564,9b59a171-e91e-48ed-86da-5946a1df3760,https://www.valkenswaard.nl/de-heer-a-aico-visschers-52,De heer A. (Aico) Visschers (52),,true,Profiel,,
3d1f1b17-e7de-4ca5-94c5-32c22dfd3cfd,9b59a171-e91e-48ed-86da-5946a1df3760,https://www.valkenswaard.nl/denk-mee-over-de-toekomst-van-de-valkenswaardse-zomerkermis,Denk mee over de toekomst van de Valkenswaardse zomerkermis,,true,Nieuwsbericht,,
5d70f9c5-0b5d-460b-85fe-25878af08972,9b59a171-e91e-48ed-86da-5946a1df3760,https://www.valkenswaard.nl/ongewijzigd-vastgesteld-tam-omgevingsplan-hoofdstuk-22j-beschermd-dorpsgezicht-achterste-brug,"Ongewijzigd vastgesteld TAM-omgevingsplan Hoofdstuk 22j ‘Beschermd dorpsgezicht Achterste Brug, Valkenswaard’ (21 mei t/m 1 juli 2026)",,true,Pagina,,
bbc274af-3799-476b-9fab-a5b5baeae9f5,9b59a171-e91e-48ed-86da-5946a1df3760,https://www.valkenswaard.nl/verhoogd-risico-op-natuurbrand,Verhoogd risico op natuurbrand,,true,Nieuwsbericht,,
90ff0ae1-cd81-40a1-9262-4e9715f244db,9b59a171-e91e-48ed-86da-5946a1df3760,https://www.valkenswaard.nl/werkzaamheden-valkenswaardse-poort-binnen-de-bebouwde-kom-bijna-afgerond,Werkzaamheden ‘Valkenswaardse Poort’ binnen de bebouwde kom bijna afgerond,,true,Nieuwsbericht,,
c381a82f-ae62-4343-8e20-1ad841736fbf,9b59a171-e91e-48ed-86da-5946a1df3760,https://www.valkenswaard.nl/gemeente-valkenswaard-en-houta-zetten-volgende-stap-in-woningbouw-amundsenstraat,Gemeente Valkenswaard en Houta zetten volgende stap in woningbouw Amundsenstraat,,true,Nieuwsbericht,,
c0bc35f0-a19e-4892-a97f-dfce968eb728,9b59a171-e91e-48ed-86da-5946a1df3760,https://www.valkenswaard.nl/denk-mee-over-nieuwe-laadpalen-in-valkenswaard,Denk mee over nieuwe laadpalen in Valkenswaard,,true,Nieuwsbericht,,
92afa916-b14f-4c82-8f69-85b840ac0216,9b59a171-e91e-48ed-86da-5946a1df3760,https://www.valkenswaard.nl/in-actie-tegen-textielafval,In actie tegen textielafval,,true,Nieuwsbericht,,
d2e932ba-24e4-4cc8-ac39-bcbe9d470427,9b59a171-e91e-48ed-86da-5946a1df3760,https://www.valkenswaard.nl/portefeuilleverdeling-nieuw-college-vastgesteld,Portefeuilleverdeling nieuw college vastgesteld,,true,Nieuwsbericht,,
efba2950-450d-4241-b342-482cbc595702,9b59a171-e91e-48ed-86da-5946a1df3760,https://www.valkenswaard.nl/valkenswaard-sluit-2025-af-met-positief-resultaat-van-ruim-3-miljoen-euro,Valkenswaard sluit 2025 af met positief resultaat van ruim 3 miljoen euro,,true,Nieuwsbericht,,
e0f08699-424b-480a-8ad6-86dce53a2800,9b59a171-e91e-48ed-86da-5946a1df3760,https://www.valkenswaard.nl/de-boom-die-ze-thuis-hield-henriette-69-jaar,"De boom die ze thuis hield (Henriette, 69 jaar)",,true,Pagina,,
8523e964-5617-450a-aea4-ba786e9ca505,9b59a171-e91e-48ed-86da-5946a1df3760,https://www.valkenswaard.nl/gewijzigd-vastgesteld-tam-omgevingsplan-hoofdstuk-22d-kempischebaan-valkenswaard-28-mei-tm-8-juli,"Gewijzigd vastgesteld TAM-omgevingsplan Hoofdstuk 22d 'Kempischebaan, Valkenswaard' (28 mei t/m 8 juli 2026)",,true,Pagina,,
cb2005cb-aad4-4286-ad40-5636282c2641,9b59a171-e91e-48ed-86da-5946a1df3760,https://www.valkenswaard.nl/hoe-veilig-voel-jij-je-op-sportpark-den-dries-deel-je-ervaring,Hoe veilig voel jij je op sportpark Den Dries? Deel je ervaring!,,true,Nieuwsbericht,,
a82dc86d-04ac-4fd9-8e85-6b99eb016281,9b59a171-e91e-48ed-86da-5946a1df3760,https://www.valkenswaard.nl/de-plek-waar-alles-even-stil-werd-jeroen-46-jaar,"De plek waar alles even stil werd (Jeroen, 46 jaar)",,true,Pagina,,
d57e5a6f-c4cb-46b4-9775-ea3789c84e19,9b59a171-e91e-48ed-86da-5946a1df3760,https://www.valkenswaard.nl/meer-zelfvertrouwen-in-het-verkeer-met-opfriscursus-voor-automobilisten,Meer zelfvertrouwen in het verkeer met opfriscursus voor automobilisten,,true,Nieuwsbericht,,
de2eb3da-049e-4e1d-b34c-f3579da3e640,9b59a171-e91e-48ed-86da-5946a1df3760,https://www.valkenswaard.nl/afgelast-cultuurdag-in-valkenswaard,Afgelast: Cultuurdag in Valkenswaard,,true,Nieuwsbericht,,
37f15208-87d1-4ab8-9339-c44470a5e032,9b59a171-e91e-48ed-86da-5946a1df3760,https://www.valkenswaard.nl/vergadering-adviescommissie-voor-bezwaarschriften-in-de-a2-gemeenten-van-dinsdag-7-juli-2026,Vergadering Adviescommissie voor bezwaarschriften in de A2-gemeenten  van dinsdag 7 juli 2026,,true,Nieuwsbericht,,
ea35cd0a-eb00-4675-91bf-de987c081968,9b59a171-e91e-48ed-86da-5946a1df3760,https://www.valkenswaard.nl/overlast-van-dieren,Overlast van dieren,,true,Landingspagina,,
5b55acae-2236-43d2-b311-fdc540aa3a72,9b59a171-e91e-48ed-86da-5946a1df3760,https://www.valkenswaard.nl/bescherm-dieren-en-planten,Bescherm dieren en planten,,true,Product of dienst,,
1d824123-4f0b-4c75-9705-166b38be3baf,9b59a171-e91e-48ed-86da-5946a1df3760,https://www.valkenswaard.nl/route-luisterverhalen,Route luisterverhalen,,true,Pagina,,
1b7c42ee-877b-4adc-b4b9-aab061d98b23,9b59a171-e91e-48ed-86da-5946a1df3760,https://www.valkenswaard.nl/ratten,Ratten,,true,Pagina,,
8ca0cdd4-23d3-49a4-9974-4e5880c4a2e3,9b59a171-e91e-48ed-86da-5946a1df3760,https://www.valkenswaard.nl/individuele-inkomenstoeslag,Individuele inkomenstoeslag,,true,Product of dienst,,
d2de8b97-2bff-407c-b25a-5631fb445390,9b59a171-e91e-48ed-86da-5946a1df3760,https://www.valkenswaard.nl/in-mei-starten-ecologische-onderzoeken-in-onze-gemeente,In mei starten ecologische onderzoeken in onze gemeente!,,true,Nieuwsbericht,,
8f80b4b1-b4d3-4da1-b030-07ea21ae05f4,9b59a171-e91e-48ed-86da-5946a1df3760,https://www.valkenswaard.nl/doe-mee-met-de-week-van-de-mentale-gezondheid-hoe-blijf-jij-mentaal-fit,Doe mee met de Week van de Mentale Gezondheid – Hoe blijf jij mentaal fit?,,true,Nieuwsbericht,,
30849014-b35b-41c6-adf6-d9a8a2785bec,9b59a171-e91e-48ed-86da-5946a1df3760,https://www.valkenswaard.nl/veranderingen-aanvragen-voor-stroomaansluitingen-per-1-juli-2026,Veranderingen aanvragen voor stroomaansluitingen per 1 juli 2026 ,,true,Nieuwsbericht,,
1108b526-946e-4049-899a-d2b7ac2b304c,9b59a171-e91e-48ed-86da-5946a1df3760,https://www.valkenswaard.nl/wie-verdient-een-jeugdlintje-in-valkenswaard,Wie verdient een jeugdlintje in Valkenswaard?,,true,Nieuwsbericht,,
7056e49a-c1e4-4b37-b9ab-810d8cc22d26,9b59a171-e91e-48ed-86da-5946a1df3760,https://www.valkenswaard.nl/de-schapen-tellen-zichzelf-niet-vera-32-jaar,"De schapen tellen zichzelf niet (Vera, 32 jaar)",,true,Pagina,,
e716a31a-8899-42f2-a69c-ac2135d828fd,9b59a171-e91e-48ed-86da-5946a1df3760,https://www.valkenswaard.nl/met-de-billen-bloot-toos-64-jaar,"Met de billen bloot (Toos, 64 jaar)",,true,Pagina,,
02114223-a5b7-4af7-8447-bb7ff4d091aa,9b59a171-e91e-48ed-86da-5946a1df3760,https://www.valkenswaard.nl/de-week-van-de-mentale-gezondheid,De Week van de Mentale Gezondheid,,true,Pagina,,
5728d6a9-9557-42a3-b6f1-fbb7b52f83bb,9b59a171-e91e-48ed-86da-5946a1df3760,https://www.valkenswaard.nl/waar-de-hei-de-oorlog-dempte,Waar de hei de oorlog dempte...,,true,Pagina,,
0646fb91-2522-4a93-b472-78ca7a3c9e6f,9b59a171-e91e-48ed-86da-5946a1df3760,https://www.valkenswaard.nl/presentatie-raadsprogramma-2026-2030,Presentatie raadsprogramma 2026-2030,,true,Nieuwsbericht,,
3a8c516d-7670-41c3-bc84-4c4e1598ad3f,9b59a171-e91e-48ed-86da-5946a1df3760,https://www.valkenswaard.nl/basisschool-agnetendal-wint-textiel-race-2026,Basisschool Agnetendal wint Textiel Race 2026,,true,Nieuwsbericht,,
91fddb6e-0727-4486-9494-39f1044d1aa9,9b59a171-e91e-48ed-86da-5946a1df3760,https://www.valkenswaard.nl/als-alles-klopt-klopt-het-dan-nog-chris-56-jaar,"Als alles klopt, klopt het dan nog? (Chris, 56 jaar)",,true,Pagina,,
b22036a5-28d8-4b74-9c67-737d3381c8e6,9b59a171-e91e-48ed-86da-5946a1df3760,https://www.valkenswaard.nl/bekendmaking-van-het-vestigen-van-een-recht-van-opstal-tbv-winkelwagenvang-kerverijplein,Bekendmaking van het vestigen van een recht van opstal t.b.v. winkelwagenvang Kerverijplein,,true,Pagina,,
e4f11cbc-b952-4824-b6e6-b01dc13c53fe,9b59a171-e91e-48ed-86da-5946a1df3760,https://www.valkenswaard.nl/publicatie-verkoop-grond-waalreseweg-65a-15-juni-2026,Publicatie verkoop grond Waalreseweg 65A 15 juni 2026,,true,Pagina,,
d78ba519-b188-43a9-8743-7a6e52fede3e,9b59a171-e91e-48ed-86da-5946a1df3760,https://www.valkenswaard.nl/nog-heel-even-wachten-luisterroute,Nog heel even wachten: Luisterroute,,true,Pagina,,
8d0b4322-809b-4320-b5ea-24fc1c87756c,9b59a171-e91e-48ed-86da-5946a1df3760,https://www.valkenswaard.nl/inloopbijeenkomst-verbetering-bushalte-valkenierstraat-op-25-juni,Inloopbijeenkomst verbetering bushalte Valkenierstraat op 25 juni,,true,Nieuwsbericht,,
4270c880-eca1-4884-a188-47aad0c5b0e8,9b59a171-e91e-48ed-86da-5946a1df3760,https://www.valkenswaard.nl/winnaar-lente-editie-fotowedstrijd-bekend,Winnaar lente-editie fotowedstrijd bekend,,true,Nieuwsbericht,,
7e4212ac-e9f1-460a-8cf6-cba89bb06771,9b59a171-e91e-48ed-86da-5946a1df3760,https://www.valkenswaard.nl/verkeersmaatregelen-graverspektakel,Verkeersmaatregelen Graverspektakel,,true,Nieuwsbericht,,
d062b001-88d7-4872-86cd-a890b7e24015,9b59a171-e91e-48ed-86da-5946a1df3760,https://www.valkenswaard.nl/militaire-oefening-van-6-tot-en-met-8-juli,Militaire oefening van 6 tot en met 8 juli,,true,Nieuwsbericht,,
726bbb3b-ad2f-47c5-8666-ae5044fbe7df,9b59a171-e91e-48ed-86da-5946a1df3760,https://www.valkenswaard.nl/bekendmaking-van-het-vestigen-van-een-recht-van-opstal-tbv-serres-aan-de-markt-20-tm-34,Bekendmaking van het vestigen van een recht van opstal t.b.v. serres aan de Markt 20 t/m 34,,true,Pagina,,
71f7aedf-3dcf-4ac9-8b5c-86e926f07d81,9b59a171-e91e-48ed-86da-5946a1df3760,https://www.valkenswaard.nl/planschadenadeelcompensatie,Planschade/Nadeelcompensatie,,true,Pagina,,
650435a6-36e6-4507-bf80-0a654190deac,9b59a171-e91e-48ed-86da-5946a1df3760,https://www.valkenswaard.nl/planten-en-dieren,Planten en dieren,,true,Pagina,,
a65e8e6a-dfdb-4d10-9090-ac5b151d79dd,9b59a171-e91e-48ed-86da-5946a1df3760,https://www.valkenswaard.nl/ontheffing-sluitingstijd-voor-negen-horecazaken-tijdens-wk-voetbal,Ontheffing sluitingstijd voor negen horecazaken tijdens WK voetbal,,true,Nieuwsbericht,,
9b58862b-72b3-4ac8-b304-da222d03c8c4,9b59a171-e91e-48ed-86da-5946a1df3760,https://www.valkenswaard.nl/luisterverhalen-op-de-malpie-bijzondere-herinneringen-van-onze-inwoners,Luisterverhalen op de Malpie: bijzondere herinneringen van onze inwoners,,true,Nieuwsbericht,,
f12084a3-c854-40a2-8ff2-27e7dce320ab,9b59a171-e91e-48ed-86da-5946a1df3760,https://www.valkenswaard.nl/luisterverhalen-stemmen-van-de-malpie,Luisterverhalen: Stemmen van de Malpie,,true,Landingspagina,,
bf9f5e77-b5bb-4fb9-aa09-bd0dcee799bf,9b59a171-e91e-48ed-86da-5946a1df3760,https://www.valkenswaard.nl/extra-maatregelen-tegen-bijzetafval-bij-ondergrondse-containers,Extra maatregelen tegen bijzetafval bij ondergrondse containers,,true,Nieuwsbericht,,
1305b358-9190-48c6-a922-7f10fe8e85ad,9b59a171-e91e-48ed-86da-5946a1df3760,https://www.valkenswaard.nl/slotuitvoering-kunstencentrum-de-hofnar-op-27-juni,Slotuitvoering kunstencentrum de Hofnar op 27 juni,,true,Nieuwsbericht,,
e3d35e19-259b-4735-8d76-e63add721a9d,9b59a171-e91e-48ed-86da-5946a1df3760,https://www.valkenswaard.nl/code-rood-in-de-gemeente-valkenswaard-let-op-elkaar,Code rood in de gemeente Valkenswaard: “Let op elkaar”,,true,Nieuwsbericht,,
94a33dec-9477-47f9-9a1f-f46ad8b2473c,9b59a171-e91e-48ed-86da-5946a1df3760,https://www.valkenswaard.nl/gewijzigd-vastgesteld-tam-omgevingsplan-hoofdstuk-22e-le-sage-ten-broekstraat-9-juli-2026-tm-19,Gewijzigd vastgesteld TAM-omgevingsplan Hoofdstuk 22e ‘Le Sage ten Broekstraat’ (9 juli 2026 t/m 19 augustus 2026),,true,Pagina,,
e3a43ce9-6fd3-4159-b761-65ba2d363ab0,9b59a171-e91e-48ed-86da-5946a1df3760,https://www.valkenswaard.nl/veiligheid-voorop-bij-zwembad-de-wedert,Veiligheid voorop bij zwembad De Wedert,,true,Nieuwsbericht,,
7be86366-7b8f-4ad4-aefc-5eb15b774b25,9b59a171-e91e-48ed-86da-5946a1df3760,https://www.valkenswaard.nl/verbetering-riolering-in-deel-kardinaal-de-jongstraat,Verbetering riolering in deel Kardinaal de Jongstraat,,true,Nieuwsbericht,,
461e8121-a8e7-4b2a-8551-8ef2835c8433,9b59a171-e91e-48ed-86da-5946a1df3760,https://www.valkenswaard.nl/controle-huisvesting-arbeidsmigranten-in-valkenswaard,Controle huisvesting arbeidsmigranten in Valkenswaard,,true,Nieuwsbericht,,
2dce5858-4ac7-4d57-8af8-f690106ca727,9b59a171-e91e-48ed-86da-5946a1df3760,https://www.valkenswaard.nl/raadsvergadering-op-2-juli,Raadsvergadering op 2 juli,,true,Nieuwsbericht,,
50019a20-63dc-45c7-9edb-8ade85f6264f,9b59a171-e91e-48ed-86da-5946a1df3760,https://www.valkenswaard.nl/bekendmaking-van-het-vestigen-van-een-recht-van-opstal-tbv-winkelwagenvang-kerverijplein-0,Bekendmaking van het vestigen van een recht van opstal t.b.v. winkelwagenvang Kerverijplein,,true,Pagina,,